Copyright 1986-2022 Xilinx, Inc. All Rights Reserved. Copyright 2022-2023 Advanced Micro Devices, Inc. All Rights Reserved.
--------------------------------------------------------------------------------------------------------------------------------------------------------------------------------
| Tool Version : Vivado v.2023.2 (win64) Build 4029153 Fri Oct 13 20:14:34 MDT 2023
| Date         : Thu Jul 30 11:28:42 2026
| Host         : LAPTOP-79V8GTMI running 64-bit major release  (build 9200)
| Command      : report_timing_summary -max_paths 10 -file top_timing_summary_routed.rpt -pb top_timing_summary_routed.pb -rpx top_timing_summary_routed.rpx -warn_on_violation
| Design       : top
| Device       : 7a200t-fbg484
| Speed File   : -2  PRODUCTION 1.23 2018-06-13
| Design State : Routed
--------------------------------------------------------------------------------------------------------------------------------------------------------------------------------

Timing Summary Report

------------------------------------------------------------------------------------------------
| Timer Settings
| --------------
------------------------------------------------------------------------------------------------

  Enable Multi Corner Analysis               :  Yes
  Enable Pessimism Removal                   :  Yes
  Pessimism Removal Resolution               :  Nearest Common Node
  Enable Input Delay Default Clock           :  No
  Enable Preset / Clear Arcs                 :  No
  Disable Flight Delays                      :  No
  Ignore I/O Paths                           :  No
  Timing Early Launch at Borrowing Latches   :  No
  Borrow Time for Max Delay Exceptions       :  Yes
  Merge Timing Exceptions                    :  Yes
  Inter-SLR Compensation                     :  Conservative

  Corner  Analyze    Analyze    
  Name    Max Paths  Min Paths  
  ------  ---------  ---------  
  Slow    Yes        Yes        
  Fast    Yes        Yes        


------------------------------------------------------------------------------------------------
| Report Methodology
| ------------------
------------------------------------------------------------------------------------------------

Rule       Severity  Description                                             Violations  
---------  --------  ------------------------------------------------------  ----------  
HPDR-1     Warning   Port pin direction inconsistency                        1           
LUTAR-1    Warning   LUT drives async reset alert                            5           
TIMING-18  Warning   Missing input or output delay                           9           
XDCC-1     Warning   Scoped Clock constraint overwritten with the same name  1           
XDCC-7     Warning   Scoped Clock constraint overwritten on the same source  1           

Note: This report is based on the most recent report_methodology run and may not be up-to-date. Run report_methodology on the current design for the latest report.



check_timing report

Table of Contents
-----------------
1. checking no_clock (0)
2. checking constant_clock (0)
3. checking pulse_width_clock (0)
4. checking unconstrained_internal_endpoints (0)
5. checking no_input_delay (3)
6. checking no_output_delay (31)
7. checking multiple_clock (0)
8. checking generated_clocks (0)
9. checking loops (0)
10. checking partial_input_delay (0)
11. checking partial_output_delay (0)
12. checking latch_loops (0)

1. checking no_clock (0)
------------------------
 There are 0 register/latch pins with no clock.


2. checking constant_clock (0)
------------------------------
 There are 0 register/latch pins with constant_clock.


3. checking pulse_width_clock (0)
---------------------------------
 There are 0 register/latch pins which need pulse_width check


4. checking unconstrained_internal_endpoints (0)
------------------------------------------------
 There are 0 pins that are not constrained for maximum delay.

 There are 0 pins that are not constrained for maximum delay due to constant clock.


5. checking no_input_delay (3)
------------------------------
 There are 3 input ports with no input delay specified. (HIGH)

 There are 0 input ports with no input delay but user has a false path constraint.


6. checking no_output_delay (31)
--------------------------------
 There are 31 ports with no output delay specified. (HIGH)

 There are 0 ports with no output delay but user has a false path constraint

 There are 0 ports with no output delay but with a timing clock defined on it or propagating through it


7. checking multiple_clock (0)
------------------------------
 There are 0 register/latch pins with multiple clocks.


8. checking generated_clocks (0)
--------------------------------
 There are 0 generated clocks that are not connected to a clock source.


9. checking loops (0)
---------------------
 There are 0 combinational loops in the design.


10. checking partial_input_delay (0)
------------------------------------
 There are 0 input ports with partial input delay specified.


11. checking partial_output_delay (0)
-------------------------------------
 There are 0 ports with partial output delay specified.


12. checking latch_loops (0)
----------------------------
 There are 0 combinational latch loops in the design through latch input



------------------------------------------------------------------------------------------------
| Design Timing Summary
| ---------------------
------------------------------------------------------------------------------------------------

    WNS(ns)      TNS(ns)  TNS Failing Endpoints  TNS Total Endpoints      WHS(ns)      THS(ns)  THS Failing Endpoints  THS Total Endpoints     WPWS(ns)     TPWS(ns)  TPWS Failing Endpoints  TPWS Total Endpoints  
    -------      -------  ---------------------  -------------------      -------      -------  ---------------------  -------------------     --------     --------  ----------------------  --------------------  
      1.664        0.000                      0                 7472        0.011        0.000                      0                 7438        3.500        0.000                       0                  3727  


All user specified timing constraints are met.


------------------------------------------------------------------------------------------------
| Clock Summary
| -------------
------------------------------------------------------------------------------------------------

Clock                                                                                       Waveform(ns)         Period(ns)      Frequency(MHz)
-----                                                                                       ------------         ----------      --------------
dbg_hub/inst/BSCANID.u_xsdbm_id/SWITCH_N_EXT_BSCAN.bscan_inst/SERIES7_BSCAN.bscan_inst/TCK  {0.000 16.500}       33.000          30.303          
sys_clk                                                                                     {0.000 10.000}       20.000          50.000          
  clk_out1_clk_wiz_0                                                                        {0.000 10.000}       20.000          50.000          
  clk_out2_clk_wiz_0                                                                        {0.000 5.000}        10.000          100.000         
  clk_out3_clk_wiz_0                                                                        {0.000 4.000}        8.000           125.000         
  clk_out4_clk_wiz_0                                                                        {3.000 7.000}        8.000           125.000         
  clkfbout_clk_wiz_0                                                                        {0.000 10.000}       20.000          50.000          


------------------------------------------------------------------------------------------------
| Intra Clock Table
| -----------------
------------------------------------------------------------------------------------------------

Clock                                                                                           WNS(ns)      TNS(ns)  TNS Failing Endpoints  TNS Total Endpoints      WHS(ns)      THS(ns)  THS Failing Endpoints  THS Total Endpoints     WPWS(ns)     TPWS(ns)  TPWS Failing Endpoints  TPWS Total Endpoints  
-----                                                                                           -------      -------  ---------------------  -------------------      -------      -------  ---------------------  -------------------     --------     --------  ----------------------  --------------------  
dbg_hub/inst/BSCANID.u_xsdbm_id/SWITCH_N_EXT_BSCAN.bscan_inst/SERIES7_BSCAN.bscan_inst/TCK       27.697        0.000                      0                  928        0.101        0.000                      0                  928       15.370        0.000                       0                   483  
sys_clk                                                                                                                                                                                                                                       7.000        0.000                       0                     1  
  clk_out1_clk_wiz_0                                                                             14.731        0.000                      0                  159        0.184        0.000                      0                  159        9.500        0.000                       0                    94  
  clk_out2_clk_wiz_0                                                                              1.730        0.000                      0                 4580        0.011        0.000                      0                 4580        3.870        0.000                       0                  2631  
  clk_out3_clk_wiz_0                                                                              1.664        0.000                      0                  978        0.121        0.000                      0                  978        3.500        0.000                       0                   512  
  clk_out4_clk_wiz_0                                                                                                                                                                                                                          6.408        0.000                       0                     3  
  clkfbout_clk_wiz_0                                                                                                                                                                                                                         18.408        0.000                       0                     3  


------------------------------------------------------------------------------------------------
| Inter Clock Table
| -----------------
------------------------------------------------------------------------------------------------

From Clock                                                                                  To Clock                                                                                        WNS(ns)      TNS(ns)  TNS Failing Endpoints  TNS Total Endpoints      WHS(ns)      THS(ns)  THS Failing Endpoints  THS Total Endpoints  
----------                                                                                  --------                                                                                        -------      -------  ---------------------  -------------------      -------      -------  ---------------------  -------------------  
clk_out2_clk_wiz_0                                                                          dbg_hub/inst/BSCANID.u_xsdbm_id/SWITCH_N_EXT_BSCAN.bscan_inst/SERIES7_BSCAN.bscan_inst/TCK        8.814        0.000                      0                    8                                                                        
clk_out2_clk_wiz_0                                                                          clk_out1_clk_wiz_0                                                                                7.462        0.000                      0                    4        0.194        0.000                      0                    4  
dbg_hub/inst/BSCANID.u_xsdbm_id/SWITCH_N_EXT_BSCAN.bscan_inst/SERIES7_BSCAN.bscan_inst/TCK  clk_out2_clk_wiz_0                                                                               31.836        0.000                      0                    8                                                                        
clk_out1_clk_wiz_0                                                                          clk_out2_clk_wiz_0                                                                                7.565        0.000                      0                    1        0.230        0.000                      0                    1  
clk_out3_clk_wiz_0                                                                          clk_out2_clk_wiz_0                                                                                6.978        0.000                      0                    9                                                                        
clk_out2_clk_wiz_0                                                                          clk_out3_clk_wiz_0                                                                                9.035        0.000                      0                    9                                                                        


------------------------------------------------------------------------------------------------
| Other Path Groups Table
| -----------------------
------------------------------------------------------------------------------------------------

Path Group                                                                                  From Clock                                                                                  To Clock                                                                                        WNS(ns)      TNS(ns)  TNS Failing Endpoints  TNS Total Endpoints      WHS(ns)      THS(ns)  THS Failing Endpoints  THS Total Endpoints  
----------                                                                                  ----------                                                                                  --------                                                                                        -------      -------  ---------------------  -------------------      -------      -------  ---------------------  -------------------  
**async_default**                                                                           clk_out1_clk_wiz_0                                                                          clk_out1_clk_wiz_0                                                                               15.968        0.000                      0                   90        0.735        0.000                      0                   90  
**async_default**                                                                           clk_out2_clk_wiz_0                                                                          clk_out2_clk_wiz_0                                                                                3.242        0.000                      0                  598        0.337        0.000                      0                  598  
**async_default**                                                                           dbg_hub/inst/BSCANID.u_xsdbm_id/SWITCH_N_EXT_BSCAN.bscan_inst/SERIES7_BSCAN.bscan_inst/TCK  dbg_hub/inst/BSCANID.u_xsdbm_id/SWITCH_N_EXT_BSCAN.bscan_inst/SERIES7_BSCAN.bscan_inst/TCK       29.015        0.000                      0                  100        0.355        0.000                      0                  100  


------------------------------------------------------------------------------------------------
| Timing Details
| --------------
------------------------------------------------------------------------------------------------


---------------------------------------------------------------------------------------------------
From Clock:  dbg_hub/inst/BSCANID.u_xsdbm_id/SWITCH_N_EXT_BSCAN.bscan_inst/SERIES7_BSCAN.bscan_inst/TCK
  To Clock:  dbg_hub/inst/BSCANID.u_xsdbm_id/SWITCH_N_EXT_BSCAN.bscan_inst/SERIES7_BSCAN.bscan_inst/TCK

Setup :            0  Failing Endpoints,  Worst Slack       27.697ns,  Total Violation        0.000ns
Hold  :            0  Failing Endpoints,  Worst Slack        0.101ns,  Total Violation        0.000ns
PW    :            0  Failing Endpoints,  Worst Slack       15.370ns,  Total Violation        0.000ns
---------------------------------------------------------------------------------------------------


Max Delay Paths
--------------------------------------------------------------------------------------
Slack (MET) :             27.697ns  (required time - arrival time)
  Source:                 dbg_hub/inst/BSCANID.u_xsdbm_id/SWITCH_N_EXT_BSCAN.bscan_switch/state_reg[2]/C
                            (rising edge-triggered cell FDRE clocked by dbg_hub/inst/BSCANID.u_xsdbm_id/SWITCH_N_EXT_BSCAN.bscan_inst/SERIES7_BSCAN.bscan_inst/TCK  {rise@0.000ns fall@16.500ns period=33.000ns})
  Destination:            dbg_hub/inst/BSCANID.u_xsdbm_id/SWITCH_N_EXT_BSCAN.bscan_switch/state_temp_reg[1]/D
                            (rising edge-triggered cell FDRE clocked by dbg_hub/inst/BSCANID.u_xsdbm_id/SWITCH_N_EXT_BSCAN.bscan_inst/SERIES7_BSCAN.bscan_inst/TCK  {rise@0.000ns fall@16.500ns period=33.000ns})
  Path Group:             dbg_hub/inst/BSCANID.u_xsdbm_id/SWITCH_N_EXT_BSCAN.bscan_inst/SERIES7_BSCAN.bscan_inst/TCK
  Path Type:              Setup (Max at Slow Process Corner)
  Requirement:            33.000ns  (dbg_hub/inst/BSCANID.u_xsdbm_id/SWITCH_N_EXT_BSCAN.bscan_inst/SERIES7_BSCAN.bscan_inst/TCK rise@33.000ns - dbg_hub/inst/BSCANID.u_xsdbm_id/SWITCH_N_EXT_BSCAN.bscan_inst/SERIES7_BSCAN.bscan_inst/TCK rise@0.000ns)
  Data Path Delay:        5.272ns  (logic 1.538ns (29.171%)  route 3.734ns (70.830%))
  Logic Levels:           6  (CARRY4=2 LUT4=1 LUT6=3)
  Clock Path Skew:        -0.027ns (DCD - SCD + CPR)
    Destination Clock Delay (DCD):    3.603ns = ( 36.603 - 33.000 ) 
    Source Clock Delay      (SCD):    4.056ns
    Clock Pessimism Removal (CPR):    0.426ns
  Clock Uncertainty:      0.035ns  ((TSJ^2 + TIJ^2)^1/2 + DJ) / 2 + PE
    Total System Jitter     (TSJ):    0.071ns
    Total Input Jitter      (TIJ):    0.000ns
    Discrete Jitter          (DJ):    0.000ns
    Phase Error              (PE):    0.000ns

    Location             Delay type                Incr(ns)  Path(ns)    Netlist Resource(s)
  -------------------------------------------------------------------    -------------------
                         (clock dbg_hub/inst/BSCANID.u_xsdbm_id/SWITCH_N_EXT_BSCAN.bscan_inst/SERIES7_BSCAN.bscan_inst/TCK rise edge)
                                                      0.000     0.000 r  
    BSCAN_X0Y0           BSCANE2                      0.000     0.000 r  dbg_hub/inst/BSCANID.u_xsdbm_id/SWITCH_N_EXT_BSCAN.bscan_inst/SERIES7_BSCAN.bscan_inst/TCK
                         net (fo=1, routed)           2.565     2.565    dbg_hub/inst/BSCANID.u_xsdbm_id/tck_bs
    BUFGCTRL_X0Y3        BUFG (Prop_bufg_I_O)         0.081     2.646 r  dbg_hub/inst/BSCANID.u_xsdbm_id/SWITCH_N_EXT_BSCAN.u_bufg_icon_tck/O
                         net (fo=482, routed)         1.411     4.056    dbg_hub/inst/BSCANID.u_xsdbm_id/SWITCH_N_EXT_BSCAN.bscan_switch/s_bscan_tck
    SLICE_X53Y142        FDRE                                         r  dbg_hub/inst/BSCANID.u_xsdbm_id/SWITCH_N_EXT_BSCAN.bscan_switch/state_reg[2]/C
  -------------------------------------------------------------------    -------------------
    SLICE_X53Y142        FDRE (Prop_fdre_C_Q)         0.379     4.435 f  dbg_hub/inst/BSCANID.u_xsdbm_id/SWITCH_N_EXT_BSCAN.bscan_switch/state_reg[2]/Q
                         net (fo=50, routed)          1.117     5.553    dbg_hub/inst/BSCANID.u_xsdbm_id/SWITCH_N_EXT_BSCAN.bscan_switch/state[2]
    SLICE_X51Y139        LUT4 (Prop_lut4_I2_O)        0.119     5.672 r  dbg_hub/inst/BSCANID.u_xsdbm_id/SWITCH_N_EXT_BSCAN.bscan_switch/curid_inferred_i_19/O
                         net (fo=2, routed)           0.950     6.622    dbg_hub/inst/BSCANID.u_xsdbm_id/SWITCH_N_EXT_BSCAN.bscan_switch/curid[13]
    SLICE_X49Y140        LUT6 (Prop_lut6_I1_O)        0.275     6.897 r  dbg_hub/inst/BSCANID.u_xsdbm_id/SWITCH_N_EXT_BSCAN.bscan_switch/state_temp[0]_i_11/O
                         net (fo=1, routed)           0.000     6.897    dbg_hub/inst/BSCANID.u_xsdbm_id/SWITCH_N_EXT_BSCAN.bscan_switch/state_temp[0]_i_11_n_0
    SLICE_X49Y140        CARRY4 (Prop_carry4_S[1]_CO[3])
                                                      0.457     7.354 r  dbg_hub/inst/BSCANID.u_xsdbm_id/SWITCH_N_EXT_BSCAN.bscan_switch/state_temp_reg[0]_i_4/CO[3]
                         net (fo=1, routed)           0.000     7.354    dbg_hub/inst/BSCANID.u_xsdbm_id/SWITCH_N_EXT_BSCAN.bscan_switch/state_temp_reg[0]_i_4_n_0
    SLICE_X49Y141        CARRY4 (Prop_carry4_CI_CO[3])
                                                      0.098     7.452 f  dbg_hub/inst/BSCANID.u_xsdbm_id/SWITCH_N_EXT_BSCAN.bscan_switch/state_temp_reg[0]_i_3/CO[3]
                         net (fo=4, routed)           1.121     8.573    dbg_hub/inst/BSCANID.u_xsdbm_id/SWITCH_N_EXT_BSCAN.bscan_switch/state_temp_reg[0]_i_3_n_0
    SLICE_X50Y142        LUT6 (Prop_lut6_I5_O)        0.105     8.678 f  dbg_hub/inst/BSCANID.u_xsdbm_id/SWITCH_N_EXT_BSCAN.bscan_switch/state_temp[1]_i_2/O
                         net (fo=1, routed)           0.546     9.224    dbg_hub/inst/BSCANID.u_xsdbm_id/SWITCH_N_EXT_BSCAN.bscan_switch/state_temp[1]_i_2_n_0
    SLICE_X50Y142        LUT6 (Prop_lut6_I5_O)        0.105     9.329 r  dbg_hub/inst/BSCANID.u_xsdbm_id/SWITCH_N_EXT_BSCAN.bscan_switch/state_temp[1]_i_1/O
                         net (fo=1, routed)           0.000     9.329    dbg_hub/inst/BSCANID.u_xsdbm_id/SWITCH_N_EXT_BSCAN.bscan_switch/state_temp[1]_i_1_n_0
    SLICE_X50Y142        FDRE                                         r  dbg_hub/inst/BSCANID.u_xsdbm_id/SWITCH_N_EXT_BSCAN.bscan_switch/state_temp_reg[1]/D
  -------------------------------------------------------------------    -------------------

                         (clock dbg_hub/inst/BSCANID.u_xsdbm_id/SWITCH_N_EXT_BSCAN.bscan_inst/SERIES7_BSCAN.bscan_inst/TCK rise edge)
                                                     33.000    33.000 r  
    BSCAN_X0Y0           BSCANE2                      0.000    33.000 r  dbg_hub/inst/BSCANID.u_xsdbm_id/SWITCH_N_EXT_BSCAN.bscan_inst/SERIES7_BSCAN.bscan_inst/TCK
                         net (fo=1, routed)           2.225    35.225    dbg_hub/inst/BSCANID.u_xsdbm_id/tck_bs
    BUFGCTRL_X0Y3        BUFG (Prop_bufg_I_O)         0.077    35.302 r  dbg_hub/inst/BSCANID.u_xsdbm_id/SWITCH_N_EXT_BSCAN.u_bufg_icon_tck/O
                         net (fo=482, routed)         1.302    36.603    dbg_hub/inst/BSCANID.u_xsdbm_id/SWITCH_N_EXT_BSCAN.bscan_switch/s_bscan_tck
    SLICE_X50Y142        FDRE                                         r  dbg_hub/inst/BSCANID.u_xsdbm_id/SWITCH_N_EXT_BSCAN.bscan_switch/state_temp_reg[1]/C
                         clock pessimism              0.426    37.029    
                         clock uncertainty           -0.035    36.994    
    SLICE_X50Y142        FDRE (Setup_fdre_C_D)        0.032    37.026    dbg_hub/inst/BSCANID.u_xsdbm_id/SWITCH_N_EXT_BSCAN.bscan_switch/state_temp_reg[1]
  -------------------------------------------------------------------
                         required time                         37.026    
                         arrival time                          -9.329    
  -------------------------------------------------------------------
                         slack                                 27.697    

Slack (MET) :             27.717ns  (required time - arrival time)
  Source:                 dbg_hub/inst/BSCANID.u_xsdbm_id/SWITCH_N_EXT_BSCAN.bscan_switch/state_reg[2]/C
                            (rising edge-triggered cell FDRE clocked by dbg_hub/inst/BSCANID.u_xsdbm_id/SWITCH_N_EXT_BSCAN.bscan_inst/SERIES7_BSCAN.bscan_inst/TCK  {rise@0.000ns fall@16.500ns period=33.000ns})
  Destination:            dbg_hub/inst/BSCANID.u_xsdbm_id/SWITCH_N_EXT_BSCAN.bscan_switch/portno_temp_reg[3]/D
                            (rising edge-triggered cell FDRE clocked by dbg_hub/inst/BSCANID.u_xsdbm_id/SWITCH_N_EXT_BSCAN.bscan_inst/SERIES7_BSCAN.bscan_inst/TCK  {rise@0.000ns fall@16.500ns period=33.000ns})
  Path Group:             dbg_hub/inst/BSCANID.u_xsdbm_id/SWITCH_N_EXT_BSCAN.bscan_inst/SERIES7_BSCAN.bscan_inst/TCK
  Path Type:              Setup (Max at Slow Process Corner)
  Requirement:            33.000ns  (dbg_hub/inst/BSCANID.u_xsdbm_id/SWITCH_N_EXT_BSCAN.bscan_inst/SERIES7_BSCAN.bscan_inst/TCK rise@33.000ns - dbg_hub/inst/BSCANID.u_xsdbm_id/SWITCH_N_EXT_BSCAN.bscan_inst/SERIES7_BSCAN.bscan_inst/TCK rise@0.000ns)
  Data Path Delay:        5.253ns  (logic 1.706ns (32.477%)  route 3.547ns (67.523%))
  Logic Levels:           6  (CARRY4=2 LUT3=1 LUT4=1 LUT5=1 LUT6=1)
  Clock Path Skew:        -0.027ns (DCD - SCD + CPR)
    Destination Clock Delay (DCD):    3.603ns = ( 36.603 - 33.000 ) 
    Source Clock Delay      (SCD):    4.056ns
    Clock Pessimism Removal (CPR):    0.426ns
  Clock Uncertainty:      0.035ns  ((TSJ^2 + TIJ^2)^1/2 + DJ) / 2 + PE
    Total System Jitter     (TSJ):    0.071ns
    Total Input Jitter      (TIJ):    0.000ns
    Discrete Jitter          (DJ):    0.000ns
    Phase Error              (PE):    0.000ns

    Location             Delay type                Incr(ns)  Path(ns)    Netlist Resource(s)
  -------------------------------------------------------------------    -------------------
                         (clock dbg_hub/inst/BSCANID.u_xsdbm_id/SWITCH_N_EXT_BSCAN.bscan_inst/SERIES7_BSCAN.bscan_inst/TCK rise edge)
                                                      0.000     0.000 r  
    BSCAN_X0Y0           BSCANE2                      0.000     0.000 r  dbg_hub/inst/BSCANID.u_xsdbm_id/SWITCH_N_EXT_BSCAN.bscan_inst/SERIES7_BSCAN.bscan_inst/TCK
                         net (fo=1, routed)           2.565     2.565    dbg_hub/inst/BSCANID.u_xsdbm_id/tck_bs
    BUFGCTRL_X0Y3        BUFG (Prop_bufg_I_O)         0.081     2.646 r  dbg_hub/inst/BSCANID.u_xsdbm_id/SWITCH_N_EXT_BSCAN.u_bufg_icon_tck/O
                         net (fo=482, routed)         1.411     4.056    dbg_hub/inst/BSCANID.u_xsdbm_id/SWITCH_N_EXT_BSCAN.bscan_switch/s_bscan_tck
    SLICE_X53Y142        FDRE                                         r  dbg_hub/inst/BSCANID.u_xsdbm_id/SWITCH_N_EXT_BSCAN.bscan_switch/state_reg[2]/C
  -------------------------------------------------------------------    -------------------
    SLICE_X53Y142        FDRE (Prop_fdre_C_Q)         0.379     4.435 f  dbg_hub/inst/BSCANID.u_xsdbm_id/SWITCH_N_EXT_BSCAN.bscan_switch/state_reg[2]/Q
                         net (fo=50, routed)          1.117     5.553    dbg_hub/inst/BSCANID.u_xsdbm_id/SWITCH_N_EXT_BSCAN.bscan_switch/state[2]
    SLICE_X51Y139        LUT4 (Prop_lut4_I2_O)        0.119     5.672 r  dbg_hub/inst/BSCANID.u_xsdbm_id/SWITCH_N_EXT_BSCAN.bscan_switch/curid_inferred_i_19/O
                         net (fo=2, routed)           0.950     6.622    dbg_hub/inst/BSCANID.u_xsdbm_id/SWITCH_N_EXT_BSCAN.bscan_switch/curid[13]
    SLICE_X49Y140        LUT6 (Prop_lut6_I1_O)        0.275     6.897 r  dbg_hub/inst/BSCANID.u_xsdbm_id/SWITCH_N_EXT_BSCAN.bscan_switch/state_temp[0]_i_11/O
                         net (fo=1, routed)           0.000     6.897    dbg_hub/inst/BSCANID.u_xsdbm_id/SWITCH_N_EXT_BSCAN.bscan_switch/state_temp[0]_i_11_n_0
    SLICE_X49Y140        CARRY4 (Prop_carry4_S[1]_CO[3])
                                                      0.457     7.354 r  dbg_hub/inst/BSCANID.u_xsdbm_id/SWITCH_N_EXT_BSCAN.bscan_switch/state_temp_reg[0]_i_4/CO[3]
                         net (fo=1, routed)           0.000     7.354    dbg_hub/inst/BSCANID.u_xsdbm_id/SWITCH_N_EXT_BSCAN.bscan_switch/state_temp_reg[0]_i_4_n_0
    SLICE_X49Y141        CARRY4 (Prop_carry4_CI_CO[3])
                                                      0.098     7.452 f  dbg_hub/inst/BSCANID.u_xsdbm_id/SWITCH_N_EXT_BSCAN.bscan_switch/state_temp_reg[0]_i_3/CO[3]
                         net (fo=4, routed)           0.774     8.226    dbg_hub/inst/BSCANID.u_xsdbm_id/SWITCH_N_EXT_BSCAN.bscan_switch/state_temp_reg[0]_i_3_n_0
    SLICE_X51Y141        LUT5 (Prop_lut5_I1_O)        0.110     8.336 r  dbg_hub/inst/BSCANID.u_xsdbm_id/SWITCH_N_EXT_BSCAN.bscan_switch/portno_temp[5]_i_2/O
                         net (fo=7, routed)           0.706     9.041    dbg_hub/inst/BSCANID.u_xsdbm_id/SWITCH_N_EXT_BSCAN.bscan_switch/portno_temp[5]_i_2_n_0
    SLICE_X51Y142        LUT3 (Prop_lut3_I1_O)        0.268     9.309 r  dbg_hub/inst/BSCANID.u_xsdbm_id/SWITCH_N_EXT_BSCAN.bscan_switch/portno_temp[3]_i_1/O
                         net (fo=1, routed)           0.000     9.309    dbg_hub/inst/BSCANID.u_xsdbm_id/SWITCH_N_EXT_BSCAN.bscan_switch/portno_temp[3]_i_1_n_0
    SLICE_X51Y142        FDRE                                         r  dbg_hub/inst/BSCANID.u_xsdbm_id/SWITCH_N_EXT_BSCAN.bscan_switch/portno_temp_reg[3]/D
  -------------------------------------------------------------------    -------------------

                         (clock dbg_hub/inst/BSCANID.u_xsdbm_id/SWITCH_N_EXT_BSCAN.bscan_inst/SERIES7_BSCAN.bscan_inst/TCK rise edge)
                                                     33.000    33.000 r  
    BSCAN_X0Y0           BSCANE2                      0.000    33.000 r  dbg_hub/inst/BSCANID.u_xsdbm_id/SWITCH_N_EXT_BSCAN.bscan_inst/SERIES7_BSCAN.bscan_inst/TCK
                         net (fo=1, routed)           2.225    35.225    dbg_hub/inst/BSCANID.u_xsdbm_id/tck_bs
    BUFGCTRL_X0Y3        BUFG (Prop_bufg_I_O)         0.077    35.302 r  dbg_hub/inst/BSCANID.u_xsdbm_id/SWITCH_N_EXT_BSCAN.u_bufg_icon_tck/O
                         net (fo=482, routed)         1.302    36.603    dbg_hub/inst/BSCANID.u_xsdbm_id/SWITCH_N_EXT_BSCAN.bscan_switch/s_bscan_tck
    SLICE_X51Y142        FDRE                                         r  dbg_hub/inst/BSCANID.u_xsdbm_id/SWITCH_N_EXT_BSCAN.bscan_switch/portno_temp_reg[3]/C
                         clock pessimism              0.426    37.029    
                         clock uncertainty           -0.035    36.994    
    SLICE_X51Y142        FDRE (Setup_fdre_C_D)        0.032    37.026    dbg_hub/inst/BSCANID.u_xsdbm_id/SWITCH_N_EXT_BSCAN.bscan_switch/portno_temp_reg[3]
  -------------------------------------------------------------------
                         required time                         37.026    
                         arrival time                          -9.309    
  -------------------------------------------------------------------
                         slack                                 27.717    

Slack (MET) :             27.943ns  (required time - arrival time)
  Source:                 dbg_hub/inst/BSCANID.u_xsdbm_id/SWITCH_N_EXT_BSCAN.bscan_switch/state_reg[2]/C
                            (rising edge-triggered cell FDRE clocked by dbg_hub/inst/BSCANID.u_xsdbm_id/SWITCH_N_EXT_BSCAN.bscan_inst/SERIES7_BSCAN.bscan_inst/TCK  {rise@0.000ns fall@16.500ns period=33.000ns})
  Destination:            dbg_hub/inst/BSCANID.u_xsdbm_id/SWITCH_N_EXT_BSCAN.bscan_switch/portno_temp_reg[4]/D
                            (rising edge-triggered cell FDRE clocked by dbg_hub/inst/BSCANID.u_xsdbm_id/SWITCH_N_EXT_BSCAN.bscan_inst/SERIES7_BSCAN.bscan_inst/TCK  {rise@0.000ns fall@16.500ns period=33.000ns})
  Path Group:             dbg_hub/inst/BSCANID.u_xsdbm_id/SWITCH_N_EXT_BSCAN.bscan_inst/SERIES7_BSCAN.bscan_inst/TCK
  Path Type:              Setup (Max at Slow Process Corner)
  Requirement:            33.000ns  (dbg_hub/inst/BSCANID.u_xsdbm_id/SWITCH_N_EXT_BSCAN.bscan_inst/SERIES7_BSCAN.bscan_inst/TCK rise@33.000ns - dbg_hub/inst/BSCANID.u_xsdbm_id/SWITCH_N_EXT_BSCAN.bscan_inst/SERIES7_BSCAN.bscan_inst/TCK rise@0.000ns)
  Data Path Delay:        5.066ns  (logic 1.706ns (33.676%)  route 3.360ns (66.324%))
  Logic Levels:           6  (CARRY4=2 LUT3=1 LUT4=1 LUT5=1 LUT6=1)
  Clock Path Skew:        -0.028ns (DCD - SCD + CPR)
    Destination Clock Delay (DCD):    3.602ns = ( 36.602 - 33.000 ) 
    Source Clock Delay      (SCD):    4.056ns
    Clock Pessimism Removal (CPR):    0.426ns
  Clock Uncertainty:      0.035ns  ((TSJ^2 + TIJ^2)^1/2 + DJ) / 2 + PE
    Total System Jitter     (TSJ):    0.071ns
    Total Input Jitter      (TIJ):    0.000ns
    Discrete Jitter          (DJ):    0.000ns
    Phase Error              (PE):    0.000ns

    Location             Delay type                Incr(ns)  Path(ns)    Netlist Resource(s)
  -------------------------------------------------------------------    -------------------
                         (clock dbg_hub/inst/BSCANID.u_xsdbm_id/SWITCH_N_EXT_BSCAN.bscan_inst/SERIES7_BSCAN.bscan_inst/TCK rise edge)
                                                      0.000     0.000 r  
    BSCAN_X0Y0           BSCANE2                      0.000     0.000 r  dbg_hub/inst/BSCANID.u_xsdbm_id/SWITCH_N_EXT_BSCAN.bscan_inst/SERIES7_BSCAN.bscan_inst/TCK
                         net (fo=1, routed)           2.565     2.565    dbg_hub/inst/BSCANID.u_xsdbm_id/tck_bs
    BUFGCTRL_X0Y3        BUFG (Prop_bufg_I_O)         0.081     2.646 r  dbg_hub/inst/BSCANID.u_xsdbm_id/SWITCH_N_EXT_BSCAN.u_bufg_icon_tck/O
                         net (fo=482, routed)         1.411     4.056    dbg_hub/inst/BSCANID.u_xsdbm_id/SWITCH_N_EXT_BSCAN.bscan_switch/s_bscan_tck
    SLICE_X53Y142        FDRE                                         r  dbg_hub/inst/BSCANID.u_xsdbm_id/SWITCH_N_EXT_BSCAN.bscan_switch/state_reg[2]/C
  -------------------------------------------------------------------    -------------------
    SLICE_X53Y142        FDRE (Prop_fdre_C_Q)         0.379     4.435 f  dbg_hub/inst/BSCANID.u_xsdbm_id/SWITCH_N_EXT_BSCAN.bscan_switch/state_reg[2]/Q
                         net (fo=50, routed)          1.117     5.553    dbg_hub/inst/BSCANID.u_xsdbm_id/SWITCH_N_EXT_BSCAN.bscan_switch/state[2]
    SLICE_X51Y139        LUT4 (Prop_lut4_I2_O)        0.119     5.672 r  dbg_hub/inst/BSCANID.u_xsdbm_id/SWITCH_N_EXT_BSCAN.bscan_switch/curid_inferred_i_19/O
                         net (fo=2, routed)           0.950     6.622    dbg_hub/inst/BSCANID.u_xsdbm_id/SWITCH_N_EXT_BSCAN.bscan_switch/curid[13]
    SLICE_X49Y140        LUT6 (Prop_lut6_I1_O)        0.275     6.897 r  dbg_hub/inst/BSCANID.u_xsdbm_id/SWITCH_N_EXT_BSCAN.bscan_switch/state_temp[0]_i_11/O
                         net (fo=1, routed)           0.000     6.897    dbg_hub/inst/BSCANID.u_xsdbm_id/SWITCH_N_EXT_BSCAN.bscan_switch/state_temp[0]_i_11_n_0
    SLICE_X49Y140        CARRY4 (Prop_carry4_S[1]_CO[3])
                                                      0.457     7.354 r  dbg_hub/inst/BSCANID.u_xsdbm_id/SWITCH_N_EXT_BSCAN.bscan_switch/state_temp_reg[0]_i_4/CO[3]
                         net (fo=1, routed)           0.000     7.354    dbg_hub/inst/BSCANID.u_xsdbm_id/SWITCH_N_EXT_BSCAN.bscan_switch/state_temp_reg[0]_i_4_n_0
    SLICE_X49Y141        CARRY4 (Prop_carry4_CI_CO[3])
                                                      0.098     7.452 f  dbg_hub/inst/BSCANID.u_xsdbm_id/SWITCH_N_EXT_BSCAN.bscan_switch/state_temp_reg[0]_i_3/CO[3]
                         net (fo=4, routed)           0.774     8.226    dbg_hub/inst/BSCANID.u_xsdbm_id/SWITCH_N_EXT_BSCAN.bscan_switch/state_temp_reg[0]_i_3_n_0
    SLICE_X51Y141        LUT5 (Prop_lut5_I1_O)        0.110     8.336 r  dbg_hub/inst/BSCANID.u_xsdbm_id/SWITCH_N_EXT_BSCAN.bscan_switch/portno_temp[5]_i_2/O
                         net (fo=7, routed)           0.519     8.854    dbg_hub/inst/BSCANID.u_xsdbm_id/SWITCH_N_EXT_BSCAN.bscan_switch/portno_temp[5]_i_2_n_0
    SLICE_X52Y141        LUT3 (Prop_lut3_I1_O)        0.268     9.122 r  dbg_hub/inst/BSCANID.u_xsdbm_id/SWITCH_N_EXT_BSCAN.bscan_switch/portno_temp[4]_i_1/O
                         net (fo=1, routed)           0.000     9.122    dbg_hub/inst/BSCANID.u_xsdbm_id/SWITCH_N_EXT_BSCAN.bscan_switch/portno_temp[4]_i_1_n_0
    SLICE_X52Y141        FDRE                                         r  dbg_hub/inst/BSCANID.u_xsdbm_id/SWITCH_N_EXT_BSCAN.bscan_switch/portno_temp_reg[4]/D
  -------------------------------------------------------------------    -------------------

                         (clock dbg_hub/inst/BSCANID.u_xsdbm_id/SWITCH_N_EXT_BSCAN.bscan_inst/SERIES7_BSCAN.bscan_inst/TCK rise edge)
                                                     33.000    33.000 r  
    BSCAN_X0Y0           BSCANE2                      0.000    33.000 r  dbg_hub/inst/BSCANID.u_xsdbm_id/SWITCH_N_EXT_BSCAN.bscan_inst/SERIES7_BSCAN.bscan_inst/TCK
                         net (fo=1, routed)           2.225    35.225    dbg_hub/inst/BSCANID.u_xsdbm_id/tck_bs
    BUFGCTRL_X0Y3        BUFG (Prop_bufg_I_O)         0.077    35.302 r  dbg_hub/inst/BSCANID.u_xsdbm_id/SWITCH_N_EXT_BSCAN.u_bufg_icon_tck/O
                         net (fo=482, routed)         1.301    36.602    dbg_hub/inst/BSCANID.u_xsdbm_id/SWITCH_N_EXT_BSCAN.bscan_switch/s_bscan_tck
    SLICE_X52Y141        FDRE                                         r  dbg_hub/inst/BSCANID.u_xsdbm_id/SWITCH_N_EXT_BSCAN.bscan_switch/portno_temp_reg[4]/C
                         clock pessimism              0.426    37.028    
                         clock uncertainty           -0.035    36.993    
    SLICE_X52Y141        FDRE (Setup_fdre_C_D)        0.072    37.065    dbg_hub/inst/BSCANID.u_xsdbm_id/SWITCH_N_EXT_BSCAN.bscan_switch/portno_temp_reg[4]
  -------------------------------------------------------------------
                         required time                         37.065    
                         arrival time                          -9.122    
  -------------------------------------------------------------------
                         slack                                 27.943    

Slack (MET) :             27.963ns  (required time - arrival time)
  Source:                 dbg_hub/inst/BSCANID.u_xsdbm_id/SWITCH_N_EXT_BSCAN.bscan_switch/portno_reg[3]/C
                            (rising edge-triggered cell FDRE clocked by dbg_hub/inst/BSCANID.u_xsdbm_id/SWITCH_N_EXT_BSCAN.bscan_inst/SERIES7_BSCAN.bscan_inst/TCK  {rise@0.000ns fall@16.500ns period=33.000ns})
  Destination:            dbg_hub/inst/BSCANID.u_xsdbm_id/CORE_XSDB.U_ICON/U_STAT/iSTAT_CNT_reg[0]/R
                            (rising edge-triggered cell FDRE clocked by dbg_hub/inst/BSCANID.u_xsdbm_id/SWITCH_N_EXT_BSCAN.bscan_inst/SERIES7_BSCAN.bscan_inst/TCK  {rise@0.000ns fall@16.500ns period=33.000ns})
  Path Group:             dbg_hub/inst/BSCANID.u_xsdbm_id/SWITCH_N_EXT_BSCAN.bscan_inst/SERIES7_BSCAN.bscan_inst/TCK
  Path Type:              Setup (Max at Slow Process Corner)
  Requirement:            33.000ns  (dbg_hub/inst/BSCANID.u_xsdbm_id/SWITCH_N_EXT_BSCAN.bscan_inst/SERIES7_BSCAN.bscan_inst/TCK rise@33.000ns - dbg_hub/inst/BSCANID.u_xsdbm_id/SWITCH_N_EXT_BSCAN.bscan_inst/SERIES7_BSCAN.bscan_inst/TCK rise@0.000ns)
  Data Path Delay:        4.533ns  (logic 0.945ns (20.848%)  route 3.588ns (79.152%))
  Logic Levels:           4  (LUT4=1 LUT5=2 LUT6=1)
  Clock Path Skew:        -0.046ns (DCD - SCD + CPR)
    Destination Clock Delay (DCD):    3.600ns = ( 36.600 - 33.000 ) 
    Source Clock Delay      (SCD):    4.056ns
    Clock Pessimism Removal (CPR):    0.410ns
  Clock Uncertainty:      0.035ns  ((TSJ^2 + TIJ^2)^1/2 + DJ) / 2 + PE
    Total System Jitter     (TSJ):    0.071ns
    Total Input Jitter      (TIJ):    0.000ns
    Discrete Jitter          (DJ):    0.000ns
    Phase Error              (PE):    0.000ns

    Location             Delay type                Incr(ns)  Path(ns)    Netlist Resource(s)
  -------------------------------------------------------------------    -------------------
                         (clock dbg_hub/inst/BSCANID.u_xsdbm_id/SWITCH_N_EXT_BSCAN.bscan_inst/SERIES7_BSCAN.bscan_inst/TCK rise edge)
                                                      0.000     0.000 r  
    BSCAN_X0Y0           BSCANE2                      0.000     0.000 r  dbg_hub/inst/BSCANID.u_xsdbm_id/SWITCH_N_EXT_BSCAN.bscan_inst/SERIES7_BSCAN.bscan_inst/TCK
                         net (fo=1, routed)           2.565     2.565    dbg_hub/inst/BSCANID.u_xsdbm_id/tck_bs
    BUFGCTRL_X0Y3        BUFG (Prop_bufg_I_O)         0.081     2.646 r  dbg_hub/inst/BSCANID.u_xsdbm_id/SWITCH_N_EXT_BSCAN.u_bufg_icon_tck/O
                         net (fo=482, routed)         1.411     4.056    dbg_hub/inst/BSCANID.u_xsdbm_id/SWITCH_N_EXT_BSCAN.bscan_switch/s_bscan_tck
    SLICE_X52Y142        FDRE                                         r  dbg_hub/inst/BSCANID.u_xsdbm_id/SWITCH_N_EXT_BSCAN.bscan_switch/portno_reg[3]/C
  -------------------------------------------------------------------    -------------------
    SLICE_X52Y142        FDRE (Prop_fdre_C_Q)         0.398     4.454 r  dbg_hub/inst/BSCANID.u_xsdbm_id/SWITCH_N_EXT_BSCAN.bscan_switch/portno_reg[3]/Q
                         net (fo=1, routed)           0.906     5.361    dbg_hub/inst/BSCANID.u_xsdbm_id/SWITCH_N_EXT_BSCAN.bscan_switch/portno[3]
    SLICE_X52Y142        LUT6 (Prop_lut6_I0_O)        0.232     5.593 r  dbg_hub/inst/BSCANID.u_xsdbm_id/SWITCH_N_EXT_BSCAN.bscan_switch/m_bscan_drck[0]_INST_0_i_1/O
                         net (fo=5, routed)           0.349     5.941    dbg_hub/inst/BSCANID.u_xsdbm_id/SWITCH_N_EXT_BSCAN.bscan_switch/m_bscan_drck[0]_INST_0_i_1_n_0
    SLICE_X52Y143        LUT5 (Prop_lut5_I3_O)        0.105     6.046 f  dbg_hub/inst/BSCANID.u_xsdbm_id/SWITCH_N_EXT_BSCAN.bscan_switch/m_bscan_shift[0]_INST_0/O
                         net (fo=4, routed)           1.070     7.116    dbg_hub/inst/BSCANID.u_xsdbm_id/CORE_XSDB.U_ICON/U_CMD/icn_cmd_en_reg[7]
    SLICE_X56Y146        LUT4 (Prop_lut4_I1_O)        0.105     7.221 f  dbg_hub/inst/BSCANID.u_xsdbm_id/CORE_XSDB.U_ICON/U_CMD/iSTAT_CNT[5]_i_4/O
                         net (fo=1, routed)           0.783     8.004    dbg_hub/inst/BSCANID.u_xsdbm_id/CORE_XSDB.U_ICON/U_CMD/iSTAT_CNT[5]_i_4_n_0
    SLICE_X59Y146        LUT5 (Prop_lut5_I4_O)        0.105     8.109 r  dbg_hub/inst/BSCANID.u_xsdbm_id/CORE_XSDB.U_ICON/U_CMD/iSTAT_CNT[5]_i_1/O
                         net (fo=6, routed)           0.480     8.589    dbg_hub/inst/BSCANID.u_xsdbm_id/CORE_XSDB.U_ICON/U_STAT/SR[0]
    SLICE_X60Y144        FDRE                                         r  dbg_hub/inst/BSCANID.u_xsdbm_id/CORE_XSDB.U_ICON/U_STAT/iSTAT_CNT_reg[0]/R
  -------------------------------------------------------------------    -------------------

                         (clock dbg_hub/inst/BSCANID.u_xsdbm_id/SWITCH_N_EXT_BSCAN.bscan_inst/SERIES7_BSCAN.bscan_inst/TCK rise edge)
                                                     33.000    33.000 r  
    BSCAN_X0Y0           BSCANE2                      0.000    33.000 r  dbg_hub/inst/BSCANID.u_xsdbm_id/SWITCH_N_EXT_BSCAN.bscan_inst/SERIES7_BSCAN.bscan_inst/TCK
                         net (fo=1, routed)           2.225    35.225    dbg_hub/inst/BSCANID.u_xsdbm_id/tck_bs
    BUFGCTRL_X0Y3        BUFG (Prop_bufg_I_O)         0.077    35.302 r  dbg_hub/inst/BSCANID.u_xsdbm_id/SWITCH_N_EXT_BSCAN.u_bufg_icon_tck/O
                         net (fo=482, routed)         1.299    36.600    dbg_hub/inst/BSCANID.u_xsdbm_id/CORE_XSDB.U_ICON/U_STAT/m_bscan_tck[0]
    SLICE_X60Y144        FDRE                                         r  dbg_hub/inst/BSCANID.u_xsdbm_id/CORE_XSDB.U_ICON/U_STAT/iSTAT_CNT_reg[0]/C
                         clock pessimism              0.410    37.010    
                         clock uncertainty           -0.035    36.975    
    SLICE_X60Y144        FDRE (Setup_fdre_C_R)       -0.423    36.552    dbg_hub/inst/BSCANID.u_xsdbm_id/CORE_XSDB.U_ICON/U_STAT/iSTAT_CNT_reg[0]
  -------------------------------------------------------------------
                         required time                         36.552    
                         arrival time                          -8.589    
  -------------------------------------------------------------------
                         slack                                 27.963    

Slack (MET) :             27.963ns  (required time - arrival time)
  Source:                 dbg_hub/inst/BSCANID.u_xsdbm_id/SWITCH_N_EXT_BSCAN.bscan_switch/portno_reg[3]/C
                            (rising edge-triggered cell FDRE clocked by dbg_hub/inst/BSCANID.u_xsdbm_id/SWITCH_N_EXT_BSCAN.bscan_inst/SERIES7_BSCAN.bscan_inst/TCK  {rise@0.000ns fall@16.500ns period=33.000ns})
  Destination:            dbg_hub/inst/BSCANID.u_xsdbm_id/CORE_XSDB.U_ICON/U_STAT/iSTAT_CNT_reg[1]/R
                            (rising edge-triggered cell FDRE clocked by dbg_hub/inst/BSCANID.u_xsdbm_id/SWITCH_N_EXT_BSCAN.bscan_inst/SERIES7_BSCAN.bscan_inst/TCK  {rise@0.000ns fall@16.500ns period=33.000ns})
  Path Group:             dbg_hub/inst/BSCANID.u_xsdbm_id/SWITCH_N_EXT_BSCAN.bscan_inst/SERIES7_BSCAN.bscan_inst/TCK
  Path Type:              Setup (Max at Slow Process Corner)
  Requirement:            33.000ns  (dbg_hub/inst/BSCANID.u_xsdbm_id/SWITCH_N_EXT_BSCAN.bscan_inst/SERIES7_BSCAN.bscan_inst/TCK rise@33.000ns - dbg_hub/inst/BSCANID.u_xsdbm_id/SWITCH_N_EXT_BSCAN.bscan_inst/SERIES7_BSCAN.bscan_inst/TCK rise@0.000ns)
  Data Path Delay:        4.533ns  (logic 0.945ns (20.848%)  route 3.588ns (79.152%))
  Logic Levels:           4  (LUT4=1 LUT5=2 LUT6=1)
  Clock Path Skew:        -0.046ns (DCD - SCD + CPR)
    Destination Clock Delay (DCD):    3.600ns = ( 36.600 - 33.000 ) 
    Source Clock Delay      (SCD):    4.056ns
    Clock Pessimism Removal (CPR):    0.410ns
  Clock Uncertainty:      0.035ns  ((TSJ^2 + TIJ^2)^1/2 + DJ) / 2 + PE
    Total System Jitter     (TSJ):    0.071ns
    Total Input Jitter      (TIJ):    0.000ns
    Discrete Jitter          (DJ):    0.000ns
    Phase Error              (PE):    0.000ns

    Location             Delay type                Incr(ns)  Path(ns)    Netlist Resource(s)
  -------------------------------------------------------------------    -------------------
                         (clock dbg_hub/inst/BSCANID.u_xsdbm_id/SWITCH_N_EXT_BSCAN.bscan_inst/SERIES7_BSCAN.bscan_inst/TCK rise edge)
                                                      0.000     0.000 r  
    BSCAN_X0Y0           BSCANE2                      0.000     0.000 r  dbg_hub/inst/BSCANID.u_xsdbm_id/SWITCH_N_EXT_BSCAN.bscan_inst/SERIES7_BSCAN.bscan_inst/TCK
                         net (fo=1, routed)           2.565     2.565    dbg_hub/inst/BSCANID.u_xsdbm_id/tck_bs
    BUFGCTRL_X0Y3        BUFG (Prop_bufg_I_O)         0.081     2.646 r  dbg_hub/inst/BSCANID.u_xsdbm_id/SWITCH_N_EXT_BSCAN.u_bufg_icon_tck/O
                         net (fo=482, routed)         1.411     4.056    dbg_hub/inst/BSCANID.u_xsdbm_id/SWITCH_N_EXT_BSCAN.bscan_switch/s_bscan_tck
    SLICE_X52Y142        FDRE                                         r  dbg_hub/inst/BSCANID.u_xsdbm_id/SWITCH_N_EXT_BSCAN.bscan_switch/portno_reg[3]/C
  -------------------------------------------------------------------    -------------------
    SLICE_X52Y142        FDRE (Prop_fdre_C_Q)         0.398     4.454 r  dbg_hub/inst/BSCANID.u_xsdbm_id/SWITCH_N_EXT_BSCAN.bscan_switch/portno_reg[3]/Q
                         net (fo=1, routed)           0.906     5.361    dbg_hub/inst/BSCANID.u_xsdbm_id/SWITCH_N_EXT_BSCAN.bscan_switch/portno[3]
    SLICE_X52Y142        LUT6 (Prop_lut6_I0_O)        0.232     5.593 r  dbg_hub/inst/BSCANID.u_xsdbm_id/SWITCH_N_EXT_BSCAN.bscan_switch/m_bscan_drck[0]_INST_0_i_1/O
                         net (fo=5, routed)           0.349     5.941    dbg_hub/inst/BSCANID.u_xsdbm_id/SWITCH_N_EXT_BSCAN.bscan_switch/m_bscan_drck[0]_INST_0_i_1_n_0
    SLICE_X52Y143        LUT5 (Prop_lut5_I3_O)        0.105     6.046 f  dbg_hub/inst/BSCANID.u_xsdbm_id/SWITCH_N_EXT_BSCAN.bscan_switch/m_bscan_shift[0]_INST_0/O
                         net (fo=4, routed)           1.070     7.116    dbg_hub/inst/BSCANID.u_xsdbm_id/CORE_XSDB.U_ICON/U_CMD/icn_cmd_en_reg[7]
    SLICE_X56Y146        LUT4 (Prop_lut4_I1_O)        0.105     7.221 f  dbg_hub/inst/BSCANID.u_xsdbm_id/CORE_XSDB.U_ICON/U_CMD/iSTAT_CNT[5]_i_4/O
                         net (fo=1, routed)           0.783     8.004    dbg_hub/inst/BSCANID.u_xsdbm_id/CORE_XSDB.U_ICON/U_CMD/iSTAT_CNT[5]_i_4_n_0
    SLICE_X59Y146        LUT5 (Prop_lut5_I4_O)        0.105     8.109 r  dbg_hub/inst/BSCANID.u_xsdbm_id/CORE_XSDB.U_ICON/U_CMD/iSTAT_CNT[5]_i_1/O
                         net (fo=6, routed)           0.480     8.589    dbg_hub/inst/BSCANID.u_xsdbm_id/CORE_XSDB.U_ICON/U_STAT/SR[0]
    SLICE_X60Y144        FDRE                                         r  dbg_hub/inst/BSCANID.u_xsdbm_id/CORE_XSDB.U_ICON/U_STAT/iSTAT_CNT_reg[1]/R
  -------------------------------------------------------------------    -------------------

                         (clock dbg_hub/inst/BSCANID.u_xsdbm_id/SWITCH_N_EXT_BSCAN.bscan_inst/SERIES7_BSCAN.bscan_inst/TCK rise edge)
                                                     33.000    33.000 r  
    BSCAN_X0Y0           BSCANE2                      0.000    33.000 r  dbg_hub/inst/BSCANID.u_xsdbm_id/SWITCH_N_EXT_BSCAN.bscan_inst/SERIES7_BSCAN.bscan_inst/TCK
                         net (fo=1, routed)           2.225    35.225    dbg_hub/inst/BSCANID.u_xsdbm_id/tck_bs
    BUFGCTRL_X0Y3        BUFG (Prop_bufg_I_O)         0.077    35.302 r  dbg_hub/inst/BSCANID.u_xsdbm_id/SWITCH_N_EXT_BSCAN.u_bufg_icon_tck/O
                         net (fo=482, routed)         1.299    36.600    dbg_hub/inst/BSCANID.u_xsdbm_id/CORE_XSDB.U_ICON/U_STAT/m_bscan_tck[0]
    SLICE_X60Y144        FDRE                                         r  dbg_hub/inst/BSCANID.u_xsdbm_id/CORE_XSDB.U_ICON/U_STAT/iSTAT_CNT_reg[1]/C
                         clock pessimism              0.410    37.010    
                         clock uncertainty           -0.035    36.975    
    SLICE_X60Y144        FDRE (Setup_fdre_C_R)       -0.423    36.552    dbg_hub/inst/BSCANID.u_xsdbm_id/CORE_XSDB.U_ICON/U_STAT/iSTAT_CNT_reg[1]
  -------------------------------------------------------------------
                         required time                         36.552    
                         arrival time                          -8.589    
  -------------------------------------------------------------------
                         slack                                 27.963    

Slack (MET) :             27.963ns  (required time - arrival time)
  Source:                 dbg_hub/inst/BSCANID.u_xsdbm_id/SWITCH_N_EXT_BSCAN.bscan_switch/portno_reg[3]/C
                            (rising edge-triggered cell FDRE clocked by dbg_hub/inst/BSCANID.u_xsdbm_id/SWITCH_N_EXT_BSCAN.bscan_inst/SERIES7_BSCAN.bscan_inst/TCK  {rise@0.000ns fall@16.500ns period=33.000ns})
  Destination:            dbg_hub/inst/BSCANID.u_xsdbm_id/CORE_XSDB.U_ICON/U_STAT/iSTAT_CNT_reg[2]/R
                            (rising edge-triggered cell FDRE clocked by dbg_hub/inst/BSCANID.u_xsdbm_id/SWITCH_N_EXT_BSCAN.bscan_inst/SERIES7_BSCAN.bscan_inst/TCK  {rise@0.000ns fall@16.500ns period=33.000ns})
  Path Group:             dbg_hub/inst/BSCANID.u_xsdbm_id/SWITCH_N_EXT_BSCAN.bscan_inst/SERIES7_BSCAN.bscan_inst/TCK
  Path Type:              Setup (Max at Slow Process Corner)
  Requirement:            33.000ns  (dbg_hub/inst/BSCANID.u_xsdbm_id/SWITCH_N_EXT_BSCAN.bscan_inst/SERIES7_BSCAN.bscan_inst/TCK rise@33.000ns - dbg_hub/inst/BSCANID.u_xsdbm_id/SWITCH_N_EXT_BSCAN.bscan_inst/SERIES7_BSCAN.bscan_inst/TCK rise@0.000ns)
  Data Path Delay:        4.533ns  (logic 0.945ns (20.848%)  route 3.588ns (79.152%))
  Logic Levels:           4  (LUT4=1 LUT5=2 LUT6=1)
  Clock Path Skew:        -0.046ns (DCD - SCD + CPR)
    Destination Clock Delay (DCD):    3.600ns = ( 36.600 - 33.000 ) 
    Source Clock Delay      (SCD):    4.056ns
    Clock Pessimism Removal (CPR):    0.410ns
  Clock Uncertainty:      0.035ns  ((TSJ^2 + TIJ^2)^1/2 + DJ) / 2 + PE
    Total System Jitter     (TSJ):    0.071ns
    Total Input Jitter      (TIJ):    0.000ns
    Discrete Jitter          (DJ):    0.000ns
    Phase Error              (PE):    0.000ns

    Location             Delay type                Incr(ns)  Path(ns)    Netlist Resource(s)
  -------------------------------------------------------------------    -------------------
                         (clock dbg_hub/inst/BSCANID.u_xsdbm_id/SWITCH_N_EXT_BSCAN.bscan_inst/SERIES7_BSCAN.bscan_inst/TCK rise edge)
                                                      0.000     0.000 r  
    BSCAN_X0Y0           BSCANE2                      0.000     0.000 r  dbg_hub/inst/BSCANID.u_xsdbm_id/SWITCH_N_EXT_BSCAN.bscan_inst/SERIES7_BSCAN.bscan_inst/TCK
                         net (fo=1, routed)           2.565     2.565    dbg_hub/inst/BSCANID.u_xsdbm_id/tck_bs
    BUFGCTRL_X0Y3        BUFG (Prop_bufg_I_O)         0.081     2.646 r  dbg_hub/inst/BSCANID.u_xsdbm_id/SWITCH_N_EXT_BSCAN.u_bufg_icon_tck/O
                         net (fo=482, routed)         1.411     4.056    dbg_hub/inst/BSCANID.u_xsdbm_id/SWITCH_N_EXT_BSCAN.bscan_switch/s_bscan_tck
    SLICE_X52Y142        FDRE                                         r  dbg_hub/inst/BSCANID.u_xsdbm_id/SWITCH_N_EXT_BSCAN.bscan_switch/portno_reg[3]/C
  -------------------------------------------------------------------    -------------------
    SLICE_X52Y142        FDRE (Prop_fdre_C_Q)         0.398     4.454 r  dbg_hub/inst/BSCANID.u_xsdbm_id/SWITCH_N_EXT_BSCAN.bscan_switch/portno_reg[3]/Q
                         net (fo=1, routed)           0.906     5.361    dbg_hub/inst/BSCANID.u_xsdbm_id/SWITCH_N_EXT_BSCAN.bscan_switch/portno[3]
    SLICE_X52Y142        LUT6 (Prop_lut6_I0_O)        0.232     5.593 r  dbg_hub/inst/BSCANID.u_xsdbm_id/SWITCH_N_EXT_BSCAN.bscan_switch/m_bscan_drck[0]_INST_0_i_1/O
                         net (fo=5, routed)           0.349     5.941    dbg_hub/inst/BSCANID.u_xsdbm_id/SWITCH_N_EXT_BSCAN.bscan_switch/m_bscan_drck[0]_INST_0_i_1_n_0
    SLICE_X52Y143        LUT5 (Prop_lut5_I3_O)        0.105     6.046 f  dbg_hub/inst/BSCANID.u_xsdbm_id/SWITCH_N_EXT_BSCAN.bscan_switch/m_bscan_shift[0]_INST_0/O
                         net (fo=4, routed)           1.070     7.116    dbg_hub/inst/BSCANID.u_xsdbm_id/CORE_XSDB.U_ICON/U_CMD/icn_cmd_en_reg[7]
    SLICE_X56Y146        LUT4 (Prop_lut4_I1_O)        0.105     7.221 f  dbg_hub/inst/BSCANID.u_xsdbm_id/CORE_XSDB.U_ICON/U_CMD/iSTAT_CNT[5]_i_4/O
                         net (fo=1, routed)           0.783     8.004    dbg_hub/inst/BSCANID.u_xsdbm_id/CORE_XSDB.U_ICON/U_CMD/iSTAT_CNT[5]_i_4_n_0
    SLICE_X59Y146        LUT5 (Prop_lut5_I4_O)        0.105     8.109 r  dbg_hub/inst/BSCANID.u_xsdbm_id/CORE_XSDB.U_ICON/U_CMD/iSTAT_CNT[5]_i_1/O
                         net (fo=6, routed)           0.480     8.589    dbg_hub/inst/BSCANID.u_xsdbm_id/CORE_XSDB.U_ICON/U_STAT/SR[0]
    SLICE_X60Y144        FDRE                                         r  dbg_hub/inst/BSCANID.u_xsdbm_id/CORE_XSDB.U_ICON/U_STAT/iSTAT_CNT_reg[2]/R
  -------------------------------------------------------------------    -------------------

                         (clock dbg_hub/inst/BSCANID.u_xsdbm_id/SWITCH_N_EXT_BSCAN.bscan_inst/SERIES7_BSCAN.bscan_inst/TCK rise edge)
                                                     33.000    33.000 r  
    BSCAN_X0Y0           BSCANE2                      0.000    33.000 r  dbg_hub/inst/BSCANID.u_xsdbm_id/SWITCH_N_EXT_BSCAN.bscan_inst/SERIES7_BSCAN.bscan_inst/TCK
                         net (fo=1, routed)           2.225    35.225    dbg_hub/inst/BSCANID.u_xsdbm_id/tck_bs
    BUFGCTRL_X0Y3        BUFG (Prop_bufg_I_O)         0.077    35.302 r  dbg_hub/inst/BSCANID.u_xsdbm_id/SWITCH_N_EXT_BSCAN.u_bufg_icon_tck/O
                         net (fo=482, routed)         1.299    36.600    dbg_hub/inst/BSCANID.u_xsdbm_id/CORE_XSDB.U_ICON/U_STAT/m_bscan_tck[0]
    SLICE_X60Y144        FDRE                                         r  dbg_hub/inst/BSCANID.u_xsdbm_id/CORE_XSDB.U_ICON/U_STAT/iSTAT_CNT_reg[2]/C
                         clock pessimism              0.410    37.010    
                         clock uncertainty           -0.035    36.975    
    SLICE_X60Y144        FDRE (Setup_fdre_C_R)       -0.423    36.552    dbg_hub/inst/BSCANID.u_xsdbm_id/CORE_XSDB.U_ICON/U_STAT/iSTAT_CNT_reg[2]
  -------------------------------------------------------------------
                         required time                         36.552    
                         arrival time                          -8.589    
  -------------------------------------------------------------------
                         slack                                 27.963    

Slack (MET) :             27.963ns  (required time - arrival time)
  Source:                 dbg_hub/inst/BSCANID.u_xsdbm_id/SWITCH_N_EXT_BSCAN.bscan_switch/portno_reg[3]/C
                            (rising edge-triggered cell FDRE clocked by dbg_hub/inst/BSCANID.u_xsdbm_id/SWITCH_N_EXT_BSCAN.bscan_inst/SERIES7_BSCAN.bscan_inst/TCK  {rise@0.000ns fall@16.500ns period=33.000ns})
  Destination:            dbg_hub/inst/BSCANID.u_xsdbm_id/CORE_XSDB.U_ICON/U_STAT/iSTAT_CNT_reg[3]/R
                            (rising edge-triggered cell FDRE clocked by dbg_hub/inst/BSCANID.u_xsdbm_id/SWITCH_N_EXT_BSCAN.bscan_inst/SERIES7_BSCAN.bscan_inst/TCK  {rise@0.000ns fall@16.500ns period=33.000ns})
  Path Group:             dbg_hub/inst/BSCANID.u_xsdbm_id/SWITCH_N_EXT_BSCAN.bscan_inst/SERIES7_BSCAN.bscan_inst/TCK
  Path Type:              Setup (Max at Slow Process Corner)
  Requirement:            33.000ns  (dbg_hub/inst/BSCANID.u_xsdbm_id/SWITCH_N_EXT_BSCAN.bscan_inst/SERIES7_BSCAN.bscan_inst/TCK rise@33.000ns - dbg_hub/inst/BSCANID.u_xsdbm_id/SWITCH_N_EXT_BSCAN.bscan_inst/SERIES7_BSCAN.bscan_inst/TCK rise@0.000ns)
  Data Path Delay:        4.533ns  (logic 0.945ns (20.848%)  route 3.588ns (79.152%))
  Logic Levels:           4  (LUT4=1 LUT5=2 LUT6=1)
  Clock Path Skew:        -0.046ns (DCD - SCD + CPR)
    Destination Clock Delay (DCD):    3.600ns = ( 36.600 - 33.000 ) 
    Source Clock Delay      (SCD):    4.056ns
    Clock Pessimism Removal (CPR):    0.410ns
  Clock Uncertainty:      0.035ns  ((TSJ^2 + TIJ^2)^1/2 + DJ) / 2 + PE
    Total System Jitter     (TSJ):    0.071ns
    Total Input Jitter      (TIJ):    0.000ns
    Discrete Jitter          (DJ):    0.000ns
    Phase Error              (PE):    0.000ns

    Location             Delay type                Incr(ns)  Path(ns)    Netlist Resource(s)
  -------------------------------------------------------------------    -------------------
                         (clock dbg_hub/inst/BSCANID.u_xsdbm_id/SWITCH_N_EXT_BSCAN.bscan_inst/SERIES7_BSCAN.bscan_inst/TCK rise edge)
                                                      0.000     0.000 r  
    BSCAN_X0Y0           BSCANE2                      0.000     0.000 r  dbg_hub/inst/BSCANID.u_xsdbm_id/SWITCH_N_EXT_BSCAN.bscan_inst/SERIES7_BSCAN.bscan_inst/TCK
                         net (fo=1, routed)           2.565     2.565    dbg_hub/inst/BSCANID.u_xsdbm_id/tck_bs
    BUFGCTRL_X0Y3        BUFG (Prop_bufg_I_O)         0.081     2.646 r  dbg_hub/inst/BSCANID.u_xsdbm_id/SWITCH_N_EXT_BSCAN.u_bufg_icon_tck/O
                         net (fo=482, routed)         1.411     4.056    dbg_hub/inst/BSCANID.u_xsdbm_id/SWITCH_N_EXT_BSCAN.bscan_switch/s_bscan_tck
    SLICE_X52Y142        FDRE                                         r  dbg_hub/inst/BSCANID.u_xsdbm_id/SWITCH_N_EXT_BSCAN.bscan_switch/portno_reg[3]/C
  -------------------------------------------------------------------    -------------------
    SLICE_X52Y142        FDRE (Prop_fdre_C_Q)         0.398     4.454 r  dbg_hub/inst/BSCANID.u_xsdbm_id/SWITCH_N_EXT_BSCAN.bscan_switch/portno_reg[3]/Q
                         net (fo=1, routed)           0.906     5.361    dbg_hub/inst/BSCANID.u_xsdbm_id/SWITCH_N_EXT_BSCAN.bscan_switch/portno[3]
    SLICE_X52Y142        LUT6 (Prop_lut6_I0_O)        0.232     5.593 r  dbg_hub/inst/BSCANID.u_xsdbm_id/SWITCH_N_EXT_BSCAN.bscan_switch/m_bscan_drck[0]_INST_0_i_1/O
                         net (fo=5, routed)           0.349     5.941    dbg_hub/inst/BSCANID.u_xsdbm_id/SWITCH_N_EXT_BSCAN.bscan_switch/m_bscan_drck[0]_INST_0_i_1_n_0
    SLICE_X52Y143        LUT5 (Prop_lut5_I3_O)        0.105     6.046 f  dbg_hub/inst/BSCANID.u_xsdbm_id/SWITCH_N_EXT_BSCAN.bscan_switch/m_bscan_shift[0]_INST_0/O
                         net (fo=4, routed)           1.070     7.116    dbg_hub/inst/BSCANID.u_xsdbm_id/CORE_XSDB.U_ICON/U_CMD/icn_cmd_en_reg[7]
    SLICE_X56Y146        LUT4 (Prop_lut4_I1_O)        0.105     7.221 f  dbg_hub/inst/BSCANID.u_xsdbm_id/CORE_XSDB.U_ICON/U_CMD/iSTAT_CNT[5]_i_4/O
                         net (fo=1, routed)           0.783     8.004    dbg_hub/inst/BSCANID.u_xsdbm_id/CORE_XSDB.U_ICON/U_CMD/iSTAT_CNT[5]_i_4_n_0
    SLICE_X59Y146        LUT5 (Prop_lut5_I4_O)        0.105     8.109 r  dbg_hub/inst/BSCANID.u_xsdbm_id/CORE_XSDB.U_ICON/U_CMD/iSTAT_CNT[5]_i_1/O
                         net (fo=6, routed)           0.480     8.589    dbg_hub/inst/BSCANID.u_xsdbm_id/CORE_XSDB.U_ICON/U_STAT/SR[0]
    SLICE_X60Y144        FDRE                                         r  dbg_hub/inst/BSCANID.u_xsdbm_id/CORE_XSDB.U_ICON/U_STAT/iSTAT_CNT_reg[3]/R
  -------------------------------------------------------------------    -------------------

                         (clock dbg_hub/inst/BSCANID.u_xsdbm_id/SWITCH_N_EXT_BSCAN.bscan_inst/SERIES7_BSCAN.bscan_inst/TCK rise edge)
                                                     33.000    33.000 r  
    BSCAN_X0Y0           BSCANE2                      0.000    33.000 r  dbg_hub/inst/BSCANID.u_xsdbm_id/SWITCH_N_EXT_BSCAN.bscan_inst/SERIES7_BSCAN.bscan_inst/TCK
                         net (fo=1, routed)           2.225    35.225    dbg_hub/inst/BSCANID.u_xsdbm_id/tck_bs
    BUFGCTRL_X0Y3        BUFG (Prop_bufg_I_O)         0.077    35.302 r  dbg_hub/inst/BSCANID.u_xsdbm_id/SWITCH_N_EXT_BSCAN.u_bufg_icon_tck/O
                         net (fo=482, routed)         1.299    36.600    dbg_hub/inst/BSCANID.u_xsdbm_id/CORE_XSDB.U_ICON/U_STAT/m_bscan_tck[0]
    SLICE_X60Y144        FDRE                                         r  dbg_hub/inst/BSCANID.u_xsdbm_id/CORE_XSDB.U_ICON/U_STAT/iSTAT_CNT_reg[3]/C
                         clock pessimism              0.410    37.010    
                         clock uncertainty           -0.035    36.975    
    SLICE_X60Y144        FDRE (Setup_fdre_C_R)       -0.423    36.552    dbg_hub/inst/BSCANID.u_xsdbm_id/CORE_XSDB.U_ICON/U_STAT/iSTAT_CNT_reg[3]
  -------------------------------------------------------------------
                         required time                         36.552    
                         arrival time                          -8.589    
  -------------------------------------------------------------------
                         slack                                 27.963    

Slack (MET) :             27.963ns  (required time - arrival time)
  Source:                 dbg_hub/inst/BSCANID.u_xsdbm_id/SWITCH_N_EXT_BSCAN.bscan_switch/portno_reg[3]/C
                            (rising edge-triggered cell FDRE clocked by dbg_hub/inst/BSCANID.u_xsdbm_id/SWITCH_N_EXT_BSCAN.bscan_inst/SERIES7_BSCAN.bscan_inst/TCK  {rise@0.000ns fall@16.500ns period=33.000ns})
  Destination:            dbg_hub/inst/BSCANID.u_xsdbm_id/CORE_XSDB.U_ICON/U_STAT/iSTAT_CNT_reg[4]/R
                            (rising edge-triggered cell FDRE clocked by dbg_hub/inst/BSCANID.u_xsdbm_id/SWITCH_N_EXT_BSCAN.bscan_inst/SERIES7_BSCAN.bscan_inst/TCK  {rise@0.000ns fall@16.500ns period=33.000ns})
  Path Group:             dbg_hub/inst/BSCANID.u_xsdbm_id/SWITCH_N_EXT_BSCAN.bscan_inst/SERIES7_BSCAN.bscan_inst/TCK
  Path Type:              Setup (Max at Slow Process Corner)
  Requirement:            33.000ns  (dbg_hub/inst/BSCANID.u_xsdbm_id/SWITCH_N_EXT_BSCAN.bscan_inst/SERIES7_BSCAN.bscan_inst/TCK rise@33.000ns - dbg_hub/inst/BSCANID.u_xsdbm_id/SWITCH_N_EXT_BSCAN.bscan_inst/SERIES7_BSCAN.bscan_inst/TCK rise@0.000ns)
  Data Path Delay:        4.533ns  (logic 0.945ns (20.848%)  route 3.588ns (79.152%))
  Logic Levels:           4  (LUT4=1 LUT5=2 LUT6=1)
  Clock Path Skew:        -0.046ns (DCD - SCD + CPR)
    Destination Clock Delay (DCD):    3.600ns = ( 36.600 - 33.000 ) 
    Source Clock Delay      (SCD):    4.056ns
    Clock Pessimism Removal (CPR):    0.410ns
  Clock Uncertainty:      0.035ns  ((TSJ^2 + TIJ^2)^1/2 + DJ) / 2 + PE
    Total System Jitter     (TSJ):    0.071ns
    Total Input Jitter      (TIJ):    0.000ns
    Discrete Jitter          (DJ):    0.000ns
    Phase Error              (PE):    0.000ns

    Location             Delay type                Incr(ns)  Path(ns)    Netlist Resource(s)
  -------------------------------------------------------------------    -------------------
                         (clock dbg_hub/inst/BSCANID.u_xsdbm_id/SWITCH_N_EXT_BSCAN.bscan_inst/SERIES7_BSCAN.bscan_inst/TCK rise edge)
                                                      0.000     0.000 r  
    BSCAN_X0Y0           BSCANE2                      0.000     0.000 r  dbg_hub/inst/BSCANID.u_xsdbm_id/SWITCH_N_EXT_BSCAN.bscan_inst/SERIES7_BSCAN.bscan_inst/TCK
                         net (fo=1, routed)           2.565     2.565    dbg_hub/inst/BSCANID.u_xsdbm_id/tck_bs
    BUFGCTRL_X0Y3        BUFG (Prop_bufg_I_O)         0.081     2.646 r  dbg_hub/inst/BSCANID.u_xsdbm_id/SWITCH_N_EXT_BSCAN.u_bufg_icon_tck/O
                         net (fo=482, routed)         1.411     4.056    dbg_hub/inst/BSCANID.u_xsdbm_id/SWITCH_N_EXT_BSCAN.bscan_switch/s_bscan_tck
    SLICE_X52Y142        FDRE                                         r  dbg_hub/inst/BSCANID.u_xsdbm_id/SWITCH_N_EXT_BSCAN.bscan_switch/portno_reg[3]/C
  -------------------------------------------------------------------    -------------------
    SLICE_X52Y142        FDRE (Prop_fdre_C_Q)         0.398     4.454 r  dbg_hub/inst/BSCANID.u_xsdbm_id/SWITCH_N_EXT_BSCAN.bscan_switch/portno_reg[3]/Q
                         net (fo=1, routed)           0.906     5.361    dbg_hub/inst/BSCANID.u_xsdbm_id/SWITCH_N_EXT_BSCAN.bscan_switch/portno[3]
    SLICE_X52Y142        LUT6 (Prop_lut6_I0_O)        0.232     5.593 r  dbg_hub/inst/BSCANID.u_xsdbm_id/SWITCH_N_EXT_BSCAN.bscan_switch/m_bscan_drck[0]_INST_0_i_1/O
                         net (fo=5, routed)           0.349     5.941    dbg_hub/inst/BSCANID.u_xsdbm_id/SWITCH_N_EXT_BSCAN.bscan_switch/m_bscan_drck[0]_INST_0_i_1_n_0
    SLICE_X52Y143        LUT5 (Prop_lut5_I3_O)        0.105     6.046 f  dbg_hub/inst/BSCANID.u_xsdbm_id/SWITCH_N_EXT_BSCAN.bscan_switch/m_bscan_shift[0]_INST_0/O
                         net (fo=4, routed)           1.070     7.116    dbg_hub/inst/BSCANID.u_xsdbm_id/CORE_XSDB.U_ICON/U_CMD/icn_cmd_en_reg[7]
    SLICE_X56Y146        LUT4 (Prop_lut4_I1_O)        0.105     7.221 f  dbg_hub/inst/BSCANID.u_xsdbm_id/CORE_XSDB.U_ICON/U_CMD/iSTAT_CNT[5]_i_4/O
                         net (fo=1, routed)           0.783     8.004    dbg_hub/inst/BSCANID.u_xsdbm_id/CORE_XSDB.U_ICON/U_CMD/iSTAT_CNT[5]_i_4_n_0
    SLICE_X59Y146        LUT5 (Prop_lut5_I4_O)        0.105     8.109 r  dbg_hub/inst/BSCANID.u_xsdbm_id/CORE_XSDB.U_ICON/U_CMD/iSTAT_CNT[5]_i_1/O
                         net (fo=6, routed)           0.480     8.589    dbg_hub/inst/BSCANID.u_xsdbm_id/CORE_XSDB.U_ICON/U_STAT/SR[0]
    SLICE_X60Y144        FDRE                                         r  dbg_hub/inst/BSCANID.u_xsdbm_id/CORE_XSDB.U_ICON/U_STAT/iSTAT_CNT_reg[4]/R
  -------------------------------------------------------------------    -------------------

                         (clock dbg_hub/inst/BSCANID.u_xsdbm_id/SWITCH_N_EXT_BSCAN.bscan_inst/SERIES7_BSCAN.bscan_inst/TCK rise edge)
                                                     33.000    33.000 r  
    BSCAN_X0Y0           BSCANE2                      0.000    33.000 r  dbg_hub/inst/BSCANID.u_xsdbm_id/SWITCH_N_EXT_BSCAN.bscan_inst/SERIES7_BSCAN.bscan_inst/TCK
                         net (fo=1, routed)           2.225    35.225    dbg_hub/inst/BSCANID.u_xsdbm_id/tck_bs
    BUFGCTRL_X0Y3        BUFG (Prop_bufg_I_O)         0.077    35.302 r  dbg_hub/inst/BSCANID.u_xsdbm_id/SWITCH_N_EXT_BSCAN.u_bufg_icon_tck/O
                         net (fo=482, routed)         1.299    36.600    dbg_hub/inst/BSCANID.u_xsdbm_id/CORE_XSDB.U_ICON/U_STAT/m_bscan_tck[0]
    SLICE_X60Y144        FDRE                                         r  dbg_hub/inst/BSCANID.u_xsdbm_id/CORE_XSDB.U_ICON/U_STAT/iSTAT_CNT_reg[4]/C
                         clock pessimism              0.410    37.010    
                         clock uncertainty           -0.035    36.975    
    SLICE_X60Y144        FDRE (Setup_fdre_C_R)       -0.423    36.552    dbg_hub/inst/BSCANID.u_xsdbm_id/CORE_XSDB.U_ICON/U_STAT/iSTAT_CNT_reg[4]
  -------------------------------------------------------------------
                         required time                         36.552    
                         arrival time                          -8.589    
  -------------------------------------------------------------------
                         slack                                 27.963    

Slack (MET) :             27.963ns  (required time - arrival time)
  Source:                 dbg_hub/inst/BSCANID.u_xsdbm_id/SWITCH_N_EXT_BSCAN.bscan_switch/portno_reg[3]/C
                            (rising edge-triggered cell FDRE clocked by dbg_hub/inst/BSCANID.u_xsdbm_id/SWITCH_N_EXT_BSCAN.bscan_inst/SERIES7_BSCAN.bscan_inst/TCK  {rise@0.000ns fall@16.500ns period=33.000ns})
  Destination:            dbg_hub/inst/BSCANID.u_xsdbm_id/CORE_XSDB.U_ICON/U_STAT/iSTAT_CNT_reg[5]/R
                            (rising edge-triggered cell FDRE clocked by dbg_hub/inst/BSCANID.u_xsdbm_id/SWITCH_N_EXT_BSCAN.bscan_inst/SERIES7_BSCAN.bscan_inst/TCK  {rise@0.000ns fall@16.500ns period=33.000ns})
  Path Group:             dbg_hub/inst/BSCANID.u_xsdbm_id/SWITCH_N_EXT_BSCAN.bscan_inst/SERIES7_BSCAN.bscan_inst/TCK
  Path Type:              Setup (Max at Slow Process Corner)
  Requirement:            33.000ns  (dbg_hub/inst/BSCANID.u_xsdbm_id/SWITCH_N_EXT_BSCAN.bscan_inst/SERIES7_BSCAN.bscan_inst/TCK rise@33.000ns - dbg_hub/inst/BSCANID.u_xsdbm_id/SWITCH_N_EXT_BSCAN.bscan_inst/SERIES7_BSCAN.bscan_inst/TCK rise@0.000ns)
  Data Path Delay:        4.533ns  (logic 0.945ns (20.848%)  route 3.588ns (79.152%))
  Logic Levels:           4  (LUT4=1 LUT5=2 LUT6=1)
  Clock Path Skew:        -0.046ns (DCD - SCD + CPR)
    Destination Clock Delay (DCD):    3.600ns = ( 36.600 - 33.000 ) 
    Source Clock Delay      (SCD):    4.056ns
    Clock Pessimism Removal (CPR):    0.410ns
  Clock Uncertainty:      0.035ns  ((TSJ^2 + TIJ^2)^1/2 + DJ) / 2 + PE
    Total System Jitter     (TSJ):    0.071ns
    Total Input Jitter      (TIJ):    0.000ns
    Discrete Jitter          (DJ):    0.000ns
    Phase Error              (PE):    0.000ns

    Location             Delay type                Incr(ns)  Path(ns)    Netlist Resource(s)
  -------------------------------------------------------------------    -------------------
                         (clock dbg_hub/inst/BSCANID.u_xsdbm_id/SWITCH_N_EXT_BSCAN.bscan_inst/SERIES7_BSCAN.bscan_inst/TCK rise edge)
                                                      0.000     0.000 r  
    BSCAN_X0Y0           BSCANE2                      0.000     0.000 r  dbg_hub/inst/BSCANID.u_xsdbm_id/SWITCH_N_EXT_BSCAN.bscan_inst/SERIES7_BSCAN.bscan_inst/TCK
                         net (fo=1, routed)           2.565     2.565    dbg_hub/inst/BSCANID.u_xsdbm_id/tck_bs
    BUFGCTRL_X0Y3        BUFG (Prop_bufg_I_O)         0.081     2.646 r  dbg_hub/inst/BSCANID.u_xsdbm_id/SWITCH_N_EXT_BSCAN.u_bufg_icon_tck/O
                         net (fo=482, routed)         1.411     4.056    dbg_hub/inst/BSCANID.u_xsdbm_id/SWITCH_N_EXT_BSCAN.bscan_switch/s_bscan_tck
    SLICE_X52Y142        FDRE                                         r  dbg_hub/inst/BSCANID.u_xsdbm_id/SWITCH_N_EXT_BSCAN.bscan_switch/portno_reg[3]/C
  -------------------------------------------------------------------    -------------------
    SLICE_X52Y142        FDRE (Prop_fdre_C_Q)         0.398     4.454 r  dbg_hub/inst/BSCANID.u_xsdbm_id/SWITCH_N_EXT_BSCAN.bscan_switch/portno_reg[3]/Q
                         net (fo=1, routed)           0.906     5.361    dbg_hub/inst/BSCANID.u_xsdbm_id/SWITCH_N_EXT_BSCAN.bscan_switch/portno[3]
    SLICE_X52Y142        LUT6 (Prop_lut6_I0_O)        0.232     5.593 r  dbg_hub/inst/BSCANID.u_xsdbm_id/SWITCH_N_EXT_BSCAN.bscan_switch/m_bscan_drck[0]_INST_0_i_1/O
                         net (fo=5, routed)           0.349     5.941    dbg_hub/inst/BSCANID.u_xsdbm_id/SWITCH_N_EXT_BSCAN.bscan_switch/m_bscan_drck[0]_INST_0_i_1_n_0
    SLICE_X52Y143        LUT5 (Prop_lut5_I3_O)        0.105     6.046 f  dbg_hub/inst/BSCANID.u_xsdbm_id/SWITCH_N_EXT_BSCAN.bscan_switch/m_bscan_shift[0]_INST_0/O
                         net (fo=4, routed)           1.070     7.116    dbg_hub/inst/BSCANID.u_xsdbm_id/CORE_XSDB.U_ICON/U_CMD/icn_cmd_en_reg[7]
    SLICE_X56Y146        LUT4 (Prop_lut4_I1_O)        0.105     7.221 f  dbg_hub/inst/BSCANID.u_xsdbm_id/CORE_XSDB.U_ICON/U_CMD/iSTAT_CNT[5]_i_4/O
                         net (fo=1, routed)           0.783     8.004    dbg_hub/inst/BSCANID.u_xsdbm_id/CORE_XSDB.U_ICON/U_CMD/iSTAT_CNT[5]_i_4_n_0
    SLICE_X59Y146        LUT5 (Prop_lut5_I4_O)        0.105     8.109 r  dbg_hub/inst/BSCANID.u_xsdbm_id/CORE_XSDB.U_ICON/U_CMD/iSTAT_CNT[5]_i_1/O
                         net (fo=6, routed)           0.480     8.589    dbg_hub/inst/BSCANID.u_xsdbm_id/CORE_XSDB.U_ICON/U_STAT/SR[0]
    SLICE_X60Y144        FDRE                                         r  dbg_hub/inst/BSCANID.u_xsdbm_id/CORE_XSDB.U_ICON/U_STAT/iSTAT_CNT_reg[5]/R
  -------------------------------------------------------------------    -------------------

                         (clock dbg_hub/inst/BSCANID.u_xsdbm_id/SWITCH_N_EXT_BSCAN.bscan_inst/SERIES7_BSCAN.bscan_inst/TCK rise edge)
                                                     33.000    33.000 r  
    BSCAN_X0Y0           BSCANE2                      0.000    33.000 r  dbg_hub/inst/BSCANID.u_xsdbm_id/SWITCH_N_EXT_BSCAN.bscan_inst/SERIES7_BSCAN.bscan_inst/TCK
                         net (fo=1, routed)           2.225    35.225    dbg_hub/inst/BSCANID.u_xsdbm_id/tck_bs
    BUFGCTRL_X0Y3        BUFG (Prop_bufg_I_O)         0.077    35.302 r  dbg_hub/inst/BSCANID.u_xsdbm_id/SWITCH_N_EXT_BSCAN.u_bufg_icon_tck/O
                         net (fo=482, routed)         1.299    36.600    dbg_hub/inst/BSCANID.u_xsdbm_id/CORE_XSDB.U_ICON/U_STAT/m_bscan_tck[0]
    SLICE_X60Y144        FDRE                                         r  dbg_hub/inst/BSCANID.u_xsdbm_id/CORE_XSDB.U_ICON/U_STAT/iSTAT_CNT_reg[5]/C
                         clock pessimism              0.410    37.010    
                         clock uncertainty           -0.035    36.975    
    SLICE_X60Y144        FDRE (Setup_fdre_C_R)       -0.423    36.552    dbg_hub/inst/BSCANID.u_xsdbm_id/CORE_XSDB.U_ICON/U_STAT/iSTAT_CNT_reg[5]
  -------------------------------------------------------------------
                         required time                         36.552    
                         arrival time                          -8.589    
  -------------------------------------------------------------------
                         slack                                 27.963    

Slack (MET) :             28.059ns  (required time - arrival time)
  Source:                 dbg_hub/inst/BSCANID.u_xsdbm_id/SWITCH_N_EXT_BSCAN.bscan_switch/state_reg[2]/C
                            (rising edge-triggered cell FDRE clocked by dbg_hub/inst/BSCANID.u_xsdbm_id/SWITCH_N_EXT_BSCAN.bscan_inst/SERIES7_BSCAN.bscan_inst/TCK  {rise@0.000ns fall@16.500ns period=33.000ns})
  Destination:            dbg_hub/inst/BSCANID.u_xsdbm_id/SWITCH_N_EXT_BSCAN.bscan_switch/portno_temp_reg[2]/D
                            (rising edge-triggered cell FDRE clocked by dbg_hub/inst/BSCANID.u_xsdbm_id/SWITCH_N_EXT_BSCAN.bscan_inst/SERIES7_BSCAN.bscan_inst/TCK  {rise@0.000ns fall@16.500ns period=33.000ns})
  Path Group:             dbg_hub/inst/BSCANID.u_xsdbm_id/SWITCH_N_EXT_BSCAN.bscan_inst/SERIES7_BSCAN.bscan_inst/TCK
  Path Type:              Setup (Max at Slow Process Corner)
  Requirement:            33.000ns  (dbg_hub/inst/BSCANID.u_xsdbm_id/SWITCH_N_EXT_BSCAN.bscan_inst/SERIES7_BSCAN.bscan_inst/TCK rise@33.000ns - dbg_hub/inst/BSCANID.u_xsdbm_id/SWITCH_N_EXT_BSCAN.bscan_inst/SERIES7_BSCAN.bscan_inst/TCK rise@0.000ns)
  Data Path Delay:        4.911ns  (logic 1.706ns (34.739%)  route 3.205ns (65.261%))
  Logic Levels:           6  (CARRY4=2 LUT3=1 LUT4=1 LUT5=1 LUT6=1)
  Clock Path Skew:        -0.027ns (DCD - SCD + CPR)
    Destination Clock Delay (DCD):    3.603ns = ( 36.603 - 33.000 ) 
    Source Clock Delay      (SCD):    4.056ns
    Clock Pessimism Removal (CPR):    0.426ns
  Clock Uncertainty:      0.035ns  ((TSJ^2 + TIJ^2)^1/2 + DJ) / 2 + PE
    Total System Jitter     (TSJ):    0.071ns
    Total Input Jitter      (TIJ):    0.000ns
    Discrete Jitter          (DJ):    0.000ns
    Phase Error              (PE):    0.000ns

    Location             Delay type                Incr(ns)  Path(ns)    Netlist Resource(s)
  -------------------------------------------------------------------    -------------------
                         (clock dbg_hub/inst/BSCANID.u_xsdbm_id/SWITCH_N_EXT_BSCAN.bscan_inst/SERIES7_BSCAN.bscan_inst/TCK rise edge)
                                                      0.000     0.000 r  
    BSCAN_X0Y0           BSCANE2                      0.000     0.000 r  dbg_hub/inst/BSCANID.u_xsdbm_id/SWITCH_N_EXT_BSCAN.bscan_inst/SERIES7_BSCAN.bscan_inst/TCK
                         net (fo=1, routed)           2.565     2.565    dbg_hub/inst/BSCANID.u_xsdbm_id/tck_bs
    BUFGCTRL_X0Y3        BUFG (Prop_bufg_I_O)         0.081     2.646 r  dbg_hub/inst/BSCANID.u_xsdbm_id/SWITCH_N_EXT_BSCAN.u_bufg_icon_tck/O
                         net (fo=482, routed)         1.411     4.056    dbg_hub/inst/BSCANID.u_xsdbm_id/SWITCH_N_EXT_BSCAN.bscan_switch/s_bscan_tck
    SLICE_X53Y142        FDRE                                         r  dbg_hub/inst/BSCANID.u_xsdbm_id/SWITCH_N_EXT_BSCAN.bscan_switch/state_reg[2]/C
  -------------------------------------------------------------------    -------------------
    SLICE_X53Y142        FDRE (Prop_fdre_C_Q)         0.379     4.435 f  dbg_hub/inst/BSCANID.u_xsdbm_id/SWITCH_N_EXT_BSCAN.bscan_switch/state_reg[2]/Q
                         net (fo=50, routed)          1.117     5.553    dbg_hub/inst/BSCANID.u_xsdbm_id/SWITCH_N_EXT_BSCAN.bscan_switch/state[2]
    SLICE_X51Y139        LUT4 (Prop_lut4_I2_O)        0.119     5.672 r  dbg_hub/inst/BSCANID.u_xsdbm_id/SWITCH_N_EXT_BSCAN.bscan_switch/curid_inferred_i_19/O
                         net (fo=2, routed)           0.950     6.622    dbg_hub/inst/BSCANID.u_xsdbm_id/SWITCH_N_EXT_BSCAN.bscan_switch/curid[13]
    SLICE_X49Y140        LUT6 (Prop_lut6_I1_O)        0.275     6.897 r  dbg_hub/inst/BSCANID.u_xsdbm_id/SWITCH_N_EXT_BSCAN.bscan_switch/state_temp[0]_i_11/O
                         net (fo=1, routed)           0.000     6.897    dbg_hub/inst/BSCANID.u_xsdbm_id/SWITCH_N_EXT_BSCAN.bscan_switch/state_temp[0]_i_11_n_0
    SLICE_X49Y140        CARRY4 (Prop_carry4_S[1]_CO[3])
                                                      0.457     7.354 r  dbg_hub/inst/BSCANID.u_xsdbm_id/SWITCH_N_EXT_BSCAN.bscan_switch/state_temp_reg[0]_i_4/CO[3]
                         net (fo=1, routed)           0.000     7.354    dbg_hub/inst/BSCANID.u_xsdbm_id/SWITCH_N_EXT_BSCAN.bscan_switch/state_temp_reg[0]_i_4_n_0
    SLICE_X49Y141        CARRY4 (Prop_carry4_CI_CO[3])
                                                      0.098     7.452 f  dbg_hub/inst/BSCANID.u_xsdbm_id/SWITCH_N_EXT_BSCAN.bscan_switch/state_temp_reg[0]_i_3/CO[3]
                         net (fo=4, routed)           0.774     8.226    dbg_hub/inst/BSCANID.u_xsdbm_id/SWITCH_N_EXT_BSCAN.bscan_switch/state_temp_reg[0]_i_3_n_0
    SLICE_X51Y141        LUT5 (Prop_lut5_I1_O)        0.110     8.336 r  dbg_hub/inst/BSCANID.u_xsdbm_id/SWITCH_N_EXT_BSCAN.bscan_switch/portno_temp[5]_i_2/O
                         net (fo=7, routed)           0.364     8.699    dbg_hub/inst/BSCANID.u_xsdbm_id/SWITCH_N_EXT_BSCAN.bscan_switch/portno_temp[5]_i_2_n_0
    SLICE_X51Y142        LUT3 (Prop_lut3_I1_O)        0.268     8.967 r  dbg_hub/inst/BSCANID.u_xsdbm_id/SWITCH_N_EXT_BSCAN.bscan_switch/portno_temp[2]_i_1/O
                         net (fo=1, routed)           0.000     8.967    dbg_hub/inst/BSCANID.u_xsdbm_id/SWITCH_N_EXT_BSCAN.bscan_switch/portno_temp[2]_i_1_n_0
    SLICE_X51Y142        FDRE                                         r  dbg_hub/inst/BSCANID.u_xsdbm_id/SWITCH_N_EXT_BSCAN.bscan_switch/portno_temp_reg[2]/D
  -------------------------------------------------------------------    -------------------

                         (clock dbg_hub/inst/BSCANID.u_xsdbm_id/SWITCH_N_EXT_BSCAN.bscan_inst/SERIES7_BSCAN.bscan_inst/TCK rise edge)
                                                     33.000    33.000 r  
    BSCAN_X0Y0           BSCANE2                      0.000    33.000 r  dbg_hub/inst/BSCANID.u_xsdbm_id/SWITCH_N_EXT_BSCAN.bscan_inst/SERIES7_BSCAN.bscan_inst/TCK
                         net (fo=1, routed)           2.225    35.225    dbg_hub/inst/BSCANID.u_xsdbm_id/tck_bs
    BUFGCTRL_X0Y3        BUFG (Prop_bufg_I_O)         0.077    35.302 r  dbg_hub/inst/BSCANID.u_xsdbm_id/SWITCH_N_EXT_BSCAN.u_bufg_icon_tck/O
                         net (fo=482, routed)         1.302    36.603    dbg_hub/inst/BSCANID.u_xsdbm_id/SWITCH_N_EXT_BSCAN.bscan_switch/s_bscan_tck
    SLICE_X51Y142        FDRE                                         r  dbg_hub/inst/BSCANID.u_xsdbm_id/SWITCH_N_EXT_BSCAN.bscan_switch/portno_temp_reg[2]/C
                         clock pessimism              0.426    37.029    
                         clock uncertainty           -0.035    36.994    
    SLICE_X51Y142        FDRE (Setup_fdre_C_D)        0.032    37.026    dbg_hub/inst/BSCANID.u_xsdbm_id/SWITCH_N_EXT_BSCAN.bscan_switch/portno_temp_reg[2]
  -------------------------------------------------------------------
                         required time                         37.026    
                         arrival time                          -8.967    
  -------------------------------------------------------------------
                         slack                                 28.059    





Min Delay Paths
--------------------------------------------------------------------------------------
Slack (MET) :             0.101ns  (arrival time - required time)
  Source:                 dbg_hub/inst/BSCANID.u_xsdbm_id/CORE_XSDB.UUT_MASTER/U_ICON_INTERFACE/U_CMD6_WR/shift_reg_in_reg[15]/C
                            (rising edge-triggered cell FDCE clocked by dbg_hub/inst/BSCANID.u_xsdbm_id/SWITCH_N_EXT_BSCAN.bscan_inst/SERIES7_BSCAN.bscan_inst/TCK  {rise@0.000ns fall@16.500ns period=33.000ns})
  Destination:            dbg_hub/inst/BSCANID.u_xsdbm_id/CORE_XSDB.UUT_MASTER/U_ICON_INTERFACE/U_CMD6_WR/U_WR_FIFO/SUBCORE_FIFO.xsdbm_v3_0_0_wrfifo_inst/inst_fifo_gen/gconvfifo.rf/grf.rf/gntv_or_sync_fifo.mem/gdm.dm_gen.dm/RAM_reg_0_15_12_15/RAMB/I
                            (rising edge-triggered cell RAMD32 clocked by dbg_hub/inst/BSCANID.u_xsdbm_id/SWITCH_N_EXT_BSCAN.bscan_inst/SERIES7_BSCAN.bscan_inst/TCK  {rise@0.000ns fall@16.500ns period=33.000ns})
  Path Group:             dbg_hub/inst/BSCANID.u_xsdbm_id/SWITCH_N_EXT_BSCAN.bscan_inst/SERIES7_BSCAN.bscan_inst/TCK
  Path Type:              Hold (Min at Fast Process Corner)
  Requirement:            0.000ns  (dbg_hub/inst/BSCANID.u_xsdbm_id/SWITCH_N_EXT_BSCAN.bscan_inst/SERIES7_BSCAN.bscan_inst/TCK rise@0.000ns - dbg_hub/inst/BSCANID.u_xsdbm_id/SWITCH_N_EXT_BSCAN.bscan_inst/SERIES7_BSCAN.bscan_inst/TCK rise@0.000ns)
  Data Path Delay:        0.260ns  (logic 0.141ns (54.171%)  route 0.119ns (45.829%))
  Logic Levels:           0  
  Clock Path Skew:        0.013ns (DCD - SCD - CPR)
    Destination Clock Delay (DCD):    2.437ns
    Source Clock Delay      (SCD):    1.980ns
    Clock Pessimism Removal (CPR):    0.444ns

    Location             Delay type                Incr(ns)  Path(ns)    Netlist Resource(s)
  -------------------------------------------------------------------    -------------------
                         (clock dbg_hub/inst/BSCANID.u_xsdbm_id/SWITCH_N_EXT_BSCAN.bscan_inst/SERIES7_BSCAN.bscan_inst/TCK rise edge)
                                                      0.000     0.000 r  
    BSCAN_X0Y0           BSCANE2                      0.000     0.000 r  dbg_hub/inst/BSCANID.u_xsdbm_id/SWITCH_N_EXT_BSCAN.bscan_inst/SERIES7_BSCAN.bscan_inst/TCK
                         net (fo=1, routed)           1.378     1.378    dbg_hub/inst/BSCANID.u_xsdbm_id/tck_bs
    BUFGCTRL_X0Y3        BUFG (Prop_bufg_I_O)         0.026     1.404 r  dbg_hub/inst/BSCANID.u_xsdbm_id/SWITCH_N_EXT_BSCAN.u_bufg_icon_tck/O
                         net (fo=482, routed)         0.577     1.980    dbg_hub/inst/BSCANID.u_xsdbm_id/CORE_XSDB.UUT_MASTER/U_ICON_INTERFACE/U_CMD6_WR/m_bscan_tck[0]
    SLICE_X65Y159        FDCE                                         r  dbg_hub/inst/BSCANID.u_xsdbm_id/CORE_XSDB.UUT_MASTER/U_ICON_INTERFACE/U_CMD6_WR/shift_reg_in_reg[15]/C
  -------------------------------------------------------------------    -------------------
    SLICE_X65Y159        FDCE (Prop_fdce_C_Q)         0.141     2.121 r  dbg_hub/inst/BSCANID.u_xsdbm_id/CORE_XSDB.UUT_MASTER/U_ICON_INTERFACE/U_CMD6_WR/shift_reg_in_reg[15]/Q
                         net (fo=2, routed)           0.119     2.240    dbg_hub/inst/BSCANID.u_xsdbm_id/CORE_XSDB.UUT_MASTER/U_ICON_INTERFACE/U_CMD6_WR/U_WR_FIFO/SUBCORE_FIFO.xsdbm_v3_0_0_wrfifo_inst/inst_fifo_gen/gconvfifo.rf/grf.rf/gntv_or_sync_fifo.mem/gdm.dm_gen.dm/RAM_reg_0_15_12_15/DIB0
    SLICE_X64Y159        RAMD32                                       r  dbg_hub/inst/BSCANID.u_xsdbm_id/CORE_XSDB.UUT_MASTER/U_ICON_INTERFACE/U_CMD6_WR/U_WR_FIFO/SUBCORE_FIFO.xsdbm_v3_0_0_wrfifo_inst/inst_fifo_gen/gconvfifo.rf/grf.rf/gntv_or_sync_fifo.mem/gdm.dm_gen.dm/RAM_reg_0_15_12_15/RAMB/I
  -------------------------------------------------------------------    -------------------

                         (clock dbg_hub/inst/BSCANID.u_xsdbm_id/SWITCH_N_EXT_BSCAN.bscan_inst/SERIES7_BSCAN.bscan_inst/TCK rise edge)
                                                      0.000     0.000 r  
    BSCAN_X0Y0           BSCANE2                      0.000     0.000 r  dbg_hub/inst/BSCANID.u_xsdbm_id/SWITCH_N_EXT_BSCAN.bscan_inst/SERIES7_BSCAN.bscan_inst/TCK
                         net (fo=1, routed)           1.561     1.561    dbg_hub/inst/BSCANID.u_xsdbm_id/tck_bs
    BUFGCTRL_X0Y3        BUFG (Prop_bufg_I_O)         0.029     1.590 r  dbg_hub/inst/BSCANID.u_xsdbm_id/SWITCH_N_EXT_BSCAN.u_bufg_icon_tck/O
                         net (fo=482, routed)         0.847     2.437    dbg_hub/inst/BSCANID.u_xsdbm_id/CORE_XSDB.UUT_MASTER/U_ICON_INTERFACE/U_CMD6_WR/U_WR_FIFO/SUBCORE_FIFO.xsdbm_v3_0_0_wrfifo_inst/inst_fifo_gen/gconvfifo.rf/grf.rf/gntv_or_sync_fifo.mem/gdm.dm_gen.dm/RAM_reg_0_15_12_15/WCLK
    SLICE_X64Y159        RAMD32                                       r  dbg_hub/inst/BSCANID.u_xsdbm_id/CORE_XSDB.UUT_MASTER/U_ICON_INTERFACE/U_CMD6_WR/U_WR_FIFO/SUBCORE_FIFO.xsdbm_v3_0_0_wrfifo_inst/inst_fifo_gen/gconvfifo.rf/grf.rf/gntv_or_sync_fifo.mem/gdm.dm_gen.dm/RAM_reg_0_15_12_15/RAMB/CLK
                         clock pessimism             -0.444     1.993    
    SLICE_X64Y159        RAMD32 (Hold_ramd32_CLK_I)
                                                      0.146     2.139    dbg_hub/inst/BSCANID.u_xsdbm_id/CORE_XSDB.UUT_MASTER/U_ICON_INTERFACE/U_CMD6_WR/U_WR_FIFO/SUBCORE_FIFO.xsdbm_v3_0_0_wrfifo_inst/inst_fifo_gen/gconvfifo.rf/grf.rf/gntv_or_sync_fifo.mem/gdm.dm_gen.dm/RAM_reg_0_15_12_15/RAMB
  -------------------------------------------------------------------
                         required time                         -2.139    
                         arrival time                           2.240    
  -------------------------------------------------------------------
                         slack                                  0.101    

Slack (MET) :             0.101ns  (arrival time - required time)
  Source:                 dbg_hub/inst/BSCANID.u_xsdbm_id/CORE_XSDB.UUT_MASTER/U_ICON_INTERFACE/U_CMD6_WR/shift_reg_in_reg[7]/C
                            (rising edge-triggered cell FDCE clocked by dbg_hub/inst/BSCANID.u_xsdbm_id/SWITCH_N_EXT_BSCAN.bscan_inst/SERIES7_BSCAN.bscan_inst/TCK  {rise@0.000ns fall@16.500ns period=33.000ns})
  Destination:            dbg_hub/inst/BSCANID.u_xsdbm_id/CORE_XSDB.UUT_MASTER/U_ICON_INTERFACE/U_CMD6_WR/U_WR_FIFO/SUBCORE_FIFO.xsdbm_v3_0_0_wrfifo_inst/inst_fifo_gen/gconvfifo.rf/grf.rf/gntv_or_sync_fifo.mem/gdm.dm_gen.dm/RAM_reg_0_15_6_11/RAMA/I
                            (rising edge-triggered cell RAMD32 clocked by dbg_hub/inst/BSCANID.u_xsdbm_id/SWITCH_N_EXT_BSCAN.bscan_inst/SERIES7_BSCAN.bscan_inst/TCK  {rise@0.000ns fall@16.500ns period=33.000ns})
  Path Group:             dbg_hub/inst/BSCANID.u_xsdbm_id/SWITCH_N_EXT_BSCAN.bscan_inst/SERIES7_BSCAN.bscan_inst/TCK
  Path Type:              Hold (Min at Fast Process Corner)
  Requirement:            0.000ns  (dbg_hub/inst/BSCANID.u_xsdbm_id/SWITCH_N_EXT_BSCAN.bscan_inst/SERIES7_BSCAN.bscan_inst/TCK rise@0.000ns - dbg_hub/inst/BSCANID.u_xsdbm_id/SWITCH_N_EXT_BSCAN.bscan_inst/SERIES7_BSCAN.bscan_inst/TCK rise@0.000ns)
  Data Path Delay:        0.261ns  (logic 0.141ns (53.950%)  route 0.120ns (46.050%))
  Logic Levels:           0  
  Clock Path Skew:        0.013ns (DCD - SCD - CPR)
    Destination Clock Delay (DCD):    2.436ns
    Source Clock Delay      (SCD):    1.979ns
    Clock Pessimism Removal (CPR):    0.444ns

    Location             Delay type                Incr(ns)  Path(ns)    Netlist Resource(s)
  -------------------------------------------------------------------    -------------------
                         (clock dbg_hub/inst/BSCANID.u_xsdbm_id/SWITCH_N_EXT_BSCAN.bscan_inst/SERIES7_BSCAN.bscan_inst/TCK rise edge)
                                                      0.000     0.000 r  
    BSCAN_X0Y0           BSCANE2                      0.000     0.000 r  dbg_hub/inst/BSCANID.u_xsdbm_id/SWITCH_N_EXT_BSCAN.bscan_inst/SERIES7_BSCAN.bscan_inst/TCK
                         net (fo=1, routed)           1.378     1.378    dbg_hub/inst/BSCANID.u_xsdbm_id/tck_bs
    BUFGCTRL_X0Y3        BUFG (Prop_bufg_I_O)         0.026     1.404 r  dbg_hub/inst/BSCANID.u_xsdbm_id/SWITCH_N_EXT_BSCAN.u_bufg_icon_tck/O
                         net (fo=482, routed)         0.576     1.979    dbg_hub/inst/BSCANID.u_xsdbm_id/CORE_XSDB.UUT_MASTER/U_ICON_INTERFACE/U_CMD6_WR/m_bscan_tck[0]
    SLICE_X65Y160        FDCE                                         r  dbg_hub/inst/BSCANID.u_xsdbm_id/CORE_XSDB.UUT_MASTER/U_ICON_INTERFACE/U_CMD6_WR/shift_reg_in_reg[7]/C
  -------------------------------------------------------------------    -------------------
    SLICE_X65Y160        FDCE (Prop_fdce_C_Q)         0.141     2.120 r  dbg_hub/inst/BSCANID.u_xsdbm_id/CORE_XSDB.UUT_MASTER/U_ICON_INTERFACE/U_CMD6_WR/shift_reg_in_reg[7]/Q
                         net (fo=2, routed)           0.120     2.241    dbg_hub/inst/BSCANID.u_xsdbm_id/CORE_XSDB.UUT_MASTER/U_ICON_INTERFACE/U_CMD6_WR/U_WR_FIFO/SUBCORE_FIFO.xsdbm_v3_0_0_wrfifo_inst/inst_fifo_gen/gconvfifo.rf/grf.rf/gntv_or_sync_fifo.mem/gdm.dm_gen.dm/RAM_reg_0_15_6_11/DIA0
    SLICE_X64Y160        RAMD32                                       r  dbg_hub/inst/BSCANID.u_xsdbm_id/CORE_XSDB.UUT_MASTER/U_ICON_INTERFACE/U_CMD6_WR/U_WR_FIFO/SUBCORE_FIFO.xsdbm_v3_0_0_wrfifo_inst/inst_fifo_gen/gconvfifo.rf/grf.rf/gntv_or_sync_fifo.mem/gdm.dm_gen.dm/RAM_reg_0_15_6_11/RAMA/I
  -------------------------------------------------------------------    -------------------

                         (clock dbg_hub/inst/BSCANID.u_xsdbm_id/SWITCH_N_EXT_BSCAN.bscan_inst/SERIES7_BSCAN.bscan_inst/TCK rise edge)
                                                      0.000     0.000 r  
    BSCAN_X0Y0           BSCANE2                      0.000     0.000 r  dbg_hub/inst/BSCANID.u_xsdbm_id/SWITCH_N_EXT_BSCAN.bscan_inst/SERIES7_BSCAN.bscan_inst/TCK
                         net (fo=1, routed)           1.561     1.561    dbg_hub/inst/BSCANID.u_xsdbm_id/tck_bs
    BUFGCTRL_X0Y3        BUFG (Prop_bufg_I_O)         0.029     1.590 r  dbg_hub/inst/BSCANID.u_xsdbm_id/SWITCH_N_EXT_BSCAN.u_bufg_icon_tck/O
                         net (fo=482, routed)         0.846     2.436    dbg_hub/inst/BSCANID.u_xsdbm_id/CORE_XSDB.UUT_MASTER/U_ICON_INTERFACE/U_CMD6_WR/U_WR_FIFO/SUBCORE_FIFO.xsdbm_v3_0_0_wrfifo_inst/inst_fifo_gen/gconvfifo.rf/grf.rf/gntv_or_sync_fifo.mem/gdm.dm_gen.dm/RAM_reg_0_15_6_11/WCLK
    SLICE_X64Y160        RAMD32                                       r  dbg_hub/inst/BSCANID.u_xsdbm_id/CORE_XSDB.UUT_MASTER/U_ICON_INTERFACE/U_CMD6_WR/U_WR_FIFO/SUBCORE_FIFO.xsdbm_v3_0_0_wrfifo_inst/inst_fifo_gen/gconvfifo.rf/grf.rf/gntv_or_sync_fifo.mem/gdm.dm_gen.dm/RAM_reg_0_15_6_11/RAMA/CLK
                         clock pessimism             -0.444     1.992    
    SLICE_X64Y160        RAMD32 (Hold_ramd32_CLK_I)
                                                      0.147     2.139    dbg_hub/inst/BSCANID.u_xsdbm_id/CORE_XSDB.UUT_MASTER/U_ICON_INTERFACE/U_CMD6_WR/U_WR_FIFO/SUBCORE_FIFO.xsdbm_v3_0_0_wrfifo_inst/inst_fifo_gen/gconvfifo.rf/grf.rf/gntv_or_sync_fifo.mem/gdm.dm_gen.dm/RAM_reg_0_15_6_11/RAMA
  -------------------------------------------------------------------
                         required time                         -2.139    
                         arrival time                           2.241    
  -------------------------------------------------------------------
                         slack                                  0.101    

Slack (MET) :             0.103ns  (arrival time - required time)
  Source:                 dbg_hub/inst/BSCANID.u_xsdbm_id/CORE_XSDB.UUT_MASTER/U_ICON_INTERFACE/U_CMD6_RD/U_RD_FIFO/SUBCORE_FIFO.xsdbm_v3_0_0_rdfifo_inst/inst_fifo_gen/gconvfifo.rf/grf.rf/gntv_or_sync_fifo.mem/goreg_dm.dout_i_reg[1]/C
                            (rising edge-triggered cell FDRE clocked by dbg_hub/inst/BSCANID.u_xsdbm_id/SWITCH_N_EXT_BSCAN.bscan_inst/SERIES7_BSCAN.bscan_inst/TCK  {rise@0.000ns fall@16.500ns period=33.000ns})
  Destination:            dbg_hub/inst/BSCANID.u_xsdbm_id/CORE_XSDB.UUT_MASTER/U_ICON_INTERFACE/U_CMD6_RD/shift_reg_in_reg[0]/D
                            (rising edge-triggered cell FDCE clocked by dbg_hub/inst/BSCANID.u_xsdbm_id/SWITCH_N_EXT_BSCAN.bscan_inst/SERIES7_BSCAN.bscan_inst/TCK  {rise@0.000ns fall@16.500ns period=33.000ns})
  Path Group:             dbg_hub/inst/BSCANID.u_xsdbm_id/SWITCH_N_EXT_BSCAN.bscan_inst/SERIES7_BSCAN.bscan_inst/TCK
  Path Type:              Hold (Min at Fast Process Corner)
  Requirement:            0.000ns  (dbg_hub/inst/BSCANID.u_xsdbm_id/SWITCH_N_EXT_BSCAN.bscan_inst/SERIES7_BSCAN.bscan_inst/TCK rise@0.000ns - dbg_hub/inst/BSCANID.u_xsdbm_id/SWITCH_N_EXT_BSCAN.bscan_inst/SERIES7_BSCAN.bscan_inst/TCK rise@0.000ns)
  Data Path Delay:        0.237ns  (logic 0.186ns (78.333%)  route 0.051ns (21.667%))
  Logic Levels:           1  (LUT5=1)
  Clock Path Skew:        0.013ns (DCD - SCD - CPR)
    Destination Clock Delay (DCD):    2.440ns
    Source Clock Delay      (SCD):    1.983ns
    Clock Pessimism Removal (CPR):    0.444ns

    Location             Delay type                Incr(ns)  Path(ns)    Netlist Resource(s)
  -------------------------------------------------------------------    -------------------
                         (clock dbg_hub/inst/BSCANID.u_xsdbm_id/SWITCH_N_EXT_BSCAN.bscan_inst/SERIES7_BSCAN.bscan_inst/TCK rise edge)
                                                      0.000     0.000 r  
    BSCAN_X0Y0           BSCANE2                      0.000     0.000 r  dbg_hub/inst/BSCANID.u_xsdbm_id/SWITCH_N_EXT_BSCAN.bscan_inst/SERIES7_BSCAN.bscan_inst/TCK
                         net (fo=1, routed)           1.378     1.378    dbg_hub/inst/BSCANID.u_xsdbm_id/tck_bs
    BUFGCTRL_X0Y3        BUFG (Prop_bufg_I_O)         0.026     1.404 r  dbg_hub/inst/BSCANID.u_xsdbm_id/SWITCH_N_EXT_BSCAN.u_bufg_icon_tck/O
                         net (fo=482, routed)         0.580     1.983    dbg_hub/inst/BSCANID.u_xsdbm_id/CORE_XSDB.UUT_MASTER/U_ICON_INTERFACE/U_CMD6_RD/U_RD_FIFO/SUBCORE_FIFO.xsdbm_v3_0_0_rdfifo_inst/inst_fifo_gen/gconvfifo.rf/grf.rf/gntv_or_sync_fifo.mem/rd_clk
    SLICE_X63Y152        FDRE                                         r  dbg_hub/inst/BSCANID.u_xsdbm_id/CORE_XSDB.UUT_MASTER/U_ICON_INTERFACE/U_CMD6_RD/U_RD_FIFO/SUBCORE_FIFO.xsdbm_v3_0_0_rdfifo_inst/inst_fifo_gen/gconvfifo.rf/grf.rf/gntv_or_sync_fifo.mem/goreg_dm.dout_i_reg[1]/C
  -------------------------------------------------------------------    -------------------
    SLICE_X63Y152        FDRE (Prop_fdre_C_Q)         0.141     2.124 r  dbg_hub/inst/BSCANID.u_xsdbm_id/CORE_XSDB.UUT_MASTER/U_ICON_INTERFACE/U_CMD6_RD/U_RD_FIFO/SUBCORE_FIFO.xsdbm_v3_0_0_rdfifo_inst/inst_fifo_gen/gconvfifo.rf/grf.rf/gntv_or_sync_fifo.mem/goreg_dm.dout_i_reg[1]/Q
                         net (fo=1, routed)           0.051     2.176    dbg_hub/inst/BSCANID.u_xsdbm_id/CORE_XSDB.UUT_MASTER/U_ICON_INTERFACE/U_CMD6_RD/U_RD_FIFO/fifo_dout[1]
    SLICE_X62Y152        LUT5 (Prop_lut5_I3_O)        0.045     2.221 r  dbg_hub/inst/BSCANID.u_xsdbm_id/CORE_XSDB.UUT_MASTER/U_ICON_INTERFACE/U_CMD6_RD/U_RD_FIFO/shift_reg_in[0]_i_1__2/O
                         net (fo=1, routed)           0.000     2.221    dbg_hub/inst/BSCANID.u_xsdbm_id/CORE_XSDB.UUT_MASTER/U_ICON_INTERFACE/U_CMD6_RD/U_RD_FIFO_n_15
    SLICE_X62Y152        FDCE                                         r  dbg_hub/inst/BSCANID.u_xsdbm_id/CORE_XSDB.UUT_MASTER/U_ICON_INTERFACE/U_CMD6_RD/shift_reg_in_reg[0]/D
  -------------------------------------------------------------------    -------------------

                         (clock dbg_hub/inst/BSCANID.u_xsdbm_id/SWITCH_N_EXT_BSCAN.bscan_inst/SERIES7_BSCAN.bscan_inst/TCK rise edge)
                                                      0.000     0.000 r  
    BSCAN_X0Y0           BSCANE2                      0.000     0.000 r  dbg_hub/inst/BSCANID.u_xsdbm_id/SWITCH_N_EXT_BSCAN.bscan_inst/SERIES7_BSCAN.bscan_inst/TCK
                         net (fo=1, routed)           1.561     1.561    dbg_hub/inst/BSCANID.u_xsdbm_id/tck_bs
    BUFGCTRL_X0Y3        BUFG (Prop_bufg_I_O)         0.029     1.590 r  dbg_hub/inst/BSCANID.u_xsdbm_id/SWITCH_N_EXT_BSCAN.u_bufg_icon_tck/O
                         net (fo=482, routed)         0.850     2.440    dbg_hub/inst/BSCANID.u_xsdbm_id/CORE_XSDB.UUT_MASTER/U_ICON_INTERFACE/U_CMD6_RD/m_bscan_tck[0]
    SLICE_X62Y152        FDCE                                         r  dbg_hub/inst/BSCANID.u_xsdbm_id/CORE_XSDB.UUT_MASTER/U_ICON_INTERFACE/U_CMD6_RD/shift_reg_in_reg[0]/C
                         clock pessimism             -0.444     1.996    
    SLICE_X62Y152        FDCE (Hold_fdce_C_D)         0.121     2.117    dbg_hub/inst/BSCANID.u_xsdbm_id/CORE_XSDB.UUT_MASTER/U_ICON_INTERFACE/U_CMD6_RD/shift_reg_in_reg[0]
  -------------------------------------------------------------------
                         required time                         -2.117    
                         arrival time                           2.221    
  -------------------------------------------------------------------
                         slack                                  0.103    

Slack (MET) :             0.104ns  (arrival time - required time)
  Source:                 dbg_hub/inst/BSCANID.u_xsdbm_id/CORE_XSDB.UUT_MASTER/U_ICON_INTERFACE/U_CMD6_WR/shift_reg_in_reg[3]/C
                            (rising edge-triggered cell FDCE clocked by dbg_hub/inst/BSCANID.u_xsdbm_id/SWITCH_N_EXT_BSCAN.bscan_inst/SERIES7_BSCAN.bscan_inst/TCK  {rise@0.000ns fall@16.500ns period=33.000ns})
  Destination:            dbg_hub/inst/BSCANID.u_xsdbm_id/CORE_XSDB.UUT_MASTER/U_ICON_INTERFACE/U_CMD6_WR/U_WR_FIFO/SUBCORE_FIFO.xsdbm_v3_0_0_wrfifo_inst/inst_fifo_gen/gconvfifo.rf/grf.rf/gntv_or_sync_fifo.mem/gdm.dm_gen.dm/RAM_reg_0_15_0_5/RAMB/I
                            (rising edge-triggered cell RAMD32 clocked by dbg_hub/inst/BSCANID.u_xsdbm_id/SWITCH_N_EXT_BSCAN.bscan_inst/SERIES7_BSCAN.bscan_inst/TCK  {rise@0.000ns fall@16.500ns period=33.000ns})
  Path Group:             dbg_hub/inst/BSCANID.u_xsdbm_id/SWITCH_N_EXT_BSCAN.bscan_inst/SERIES7_BSCAN.bscan_inst/TCK
  Path Type:              Hold (Min at Fast Process Corner)
  Requirement:            0.000ns  (dbg_hub/inst/BSCANID.u_xsdbm_id/SWITCH_N_EXT_BSCAN.bscan_inst/SERIES7_BSCAN.bscan_inst/TCK rise@0.000ns - dbg_hub/inst/BSCANID.u_xsdbm_id/SWITCH_N_EXT_BSCAN.bscan_inst/SERIES7_BSCAN.bscan_inst/TCK rise@0.000ns)
  Data Path Delay:        0.263ns  (logic 0.141ns (53.591%)  route 0.122ns (46.409%))
  Logic Levels:           0  
  Clock Path Skew:        0.013ns (DCD - SCD - CPR)
    Destination Clock Delay (DCD):    2.437ns
    Source Clock Delay      (SCD):    1.980ns
    Clock Pessimism Removal (CPR):    0.444ns

    Location             Delay type                Incr(ns)  Path(ns)    Netlist Resource(s)
  -------------------------------------------------------------------    -------------------
                         (clock dbg_hub/inst/BSCANID.u_xsdbm_id/SWITCH_N_EXT_BSCAN.bscan_inst/SERIES7_BSCAN.bscan_inst/TCK rise edge)
                                                      0.000     0.000 r  
    BSCAN_X0Y0           BSCANE2                      0.000     0.000 r  dbg_hub/inst/BSCANID.u_xsdbm_id/SWITCH_N_EXT_BSCAN.bscan_inst/SERIES7_BSCAN.bscan_inst/TCK
                         net (fo=1, routed)           1.378     1.378    dbg_hub/inst/BSCANID.u_xsdbm_id/tck_bs
    BUFGCTRL_X0Y3        BUFG (Prop_bufg_I_O)         0.026     1.404 r  dbg_hub/inst/BSCANID.u_xsdbm_id/SWITCH_N_EXT_BSCAN.u_bufg_icon_tck/O
                         net (fo=482, routed)         0.577     1.980    dbg_hub/inst/BSCANID.u_xsdbm_id/CORE_XSDB.UUT_MASTER/U_ICON_INTERFACE/U_CMD6_WR/m_bscan_tck[0]
    SLICE_X65Y158        FDCE                                         r  dbg_hub/inst/BSCANID.u_xsdbm_id/CORE_XSDB.UUT_MASTER/U_ICON_INTERFACE/U_CMD6_WR/shift_reg_in_reg[3]/C
  -------------------------------------------------------------------    -------------------
    SLICE_X65Y158        FDCE (Prop_fdce_C_Q)         0.141     2.121 r  dbg_hub/inst/BSCANID.u_xsdbm_id/CORE_XSDB.UUT_MASTER/U_ICON_INTERFACE/U_CMD6_WR/shift_reg_in_reg[3]/Q
                         net (fo=2, routed)           0.122     2.243    dbg_hub/inst/BSCANID.u_xsdbm_id/CORE_XSDB.UUT_MASTER/U_ICON_INTERFACE/U_CMD6_WR/U_WR_FIFO/SUBCORE_FIFO.xsdbm_v3_0_0_wrfifo_inst/inst_fifo_gen/gconvfifo.rf/grf.rf/gntv_or_sync_fifo.mem/gdm.dm_gen.dm/RAM_reg_0_15_0_5/DIB0
    SLICE_X64Y158        RAMD32                                       r  dbg_hub/inst/BSCANID.u_xsdbm_id/CORE_XSDB.UUT_MASTER/U_ICON_INTERFACE/U_CMD6_WR/U_WR_FIFO/SUBCORE_FIFO.xsdbm_v3_0_0_wrfifo_inst/inst_fifo_gen/gconvfifo.rf/grf.rf/gntv_or_sync_fifo.mem/gdm.dm_gen.dm/RAM_reg_0_15_0_5/RAMB/I
  -------------------------------------------------------------------    -------------------

                         (clock dbg_hub/inst/BSCANID.u_xsdbm_id/SWITCH_N_EXT_BSCAN.bscan_inst/SERIES7_BSCAN.bscan_inst/TCK rise edge)
                                                      0.000     0.000 r  
    BSCAN_X0Y0           BSCANE2                      0.000     0.000 r  dbg_hub/inst/BSCANID.u_xsdbm_id/SWITCH_N_EXT_BSCAN.bscan_inst/SERIES7_BSCAN.bscan_inst/TCK
                         net (fo=1, routed)           1.561     1.561    dbg_hub/inst/BSCANID.u_xsdbm_id/tck_bs
    BUFGCTRL_X0Y3        BUFG (Prop_bufg_I_O)         0.029     1.590 r  dbg_hub/inst/BSCANID.u_xsdbm_id/SWITCH_N_EXT_BSCAN.u_bufg_icon_tck/O
                         net (fo=482, routed)         0.847     2.437    dbg_hub/inst/BSCANID.u_xsdbm_id/CORE_XSDB.UUT_MASTER/U_ICON_INTERFACE/U_CMD6_WR/U_WR_FIFO/SUBCORE_FIFO.xsdbm_v3_0_0_wrfifo_inst/inst_fifo_gen/gconvfifo.rf/grf.rf/gntv_or_sync_fifo.mem/gdm.dm_gen.dm/RAM_reg_0_15_0_5/WCLK
    SLICE_X64Y158        RAMD32                                       r  dbg_hub/inst/BSCANID.u_xsdbm_id/CORE_XSDB.UUT_MASTER/U_ICON_INTERFACE/U_CMD6_WR/U_WR_FIFO/SUBCORE_FIFO.xsdbm_v3_0_0_wrfifo_inst/inst_fifo_gen/gconvfifo.rf/grf.rf/gntv_or_sync_fifo.mem/gdm.dm_gen.dm/RAM_reg_0_15_0_5/RAMB/CLK
                         clock pessimism             -0.444     1.993    
    SLICE_X64Y158        RAMD32 (Hold_ramd32_CLK_I)
                                                      0.146     2.139    dbg_hub/inst/BSCANID.u_xsdbm_id/CORE_XSDB.UUT_MASTER/U_ICON_INTERFACE/U_CMD6_WR/U_WR_FIFO/SUBCORE_FIFO.xsdbm_v3_0_0_wrfifo_inst/inst_fifo_gen/gconvfifo.rf/grf.rf/gntv_or_sync_fifo.mem/gdm.dm_gen.dm/RAM_reg_0_15_0_5/RAMB
  -------------------------------------------------------------------
                         required time                         -2.139    
                         arrival time                           2.243    
  -------------------------------------------------------------------
                         slack                                  0.104    

Slack (MET) :             0.118ns  (arrival time - required time)
  Source:                 dbg_hub/inst/BSCANID.u_xsdbm_id/CORE_XSDB.UUT_MASTER/U_ICON_INTERFACE/U_CMD6_WR/shift_reg_in_reg[8]/C
                            (rising edge-triggered cell FDCE clocked by dbg_hub/inst/BSCANID.u_xsdbm_id/SWITCH_N_EXT_BSCAN.bscan_inst/SERIES7_BSCAN.bscan_inst/TCK  {rise@0.000ns fall@16.500ns period=33.000ns})
  Destination:            dbg_hub/inst/BSCANID.u_xsdbm_id/CORE_XSDB.UUT_MASTER/U_ICON_INTERFACE/U_CMD6_WR/U_WR_FIFO/SUBCORE_FIFO.xsdbm_v3_0_0_wrfifo_inst/inst_fifo_gen/gconvfifo.rf/grf.rf/gntv_or_sync_fifo.mem/gdm.dm_gen.dm/RAM_reg_0_15_6_11/RAMA_D1/I
                            (rising edge-triggered cell RAMD32 clocked by dbg_hub/inst/BSCANID.u_xsdbm_id/SWITCH_N_EXT_BSCAN.bscan_inst/SERIES7_BSCAN.bscan_inst/TCK  {rise@0.000ns fall@16.500ns period=33.000ns})
  Path Group:             dbg_hub/inst/BSCANID.u_xsdbm_id/SWITCH_N_EXT_BSCAN.bscan_inst/SERIES7_BSCAN.bscan_inst/TCK
  Path Type:              Hold (Min at Fast Process Corner)
  Requirement:            0.000ns  (dbg_hub/inst/BSCANID.u_xsdbm_id/SWITCH_N_EXT_BSCAN.bscan_inst/SERIES7_BSCAN.bscan_inst/TCK rise@0.000ns - dbg_hub/inst/BSCANID.u_xsdbm_id/SWITCH_N_EXT_BSCAN.bscan_inst/SERIES7_BSCAN.bscan_inst/TCK rise@0.000ns)
  Data Path Delay:        0.251ns  (logic 0.141ns (56.078%)  route 0.110ns (43.922%))
  Logic Levels:           0  
  Clock Path Skew:        0.013ns (DCD - SCD - CPR)
    Destination Clock Delay (DCD):    2.436ns
    Source Clock Delay      (SCD):    1.979ns
    Clock Pessimism Removal (CPR):    0.444ns

    Location             Delay type                Incr(ns)  Path(ns)    Netlist Resource(s)
  -------------------------------------------------------------------    -------------------
                         (clock dbg_hub/inst/BSCANID.u_xsdbm_id/SWITCH_N_EXT_BSCAN.bscan_inst/SERIES7_BSCAN.bscan_inst/TCK rise edge)
                                                      0.000     0.000 r  
    BSCAN_X0Y0           BSCANE2                      0.000     0.000 r  dbg_hub/inst/BSCANID.u_xsdbm_id/SWITCH_N_EXT_BSCAN.bscan_inst/SERIES7_BSCAN.bscan_inst/TCK
                         net (fo=1, routed)           1.378     1.378    dbg_hub/inst/BSCANID.u_xsdbm_id/tck_bs
    BUFGCTRL_X0Y3        BUFG (Prop_bufg_I_O)         0.026     1.404 r  dbg_hub/inst/BSCANID.u_xsdbm_id/SWITCH_N_EXT_BSCAN.u_bufg_icon_tck/O
                         net (fo=482, routed)         0.576     1.979    dbg_hub/inst/BSCANID.u_xsdbm_id/CORE_XSDB.UUT_MASTER/U_ICON_INTERFACE/U_CMD6_WR/m_bscan_tck[0]
    SLICE_X65Y160        FDCE                                         r  dbg_hub/inst/BSCANID.u_xsdbm_id/CORE_XSDB.UUT_MASTER/U_ICON_INTERFACE/U_CMD6_WR/shift_reg_in_reg[8]/C
  -------------------------------------------------------------------    -------------------
    SLICE_X65Y160        FDCE (Prop_fdce_C_Q)         0.141     2.120 r  dbg_hub/inst/BSCANID.u_xsdbm_id/CORE_XSDB.UUT_MASTER/U_ICON_INTERFACE/U_CMD6_WR/shift_reg_in_reg[8]/Q
                         net (fo=2, routed)           0.110     2.231    dbg_hub/inst/BSCANID.u_xsdbm_id/CORE_XSDB.UUT_MASTER/U_ICON_INTERFACE/U_CMD6_WR/U_WR_FIFO/SUBCORE_FIFO.xsdbm_v3_0_0_wrfifo_inst/inst_fifo_gen/gconvfifo.rf/grf.rf/gntv_or_sync_fifo.mem/gdm.dm_gen.dm/RAM_reg_0_15_6_11/DIA1
    SLICE_X64Y160        RAMD32                                       r  dbg_hub/inst/BSCANID.u_xsdbm_id/CORE_XSDB.UUT_MASTER/U_ICON_INTERFACE/U_CMD6_WR/U_WR_FIFO/SUBCORE_FIFO.xsdbm_v3_0_0_wrfifo_inst/inst_fifo_gen/gconvfifo.rf/grf.rf/gntv_or_sync_fifo.mem/gdm.dm_gen.dm/RAM_reg_0_15_6_11/RAMA_D1/I
  -------------------------------------------------------------------    -------------------

                         (clock dbg_hub/inst/BSCANID.u_xsdbm_id/SWITCH_N_EXT_BSCAN.bscan_inst/SERIES7_BSCAN.bscan_inst/TCK rise edge)
                                                      0.000     0.000 r  
    BSCAN_X0Y0           BSCANE2                      0.000     0.000 r  dbg_hub/inst/BSCANID.u_xsdbm_id/SWITCH_N_EXT_BSCAN.bscan_inst/SERIES7_BSCAN.bscan_inst/TCK
                         net (fo=1, routed)           1.561     1.561    dbg_hub/inst/BSCANID.u_xsdbm_id/tck_bs
    BUFGCTRL_X0Y3        BUFG (Prop_bufg_I_O)         0.029     1.590 r  dbg_hub/inst/BSCANID.u_xsdbm_id/SWITCH_N_EXT_BSCAN.u_bufg_icon_tck/O
                         net (fo=482, routed)         0.846     2.436    dbg_hub/inst/BSCANID.u_xsdbm_id/CORE_XSDB.UUT_MASTER/U_ICON_INTERFACE/U_CMD6_WR/U_WR_FIFO/SUBCORE_FIFO.xsdbm_v3_0_0_wrfifo_inst/inst_fifo_gen/gconvfifo.rf/grf.rf/gntv_or_sync_fifo.mem/gdm.dm_gen.dm/RAM_reg_0_15_6_11/WCLK
    SLICE_X64Y160        RAMD32                                       r  dbg_hub/inst/BSCANID.u_xsdbm_id/CORE_XSDB.UUT_MASTER/U_ICON_INTERFACE/U_CMD6_WR/U_WR_FIFO/SUBCORE_FIFO.xsdbm_v3_0_0_wrfifo_inst/inst_fifo_gen/gconvfifo.rf/grf.rf/gntv_or_sync_fifo.mem/gdm.dm_gen.dm/RAM_reg_0_15_6_11/RAMA_D1/CLK
                         clock pessimism             -0.444     1.992    
    SLICE_X64Y160        RAMD32 (Hold_ramd32_CLK_I)
                                                      0.120     2.112    dbg_hub/inst/BSCANID.u_xsdbm_id/CORE_XSDB.UUT_MASTER/U_ICON_INTERFACE/U_CMD6_WR/U_WR_FIFO/SUBCORE_FIFO.xsdbm_v3_0_0_wrfifo_inst/inst_fifo_gen/gconvfifo.rf/grf.rf/gntv_or_sync_fifo.mem/gdm.dm_gen.dm/RAM_reg_0_15_6_11/RAMA_D1
  -------------------------------------------------------------------
                         required time                         -2.112    
                         arrival time                           2.231    
  -------------------------------------------------------------------
                         slack                                  0.118    

Slack (MET) :             0.121ns  (arrival time - required time)
  Source:                 dbg_hub/inst/BSCANID.u_xsdbm_id/CORE_XSDB.UUT_MASTER/U_ICON_INTERFACE/U_CMD6_WR/U_WR_FIFO/SUBCORE_FIFO.xsdbm_v3_0_0_wrfifo_inst/inst_fifo_gen/gconvfifo.rf/grf.rf/gntv_or_sync_fifo.gcx.clkx/gnxpm_cdc.gsync_stage[1].wr_stg_inst/Q_reg_reg[0]/C
                            (rising edge-triggered cell FDCE clocked by dbg_hub/inst/BSCANID.u_xsdbm_id/SWITCH_N_EXT_BSCAN.bscan_inst/SERIES7_BSCAN.bscan_inst/TCK  {rise@0.000ns fall@16.500ns period=33.000ns})
  Destination:            dbg_hub/inst/BSCANID.u_xsdbm_id/CORE_XSDB.UUT_MASTER/U_ICON_INTERFACE/U_CMD6_WR/U_WR_FIFO/SUBCORE_FIFO.xsdbm_v3_0_0_wrfifo_inst/inst_fifo_gen/gconvfifo.rf/grf.rf/gntv_or_sync_fifo.gcx.clkx/gnxpm_cdc.gsync_stage[2].wr_stg_inst/Q_reg_reg[0]/D
                            (rising edge-triggered cell FDCE clocked by dbg_hub/inst/BSCANID.u_xsdbm_id/SWITCH_N_EXT_BSCAN.bscan_inst/SERIES7_BSCAN.bscan_inst/TCK  {rise@0.000ns fall@16.500ns period=33.000ns})
  Path Group:             dbg_hub/inst/BSCANID.u_xsdbm_id/SWITCH_N_EXT_BSCAN.bscan_inst/SERIES7_BSCAN.bscan_inst/TCK
  Path Type:              Hold (Min at Fast Process Corner)
  Requirement:            0.000ns  (dbg_hub/inst/BSCANID.u_xsdbm_id/SWITCH_N_EXT_BSCAN.bscan_inst/SERIES7_BSCAN.bscan_inst/TCK rise@0.000ns - dbg_hub/inst/BSCANID.u_xsdbm_id/SWITCH_N_EXT_BSCAN.bscan_inst/SERIES7_BSCAN.bscan_inst/TCK rise@0.000ns)
  Data Path Delay:        0.196ns  (logic 0.141ns (71.838%)  route 0.055ns (28.162%))
  Logic Levels:           0  
  Clock Path Skew:        0.000ns (DCD - SCD - CPR)
    Destination Clock Delay (DCD):    2.435ns
    Source Clock Delay      (SCD):    1.978ns
    Clock Pessimism Removal (CPR):    0.457ns

    Location             Delay type                Incr(ns)  Path(ns)    Netlist Resource(s)
  -------------------------------------------------------------------    -------------------
                         (clock dbg_hub/inst/BSCANID.u_xsdbm_id/SWITCH_N_EXT_BSCAN.bscan_inst/SERIES7_BSCAN.bscan_inst/TCK rise edge)
                                                      0.000     0.000 r  
    BSCAN_X0Y0           BSCANE2                      0.000     0.000 r  dbg_hub/inst/BSCANID.u_xsdbm_id/SWITCH_N_EXT_BSCAN.bscan_inst/SERIES7_BSCAN.bscan_inst/TCK
                         net (fo=1, routed)           1.378     1.378    dbg_hub/inst/BSCANID.u_xsdbm_id/tck_bs
    BUFGCTRL_X0Y3        BUFG (Prop_bufg_I_O)         0.026     1.404 r  dbg_hub/inst/BSCANID.u_xsdbm_id/SWITCH_N_EXT_BSCAN.u_bufg_icon_tck/O
                         net (fo=482, routed)         0.575     1.978    dbg_hub/inst/BSCANID.u_xsdbm_id/CORE_XSDB.UUT_MASTER/U_ICON_INTERFACE/U_CMD6_WR/U_WR_FIFO/SUBCORE_FIFO.xsdbm_v3_0_0_wrfifo_inst/inst_fifo_gen/gconvfifo.rf/grf.rf/gntv_or_sync_fifo.gcx.clkx/gnxpm_cdc.gsync_stage[1].wr_stg_inst/wr_clk
    SLICE_X69Y159        FDCE                                         r  dbg_hub/inst/BSCANID.u_xsdbm_id/CORE_XSDB.UUT_MASTER/U_ICON_INTERFACE/U_CMD6_WR/U_WR_FIFO/SUBCORE_FIFO.xsdbm_v3_0_0_wrfifo_inst/inst_fifo_gen/gconvfifo.rf/grf.rf/gntv_or_sync_fifo.gcx.clkx/gnxpm_cdc.gsync_stage[1].wr_stg_inst/Q_reg_reg[0]/C
  -------------------------------------------------------------------    -------------------
    SLICE_X69Y159        FDCE (Prop_fdce_C_Q)         0.141     2.119 r  dbg_hub/inst/BSCANID.u_xsdbm_id/CORE_XSDB.UUT_MASTER/U_ICON_INTERFACE/U_CMD6_WR/U_WR_FIFO/SUBCORE_FIFO.xsdbm_v3_0_0_wrfifo_inst/inst_fifo_gen/gconvfifo.rf/grf.rf/gntv_or_sync_fifo.gcx.clkx/gnxpm_cdc.gsync_stage[1].wr_stg_inst/Q_reg_reg[0]/Q
                         net (fo=1, routed)           0.055     2.174    dbg_hub/inst/BSCANID.u_xsdbm_id/CORE_XSDB.UUT_MASTER/U_ICON_INTERFACE/U_CMD6_WR/U_WR_FIFO/SUBCORE_FIFO.xsdbm_v3_0_0_wrfifo_inst/inst_fifo_gen/gconvfifo.rf/grf.rf/gntv_or_sync_fifo.gcx.clkx/gnxpm_cdc.gsync_stage[2].wr_stg_inst/Q_reg_reg[3]_0[0]
    SLICE_X69Y159        FDCE                                         r  dbg_hub/inst/BSCANID.u_xsdbm_id/CORE_XSDB.UUT_MASTER/U_ICON_INTERFACE/U_CMD6_WR/U_WR_FIFO/SUBCORE_FIFO.xsdbm_v3_0_0_wrfifo_inst/inst_fifo_gen/gconvfifo.rf/grf.rf/gntv_or_sync_fifo.gcx.clkx/gnxpm_cdc.gsync_stage[2].wr_stg_inst/Q_reg_reg[0]/D
  -------------------------------------------------------------------    -------------------

                         (clock dbg_hub/inst/BSCANID.u_xsdbm_id/SWITCH_N_EXT_BSCAN.bscan_inst/SERIES7_BSCAN.bscan_inst/TCK rise edge)
                                                      0.000     0.000 r  
    BSCAN_X0Y0           BSCANE2                      0.000     0.000 r  dbg_hub/inst/BSCANID.u_xsdbm_id/SWITCH_N_EXT_BSCAN.bscan_inst/SERIES7_BSCAN.bscan_inst/TCK
                         net (fo=1, routed)           1.561     1.561    dbg_hub/inst/BSCANID.u_xsdbm_id/tck_bs
    BUFGCTRL_X0Y3        BUFG (Prop_bufg_I_O)         0.029     1.590 r  dbg_hub/inst/BSCANID.u_xsdbm_id/SWITCH_N_EXT_BSCAN.u_bufg_icon_tck/O
                         net (fo=482, routed)         0.845     2.435    dbg_hub/inst/BSCANID.u_xsdbm_id/CORE_XSDB.UUT_MASTER/U_ICON_INTERFACE/U_CMD6_WR/U_WR_FIFO/SUBCORE_FIFO.xsdbm_v3_0_0_wrfifo_inst/inst_fifo_gen/gconvfifo.rf/grf.rf/gntv_or_sync_fifo.gcx.clkx/gnxpm_cdc.gsync_stage[2].wr_stg_inst/wr_clk
    SLICE_X69Y159        FDCE                                         r  dbg_hub/inst/BSCANID.u_xsdbm_id/CORE_XSDB.UUT_MASTER/U_ICON_INTERFACE/U_CMD6_WR/U_WR_FIFO/SUBCORE_FIFO.xsdbm_v3_0_0_wrfifo_inst/inst_fifo_gen/gconvfifo.rf/grf.rf/gntv_or_sync_fifo.gcx.clkx/gnxpm_cdc.gsync_stage[2].wr_stg_inst/Q_reg_reg[0]/C
                         clock pessimism             -0.457     1.978    
    SLICE_X69Y159        FDCE (Hold_fdce_C_D)         0.075     2.053    dbg_hub/inst/BSCANID.u_xsdbm_id/CORE_XSDB.UUT_MASTER/U_ICON_INTERFACE/U_CMD6_WR/U_WR_FIFO/SUBCORE_FIFO.xsdbm_v3_0_0_wrfifo_inst/inst_fifo_gen/gconvfifo.rf/grf.rf/gntv_or_sync_fifo.gcx.clkx/gnxpm_cdc.gsync_stage[2].wr_stg_inst/Q_reg_reg[0]
  -------------------------------------------------------------------
                         required time                         -2.053    
                         arrival time                           2.174    
  -------------------------------------------------------------------
                         slack                                  0.121    

Slack (MET) :             0.121ns  (arrival time - required time)
  Source:                 dbg_hub/inst/BSCANID.u_xsdbm_id/CORE_XSDB.UUT_MASTER/U_ICON_INTERFACE/U_CMD6_WR/U_WR_FIFO/SUBCORE_FIFO.xsdbm_v3_0_0_wrfifo_inst/inst_fifo_gen/gconvfifo.rf/grf.rf/gntv_or_sync_fifo.gcx.clkx/gnxpm_cdc.gsync_stage[1].wr_stg_inst/Q_reg_reg[1]/C
                            (rising edge-triggered cell FDCE clocked by dbg_hub/inst/BSCANID.u_xsdbm_id/SWITCH_N_EXT_BSCAN.bscan_inst/SERIES7_BSCAN.bscan_inst/TCK  {rise@0.000ns fall@16.500ns period=33.000ns})
  Destination:            dbg_hub/inst/BSCANID.u_xsdbm_id/CORE_XSDB.UUT_MASTER/U_ICON_INTERFACE/U_CMD6_WR/U_WR_FIFO/SUBCORE_FIFO.xsdbm_v3_0_0_wrfifo_inst/inst_fifo_gen/gconvfifo.rf/grf.rf/gntv_or_sync_fifo.gcx.clkx/gnxpm_cdc.gsync_stage[2].wr_stg_inst/Q_reg_reg[1]/D
                            (rising edge-triggered cell FDCE clocked by dbg_hub/inst/BSCANID.u_xsdbm_id/SWITCH_N_EXT_BSCAN.bscan_inst/SERIES7_BSCAN.bscan_inst/TCK  {rise@0.000ns fall@16.500ns period=33.000ns})
  Path Group:             dbg_hub/inst/BSCANID.u_xsdbm_id/SWITCH_N_EXT_BSCAN.bscan_inst/SERIES7_BSCAN.bscan_inst/TCK
  Path Type:              Hold (Min at Fast Process Corner)
  Requirement:            0.000ns  (dbg_hub/inst/BSCANID.u_xsdbm_id/SWITCH_N_EXT_BSCAN.bscan_inst/SERIES7_BSCAN.bscan_inst/TCK rise@0.000ns - dbg_hub/inst/BSCANID.u_xsdbm_id/SWITCH_N_EXT_BSCAN.bscan_inst/SERIES7_BSCAN.bscan_inst/TCK rise@0.000ns)
  Data Path Delay:        0.196ns  (logic 0.141ns (71.838%)  route 0.055ns (28.162%))
  Logic Levels:           0  
  Clock Path Skew:        0.000ns (DCD - SCD - CPR)
    Destination Clock Delay (DCD):    2.434ns
    Source Clock Delay      (SCD):    1.977ns
    Clock Pessimism Removal (CPR):    0.457ns

    Location             Delay type                Incr(ns)  Path(ns)    Netlist Resource(s)
  -------------------------------------------------------------------    -------------------
                         (clock dbg_hub/inst/BSCANID.u_xsdbm_id/SWITCH_N_EXT_BSCAN.bscan_inst/SERIES7_BSCAN.bscan_inst/TCK rise edge)
                                                      0.000     0.000 r  
    BSCAN_X0Y0           BSCANE2                      0.000     0.000 r  dbg_hub/inst/BSCANID.u_xsdbm_id/SWITCH_N_EXT_BSCAN.bscan_inst/SERIES7_BSCAN.bscan_inst/TCK
                         net (fo=1, routed)           1.378     1.378    dbg_hub/inst/BSCANID.u_xsdbm_id/tck_bs
    BUFGCTRL_X0Y3        BUFG (Prop_bufg_I_O)         0.026     1.404 r  dbg_hub/inst/BSCANID.u_xsdbm_id/SWITCH_N_EXT_BSCAN.u_bufg_icon_tck/O
                         net (fo=482, routed)         0.574     1.977    dbg_hub/inst/BSCANID.u_xsdbm_id/CORE_XSDB.UUT_MASTER/U_ICON_INTERFACE/U_CMD6_WR/U_WR_FIFO/SUBCORE_FIFO.xsdbm_v3_0_0_wrfifo_inst/inst_fifo_gen/gconvfifo.rf/grf.rf/gntv_or_sync_fifo.gcx.clkx/gnxpm_cdc.gsync_stage[1].wr_stg_inst/wr_clk
    SLICE_X69Y160        FDCE                                         r  dbg_hub/inst/BSCANID.u_xsdbm_id/CORE_XSDB.UUT_MASTER/U_ICON_INTERFACE/U_CMD6_WR/U_WR_FIFO/SUBCORE_FIFO.xsdbm_v3_0_0_wrfifo_inst/inst_fifo_gen/gconvfifo.rf/grf.rf/gntv_or_sync_fifo.gcx.clkx/gnxpm_cdc.gsync_stage[1].wr_stg_inst/Q_reg_reg[1]/C
  -------------------------------------------------------------------    -------------------
    SLICE_X69Y160        FDCE (Prop_fdce_C_Q)         0.141     2.118 r  dbg_hub/inst/BSCANID.u_xsdbm_id/CORE_XSDB.UUT_MASTER/U_ICON_INTERFACE/U_CMD6_WR/U_WR_FIFO/SUBCORE_FIFO.xsdbm_v3_0_0_wrfifo_inst/inst_fifo_gen/gconvfifo.rf/grf.rf/gntv_or_sync_fifo.gcx.clkx/gnxpm_cdc.gsync_stage[1].wr_stg_inst/Q_reg_reg[1]/Q
                         net (fo=1, routed)           0.055     2.173    dbg_hub/inst/BSCANID.u_xsdbm_id/CORE_XSDB.UUT_MASTER/U_ICON_INTERFACE/U_CMD6_WR/U_WR_FIFO/SUBCORE_FIFO.xsdbm_v3_0_0_wrfifo_inst/inst_fifo_gen/gconvfifo.rf/grf.rf/gntv_or_sync_fifo.gcx.clkx/gnxpm_cdc.gsync_stage[2].wr_stg_inst/Q_reg_reg[3]_0[1]
    SLICE_X69Y160        FDCE                                         r  dbg_hub/inst/BSCANID.u_xsdbm_id/CORE_XSDB.UUT_MASTER/U_ICON_INTERFACE/U_CMD6_WR/U_WR_FIFO/SUBCORE_FIFO.xsdbm_v3_0_0_wrfifo_inst/inst_fifo_gen/gconvfifo.rf/grf.rf/gntv_or_sync_fifo.gcx.clkx/gnxpm_cdc.gsync_stage[2].wr_stg_inst/Q_reg_reg[1]/D
  -------------------------------------------------------------------    -------------------

                         (clock dbg_hub/inst/BSCANID.u_xsdbm_id/SWITCH_N_EXT_BSCAN.bscan_inst/SERIES7_BSCAN.bscan_inst/TCK rise edge)
                                                      0.000     0.000 r  
    BSCAN_X0Y0           BSCANE2                      0.000     0.000 r  dbg_hub/inst/BSCANID.u_xsdbm_id/SWITCH_N_EXT_BSCAN.bscan_inst/SERIES7_BSCAN.bscan_inst/TCK
                         net (fo=1, routed)           1.561     1.561    dbg_hub/inst/BSCANID.u_xsdbm_id/tck_bs
    BUFGCTRL_X0Y3        BUFG (Prop_bufg_I_O)         0.029     1.590 r  dbg_hub/inst/BSCANID.u_xsdbm_id/SWITCH_N_EXT_BSCAN.u_bufg_icon_tck/O
                         net (fo=482, routed)         0.845     2.434    dbg_hub/inst/BSCANID.u_xsdbm_id/CORE_XSDB.UUT_MASTER/U_ICON_INTERFACE/U_CMD6_WR/U_WR_FIFO/SUBCORE_FIFO.xsdbm_v3_0_0_wrfifo_inst/inst_fifo_gen/gconvfifo.rf/grf.rf/gntv_or_sync_fifo.gcx.clkx/gnxpm_cdc.gsync_stage[2].wr_stg_inst/wr_clk
    SLICE_X69Y160        FDCE                                         r  dbg_hub/inst/BSCANID.u_xsdbm_id/CORE_XSDB.UUT_MASTER/U_ICON_INTERFACE/U_CMD6_WR/U_WR_FIFO/SUBCORE_FIFO.xsdbm_v3_0_0_wrfifo_inst/inst_fifo_gen/gconvfifo.rf/grf.rf/gntv_or_sync_fifo.gcx.clkx/gnxpm_cdc.gsync_stage[2].wr_stg_inst/Q_reg_reg[1]/C
                         clock pessimism             -0.457     1.977    
    SLICE_X69Y160        FDCE (Hold_fdce_C_D)         0.075     2.052    dbg_hub/inst/BSCANID.u_xsdbm_id/CORE_XSDB.UUT_MASTER/U_ICON_INTERFACE/U_CMD6_WR/U_WR_FIFO/SUBCORE_FIFO.xsdbm_v3_0_0_wrfifo_inst/inst_fifo_gen/gconvfifo.rf/grf.rf/gntv_or_sync_fifo.gcx.clkx/gnxpm_cdc.gsync_stage[2].wr_stg_inst/Q_reg_reg[1]
  -------------------------------------------------------------------
                         required time                         -2.052    
                         arrival time                           2.173    
  -------------------------------------------------------------------
                         slack                                  0.121    

Slack (MET) :             0.121ns  (arrival time - required time)
  Source:                 dbg_hub/inst/BSCANID.u_xsdbm_id/CORE_XSDB.UUT_MASTER/U_ICON_INTERFACE/U_CMD6_WR/U_WR_FIFO/SUBCORE_FIFO.xsdbm_v3_0_0_wrfifo_inst/inst_fifo_gen/gconvfifo.rf/grf.rf/rstblk/ngwrdrst.grst.g7serrst.rst_wr_reg1_reg/C
                            (rising edge-triggered cell FDPE clocked by dbg_hub/inst/BSCANID.u_xsdbm_id/SWITCH_N_EXT_BSCAN.bscan_inst/SERIES7_BSCAN.bscan_inst/TCK  {rise@0.000ns fall@16.500ns period=33.000ns})
  Destination:            dbg_hub/inst/BSCANID.u_xsdbm_id/CORE_XSDB.UUT_MASTER/U_ICON_INTERFACE/U_CMD6_WR/U_WR_FIFO/SUBCORE_FIFO.xsdbm_v3_0_0_wrfifo_inst/inst_fifo_gen/gconvfifo.rf/grf.rf/rstblk/ngwrdrst.grst.g7serrst.rst_wr_reg2_reg/D
                            (rising edge-triggered cell FDPE clocked by dbg_hub/inst/BSCANID.u_xsdbm_id/SWITCH_N_EXT_BSCAN.bscan_inst/SERIES7_BSCAN.bscan_inst/TCK  {rise@0.000ns fall@16.500ns period=33.000ns})
  Path Group:             dbg_hub/inst/BSCANID.u_xsdbm_id/SWITCH_N_EXT_BSCAN.bscan_inst/SERIES7_BSCAN.bscan_inst/TCK
  Path Type:              Hold (Min at Fast Process Corner)
  Requirement:            0.000ns  (dbg_hub/inst/BSCANID.u_xsdbm_id/SWITCH_N_EXT_BSCAN.bscan_inst/SERIES7_BSCAN.bscan_inst/TCK rise@0.000ns - dbg_hub/inst/BSCANID.u_xsdbm_id/SWITCH_N_EXT_BSCAN.bscan_inst/SERIES7_BSCAN.bscan_inst/TCK rise@0.000ns)
  Data Path Delay:        0.196ns  (logic 0.141ns (71.838%)  route 0.055ns (28.162%))
  Logic Levels:           0  
  Clock Path Skew:        0.000ns (DCD - SCD - CPR)
    Destination Clock Delay (DCD):    2.434ns
    Source Clock Delay      (SCD):    1.977ns
    Clock Pessimism Removal (CPR):    0.457ns

    Location             Delay type                Incr(ns)  Path(ns)    Netlist Resource(s)
  -------------------------------------------------------------------    -------------------
                         (clock dbg_hub/inst/BSCANID.u_xsdbm_id/SWITCH_N_EXT_BSCAN.bscan_inst/SERIES7_BSCAN.bscan_inst/TCK rise edge)
                                                      0.000     0.000 r  
    BSCAN_X0Y0           BSCANE2                      0.000     0.000 r  dbg_hub/inst/BSCANID.u_xsdbm_id/SWITCH_N_EXT_BSCAN.bscan_inst/SERIES7_BSCAN.bscan_inst/TCK
                         net (fo=1, routed)           1.378     1.378    dbg_hub/inst/BSCANID.u_xsdbm_id/tck_bs
    BUFGCTRL_X0Y3        BUFG (Prop_bufg_I_O)         0.026     1.404 r  dbg_hub/inst/BSCANID.u_xsdbm_id/SWITCH_N_EXT_BSCAN.u_bufg_icon_tck/O
                         net (fo=482, routed)         0.574     1.977    dbg_hub/inst/BSCANID.u_xsdbm_id/CORE_XSDB.UUT_MASTER/U_ICON_INTERFACE/U_CMD6_WR/U_WR_FIFO/SUBCORE_FIFO.xsdbm_v3_0_0_wrfifo_inst/inst_fifo_gen/gconvfifo.rf/grf.rf/rstblk/wr_clk
    SLICE_X71Y159        FDPE                                         r  dbg_hub/inst/BSCANID.u_xsdbm_id/CORE_XSDB.UUT_MASTER/U_ICON_INTERFACE/U_CMD6_WR/U_WR_FIFO/SUBCORE_FIFO.xsdbm_v3_0_0_wrfifo_inst/inst_fifo_gen/gconvfifo.rf/grf.rf/rstblk/ngwrdrst.grst.g7serrst.rst_wr_reg1_reg/C
  -------------------------------------------------------------------    -------------------
    SLICE_X71Y159        FDPE (Prop_fdpe_C_Q)         0.141     2.118 r  dbg_hub/inst/BSCANID.u_xsdbm_id/CORE_XSDB.UUT_MASTER/U_ICON_INTERFACE/U_CMD6_WR/U_WR_FIFO/SUBCORE_FIFO.xsdbm_v3_0_0_wrfifo_inst/inst_fifo_gen/gconvfifo.rf/grf.rf/rstblk/ngwrdrst.grst.g7serrst.rst_wr_reg1_reg/Q
                         net (fo=1, routed)           0.055     2.173    dbg_hub/inst/BSCANID.u_xsdbm_id/CORE_XSDB.UUT_MASTER/U_ICON_INTERFACE/U_CMD6_WR/U_WR_FIFO/SUBCORE_FIFO.xsdbm_v3_0_0_wrfifo_inst/inst_fifo_gen/gconvfifo.rf/grf.rf/rstblk/ngwrdrst.grst.rst_wr_reg1
    SLICE_X71Y159        FDPE                                         r  dbg_hub/inst/BSCANID.u_xsdbm_id/CORE_XSDB.UUT_MASTER/U_ICON_INTERFACE/U_CMD6_WR/U_WR_FIFO/SUBCORE_FIFO.xsdbm_v3_0_0_wrfifo_inst/inst_fifo_gen/gconvfifo.rf/grf.rf/rstblk/ngwrdrst.grst.g7serrst.rst_wr_reg2_reg/D
  -------------------------------------------------------------------    -------------------

                         (clock dbg_hub/inst/BSCANID.u_xsdbm_id/SWITCH_N_EXT_BSCAN.bscan_inst/SERIES7_BSCAN.bscan_inst/TCK rise edge)
                                                      0.000     0.000 r  
    BSCAN_X0Y0           BSCANE2                      0.000     0.000 r  dbg_hub/inst/BSCANID.u_xsdbm_id/SWITCH_N_EXT_BSCAN.bscan_inst/SERIES7_BSCAN.bscan_inst/TCK
                         net (fo=1, routed)           1.561     1.561    dbg_hub/inst/BSCANID.u_xsdbm_id/tck_bs
    BUFGCTRL_X0Y3        BUFG (Prop_bufg_I_O)         0.029     1.590 r  dbg_hub/inst/BSCANID.u_xsdbm_id/SWITCH_N_EXT_BSCAN.u_bufg_icon_tck/O
                         net (fo=482, routed)         0.845     2.434    dbg_hub/inst/BSCANID.u_xsdbm_id/CORE_XSDB.UUT_MASTER/U_ICON_INTERFACE/U_CMD6_WR/U_WR_FIFO/SUBCORE_FIFO.xsdbm_v3_0_0_wrfifo_inst/inst_fifo_gen/gconvfifo.rf/grf.rf/rstblk/wr_clk
    SLICE_X71Y159        FDPE                                         r  dbg_hub/inst/BSCANID.u_xsdbm_id/CORE_XSDB.UUT_MASTER/U_ICON_INTERFACE/U_CMD6_WR/U_WR_FIFO/SUBCORE_FIFO.xsdbm_v3_0_0_wrfifo_inst/inst_fifo_gen/gconvfifo.rf/grf.rf/rstblk/ngwrdrst.grst.g7serrst.rst_wr_reg2_reg/C
                         clock pessimism             -0.457     1.977    
    SLICE_X71Y159        FDPE (Hold_fdpe_C_D)         0.075     2.052    dbg_hub/inst/BSCANID.u_xsdbm_id/CORE_XSDB.UUT_MASTER/U_ICON_INTERFACE/U_CMD6_WR/U_WR_FIFO/SUBCORE_FIFO.xsdbm_v3_0_0_wrfifo_inst/inst_fifo_gen/gconvfifo.rf/grf.rf/rstblk/ngwrdrst.grst.g7serrst.rst_wr_reg2_reg
  -------------------------------------------------------------------
                         required time                         -2.052    
                         arrival time                           2.173    
  -------------------------------------------------------------------
                         slack                                  0.121    

Slack (MET) :             0.122ns  (arrival time - required time)
  Source:                 dbg_hub/inst/BSCANID.u_xsdbm_id/CORE_XSDB.UUT_MASTER/U_ICON_INTERFACE/U_CMD2/stat_reg_2_reg[3]/C
                            (rising edge-triggered cell FDRE clocked by dbg_hub/inst/BSCANID.u_xsdbm_id/SWITCH_N_EXT_BSCAN.bscan_inst/SERIES7_BSCAN.bscan_inst/TCK  {rise@0.000ns fall@16.500ns period=33.000ns})
  Destination:            dbg_hub/inst/BSCANID.u_xsdbm_id/CORE_XSDB.UUT_MASTER/U_ICON_INTERFACE/U_CMD2/shift_reg_in_reg[2]/D
                            (rising edge-triggered cell FDRE clocked by dbg_hub/inst/BSCANID.u_xsdbm_id/SWITCH_N_EXT_BSCAN.bscan_inst/SERIES7_BSCAN.bscan_inst/TCK  {rise@0.000ns fall@16.500ns period=33.000ns})
  Path Group:             dbg_hub/inst/BSCANID.u_xsdbm_id/SWITCH_N_EXT_BSCAN.bscan_inst/SERIES7_BSCAN.bscan_inst/TCK
  Path Type:              Hold (Min at Fast Process Corner)
  Requirement:            0.000ns  (dbg_hub/inst/BSCANID.u_xsdbm_id/SWITCH_N_EXT_BSCAN.bscan_inst/SERIES7_BSCAN.bscan_inst/TCK rise@0.000ns - dbg_hub/inst/BSCANID.u_xsdbm_id/SWITCH_N_EXT_BSCAN.bscan_inst/SERIES7_BSCAN.bscan_inst/TCK rise@0.000ns)
  Data Path Delay:        0.489ns  (logic 0.209ns (42.714%)  route 0.280ns (57.286%))
  Logic Levels:           1  (LUT3=1)
  Clock Path Skew:        0.275ns (DCD - SCD - CPR)
    Destination Clock Delay (DCD):    2.444ns
    Source Clock Delay      (SCD):    1.983ns
    Clock Pessimism Removal (CPR):    0.186ns

    Location             Delay type                Incr(ns)  Path(ns)    Netlist Resource(s)
  -------------------------------------------------------------------    -------------------
                         (clock dbg_hub/inst/BSCANID.u_xsdbm_id/SWITCH_N_EXT_BSCAN.bscan_inst/SERIES7_BSCAN.bscan_inst/TCK rise edge)
                                                      0.000     0.000 r  
    BSCAN_X0Y0           BSCANE2                      0.000     0.000 r  dbg_hub/inst/BSCANID.u_xsdbm_id/SWITCH_N_EXT_BSCAN.bscan_inst/SERIES7_BSCAN.bscan_inst/TCK
                         net (fo=1, routed)           1.378     1.378    dbg_hub/inst/BSCANID.u_xsdbm_id/tck_bs
    BUFGCTRL_X0Y3        BUFG (Prop_bufg_I_O)         0.026     1.404 r  dbg_hub/inst/BSCANID.u_xsdbm_id/SWITCH_N_EXT_BSCAN.u_bufg_icon_tck/O
                         net (fo=482, routed)         0.580     1.983    dbg_hub/inst/BSCANID.u_xsdbm_id/CORE_XSDB.UUT_MASTER/U_ICON_INTERFACE/U_CMD2/m_bscan_tck[0]
    SLICE_X62Y151        FDRE                                         r  dbg_hub/inst/BSCANID.u_xsdbm_id/CORE_XSDB.UUT_MASTER/U_ICON_INTERFACE/U_CMD2/stat_reg_2_reg[3]/C
  -------------------------------------------------------------------    -------------------
    SLICE_X62Y151        FDRE (Prop_fdre_C_Q)         0.164     2.147 r  dbg_hub/inst/BSCANID.u_xsdbm_id/CORE_XSDB.UUT_MASTER/U_ICON_INTERFACE/U_CMD2/stat_reg_2_reg[3]/Q
                         net (fo=1, routed)           0.280     2.428    dbg_hub/inst/BSCANID.u_xsdbm_id/CORE_XSDB.UUT_MASTER/U_ICON_INTERFACE/U_CMD2/stat_reg_2[3]
    SLICE_X61Y149        LUT3 (Prop_lut3_I2_O)        0.045     2.473 r  dbg_hub/inst/BSCANID.u_xsdbm_id/CORE_XSDB.UUT_MASTER/U_ICON_INTERFACE/U_CMD2/shift_reg_in[2]_i_1/O
                         net (fo=1, routed)           0.000     2.473    dbg_hub/inst/BSCANID.u_xsdbm_id/CORE_XSDB.UUT_MASTER/U_ICON_INTERFACE/U_CMD2/shift_reg_in[2]_i_1_n_0
    SLICE_X61Y149        FDRE                                         r  dbg_hub/inst/BSCANID.u_xsdbm_id/CORE_XSDB.UUT_MASTER/U_ICON_INTERFACE/U_CMD2/shift_reg_in_reg[2]/D
  -------------------------------------------------------------------    -------------------

                         (clock dbg_hub/inst/BSCANID.u_xsdbm_id/SWITCH_N_EXT_BSCAN.bscan_inst/SERIES7_BSCAN.bscan_inst/TCK rise edge)
                                                      0.000     0.000 r  
    BSCAN_X0Y0           BSCANE2                      0.000     0.000 r  dbg_hub/inst/BSCANID.u_xsdbm_id/SWITCH_N_EXT_BSCAN.bscan_inst/SERIES7_BSCAN.bscan_inst/TCK
                         net (fo=1, routed)           1.561     1.561    dbg_hub/inst/BSCANID.u_xsdbm_id/tck_bs
    BUFGCTRL_X0Y3        BUFG (Prop_bufg_I_O)         0.029     1.590 r  dbg_hub/inst/BSCANID.u_xsdbm_id/SWITCH_N_EXT_BSCAN.u_bufg_icon_tck/O
                         net (fo=482, routed)         0.855     2.444    dbg_hub/inst/BSCANID.u_xsdbm_id/CORE_XSDB.UUT_MASTER/U_ICON_INTERFACE/U_CMD2/m_bscan_tck[0]
    SLICE_X61Y149        FDRE                                         r  dbg_hub/inst/BSCANID.u_xsdbm_id/CORE_XSDB.UUT_MASTER/U_ICON_INTERFACE/U_CMD2/shift_reg_in_reg[2]/C
                         clock pessimism             -0.186     2.258    
    SLICE_X61Y149        FDRE (Hold_fdre_C_D)         0.092     2.350    dbg_hub/inst/BSCANID.u_xsdbm_id/CORE_XSDB.UUT_MASTER/U_ICON_INTERFACE/U_CMD2/shift_reg_in_reg[2]
  -------------------------------------------------------------------
                         required time                         -2.350    
                         arrival time                           2.473    
  -------------------------------------------------------------------
                         slack                                  0.122    

Slack (MET) :             0.125ns  (arrival time - required time)
  Source:                 dbg_hub/inst/BSCANID.u_xsdbm_id/CORE_XSDB.UUT_MASTER/U_ICON_INTERFACE/U_CMD6_WR/U_WR_FIFO/SUBCORE_FIFO.xsdbm_v3_0_0_wrfifo_inst/inst_fifo_gen/gconvfifo.rf/grf.rf/gntv_or_sync_fifo.gcx.clkx/gnxpm_cdc.gsync_stage[1].wr_stg_inst/Q_reg_reg[2]/C
                            (rising edge-triggered cell FDCE clocked by dbg_hub/inst/BSCANID.u_xsdbm_id/SWITCH_N_EXT_BSCAN.bscan_inst/SERIES7_BSCAN.bscan_inst/TCK  {rise@0.000ns fall@16.500ns period=33.000ns})
  Destination:            dbg_hub/inst/BSCANID.u_xsdbm_id/CORE_XSDB.UUT_MASTER/U_ICON_INTERFACE/U_CMD6_WR/U_WR_FIFO/SUBCORE_FIFO.xsdbm_v3_0_0_wrfifo_inst/inst_fifo_gen/gconvfifo.rf/grf.rf/gntv_or_sync_fifo.gcx.clkx/gnxpm_cdc.gsync_stage[2].wr_stg_inst/Q_reg_reg[2]/D
                            (rising edge-triggered cell FDCE clocked by dbg_hub/inst/BSCANID.u_xsdbm_id/SWITCH_N_EXT_BSCAN.bscan_inst/SERIES7_BSCAN.bscan_inst/TCK  {rise@0.000ns fall@16.500ns period=33.000ns})
  Path Group:             dbg_hub/inst/BSCANID.u_xsdbm_id/SWITCH_N_EXT_BSCAN.bscan_inst/SERIES7_BSCAN.bscan_inst/TCK
  Path Type:              Hold (Min at Fast Process Corner)
  Requirement:            0.000ns  (dbg_hub/inst/BSCANID.u_xsdbm_id/SWITCH_N_EXT_BSCAN.bscan_inst/SERIES7_BSCAN.bscan_inst/TCK rise@0.000ns - dbg_hub/inst/BSCANID.u_xsdbm_id/SWITCH_N_EXT_BSCAN.bscan_inst/SERIES7_BSCAN.bscan_inst/TCK rise@0.000ns)
  Data Path Delay:        0.196ns  (logic 0.141ns (71.838%)  route 0.055ns (28.162%))
  Logic Levels:           0  
  Clock Path Skew:        0.000ns (DCD - SCD - CPR)
    Destination Clock Delay (DCD):    2.435ns
    Source Clock Delay      (SCD):    1.978ns
    Clock Pessimism Removal (CPR):    0.457ns

    Location             Delay type                Incr(ns)  Path(ns)    Netlist Resource(s)
  -------------------------------------------------------------------    -------------------
                         (clock dbg_hub/inst/BSCANID.u_xsdbm_id/SWITCH_N_EXT_BSCAN.bscan_inst/SERIES7_BSCAN.bscan_inst/TCK rise edge)
                                                      0.000     0.000 r  
    BSCAN_X0Y0           BSCANE2                      0.000     0.000 r  dbg_hub/inst/BSCANID.u_xsdbm_id/SWITCH_N_EXT_BSCAN.bscan_inst/SERIES7_BSCAN.bscan_inst/TCK
                         net (fo=1, routed)           1.378     1.378    dbg_hub/inst/BSCANID.u_xsdbm_id/tck_bs
    BUFGCTRL_X0Y3        BUFG (Prop_bufg_I_O)         0.026     1.404 r  dbg_hub/inst/BSCANID.u_xsdbm_id/SWITCH_N_EXT_BSCAN.u_bufg_icon_tck/O
                         net (fo=482, routed)         0.575     1.978    dbg_hub/inst/BSCANID.u_xsdbm_id/CORE_XSDB.UUT_MASTER/U_ICON_INTERFACE/U_CMD6_WR/U_WR_FIFO/SUBCORE_FIFO.xsdbm_v3_0_0_wrfifo_inst/inst_fifo_gen/gconvfifo.rf/grf.rf/gntv_or_sync_fifo.gcx.clkx/gnxpm_cdc.gsync_stage[1].wr_stg_inst/wr_clk
    SLICE_X69Y159        FDCE                                         r  dbg_hub/inst/BSCANID.u_xsdbm_id/CORE_XSDB.UUT_MASTER/U_ICON_INTERFACE/U_CMD6_WR/U_WR_FIFO/SUBCORE_FIFO.xsdbm_v3_0_0_wrfifo_inst/inst_fifo_gen/gconvfifo.rf/grf.rf/gntv_or_sync_fifo.gcx.clkx/gnxpm_cdc.gsync_stage[1].wr_stg_inst/Q_reg_reg[2]/C
  -------------------------------------------------------------------    -------------------
    SLICE_X69Y159        FDCE (Prop_fdce_C_Q)         0.141     2.119 r  dbg_hub/inst/BSCANID.u_xsdbm_id/CORE_XSDB.UUT_MASTER/U_ICON_INTERFACE/U_CMD6_WR/U_WR_FIFO/SUBCORE_FIFO.xsdbm_v3_0_0_wrfifo_inst/inst_fifo_gen/gconvfifo.rf/grf.rf/gntv_or_sync_fifo.gcx.clkx/gnxpm_cdc.gsync_stage[1].wr_stg_inst/Q_reg_reg[2]/Q
                         net (fo=1, routed)           0.055     2.174    dbg_hub/inst/BSCANID.u_xsdbm_id/CORE_XSDB.UUT_MASTER/U_ICON_INTERFACE/U_CMD6_WR/U_WR_FIFO/SUBCORE_FIFO.xsdbm_v3_0_0_wrfifo_inst/inst_fifo_gen/gconvfifo.rf/grf.rf/gntv_or_sync_fifo.gcx.clkx/gnxpm_cdc.gsync_stage[2].wr_stg_inst/Q_reg_reg[3]_0[2]
    SLICE_X69Y159        FDCE                                         r  dbg_hub/inst/BSCANID.u_xsdbm_id/CORE_XSDB.UUT_MASTER/U_ICON_INTERFACE/U_CMD6_WR/U_WR_FIFO/SUBCORE_FIFO.xsdbm_v3_0_0_wrfifo_inst/inst_fifo_gen/gconvfifo.rf/grf.rf/gntv_or_sync_fifo.gcx.clkx/gnxpm_cdc.gsync_stage[2].wr_stg_inst/Q_reg_reg[2]/D
  -------------------------------------------------------------------    -------------------

                         (clock dbg_hub/inst/BSCANID.u_xsdbm_id/SWITCH_N_EXT_BSCAN.bscan_inst/SERIES7_BSCAN.bscan_inst/TCK rise edge)
                                                      0.000     0.000 r  
    BSCAN_X0Y0           BSCANE2                      0.000     0.000 r  dbg_hub/inst/BSCANID.u_xsdbm_id/SWITCH_N_EXT_BSCAN.bscan_inst/SERIES7_BSCAN.bscan_inst/TCK
                         net (fo=1, routed)           1.561     1.561    dbg_hub/inst/BSCANID.u_xsdbm_id/tck_bs
    BUFGCTRL_X0Y3        BUFG (Prop_bufg_I_O)         0.029     1.590 r  dbg_hub/inst/BSCANID.u_xsdbm_id/SWITCH_N_EXT_BSCAN.u_bufg_icon_tck/O
                         net (fo=482, routed)         0.845     2.435    dbg_hub/inst/BSCANID.u_xsdbm_id/CORE_XSDB.UUT_MASTER/U_ICON_INTERFACE/U_CMD6_WR/U_WR_FIFO/SUBCORE_FIFO.xsdbm_v3_0_0_wrfifo_inst/inst_fifo_gen/gconvfifo.rf/grf.rf/gntv_or_sync_fifo.gcx.clkx/gnxpm_cdc.gsync_stage[2].wr_stg_inst/wr_clk
    SLICE_X69Y159        FDCE                                         r  dbg_hub/inst/BSCANID.u_xsdbm_id/CORE_XSDB.UUT_MASTER/U_ICON_INTERFACE/U_CMD6_WR/U_WR_FIFO/SUBCORE_FIFO.xsdbm_v3_0_0_wrfifo_inst/inst_fifo_gen/gconvfifo.rf/grf.rf/gntv_or_sync_fifo.gcx.clkx/gnxpm_cdc.gsync_stage[2].wr_stg_inst/Q_reg_reg[2]/C
                         clock pessimism             -0.457     1.978    
    SLICE_X69Y159        FDCE (Hold_fdce_C_D)         0.071     2.049    dbg_hub/inst/BSCANID.u_xsdbm_id/CORE_XSDB.UUT_MASTER/U_ICON_INTERFACE/U_CMD6_WR/U_WR_FIFO/SUBCORE_FIFO.xsdbm_v3_0_0_wrfifo_inst/inst_fifo_gen/gconvfifo.rf/grf.rf/gntv_or_sync_fifo.gcx.clkx/gnxpm_cdc.gsync_stage[2].wr_stg_inst/Q_reg_reg[2]
  -------------------------------------------------------------------
                         required time                         -2.049    
                         arrival time                           2.174    
  -------------------------------------------------------------------
                         slack                                  0.125    





Pulse Width Checks
--------------------------------------------------------------------------------------
Clock Name:         dbg_hub/inst/BSCANID.u_xsdbm_id/SWITCH_N_EXT_BSCAN.bscan_inst/SERIES7_BSCAN.bscan_inst/TCK
Waveform(ns):       { 0.000 16.500 }
Period(ns):         33.000
Sources:            { dbg_hub/inst/BSCANID.u_xsdbm_id/SWITCH_N_EXT_BSCAN.bscan_inst/SERIES7_BSCAN.bscan_inst/TCK }

Check Type        Corner  Lib Pin     Reference Pin  Required(ns)  Actual(ns)  Slack(ns)  Location       Pin
Min Period        n/a     BUFG/I      n/a            1.592         33.000      31.408     BUFGCTRL_X0Y3  dbg_hub/inst/BSCANID.u_xsdbm_id/SWITCH_N_EXT_BSCAN.u_bufg_icon_tck/I
Min Period        n/a     FDRE/C      n/a            1.000         33.000      32.000     SLICE_X55Y141  dbg_hub/inst/BSCANID.u_xsdbm_id/SWITCH_N_EXT_BSCAN.bscanid_reg[0]/C
Min Period        n/a     FDRE/C      n/a            1.000         33.000      32.000     SLICE_X57Y140  dbg_hub/inst/BSCANID.u_xsdbm_id/SWITCH_N_EXT_BSCAN.bscanid_reg[10]/C
Min Period        n/a     FDRE/C      n/a            1.000         33.000      32.000     SLICE_X57Y140  dbg_hub/inst/BSCANID.u_xsdbm_id/SWITCH_N_EXT_BSCAN.bscanid_reg[11]/C
Min Period        n/a     FDRE/C      n/a            1.000         33.000      32.000     SLICE_X57Y140  dbg_hub/inst/BSCANID.u_xsdbm_id/SWITCH_N_EXT_BSCAN.bscanid_reg[12]/C
Min Period        n/a     FDRE/C      n/a            1.000         33.000      32.000     SLICE_X57Y140  dbg_hub/inst/BSCANID.u_xsdbm_id/SWITCH_N_EXT_BSCAN.bscanid_reg[13]/C
Min Period        n/a     FDRE/C      n/a            1.000         33.000      32.000     SLICE_X57Y141  dbg_hub/inst/BSCANID.u_xsdbm_id/SWITCH_N_EXT_BSCAN.bscanid_reg[14]/C
Min Period        n/a     FDRE/C      n/a            1.000         33.000      32.000     SLICE_X57Y141  dbg_hub/inst/BSCANID.u_xsdbm_id/SWITCH_N_EXT_BSCAN.bscanid_reg[15]/C
Min Period        n/a     FDRE/C      n/a            1.000         33.000      32.000     SLICE_X57Y141  dbg_hub/inst/BSCANID.u_xsdbm_id/SWITCH_N_EXT_BSCAN.bscanid_reg[16]/C
Min Period        n/a     FDRE/C      n/a            1.000         33.000      32.000     SLICE_X57Y141  dbg_hub/inst/BSCANID.u_xsdbm_id/SWITCH_N_EXT_BSCAN.bscanid_reg[17]/C
Low Pulse Width   Slow    RAMD32/CLK  n/a            1.130         16.500      15.370     SLICE_X64Y158  dbg_hub/inst/BSCANID.u_xsdbm_id/CORE_XSDB.UUT_MASTER/U_ICON_INTERFACE/U_CMD6_WR/U_WR_FIFO/SUBCORE_FIFO.xsdbm_v3_0_0_wrfifo_inst/inst_fifo_gen/gconvfifo.rf/grf.rf/gntv_or_sync_fifo.mem/gdm.dm_gen.dm/RAM_reg_0_15_0_5/RAMA/CLK
Low Pulse Width   Fast    RAMD32/CLK  n/a            1.130         16.500      15.370     SLICE_X64Y158  dbg_hub/inst/BSCANID.u_xsdbm_id/CORE_XSDB.UUT_MASTER/U_ICON_INTERFACE/U_CMD6_WR/U_WR_FIFO/SUBCORE_FIFO.xsdbm_v3_0_0_wrfifo_inst/inst_fifo_gen/gconvfifo.rf/grf.rf/gntv_or_sync_fifo.mem/gdm.dm_gen.dm/RAM_reg_0_15_0_5/RAMA/CLK
Low Pulse Width   Slow    RAMD32/CLK  n/a            1.130         16.500      15.370     SLICE_X64Y158  dbg_hub/inst/BSCANID.u_xsdbm_id/CORE_XSDB.UUT_MASTER/U_ICON_INTERFACE/U_CMD6_WR/U_WR_FIFO/SUBCORE_FIFO.xsdbm_v3_0_0_wrfifo_inst/inst_fifo_gen/gconvfifo.rf/grf.rf/gntv_or_sync_fifo.mem/gdm.dm_gen.dm/RAM_reg_0_15_0_5/RAMA_D1/CLK
Low Pulse Width   Fast    RAMD32/CLK  n/a            1.130         16.500      15.370     SLICE_X64Y158  dbg_hub/inst/BSCANID.u_xsdbm_id/CORE_XSDB.UUT_MASTER/U_ICON_INTERFACE/U_CMD6_WR/U_WR_FIFO/SUBCORE_FIFO.xsdbm_v3_0_0_wrfifo_inst/inst_fifo_gen/gconvfifo.rf/grf.rf/gntv_or_sync_fifo.mem/gdm.dm_gen.dm/RAM_reg_0_15_0_5/RAMA_D1/CLK
Low Pulse Width   Slow    RAMD32/CLK  n/a            1.130         16.500      15.370     SLICE_X64Y158  dbg_hub/inst/BSCANID.u_xsdbm_id/CORE_XSDB.UUT_MASTER/U_ICON_INTERFACE/U_CMD6_WR/U_WR_FIFO/SUBCORE_FIFO.xsdbm_v3_0_0_wrfifo_inst/inst_fifo_gen/gconvfifo.rf/grf.rf/gntv_or_sync_fifo.mem/gdm.dm_gen.dm/RAM_reg_0_15_0_5/RAMB/CLK
Low Pulse Width   Fast    RAMD32/CLK  n/a            1.130         16.500      15.370     SLICE_X64Y158  dbg_hub/inst/BSCANID.u_xsdbm_id/CORE_XSDB.UUT_MASTER/U_ICON_INTERFACE/U_CMD6_WR/U_WR_FIFO/SUBCORE_FIFO.xsdbm_v3_0_0_wrfifo_inst/inst_fifo_gen/gconvfifo.rf/grf.rf/gntv_or_sync_fifo.mem/gdm.dm_gen.dm/RAM_reg_0_15_0_5/RAMB/CLK
Low Pulse Width   Slow    RAMD32/CLK  n/a            1.130         16.500      15.370     SLICE_X64Y158  dbg_hub/inst/BSCANID.u_xsdbm_id/CORE_XSDB.UUT_MASTER/U_ICON_INTERFACE/U_CMD6_WR/U_WR_FIFO/SUBCORE_FIFO.xsdbm_v3_0_0_wrfifo_inst/inst_fifo_gen/gconvfifo.rf/grf.rf/gntv_or_sync_fifo.mem/gdm.dm_gen.dm/RAM_reg_0_15_0_5/RAMB_D1/CLK
Low Pulse Width   Fast    RAMD32/CLK  n/a            1.130         16.500      15.370     SLICE_X64Y158  dbg_hub/inst/BSCANID.u_xsdbm_id/CORE_XSDB.UUT_MASTER/U_ICON_INTERFACE/U_CMD6_WR/U_WR_FIFO/SUBCORE_FIFO.xsdbm_v3_0_0_wrfifo_inst/inst_fifo_gen/gconvfifo.rf/grf.rf/gntv_or_sync_fifo.mem/gdm.dm_gen.dm/RAM_reg_0_15_0_5/RAMB_D1/CLK
Low Pulse Width   Slow    RAMD32/CLK  n/a            1.130         16.500      15.370     SLICE_X64Y158  dbg_hub/inst/BSCANID.u_xsdbm_id/CORE_XSDB.UUT_MASTER/U_ICON_INTERFACE/U_CMD6_WR/U_WR_FIFO/SUBCORE_FIFO.xsdbm_v3_0_0_wrfifo_inst/inst_fifo_gen/gconvfifo.rf/grf.rf/gntv_or_sync_fifo.mem/gdm.dm_gen.dm/RAM_reg_0_15_0_5/RAMC/CLK
Low Pulse Width   Fast    RAMD32/CLK  n/a            1.130         16.500      15.370     SLICE_X64Y158  dbg_hub/inst/BSCANID.u_xsdbm_id/CORE_XSDB.UUT_MASTER/U_ICON_INTERFACE/U_CMD6_WR/U_WR_FIFO/SUBCORE_FIFO.xsdbm_v3_0_0_wrfifo_inst/inst_fifo_gen/gconvfifo.rf/grf.rf/gntv_or_sync_fifo.mem/gdm.dm_gen.dm/RAM_reg_0_15_0_5/RAMC/CLK
High Pulse Width  Slow    RAMD32/CLK  n/a            1.130         16.500      15.370     SLICE_X64Y158  dbg_hub/inst/BSCANID.u_xsdbm_id/CORE_XSDB.UUT_MASTER/U_ICON_INTERFACE/U_CMD6_WR/U_WR_FIFO/SUBCORE_FIFO.xsdbm_v3_0_0_wrfifo_inst/inst_fifo_gen/gconvfifo.rf/grf.rf/gntv_or_sync_fifo.mem/gdm.dm_gen.dm/RAM_reg_0_15_0_5/RAMA/CLK
High Pulse Width  Fast    RAMD32/CLK  n/a            1.130         16.500      15.370     SLICE_X64Y158  dbg_hub/inst/BSCANID.u_xsdbm_id/CORE_XSDB.UUT_MASTER/U_ICON_INTERFACE/U_CMD6_WR/U_WR_FIFO/SUBCORE_FIFO.xsdbm_v3_0_0_wrfifo_inst/inst_fifo_gen/gconvfifo.rf/grf.rf/gntv_or_sync_fifo.mem/gdm.dm_gen.dm/RAM_reg_0_15_0_5/RAMA/CLK
High Pulse Width  Slow    RAMD32/CLK  n/a            1.130         16.500      15.370     SLICE_X64Y158  dbg_hub/inst/BSCANID.u_xsdbm_id/CORE_XSDB.UUT_MASTER/U_ICON_INTERFACE/U_CMD6_WR/U_WR_FIFO/SUBCORE_FIFO.xsdbm_v3_0_0_wrfifo_inst/inst_fifo_gen/gconvfifo.rf/grf.rf/gntv_or_sync_fifo.mem/gdm.dm_gen.dm/RAM_reg_0_15_0_5/RAMA_D1/CLK
High Pulse Width  Fast    RAMD32/CLK  n/a            1.130         16.500      15.370     SLICE_X64Y158  dbg_hub/inst/BSCANID.u_xsdbm_id/CORE_XSDB.UUT_MASTER/U_ICON_INTERFACE/U_CMD6_WR/U_WR_FIFO/SUBCORE_FIFO.xsdbm_v3_0_0_wrfifo_inst/inst_fifo_gen/gconvfifo.rf/grf.rf/gntv_or_sync_fifo.mem/gdm.dm_gen.dm/RAM_reg_0_15_0_5/RAMA_D1/CLK
High Pulse Width  Slow    RAMD32/CLK  n/a            1.130         16.500      15.370     SLICE_X64Y158  dbg_hub/inst/BSCANID.u_xsdbm_id/CORE_XSDB.UUT_MASTER/U_ICON_INTERFACE/U_CMD6_WR/U_WR_FIFO/SUBCORE_FIFO.xsdbm_v3_0_0_wrfifo_inst/inst_fifo_gen/gconvfifo.rf/grf.rf/gntv_or_sync_fifo.mem/gdm.dm_gen.dm/RAM_reg_0_15_0_5/RAMB/CLK
High Pulse Width  Fast    RAMD32/CLK  n/a            1.130         16.500      15.370     SLICE_X64Y158  dbg_hub/inst/BSCANID.u_xsdbm_id/CORE_XSDB.UUT_MASTER/U_ICON_INTERFACE/U_CMD6_WR/U_WR_FIFO/SUBCORE_FIFO.xsdbm_v3_0_0_wrfifo_inst/inst_fifo_gen/gconvfifo.rf/grf.rf/gntv_or_sync_fifo.mem/gdm.dm_gen.dm/RAM_reg_0_15_0_5/RAMB/CLK
High Pulse Width  Slow    RAMD32/CLK  n/a            1.130         16.500      15.370     SLICE_X64Y158  dbg_hub/inst/BSCANID.u_xsdbm_id/CORE_XSDB.UUT_MASTER/U_ICON_INTERFACE/U_CMD6_WR/U_WR_FIFO/SUBCORE_FIFO.xsdbm_v3_0_0_wrfifo_inst/inst_fifo_gen/gconvfifo.rf/grf.rf/gntv_or_sync_fifo.mem/gdm.dm_gen.dm/RAM_reg_0_15_0_5/RAMB_D1/CLK
High Pulse Width  Fast    RAMD32/CLK  n/a            1.130         16.500      15.370     SLICE_X64Y158  dbg_hub/inst/BSCANID.u_xsdbm_id/CORE_XSDB.UUT_MASTER/U_ICON_INTERFACE/U_CMD6_WR/U_WR_FIFO/SUBCORE_FIFO.xsdbm_v3_0_0_wrfifo_inst/inst_fifo_gen/gconvfifo.rf/grf.rf/gntv_or_sync_fifo.mem/gdm.dm_gen.dm/RAM_reg_0_15_0_5/RAMB_D1/CLK
High Pulse Width  Slow    RAMD32/CLK  n/a            1.130         16.500      15.370     SLICE_X64Y158  dbg_hub/inst/BSCANID.u_xsdbm_id/CORE_XSDB.UUT_MASTER/U_ICON_INTERFACE/U_CMD6_WR/U_WR_FIFO/SUBCORE_FIFO.xsdbm_v3_0_0_wrfifo_inst/inst_fifo_gen/gconvfifo.rf/grf.rf/gntv_or_sync_fifo.mem/gdm.dm_gen.dm/RAM_reg_0_15_0_5/RAMC/CLK
High Pulse Width  Fast    RAMD32/CLK  n/a            1.130         16.500      15.370     SLICE_X64Y158  dbg_hub/inst/BSCANID.u_xsdbm_id/CORE_XSDB.UUT_MASTER/U_ICON_INTERFACE/U_CMD6_WR/U_WR_FIFO/SUBCORE_FIFO.xsdbm_v3_0_0_wrfifo_inst/inst_fifo_gen/gconvfifo.rf/grf.rf/gntv_or_sync_fifo.mem/gdm.dm_gen.dm/RAM_reg_0_15_0_5/RAMC/CLK



---------------------------------------------------------------------------------------------------
From Clock:  sys_clk
  To Clock:  sys_clk

Setup :           NA  Failing Endpoints,  Worst Slack           NA  ,  Total Violation           NA
Hold  :           NA  Failing Endpoints,  Worst Slack           NA  ,  Total Violation           NA
PW    :            0  Failing Endpoints,  Worst Slack        7.000ns,  Total Violation        0.000ns
---------------------------------------------------------------------------------------------------


Pulse Width Checks
--------------------------------------------------------------------------------------
Clock Name:         sys_clk
Waveform(ns):       { 0.000 10.000 }
Period(ns):         20.000
Sources:            { sys_clk }

Check Type        Corner  Lib Pin            Reference Pin  Required(ns)  Actual(ns)  Slack(ns)  Location         Pin
Min Period        n/a     MMCME2_ADV/CLKIN1  n/a            1.249         20.000      18.751     MMCME2_ADV_X1Y2  u_mmcm/inst/mmcm_adv_inst/CLKIN1
Max Period        n/a     MMCME2_ADV/CLKIN1  n/a            100.000       20.000      80.000     MMCME2_ADV_X1Y2  u_mmcm/inst/mmcm_adv_inst/CLKIN1
Low Pulse Width   Slow    MMCME2_ADV/CLKIN1  n/a            3.000         10.000      7.000      MMCME2_ADV_X1Y2  u_mmcm/inst/mmcm_adv_inst/CLKIN1
Low Pulse Width   Fast    MMCME2_ADV/CLKIN1  n/a            3.000         10.000      7.000      MMCME2_ADV_X1Y2  u_mmcm/inst/mmcm_adv_inst/CLKIN1
High Pulse Width  Slow    MMCME2_ADV/CLKIN1  n/a            3.000         10.000      7.000      MMCME2_ADV_X1Y2  u_mmcm/inst/mmcm_adv_inst/CLKIN1
High Pulse Width  Fast    MMCME2_ADV/CLKIN1  n/a            3.000         10.000      7.000      MMCME2_ADV_X1Y2  u_mmcm/inst/mmcm_adv_inst/CLKIN1



---------------------------------------------------------------------------------------------------
From Clock:  clk_out1_clk_wiz_0
  To Clock:  clk_out1_clk_wiz_0

Setup :            0  Failing Endpoints,  Worst Slack       14.731ns,  Total Violation        0.000ns
Hold  :            0  Failing Endpoints,  Worst Slack        0.184ns,  Total Violation        0.000ns
PW    :            0  Failing Endpoints,  Worst Slack        9.500ns,  Total Violation        0.000ns
---------------------------------------------------------------------------------------------------


Max Delay Paths
--------------------------------------------------------------------------------------
Slack (MET) :             14.731ns  (required time - arrival time)
  Source:                 u_nt39565d/cnt_reg[12]/C
                            (rising edge-triggered cell FDCE clocked by clk_out1_clk_wiz_0  {rise@0.000ns fall@10.000ns period=20.000ns})
  Destination:            u_nt39565d/stv1_reg/D
                            (rising edge-triggered cell FDCE clocked by clk_out1_clk_wiz_0  {rise@0.000ns fall@10.000ns period=20.000ns})
  Path Group:             clk_out1_clk_wiz_0
  Path Type:              Setup (Max at Slow Process Corner)
  Requirement:            20.000ns  (clk_out1_clk_wiz_0 rise@20.000ns - clk_out1_clk_wiz_0 rise@0.000ns)
  Data Path Delay:        5.095ns  (logic 1.299ns (25.498%)  route 3.796ns (74.502%))
  Logic Levels:           5  (LUT2=2 LUT4=1 LUT5=1 LUT6=1)
  Clock Path Skew:        -0.043ns (DCD - SCD + CPR)
    Destination Clock Delay (DCD):    -1.240ns = ( 18.760 - 20.000 ) 
    Source Clock Delay      (SCD):    -0.802ns
    Clock Pessimism Removal (CPR):    0.396ns
  Clock Uncertainty:      0.102ns  ((TSJ^2 + DJ^2)^1/2) / 2 + PE
    Total System Jitter     (TSJ):    0.071ns
    Discrete Jitter          (DJ):    0.192ns
    Phase Error              (PE):    0.000ns

    Location             Delay type                Incr(ns)  Path(ns)    Netlist Resource(s)
  -------------------------------------------------------------------    -------------------
                         (clock clk_out1_clk_wiz_0 rise edge)
                                                      0.000     0.000 r  
    R4                                                0.000     0.000 r  sys_clk (IN)
                         net (fo=0)                   0.000     0.000    u_mmcm/inst/clk_in1
    R4                   IBUF (Prop_ibuf_I_O)         1.419     1.419 r  u_mmcm/inst/clkin1_ibufg/O
                         net (fo=1, routed)           1.065     2.484    u_mmcm/inst/clk_in1_clk_wiz_0
    MMCME2_ADV_X1Y2      MMCME2_ADV (Prop_mmcme2_adv_CLKIN1_CLKOUT0)
                                                     -6.273    -3.789 r  u_mmcm/inst/mmcm_adv_inst/CLKOUT0
                         net (fo=1, routed)           1.524    -2.265    u_mmcm/inst/clk_out1_clk_wiz_0
    BUFGCTRL_X0Y4        BUFG (Prop_bufg_I_O)         0.081    -2.184 r  u_mmcm/inst/clkout1_buf/O
                         net (fo=92, routed)          1.382    -0.802    u_nt39565d/CLK
    SLICE_X46Y177        FDCE                                         r  u_nt39565d/cnt_reg[12]/C
  -------------------------------------------------------------------    -------------------
    SLICE_X46Y177        FDCE (Prop_fdce_C_Q)         0.433    -0.369 f  u_nt39565d/cnt_reg[12]/Q
                         net (fo=2, routed)           0.689     0.320    u_nt39565d/cnt_reg_n_0_[12]
    SLICE_X48Y177        LUT4 (Prop_lut4_I3_O)        0.105     0.425 f  u_nt39565d/oe1_i_7/O
                         net (fo=2, routed)           0.570     0.996    u_nt39565d/oe1_i_7_n_0
    SLICE_X48Y177        LUT5 (Prop_lut5_I3_O)        0.118     1.114 f  u_nt39565d/oe1_i_5/O
                         net (fo=3, routed)           0.238     1.352    u_nt39565d/oe1_i_5_n_0
    SLICE_X49Y176        LUT6 (Prop_lut6_I0_O)        0.264     1.616 f  u_nt39565d/FSM_onehot_state[9]_i_12/O
                         net (fo=2, routed)           0.546     2.161    u_nt39565d/FSM_onehot_state[9]_i_12_n_0
    SLICE_X48Y176        LUT2 (Prop_lut2_I0_O)        0.115     2.276 f  u_nt39565d/FSM_onehot_state[9]_i_7/O
                         net (fo=2, routed)           0.686     2.963    u_nt39565d/FSM_onehot_state[9]_i_7_n_0
    SLICE_X51Y176        LUT2 (Prop_lut2_I1_O)        0.264     3.227 r  u_nt39565d/stv1_i_1/O
                         net (fo=2, routed)           1.066     4.293    u_nt39565d/stv17_out
    SLICE_X60Y172        FDCE                                         r  u_nt39565d/stv1_reg/D
  -------------------------------------------------------------------    -------------------

                         (clock clk_out1_clk_wiz_0 rise edge)
                                                     20.000    20.000 r  
    R4                                                0.000    20.000 r  sys_clk (IN)
                         net (fo=0)                   0.000    20.000    u_mmcm/inst/clk_in1
    R4                   IBUF (Prop_ibuf_I_O)         1.353    21.353 r  u_mmcm/inst/clkin1_ibufg/O
                         net (fo=1, routed)           1.004    22.357    u_mmcm/inst/clk_in1_clk_wiz_0
    MMCME2_ADV_X1Y2      MMCME2_ADV (Prop_mmcme2_adv_CLKIN1_CLKOUT0)
                                                     -6.399    15.957 r  u_mmcm/inst/mmcm_adv_inst/CLKOUT0
                         net (fo=1, routed)           1.452    17.410    u_mmcm/inst/clk_out1_clk_wiz_0
    BUFGCTRL_X0Y4        BUFG (Prop_bufg_I_O)         0.077    17.487 r  u_mmcm/inst/clkout1_buf/O
                         net (fo=92, routed)          1.273    18.760    u_nt39565d/CLK
    SLICE_X60Y172        FDCE                                         r  u_nt39565d/stv1_reg/C
                         clock pessimism              0.396    19.155    
                         clock uncertainty           -0.102    19.053    
    SLICE_X60Y172        FDCE (Setup_fdce_C_D)       -0.029    19.024    u_nt39565d/stv1_reg
  -------------------------------------------------------------------
                         required time                         19.024    
                         arrival time                          -4.293    
  -------------------------------------------------------------------
                         slack                                 14.731    

Slack (MET) :             14.862ns  (required time - arrival time)
  Source:                 u_nt39565d/cnt_reg[12]/C
                            (rising edge-triggered cell FDCE clocked by clk_out1_clk_wiz_0  {rise@0.000ns fall@10.000ns period=20.000ns})
  Destination:            u_nt39565d/cpv_reg/D
                            (rising edge-triggered cell FDCE clocked by clk_out1_clk_wiz_0  {rise@0.000ns fall@10.000ns period=20.000ns})
  Path Group:             clk_out1_clk_wiz_0
  Path Type:              Setup (Max at Slow Process Corner)
  Requirement:            20.000ns  (clk_out1_clk_wiz_0 rise@20.000ns - clk_out1_clk_wiz_0 rise@0.000ns)
  Data Path Delay:        4.816ns  (logic 1.219ns (25.313%)  route 3.597ns (74.687%))
  Logic Levels:           4  (LUT2=1 LUT4=1 LUT5=2)
  Clock Path Skew:        -0.043ns (DCD - SCD + CPR)
    Destination Clock Delay (DCD):    -1.240ns = ( 18.760 - 20.000 ) 
    Source Clock Delay      (SCD):    -0.802ns
    Clock Pessimism Removal (CPR):    0.396ns
  Clock Uncertainty:      0.102ns  ((TSJ^2 + DJ^2)^1/2) / 2 + PE
    Total System Jitter     (TSJ):    0.071ns
    Discrete Jitter          (DJ):    0.192ns
    Phase Error              (PE):    0.000ns

    Location             Delay type                Incr(ns)  Path(ns)    Netlist Resource(s)
  -------------------------------------------------------------------    -------------------
                         (clock clk_out1_clk_wiz_0 rise edge)
                                                      0.000     0.000 r  
    R4                                                0.000     0.000 r  sys_clk (IN)
                         net (fo=0)                   0.000     0.000    u_mmcm/inst/clk_in1
    R4                   IBUF (Prop_ibuf_I_O)         1.419     1.419 r  u_mmcm/inst/clkin1_ibufg/O
                         net (fo=1, routed)           1.065     2.484    u_mmcm/inst/clk_in1_clk_wiz_0
    MMCME2_ADV_X1Y2      MMCME2_ADV (Prop_mmcme2_adv_CLKIN1_CLKOUT0)
                                                     -6.273    -3.789 r  u_mmcm/inst/mmcm_adv_inst/CLKOUT0
                         net (fo=1, routed)           1.524    -2.265    u_mmcm/inst/clk_out1_clk_wiz_0
    BUFGCTRL_X0Y4        BUFG (Prop_bufg_I_O)         0.081    -2.184 r  u_mmcm/inst/clkout1_buf/O
                         net (fo=92, routed)          1.382    -0.802    u_nt39565d/CLK
    SLICE_X46Y177        FDCE                                         r  u_nt39565d/cnt_reg[12]/C
  -------------------------------------------------------------------    -------------------
    SLICE_X46Y177        FDCE (Prop_fdce_C_Q)         0.433    -0.369 f  u_nt39565d/cnt_reg[12]/Q
                         net (fo=2, routed)           0.689     0.320    u_nt39565d/cnt_reg_n_0_[12]
    SLICE_X48Y177        LUT4 (Prop_lut4_I3_O)        0.105     0.425 f  u_nt39565d/oe1_i_7/O
                         net (fo=2, routed)           0.570     0.996    u_nt39565d/oe1_i_7_n_0
    SLICE_X48Y177        LUT5 (Prop_lut5_I3_O)        0.118     1.114 f  u_nt39565d/oe1_i_5/O
                         net (fo=3, routed)           0.690     1.804    u_nt39565d/oe1_i_5_n_0
    SLICE_X49Y175        LUT5 (Prop_lut5_I0_O)        0.278     2.082 f  u_nt39565d/FSM_onehot_state[9]_i_5/O
                         net (fo=19, routed)          1.033     3.115    u_nt39565d/FSM_onehot_state[9]_i_5_n_0
    SLICE_X49Y177        LUT2 (Prop_lut2_I1_O)        0.285     3.400 r  u_nt39565d/cpv_i_1/O
                         net (fo=2, routed)           0.615     4.014    u_nt39565d/cpv8_out
    SLICE_X42Y175        FDCE                                         r  u_nt39565d/cpv_reg/D
  -------------------------------------------------------------------    -------------------

                         (clock clk_out1_clk_wiz_0 rise edge)
                                                     20.000    20.000 r  
    R4                                                0.000    20.000 r  sys_clk (IN)
                         net (fo=0)                   0.000    20.000    u_mmcm/inst/clk_in1
    R4                   IBUF (Prop_ibuf_I_O)         1.353    21.353 r  u_mmcm/inst/clkin1_ibufg/O
                         net (fo=1, routed)           1.004    22.357    u_mmcm/inst/clk_in1_clk_wiz_0
    MMCME2_ADV_X1Y2      MMCME2_ADV (Prop_mmcme2_adv_CLKIN1_CLKOUT0)
                                                     -6.399    15.957 r  u_mmcm/inst/mmcm_adv_inst/CLKOUT0
                         net (fo=1, routed)           1.452    17.410    u_mmcm/inst/clk_out1_clk_wiz_0
    BUFGCTRL_X0Y4        BUFG (Prop_bufg_I_O)         0.077    17.487 r  u_mmcm/inst/clkout1_buf/O
                         net (fo=92, routed)          1.273    18.760    u_nt39565d/CLK
    SLICE_X42Y175        FDCE                                         r  u_nt39565d/cpv_reg/C
                         clock pessimism              0.396    19.155    
                         clock uncertainty           -0.102    19.053    
    SLICE_X42Y175        FDCE (Setup_fdce_C_D)       -0.177    18.876    u_nt39565d/cpv_reg
  -------------------------------------------------------------------
                         required time                         18.876    
                         arrival time                          -4.014    
  -------------------------------------------------------------------
                         slack                                 14.862    

Slack (MET) :             14.899ns  (required time - arrival time)
  Source:                 u_nt39565d/shift_cnt_reg[1]/C
                            (rising edge-triggered cell FDCE clocked by clk_out1_clk_wiz_0  {rise@0.000ns fall@10.000ns period=20.000ns})
  Destination:            u_nt39565d/shift_cnt_reg[14]/D
                            (rising edge-triggered cell FDCE clocked by clk_out1_clk_wiz_0  {rise@0.000ns fall@10.000ns period=20.000ns})
  Path Group:             clk_out1_clk_wiz_0
  Path Type:              Setup (Max at Slow Process Corner)
  Requirement:            20.000ns  (clk_out1_clk_wiz_0 rise@20.000ns - clk_out1_clk_wiz_0 rise@0.000ns)
  Data Path Delay:        5.034ns  (logic 2.080ns (41.321%)  route 2.954ns (58.679%))
  Logic Levels:           6  (CARRY4=4 LUT2=1 LUT3=1)
  Clock Path Skew:        -0.039ns (DCD - SCD + CPR)
    Destination Clock Delay (DCD):    -1.240ns = ( 18.760 - 20.000 ) 
    Source Clock Delay      (SCD):    -0.806ns
    Clock Pessimism Removal (CPR):    0.396ns
  Clock Uncertainty:      0.102ns  ((TSJ^2 + DJ^2)^1/2) / 2 + PE
    Total System Jitter     (TSJ):    0.071ns
    Discrete Jitter          (DJ):    0.192ns
    Phase Error              (PE):    0.000ns

    Location             Delay type                Incr(ns)  Path(ns)    Netlist Resource(s)
  -------------------------------------------------------------------    -------------------
                         (clock clk_out1_clk_wiz_0 rise edge)
                                                      0.000     0.000 r  
    R4                                                0.000     0.000 r  sys_clk (IN)
                         net (fo=0)                   0.000     0.000    u_mmcm/inst/clk_in1
    R4                   IBUF (Prop_ibuf_I_O)         1.419     1.419 r  u_mmcm/inst/clkin1_ibufg/O
                         net (fo=1, routed)           1.065     2.484    u_mmcm/inst/clk_in1_clk_wiz_0
    MMCME2_ADV_X1Y2      MMCME2_ADV (Prop_mmcme2_adv_CLKIN1_CLKOUT0)
                                                     -6.273    -3.789 r  u_mmcm/inst/mmcm_adv_inst/CLKOUT0
                         net (fo=1, routed)           1.524    -2.265    u_mmcm/inst/clk_out1_clk_wiz_0
    BUFGCTRL_X0Y4        BUFG (Prop_bufg_I_O)         0.081    -2.184 r  u_mmcm/inst/clkout1_buf/O
                         net (fo=92, routed)          1.378    -0.806    u_nt39565d/CLK
    SLICE_X55Y174        FDCE                                         r  u_nt39565d/shift_cnt_reg[1]/C
  -------------------------------------------------------------------    -------------------
    SLICE_X55Y174        FDCE (Prop_fdce_C_Q)         0.348    -0.458 r  u_nt39565d/shift_cnt_reg[1]/Q
                         net (fo=1, routed)           0.689     0.231    u_nt39565d/shift_cnt_reg_n_0_[1]
    SLICE_X53Y173        CARRY4 (Prop_carry4_S[0]_CO[3])
                                                      0.682     0.913 r  u_nt39565d/shift_cnt_reg[4]_i_2/CO[3]
                         net (fo=1, routed)           0.000     0.913    u_nt39565d/shift_cnt_reg[4]_i_2_n_0
    SLICE_X53Y174        CARRY4 (Prop_carry4_CI_O[1])
                                                      0.265     1.178 f  u_nt39565d/shift_cnt_reg[8]_i_2/O[1]
                         net (fo=3, routed)           0.857     2.035    u_nt39565d/state2[6]
    SLICE_X54Y174        LUT2 (Prop_lut2_I0_O)        0.250     2.285 r  u_nt39565d/FSM_onehot_state[9]_i_26/O
                         net (fo=1, routed)           0.000     2.285    u_nt39565d/FSM_onehot_state[9]_i_26_n_0
    SLICE_X54Y174        CARRY4 (Prop_carry4_S[3]_CO[3])
                                                      0.332     2.617 r  u_nt39565d/FSM_onehot_state_reg[9]_i_13/CO[3]
                         net (fo=1, routed)           0.008     2.625    u_nt39565d/FSM_onehot_state_reg[9]_i_13_n_0
    SLICE_X54Y175        CARRY4 (Prop_carry4_CI_CO[3])
                                                      0.098     2.723 f  u_nt39565d/FSM_onehot_state_reg[9]_i_8/CO[3]
                         net (fo=18, routed)          1.400     4.123    u_nt39565d/in5
    SLICE_X52Y175        LUT3 (Prop_lut3_I2_O)        0.105     4.228 r  u_nt39565d/shift_cnt[14]_i_1/O
                         net (fo=1, routed)           0.000     4.228    u_nt39565d/shift_cnt[14]_i_1_n_0
    SLICE_X52Y175        FDCE                                         r  u_nt39565d/shift_cnt_reg[14]/D
  -------------------------------------------------------------------    -------------------

                         (clock clk_out1_clk_wiz_0 rise edge)
                                                     20.000    20.000 r  
    R4                                                0.000    20.000 r  sys_clk (IN)
                         net (fo=0)                   0.000    20.000    u_mmcm/inst/clk_in1
    R4                   IBUF (Prop_ibuf_I_O)         1.353    21.353 r  u_mmcm/inst/clkin1_ibufg/O
                         net (fo=1, routed)           1.004    22.357    u_mmcm/inst/clk_in1_clk_wiz_0
    MMCME2_ADV_X1Y2      MMCME2_ADV (Prop_mmcme2_adv_CLKIN1_CLKOUT0)
                                                     -6.399    15.957 r  u_mmcm/inst/mmcm_adv_inst/CLKOUT0
                         net (fo=1, routed)           1.452    17.410    u_mmcm/inst/clk_out1_clk_wiz_0
    BUFGCTRL_X0Y4        BUFG (Prop_bufg_I_O)         0.077    17.487 r  u_mmcm/inst/clkout1_buf/O
                         net (fo=92, routed)          1.273    18.760    u_nt39565d/CLK
    SLICE_X52Y175        FDCE                                         r  u_nt39565d/shift_cnt_reg[14]/C
                         clock pessimism              0.396    19.155    
                         clock uncertainty           -0.102    19.053    
    SLICE_X52Y175        FDCE (Setup_fdce_C_D)        0.074    19.127    u_nt39565d/shift_cnt_reg[14]
  -------------------------------------------------------------------
                         required time                         19.127    
                         arrival time                          -4.228    
  -------------------------------------------------------------------
                         slack                                 14.899    

Slack (MET) :             14.917ns  (required time - arrival time)
  Source:                 u_nt39565d/shift_cnt_reg[1]/C
                            (rising edge-triggered cell FDCE clocked by clk_out1_clk_wiz_0  {rise@0.000ns fall@10.000ns period=20.000ns})
  Destination:            u_nt39565d/shift_cnt_reg[15]/D
                            (rising edge-triggered cell FDCE clocked by clk_out1_clk_wiz_0  {rise@0.000ns fall@10.000ns period=20.000ns})
  Path Group:             clk_out1_clk_wiz_0
  Path Type:              Setup (Max at Slow Process Corner)
  Requirement:            20.000ns  (clk_out1_clk_wiz_0 rise@20.000ns - clk_out1_clk_wiz_0 rise@0.000ns)
  Data Path Delay:        5.048ns  (logic 2.094ns (41.484%)  route 2.954ns (58.516%))
  Logic Levels:           6  (CARRY4=4 LUT2=1 LUT3=1)
  Clock Path Skew:        -0.039ns (DCD - SCD + CPR)
    Destination Clock Delay (DCD):    -1.240ns = ( 18.760 - 20.000 ) 
    Source Clock Delay      (SCD):    -0.806ns
    Clock Pessimism Removal (CPR):    0.396ns
  Clock Uncertainty:      0.102ns  ((TSJ^2 + DJ^2)^1/2) / 2 + PE
    Total System Jitter     (TSJ):    0.071ns
    Discrete Jitter          (DJ):    0.192ns
    Phase Error              (PE):    0.000ns

    Location             Delay type                Incr(ns)  Path(ns)    Netlist Resource(s)
  -------------------------------------------------------------------    -------------------
                         (clock clk_out1_clk_wiz_0 rise edge)
                                                      0.000     0.000 r  
    R4                                                0.000     0.000 r  sys_clk (IN)
                         net (fo=0)                   0.000     0.000    u_mmcm/inst/clk_in1
    R4                   IBUF (Prop_ibuf_I_O)         1.419     1.419 r  u_mmcm/inst/clkin1_ibufg/O
                         net (fo=1, routed)           1.065     2.484    u_mmcm/inst/clk_in1_clk_wiz_0
    MMCME2_ADV_X1Y2      MMCME2_ADV (Prop_mmcme2_adv_CLKIN1_CLKOUT0)
                                                     -6.273    -3.789 r  u_mmcm/inst/mmcm_adv_inst/CLKOUT0
                         net (fo=1, routed)           1.524    -2.265    u_mmcm/inst/clk_out1_clk_wiz_0
    BUFGCTRL_X0Y4        BUFG (Prop_bufg_I_O)         0.081    -2.184 r  u_mmcm/inst/clkout1_buf/O
                         net (fo=92, routed)          1.378    -0.806    u_nt39565d/CLK
    SLICE_X55Y174        FDCE                                         r  u_nt39565d/shift_cnt_reg[1]/C
  -------------------------------------------------------------------    -------------------
    SLICE_X55Y174        FDCE (Prop_fdce_C_Q)         0.348    -0.458 r  u_nt39565d/shift_cnt_reg[1]/Q
                         net (fo=1, routed)           0.689     0.231    u_nt39565d/shift_cnt_reg_n_0_[1]
    SLICE_X53Y173        CARRY4 (Prop_carry4_S[0]_CO[3])
                                                      0.682     0.913 r  u_nt39565d/shift_cnt_reg[4]_i_2/CO[3]
                         net (fo=1, routed)           0.000     0.913    u_nt39565d/shift_cnt_reg[4]_i_2_n_0
    SLICE_X53Y174        CARRY4 (Prop_carry4_CI_O[1])
                                                      0.265     1.178 f  u_nt39565d/shift_cnt_reg[8]_i_2/O[1]
                         net (fo=3, routed)           0.857     2.035    u_nt39565d/state2[6]
    SLICE_X54Y174        LUT2 (Prop_lut2_I0_O)        0.250     2.285 r  u_nt39565d/FSM_onehot_state[9]_i_26/O
                         net (fo=1, routed)           0.000     2.285    u_nt39565d/FSM_onehot_state[9]_i_26_n_0
    SLICE_X54Y174        CARRY4 (Prop_carry4_S[3]_CO[3])
                                                      0.332     2.617 r  u_nt39565d/FSM_onehot_state_reg[9]_i_13/CO[3]
                         net (fo=1, routed)           0.008     2.625    u_nt39565d/FSM_onehot_state_reg[9]_i_13_n_0
    SLICE_X54Y175        CARRY4 (Prop_carry4_CI_CO[3])
                                                      0.098     2.723 f  u_nt39565d/FSM_onehot_state_reg[9]_i_8/CO[3]
                         net (fo=18, routed)          1.400     4.123    u_nt39565d/in5
    SLICE_X52Y175        LUT3 (Prop_lut3_I2_O)        0.119     4.242 r  u_nt39565d/shift_cnt[15]_i_2/O
                         net (fo=1, routed)           0.000     4.242    u_nt39565d/shift_cnt[15]_i_2_n_0
    SLICE_X52Y175        FDCE                                         r  u_nt39565d/shift_cnt_reg[15]/D
  -------------------------------------------------------------------    -------------------

                         (clock clk_out1_clk_wiz_0 rise edge)
                                                     20.000    20.000 r  
    R4                                                0.000    20.000 r  sys_clk (IN)
                         net (fo=0)                   0.000    20.000    u_mmcm/inst/clk_in1
    R4                   IBUF (Prop_ibuf_I_O)         1.353    21.353 r  u_mmcm/inst/clkin1_ibufg/O
                         net (fo=1, routed)           1.004    22.357    u_mmcm/inst/clk_in1_clk_wiz_0
    MMCME2_ADV_X1Y2      MMCME2_ADV (Prop_mmcme2_adv_CLKIN1_CLKOUT0)
                                                     -6.399    15.957 r  u_mmcm/inst/mmcm_adv_inst/CLKOUT0
                         net (fo=1, routed)           1.452    17.410    u_mmcm/inst/clk_out1_clk_wiz_0
    BUFGCTRL_X0Y4        BUFG (Prop_bufg_I_O)         0.077    17.487 r  u_mmcm/inst/clkout1_buf/O
                         net (fo=92, routed)          1.273    18.760    u_nt39565d/CLK
    SLICE_X52Y175        FDCE                                         r  u_nt39565d/shift_cnt_reg[15]/C
                         clock pessimism              0.396    19.155    
                         clock uncertainty           -0.102    19.053    
    SLICE_X52Y175        FDCE (Setup_fdce_C_D)        0.106    19.159    u_nt39565d/shift_cnt_reg[15]
  -------------------------------------------------------------------
                         required time                         19.159    
                         arrival time                          -4.242    
  -------------------------------------------------------------------
                         slack                                 14.917    

Slack (MET) :             14.933ns  (required time - arrival time)
  Source:                 u_nt39565d/cnt_reg[12]/C
                            (rising edge-triggered cell FDCE clocked by clk_out1_clk_wiz_0  {rise@0.000ns fall@10.000ns period=20.000ns})
  Destination:            u_nt39565d/stv1_reg_lopt_replica/D
                            (rising edge-triggered cell FDCE clocked by clk_out1_clk_wiz_0  {rise@0.000ns fall@10.000ns period=20.000ns})
  Path Group:             clk_out1_clk_wiz_0
  Path Type:              Setup (Max at Slow Process Corner)
  Requirement:            20.000ns  (clk_out1_clk_wiz_0 rise@20.000ns - clk_out1_clk_wiz_0 rise@0.000ns)
  Data Path Delay:        4.851ns  (logic 1.299ns (26.778%)  route 3.552ns (73.222%))
  Logic Levels:           5  (LUT2=2 LUT4=1 LUT5=1 LUT6=1)
  Clock Path Skew:        -0.040ns (DCD - SCD + CPR)
    Destination Clock Delay (DCD):    -1.237ns = ( 18.763 - 20.000 ) 
    Source Clock Delay      (SCD):    -0.802ns
    Clock Pessimism Removal (CPR):    0.396ns
  Clock Uncertainty:      0.102ns  ((TSJ^2 + DJ^2)^1/2) / 2 + PE
    Total System Jitter     (TSJ):    0.071ns
    Discrete Jitter          (DJ):    0.192ns
    Phase Error              (PE):    0.000ns

    Location             Delay type                Incr(ns)  Path(ns)    Netlist Resource(s)
  -------------------------------------------------------------------    -------------------
                         (clock clk_out1_clk_wiz_0 rise edge)
                                                      0.000     0.000 r  
    R4                                                0.000     0.000 r  sys_clk (IN)
                         net (fo=0)                   0.000     0.000    u_mmcm/inst/clk_in1
    R4                   IBUF (Prop_ibuf_I_O)         1.419     1.419 r  u_mmcm/inst/clkin1_ibufg/O
                         net (fo=1, routed)           1.065     2.484    u_mmcm/inst/clk_in1_clk_wiz_0
    MMCME2_ADV_X1Y2      MMCME2_ADV (Prop_mmcme2_adv_CLKIN1_CLKOUT0)
                                                     -6.273    -3.789 r  u_mmcm/inst/mmcm_adv_inst/CLKOUT0
                         net (fo=1, routed)           1.524    -2.265    u_mmcm/inst/clk_out1_clk_wiz_0
    BUFGCTRL_X0Y4        BUFG (Prop_bufg_I_O)         0.081    -2.184 r  u_mmcm/inst/clkout1_buf/O
                         net (fo=92, routed)          1.382    -0.802    u_nt39565d/CLK
    SLICE_X46Y177        FDCE                                         r  u_nt39565d/cnt_reg[12]/C
  -------------------------------------------------------------------    -------------------
    SLICE_X46Y177        FDCE (Prop_fdce_C_Q)         0.433    -0.369 f  u_nt39565d/cnt_reg[12]/Q
                         net (fo=2, routed)           0.689     0.320    u_nt39565d/cnt_reg_n_0_[12]
    SLICE_X48Y177        LUT4 (Prop_lut4_I3_O)        0.105     0.425 f  u_nt39565d/oe1_i_7/O
                         net (fo=2, routed)           0.570     0.996    u_nt39565d/oe1_i_7_n_0
    SLICE_X48Y177        LUT5 (Prop_lut5_I3_O)        0.118     1.114 f  u_nt39565d/oe1_i_5/O
                         net (fo=3, routed)           0.238     1.352    u_nt39565d/oe1_i_5_n_0
    SLICE_X49Y176        LUT6 (Prop_lut6_I0_O)        0.264     1.616 f  u_nt39565d/FSM_onehot_state[9]_i_12/O
                         net (fo=2, routed)           0.546     2.161    u_nt39565d/FSM_onehot_state[9]_i_12_n_0
    SLICE_X48Y176        LUT2 (Prop_lut2_I0_O)        0.115     2.276 f  u_nt39565d/FSM_onehot_state[9]_i_7/O
                         net (fo=2, routed)           0.686     2.963    u_nt39565d/FSM_onehot_state[9]_i_7_n_0
    SLICE_X51Y176        LUT2 (Prop_lut2_I1_O)        0.264     3.227 r  u_nt39565d/stv1_i_1/O
                         net (fo=2, routed)           0.823     4.049    u_nt39565d/stv17_out
    SLICE_X51Y172        FDCE                                         r  u_nt39565d/stv1_reg_lopt_replica/D
  -------------------------------------------------------------------    -------------------

                         (clock clk_out1_clk_wiz_0 rise edge)
                                                     20.000    20.000 r  
    R4                                                0.000    20.000 r  sys_clk (IN)
                         net (fo=0)                   0.000    20.000    u_mmcm/inst/clk_in1
    R4                   IBUF (Prop_ibuf_I_O)         1.353    21.353 r  u_mmcm/inst/clkin1_ibufg/O
                         net (fo=1, routed)           1.004    22.357    u_mmcm/inst/clk_in1_clk_wiz_0
    MMCME2_ADV_X1Y2      MMCME2_ADV (Prop_mmcme2_adv_CLKIN1_CLKOUT0)
                                                     -6.399    15.957 r  u_mmcm/inst/mmcm_adv_inst/CLKOUT0
                         net (fo=1, routed)           1.452    17.410    u_mmcm/inst/clk_out1_clk_wiz_0
    BUFGCTRL_X0Y4        BUFG (Prop_bufg_I_O)         0.077    17.487 r  u_mmcm/inst/clkout1_buf/O
                         net (fo=92, routed)          1.276    18.763    u_nt39565d/CLK
    SLICE_X51Y172        FDCE                                         r  u_nt39565d/stv1_reg_lopt_replica/C
                         clock pessimism              0.396    19.158    
                         clock uncertainty           -0.102    19.056    
    SLICE_X51Y172        FDCE (Setup_fdce_C_D)       -0.074    18.982    u_nt39565d/stv1_reg_lopt_replica
  -------------------------------------------------------------------
                         required time                         18.982    
                         arrival time                          -4.049    
  -------------------------------------------------------------------
                         slack                                 14.933    

Slack (MET) :             15.005ns  (required time - arrival time)
  Source:                 u_nt39565d/shift_cnt_reg[1]/C
                            (rising edge-triggered cell FDCE clocked by clk_out1_clk_wiz_0  {rise@0.000ns fall@10.000ns period=20.000ns})
  Destination:            u_nt39565d/shift_cnt_reg[2]/D
                            (rising edge-triggered cell FDCE clocked by clk_out1_clk_wiz_0  {rise@0.000ns fall@10.000ns period=20.000ns})
  Path Group:             clk_out1_clk_wiz_0
  Path Type:              Setup (Max at Slow Process Corner)
  Requirement:            20.000ns  (clk_out1_clk_wiz_0 rise@20.000ns - clk_out1_clk_wiz_0 rise@0.000ns)
  Data Path Delay:        4.929ns  (logic 2.080ns (42.196%)  route 2.849ns (57.804%))
  Logic Levels:           6  (CARRY4=4 LUT2=1 LUT3=1)
  Clock Path Skew:        -0.039ns (DCD - SCD + CPR)
    Destination Clock Delay (DCD):    -1.240ns = ( 18.760 - 20.000 ) 
    Source Clock Delay      (SCD):    -0.806ns
    Clock Pessimism Removal (CPR):    0.396ns
  Clock Uncertainty:      0.102ns  ((TSJ^2 + DJ^2)^1/2) / 2 + PE
    Total System Jitter     (TSJ):    0.071ns
    Discrete Jitter          (DJ):    0.192ns
    Phase Error              (PE):    0.000ns

    Location             Delay type                Incr(ns)  Path(ns)    Netlist Resource(s)
  -------------------------------------------------------------------    -------------------
                         (clock clk_out1_clk_wiz_0 rise edge)
                                                      0.000     0.000 r  
    R4                                                0.000     0.000 r  sys_clk (IN)
                         net (fo=0)                   0.000     0.000    u_mmcm/inst/clk_in1
    R4                   IBUF (Prop_ibuf_I_O)         1.419     1.419 r  u_mmcm/inst/clkin1_ibufg/O
                         net (fo=1, routed)           1.065     2.484    u_mmcm/inst/clk_in1_clk_wiz_0
    MMCME2_ADV_X1Y2      MMCME2_ADV (Prop_mmcme2_adv_CLKIN1_CLKOUT0)
                                                     -6.273    -3.789 r  u_mmcm/inst/mmcm_adv_inst/CLKOUT0
                         net (fo=1, routed)           1.524    -2.265    u_mmcm/inst/clk_out1_clk_wiz_0
    BUFGCTRL_X0Y4        BUFG (Prop_bufg_I_O)         0.081    -2.184 r  u_mmcm/inst/clkout1_buf/O
                         net (fo=92, routed)          1.378    -0.806    u_nt39565d/CLK
    SLICE_X55Y174        FDCE                                         r  u_nt39565d/shift_cnt_reg[1]/C
  -------------------------------------------------------------------    -------------------
    SLICE_X55Y174        FDCE (Prop_fdce_C_Q)         0.348    -0.458 r  u_nt39565d/shift_cnt_reg[1]/Q
                         net (fo=1, routed)           0.689     0.231    u_nt39565d/shift_cnt_reg_n_0_[1]
    SLICE_X53Y173        CARRY4 (Prop_carry4_S[0]_CO[3])
                                                      0.682     0.913 r  u_nt39565d/shift_cnt_reg[4]_i_2/CO[3]
                         net (fo=1, routed)           0.000     0.913    u_nt39565d/shift_cnt_reg[4]_i_2_n_0
    SLICE_X53Y174        CARRY4 (Prop_carry4_CI_O[1])
                                                      0.265     1.178 f  u_nt39565d/shift_cnt_reg[8]_i_2/O[1]
                         net (fo=3, routed)           0.857     2.035    u_nt39565d/state2[6]
    SLICE_X54Y174        LUT2 (Prop_lut2_I0_O)        0.250     2.285 r  u_nt39565d/FSM_onehot_state[9]_i_26/O
                         net (fo=1, routed)           0.000     2.285    u_nt39565d/FSM_onehot_state[9]_i_26_n_0
    SLICE_X54Y174        CARRY4 (Prop_carry4_S[3]_CO[3])
                                                      0.332     2.617 r  u_nt39565d/FSM_onehot_state_reg[9]_i_13/CO[3]
                         net (fo=1, routed)           0.008     2.625    u_nt39565d/FSM_onehot_state_reg[9]_i_13_n_0
    SLICE_X54Y175        CARRY4 (Prop_carry4_CI_CO[3])
                                                      0.098     2.723 f  u_nt39565d/FSM_onehot_state_reg[9]_i_8/CO[3]
                         net (fo=18, routed)          1.295     4.019    u_nt39565d/in5
    SLICE_X52Y174        LUT3 (Prop_lut3_I2_O)        0.105     4.124 r  u_nt39565d/shift_cnt[2]_i_1/O
                         net (fo=1, routed)           0.000     4.124    u_nt39565d/shift_cnt[2]_i_1_n_0
    SLICE_X52Y174        FDCE                                         r  u_nt39565d/shift_cnt_reg[2]/D
  -------------------------------------------------------------------    -------------------

                         (clock clk_out1_clk_wiz_0 rise edge)
                                                     20.000    20.000 r  
    R4                                                0.000    20.000 r  sys_clk (IN)
                         net (fo=0)                   0.000    20.000    u_mmcm/inst/clk_in1
    R4                   IBUF (Prop_ibuf_I_O)         1.353    21.353 r  u_mmcm/inst/clkin1_ibufg/O
                         net (fo=1, routed)           1.004    22.357    u_mmcm/inst/clk_in1_clk_wiz_0
    MMCME2_ADV_X1Y2      MMCME2_ADV (Prop_mmcme2_adv_CLKIN1_CLKOUT0)
                                                     -6.399    15.957 r  u_mmcm/inst/mmcm_adv_inst/CLKOUT0
                         net (fo=1, routed)           1.452    17.410    u_mmcm/inst/clk_out1_clk_wiz_0
    BUFGCTRL_X0Y4        BUFG (Prop_bufg_I_O)         0.077    17.487 r  u_mmcm/inst/clkout1_buf/O
                         net (fo=92, routed)          1.273    18.760    u_nt39565d/CLK
    SLICE_X52Y174        FDCE                                         r  u_nt39565d/shift_cnt_reg[2]/C
                         clock pessimism              0.396    19.155    
                         clock uncertainty           -0.102    19.053    
    SLICE_X52Y174        FDCE (Setup_fdce_C_D)        0.076    19.129    u_nt39565d/shift_cnt_reg[2]
  -------------------------------------------------------------------
                         required time                         19.129    
                         arrival time                          -4.124    
  -------------------------------------------------------------------
                         slack                                 15.005    

Slack (MET) :             15.019ns  (required time - arrival time)
  Source:                 u_nt39565d/shift_cnt_reg[1]/C
                            (rising edge-triggered cell FDCE clocked by clk_out1_clk_wiz_0  {rise@0.000ns fall@10.000ns period=20.000ns})
  Destination:            u_nt39565d/shift_cnt_reg[8]/D
                            (rising edge-triggered cell FDCE clocked by clk_out1_clk_wiz_0  {rise@0.000ns fall@10.000ns period=20.000ns})
  Path Group:             clk_out1_clk_wiz_0
  Path Type:              Setup (Max at Slow Process Corner)
  Requirement:            20.000ns  (clk_out1_clk_wiz_0 rise@20.000ns - clk_out1_clk_wiz_0 rise@0.000ns)
  Data Path Delay:        4.914ns  (logic 2.080ns (42.330%)  route 2.834ns (57.670%))
  Logic Levels:           6  (CARRY4=4 LUT2=1 LUT3=1)
  Clock Path Skew:        -0.039ns (DCD - SCD + CPR)
    Destination Clock Delay (DCD):    -1.240ns = ( 18.760 - 20.000 ) 
    Source Clock Delay      (SCD):    -0.806ns
    Clock Pessimism Removal (CPR):    0.396ns
  Clock Uncertainty:      0.102ns  ((TSJ^2 + DJ^2)^1/2) / 2 + PE
    Total System Jitter     (TSJ):    0.071ns
    Discrete Jitter          (DJ):    0.192ns
    Phase Error              (PE):    0.000ns

    Location             Delay type                Incr(ns)  Path(ns)    Netlist Resource(s)
  -------------------------------------------------------------------    -------------------
                         (clock clk_out1_clk_wiz_0 rise edge)
                                                      0.000     0.000 r  
    R4                                                0.000     0.000 r  sys_clk (IN)
                         net (fo=0)                   0.000     0.000    u_mmcm/inst/clk_in1
    R4                   IBUF (Prop_ibuf_I_O)         1.419     1.419 r  u_mmcm/inst/clkin1_ibufg/O
                         net (fo=1, routed)           1.065     2.484    u_mmcm/inst/clk_in1_clk_wiz_0
    MMCME2_ADV_X1Y2      MMCME2_ADV (Prop_mmcme2_adv_CLKIN1_CLKOUT0)
                                                     -6.273    -3.789 r  u_mmcm/inst/mmcm_adv_inst/CLKOUT0
                         net (fo=1, routed)           1.524    -2.265    u_mmcm/inst/clk_out1_clk_wiz_0
    BUFGCTRL_X0Y4        BUFG (Prop_bufg_I_O)         0.081    -2.184 r  u_mmcm/inst/clkout1_buf/O
                         net (fo=92, routed)          1.378    -0.806    u_nt39565d/CLK
    SLICE_X55Y174        FDCE                                         r  u_nt39565d/shift_cnt_reg[1]/C
  -------------------------------------------------------------------    -------------------
    SLICE_X55Y174        FDCE (Prop_fdce_C_Q)         0.348    -0.458 r  u_nt39565d/shift_cnt_reg[1]/Q
                         net (fo=1, routed)           0.689     0.231    u_nt39565d/shift_cnt_reg_n_0_[1]
    SLICE_X53Y173        CARRY4 (Prop_carry4_S[0]_CO[3])
                                                      0.682     0.913 r  u_nt39565d/shift_cnt_reg[4]_i_2/CO[3]
                         net (fo=1, routed)           0.000     0.913    u_nt39565d/shift_cnt_reg[4]_i_2_n_0
    SLICE_X53Y174        CARRY4 (Prop_carry4_CI_O[1])
                                                      0.265     1.178 f  u_nt39565d/shift_cnt_reg[8]_i_2/O[1]
                         net (fo=3, routed)           0.857     2.035    u_nt39565d/state2[6]
    SLICE_X54Y174        LUT2 (Prop_lut2_I0_O)        0.250     2.285 r  u_nt39565d/FSM_onehot_state[9]_i_26/O
                         net (fo=1, routed)           0.000     2.285    u_nt39565d/FSM_onehot_state[9]_i_26_n_0
    SLICE_X54Y174        CARRY4 (Prop_carry4_S[3]_CO[3])
                                                      0.332     2.617 r  u_nt39565d/FSM_onehot_state_reg[9]_i_13/CO[3]
                         net (fo=1, routed)           0.008     2.625    u_nt39565d/FSM_onehot_state_reg[9]_i_13_n_0
    SLICE_X54Y175        CARRY4 (Prop_carry4_CI_CO[3])
                                                      0.098     2.723 f  u_nt39565d/FSM_onehot_state_reg[9]_i_8/CO[3]
                         net (fo=18, routed)          1.280     4.003    u_nt39565d/in5
    SLICE_X52Y175        LUT3 (Prop_lut3_I2_O)        0.105     4.108 r  u_nt39565d/shift_cnt[8]_i_1/O
                         net (fo=1, routed)           0.000     4.108    u_nt39565d/shift_cnt[8]_i_1_n_0
    SLICE_X52Y175        FDCE                                         r  u_nt39565d/shift_cnt_reg[8]/D
  -------------------------------------------------------------------    -------------------

                         (clock clk_out1_clk_wiz_0 rise edge)
                                                     20.000    20.000 r  
    R4                                                0.000    20.000 r  sys_clk (IN)
                         net (fo=0)                   0.000    20.000    u_mmcm/inst/clk_in1
    R4                   IBUF (Prop_ibuf_I_O)         1.353    21.353 r  u_mmcm/inst/clkin1_ibufg/O
                         net (fo=1, routed)           1.004    22.357    u_mmcm/inst/clk_in1_clk_wiz_0
    MMCME2_ADV_X1Y2      MMCME2_ADV (Prop_mmcme2_adv_CLKIN1_CLKOUT0)
                                                     -6.399    15.957 r  u_mmcm/inst/mmcm_adv_inst/CLKOUT0
                         net (fo=1, routed)           1.452    17.410    u_mmcm/inst/clk_out1_clk_wiz_0
    BUFGCTRL_X0Y4        BUFG (Prop_bufg_I_O)         0.077    17.487 r  u_mmcm/inst/clkout1_buf/O
                         net (fo=92, routed)          1.273    18.760    u_nt39565d/CLK
    SLICE_X52Y175        FDCE                                         r  u_nt39565d/shift_cnt_reg[8]/C
                         clock pessimism              0.396    19.155    
                         clock uncertainty           -0.102    19.053    
    SLICE_X52Y175        FDCE (Setup_fdce_C_D)        0.074    19.127    u_nt39565d/shift_cnt_reg[8]
  -------------------------------------------------------------------
                         required time                         19.127    
                         arrival time                          -4.108    
  -------------------------------------------------------------------
                         slack                                 15.019    

Slack (MET) :             15.022ns  (required time - arrival time)
  Source:                 u_nt39565d/shift_cnt_reg[1]/C
                            (rising edge-triggered cell FDCE clocked by clk_out1_clk_wiz_0  {rise@0.000ns fall@10.000ns period=20.000ns})
  Destination:            u_nt39565d/shift_cnt_reg[3]/D
                            (rising edge-triggered cell FDCE clocked by clk_out1_clk_wiz_0  {rise@0.000ns fall@10.000ns period=20.000ns})
  Path Group:             clk_out1_clk_wiz_0
  Path Type:              Setup (Max at Slow Process Corner)
  Requirement:            20.000ns  (clk_out1_clk_wiz_0 rise@20.000ns - clk_out1_clk_wiz_0 rise@0.000ns)
  Data Path Delay:        4.942ns  (logic 2.093ns (42.348%)  route 2.849ns (57.652%))
  Logic Levels:           6  (CARRY4=4 LUT2=1 LUT3=1)
  Clock Path Skew:        -0.039ns (DCD - SCD + CPR)
    Destination Clock Delay (DCD):    -1.240ns = ( 18.760 - 20.000 ) 
    Source Clock Delay      (SCD):    -0.806ns
    Clock Pessimism Removal (CPR):    0.396ns
  Clock Uncertainty:      0.102ns  ((TSJ^2 + DJ^2)^1/2) / 2 + PE
    Total System Jitter     (TSJ):    0.071ns
    Discrete Jitter          (DJ):    0.192ns
    Phase Error              (PE):    0.000ns

    Location             Delay type                Incr(ns)  Path(ns)    Netlist Resource(s)
  -------------------------------------------------------------------    -------------------
                         (clock clk_out1_clk_wiz_0 rise edge)
                                                      0.000     0.000 r  
    R4                                                0.000     0.000 r  sys_clk (IN)
                         net (fo=0)                   0.000     0.000    u_mmcm/inst/clk_in1
    R4                   IBUF (Prop_ibuf_I_O)         1.419     1.419 r  u_mmcm/inst/clkin1_ibufg/O
                         net (fo=1, routed)           1.065     2.484    u_mmcm/inst/clk_in1_clk_wiz_0
    MMCME2_ADV_X1Y2      MMCME2_ADV (Prop_mmcme2_adv_CLKIN1_CLKOUT0)
                                                     -6.273    -3.789 r  u_mmcm/inst/mmcm_adv_inst/CLKOUT0
                         net (fo=1, routed)           1.524    -2.265    u_mmcm/inst/clk_out1_clk_wiz_0
    BUFGCTRL_X0Y4        BUFG (Prop_bufg_I_O)         0.081    -2.184 r  u_mmcm/inst/clkout1_buf/O
                         net (fo=92, routed)          1.378    -0.806    u_nt39565d/CLK
    SLICE_X55Y174        FDCE                                         r  u_nt39565d/shift_cnt_reg[1]/C
  -------------------------------------------------------------------    -------------------
    SLICE_X55Y174        FDCE (Prop_fdce_C_Q)         0.348    -0.458 r  u_nt39565d/shift_cnt_reg[1]/Q
                         net (fo=1, routed)           0.689     0.231    u_nt39565d/shift_cnt_reg_n_0_[1]
    SLICE_X53Y173        CARRY4 (Prop_carry4_S[0]_CO[3])
                                                      0.682     0.913 r  u_nt39565d/shift_cnt_reg[4]_i_2/CO[3]
                         net (fo=1, routed)           0.000     0.913    u_nt39565d/shift_cnt_reg[4]_i_2_n_0
    SLICE_X53Y174        CARRY4 (Prop_carry4_CI_O[1])
                                                      0.265     1.178 f  u_nt39565d/shift_cnt_reg[8]_i_2/O[1]
                         net (fo=3, routed)           0.857     2.035    u_nt39565d/state2[6]
    SLICE_X54Y174        LUT2 (Prop_lut2_I0_O)        0.250     2.285 r  u_nt39565d/FSM_onehot_state[9]_i_26/O
                         net (fo=1, routed)           0.000     2.285    u_nt39565d/FSM_onehot_state[9]_i_26_n_0
    SLICE_X54Y174        CARRY4 (Prop_carry4_S[3]_CO[3])
                                                      0.332     2.617 r  u_nt39565d/FSM_onehot_state_reg[9]_i_13/CO[3]
                         net (fo=1, routed)           0.008     2.625    u_nt39565d/FSM_onehot_state_reg[9]_i_13_n_0
    SLICE_X54Y175        CARRY4 (Prop_carry4_CI_CO[3])
                                                      0.098     2.723 f  u_nt39565d/FSM_onehot_state_reg[9]_i_8/CO[3]
                         net (fo=18, routed)          1.295     4.019    u_nt39565d/in5
    SLICE_X52Y174        LUT3 (Prop_lut3_I2_O)        0.118     4.137 r  u_nt39565d/shift_cnt[3]_i_1/O
                         net (fo=1, routed)           0.000     4.137    u_nt39565d/shift_cnt[3]_i_1_n_0
    SLICE_X52Y174        FDCE                                         r  u_nt39565d/shift_cnt_reg[3]/D
  -------------------------------------------------------------------    -------------------

                         (clock clk_out1_clk_wiz_0 rise edge)
                                                     20.000    20.000 r  
    R4                                                0.000    20.000 r  sys_clk (IN)
                         net (fo=0)                   0.000    20.000    u_mmcm/inst/clk_in1
    R4                   IBUF (Prop_ibuf_I_O)         1.353    21.353 r  u_mmcm/inst/clkin1_ibufg/O
                         net (fo=1, routed)           1.004    22.357    u_mmcm/inst/clk_in1_clk_wiz_0
    MMCME2_ADV_X1Y2      MMCME2_ADV (Prop_mmcme2_adv_CLKIN1_CLKOUT0)
                                                     -6.399    15.957 r  u_mmcm/inst/mmcm_adv_inst/CLKOUT0
                         net (fo=1, routed)           1.452    17.410    u_mmcm/inst/clk_out1_clk_wiz_0
    BUFGCTRL_X0Y4        BUFG (Prop_bufg_I_O)         0.077    17.487 r  u_mmcm/inst/clkout1_buf/O
                         net (fo=92, routed)          1.273    18.760    u_nt39565d/CLK
    SLICE_X52Y174        FDCE                                         r  u_nt39565d/shift_cnt_reg[3]/C
                         clock pessimism              0.396    19.155    
                         clock uncertainty           -0.102    19.053    
    SLICE_X52Y174        FDCE (Setup_fdce_C_D)        0.106    19.159    u_nt39565d/shift_cnt_reg[3]
  -------------------------------------------------------------------
                         required time                         19.159    
                         arrival time                          -4.137    
  -------------------------------------------------------------------
                         slack                                 15.022    

Slack (MET) :             15.029ns  (required time - arrival time)
  Source:                 u_nt39565d/shift_cnt_reg[1]/C
                            (rising edge-triggered cell FDCE clocked by clk_out1_clk_wiz_0  {rise@0.000ns fall@10.000ns period=20.000ns})
  Destination:            u_nt39565d/shift_cnt_reg[9]/D
                            (rising edge-triggered cell FDCE clocked by clk_out1_clk_wiz_0  {rise@0.000ns fall@10.000ns period=20.000ns})
  Path Group:             clk_out1_clk_wiz_0
  Path Type:              Setup (Max at Slow Process Corner)
  Requirement:            20.000ns  (clk_out1_clk_wiz_0 rise@20.000ns - clk_out1_clk_wiz_0 rise@0.000ns)
  Data Path Delay:        4.936ns  (logic 2.102ns (42.587%)  route 2.834ns (57.413%))
  Logic Levels:           6  (CARRY4=4 LUT2=1 LUT3=1)
  Clock Path Skew:        -0.039ns (DCD - SCD + CPR)
    Destination Clock Delay (DCD):    -1.240ns = ( 18.760 - 20.000 ) 
    Source Clock Delay      (SCD):    -0.806ns
    Clock Pessimism Removal (CPR):    0.396ns
  Clock Uncertainty:      0.102ns  ((TSJ^2 + DJ^2)^1/2) / 2 + PE
    Total System Jitter     (TSJ):    0.071ns
    Discrete Jitter          (DJ):    0.192ns
    Phase Error              (PE):    0.000ns

    Location             Delay type                Incr(ns)  Path(ns)    Netlist Resource(s)
  -------------------------------------------------------------------    -------------------
                         (clock clk_out1_clk_wiz_0 rise edge)
                                                      0.000     0.000 r  
    R4                                                0.000     0.000 r  sys_clk (IN)
                         net (fo=0)                   0.000     0.000    u_mmcm/inst/clk_in1
    R4                   IBUF (Prop_ibuf_I_O)         1.419     1.419 r  u_mmcm/inst/clkin1_ibufg/O
                         net (fo=1, routed)           1.065     2.484    u_mmcm/inst/clk_in1_clk_wiz_0
    MMCME2_ADV_X1Y2      MMCME2_ADV (Prop_mmcme2_adv_CLKIN1_CLKOUT0)
                                                     -6.273    -3.789 r  u_mmcm/inst/mmcm_adv_inst/CLKOUT0
                         net (fo=1, routed)           1.524    -2.265    u_mmcm/inst/clk_out1_clk_wiz_0
    BUFGCTRL_X0Y4        BUFG (Prop_bufg_I_O)         0.081    -2.184 r  u_mmcm/inst/clkout1_buf/O
                         net (fo=92, routed)          1.378    -0.806    u_nt39565d/CLK
    SLICE_X55Y174        FDCE                                         r  u_nt39565d/shift_cnt_reg[1]/C
  -------------------------------------------------------------------    -------------------
    SLICE_X55Y174        FDCE (Prop_fdce_C_Q)         0.348    -0.458 r  u_nt39565d/shift_cnt_reg[1]/Q
                         net (fo=1, routed)           0.689     0.231    u_nt39565d/shift_cnt_reg_n_0_[1]
    SLICE_X53Y173        CARRY4 (Prop_carry4_S[0]_CO[3])
                                                      0.682     0.913 r  u_nt39565d/shift_cnt_reg[4]_i_2/CO[3]
                         net (fo=1, routed)           0.000     0.913    u_nt39565d/shift_cnt_reg[4]_i_2_n_0
    SLICE_X53Y174        CARRY4 (Prop_carry4_CI_O[1])
                                                      0.265     1.178 f  u_nt39565d/shift_cnt_reg[8]_i_2/O[1]
                         net (fo=3, routed)           0.857     2.035    u_nt39565d/state2[6]
    SLICE_X54Y174        LUT2 (Prop_lut2_I0_O)        0.250     2.285 r  u_nt39565d/FSM_onehot_state[9]_i_26/O
                         net (fo=1, routed)           0.000     2.285    u_nt39565d/FSM_onehot_state[9]_i_26_n_0
    SLICE_X54Y174        CARRY4 (Prop_carry4_S[3]_CO[3])
                                                      0.332     2.617 r  u_nt39565d/FSM_onehot_state_reg[9]_i_13/CO[3]
                         net (fo=1, routed)           0.008     2.625    u_nt39565d/FSM_onehot_state_reg[9]_i_13_n_0
    SLICE_X54Y175        CARRY4 (Prop_carry4_CI_CO[3])
                                                      0.098     2.723 f  u_nt39565d/FSM_onehot_state_reg[9]_i_8/CO[3]
                         net (fo=18, routed)          1.280     4.003    u_nt39565d/in5
    SLICE_X52Y175        LUT3 (Prop_lut3_I2_O)        0.127     4.130 r  u_nt39565d/shift_cnt[9]_i_1/O
                         net (fo=1, routed)           0.000     4.130    u_nt39565d/shift_cnt[9]_i_1_n_0
    SLICE_X52Y175        FDCE                                         r  u_nt39565d/shift_cnt_reg[9]/D
  -------------------------------------------------------------------    -------------------

                         (clock clk_out1_clk_wiz_0 rise edge)
                                                     20.000    20.000 r  
    R4                                                0.000    20.000 r  sys_clk (IN)
                         net (fo=0)                   0.000    20.000    u_mmcm/inst/clk_in1
    R4                   IBUF (Prop_ibuf_I_O)         1.353    21.353 r  u_mmcm/inst/clkin1_ibufg/O
                         net (fo=1, routed)           1.004    22.357    u_mmcm/inst/clk_in1_clk_wiz_0
    MMCME2_ADV_X1Y2      MMCME2_ADV (Prop_mmcme2_adv_CLKIN1_CLKOUT0)
                                                     -6.399    15.957 r  u_mmcm/inst/mmcm_adv_inst/CLKOUT0
                         net (fo=1, routed)           1.452    17.410    u_mmcm/inst/clk_out1_clk_wiz_0
    BUFGCTRL_X0Y4        BUFG (Prop_bufg_I_O)         0.077    17.487 r  u_mmcm/inst/clkout1_buf/O
                         net (fo=92, routed)          1.273    18.760    u_nt39565d/CLK
    SLICE_X52Y175        FDCE                                         r  u_nt39565d/shift_cnt_reg[9]/C
                         clock pessimism              0.396    19.155    
                         clock uncertainty           -0.102    19.053    
    SLICE_X52Y175        FDCE (Setup_fdce_C_D)        0.106    19.159    u_nt39565d/shift_cnt_reg[9]
  -------------------------------------------------------------------
                         required time                         19.159    
                         arrival time                          -4.130    
  -------------------------------------------------------------------
                         slack                                 15.029    

Slack (MET) :             15.031ns  (required time - arrival time)
  Source:                 u_nt39565d/cnt_reg[12]/C
                            (rising edge-triggered cell FDCE clocked by clk_out1_clk_wiz_0  {rise@0.000ns fall@10.000ns period=20.000ns})
  Destination:            u_nt39565d/cpv_reg_lopt_replica/D
                            (rising edge-triggered cell FDCE clocked by clk_out1_clk_wiz_0  {rise@0.000ns fall@10.000ns period=20.000ns})
  Path Group:             clk_out1_clk_wiz_0
  Path Type:              Setup (Max at Slow Process Corner)
  Requirement:            20.000ns  (clk_out1_clk_wiz_0 rise@20.000ns - clk_out1_clk_wiz_0 rise@0.000ns)
  Data Path Delay:        4.635ns  (logic 1.219ns (26.302%)  route 3.416ns (73.698%))
  Logic Levels:           4  (LUT2=1 LUT4=1 LUT5=2)
  Clock Path Skew:        -0.043ns (DCD - SCD + CPR)
    Destination Clock Delay (DCD):    -1.240ns = ( 18.760 - 20.000 ) 
    Source Clock Delay      (SCD):    -0.802ns
    Clock Pessimism Removal (CPR):    0.396ns
  Clock Uncertainty:      0.102ns  ((TSJ^2 + DJ^2)^1/2) / 2 + PE
    Total System Jitter     (TSJ):    0.071ns
    Discrete Jitter          (DJ):    0.192ns
    Phase Error              (PE):    0.000ns

    Location             Delay type                Incr(ns)  Path(ns)    Netlist Resource(s)
  -------------------------------------------------------------------    -------------------
                         (clock clk_out1_clk_wiz_0 rise edge)
                                                      0.000     0.000 r  
    R4                                                0.000     0.000 r  sys_clk (IN)
                         net (fo=0)                   0.000     0.000    u_mmcm/inst/clk_in1
    R4                   IBUF (Prop_ibuf_I_O)         1.419     1.419 r  u_mmcm/inst/clkin1_ibufg/O
                         net (fo=1, routed)           1.065     2.484    u_mmcm/inst/clk_in1_clk_wiz_0
    MMCME2_ADV_X1Y2      MMCME2_ADV (Prop_mmcme2_adv_CLKIN1_CLKOUT0)
                                                     -6.273    -3.789 r  u_mmcm/inst/mmcm_adv_inst/CLKOUT0
                         net (fo=1, routed)           1.524    -2.265    u_mmcm/inst/clk_out1_clk_wiz_0
    BUFGCTRL_X0Y4        BUFG (Prop_bufg_I_O)         0.081    -2.184 r  u_mmcm/inst/clkout1_buf/O
                         net (fo=92, routed)          1.382    -0.802    u_nt39565d/CLK
    SLICE_X46Y177        FDCE                                         r  u_nt39565d/cnt_reg[12]/C
  -------------------------------------------------------------------    -------------------
    SLICE_X46Y177        FDCE (Prop_fdce_C_Q)         0.433    -0.369 f  u_nt39565d/cnt_reg[12]/Q
                         net (fo=2, routed)           0.689     0.320    u_nt39565d/cnt_reg_n_0_[12]
    SLICE_X48Y177        LUT4 (Prop_lut4_I3_O)        0.105     0.425 f  u_nt39565d/oe1_i_7/O
                         net (fo=2, routed)           0.570     0.996    u_nt39565d/oe1_i_7_n_0
    SLICE_X48Y177        LUT5 (Prop_lut5_I3_O)        0.118     1.114 f  u_nt39565d/oe1_i_5/O
                         net (fo=3, routed)           0.690     1.804    u_nt39565d/oe1_i_5_n_0
    SLICE_X49Y175        LUT5 (Prop_lut5_I0_O)        0.278     2.082 f  u_nt39565d/FSM_onehot_state[9]_i_5/O
                         net (fo=19, routed)          1.033     3.115    u_nt39565d/FSM_onehot_state[9]_i_5_n_0
    SLICE_X49Y177        LUT2 (Prop_lut2_I1_O)        0.285     3.400 r  u_nt39565d/cpv_i_1/O
                         net (fo=2, routed)           0.434     3.833    u_nt39565d/cpv8_out
    SLICE_X42Y175        FDCE                                         r  u_nt39565d/cpv_reg_lopt_replica/D
  -------------------------------------------------------------------    -------------------

                         (clock clk_out1_clk_wiz_0 rise edge)
                                                     20.000    20.000 r  
    R4                                                0.000    20.000 r  sys_clk (IN)
                         net (fo=0)                   0.000    20.000    u_mmcm/inst/clk_in1
    R4                   IBUF (Prop_ibuf_I_O)         1.353    21.353 r  u_mmcm/inst/clkin1_ibufg/O
                         net (fo=1, routed)           1.004    22.357    u_mmcm/inst/clk_in1_clk_wiz_0
    MMCME2_ADV_X1Y2      MMCME2_ADV (Prop_mmcme2_adv_CLKIN1_CLKOUT0)
                                                     -6.399    15.957 r  u_mmcm/inst/mmcm_adv_inst/CLKOUT0
                         net (fo=1, routed)           1.452    17.410    u_mmcm/inst/clk_out1_clk_wiz_0
    BUFGCTRL_X0Y4        BUFG (Prop_bufg_I_O)         0.077    17.487 r  u_mmcm/inst/clkout1_buf/O
                         net (fo=92, routed)          1.273    18.760    u_nt39565d/CLK
    SLICE_X42Y175        FDCE                                         r  u_nt39565d/cpv_reg_lopt_replica/C
                         clock pessimism              0.396    19.155    
                         clock uncertainty           -0.102    19.053    
    SLICE_X42Y175        FDCE (Setup_fdce_C_D)       -0.189    18.864    u_nt39565d/cpv_reg_lopt_replica
  -------------------------------------------------------------------
                         required time                         18.864    
                         arrival time                          -3.833    
  -------------------------------------------------------------------
                         slack                                 15.031    





Min Delay Paths
--------------------------------------------------------------------------------------
Slack (MET) :             0.184ns  (arrival time - required time)
  Source:                 frame_start_reg/C
                            (rising edge-triggered cell FDCE clocked by clk_out1_clk_wiz_0  {rise@0.000ns fall@10.000ns period=20.000ns})
  Destination:            frame_start_toggle_50m_reg/D
                            (rising edge-triggered cell FDCE clocked by clk_out1_clk_wiz_0  {rise@0.000ns fall@10.000ns period=20.000ns})
  Path Group:             clk_out1_clk_wiz_0
  Path Type:              Hold (Min at Fast Process Corner)
  Requirement:            0.000ns  (clk_out1_clk_wiz_0 rise@0.000ns - clk_out1_clk_wiz_0 rise@0.000ns)
  Data Path Delay:        0.338ns  (logic 0.186ns (55.011%)  route 0.152ns (44.989%))
  Logic Levels:           1  (LUT2=1)
  Clock Path Skew:        0.034ns (DCD - SCD - CPR)
    Destination Clock Delay (DCD):    -0.962ns
    Source Clock Delay      (SCD):    -0.716ns
    Clock Pessimism Removal (CPR):    -0.280ns

    Location             Delay type                Incr(ns)  Path(ns)    Netlist Resource(s)
  -------------------------------------------------------------------    -------------------
                         (clock clk_out1_clk_wiz_0 rise edge)
                                                      0.000     0.000 r  
    R4                                                0.000     0.000 r  sys_clk (IN)
                         net (fo=0)                   0.000     0.000    u_mmcm/inst/clk_in1
    R4                   IBUF (Prop_ibuf_I_O)         0.256     0.256 r  u_mmcm/inst/clkin1_ibufg/O
                         net (fo=1, routed)           0.440     0.696    u_mmcm/inst/clk_in1_clk_wiz_0
    MMCME2_ADV_X1Y2      MMCME2_ADV (Prop_mmcme2_adv_CLKIN1_CLKOUT0)
                                                     -2.540    -1.844 r  u_mmcm/inst/mmcm_adv_inst/CLKOUT0
                         net (fo=1, routed)           0.531    -1.313    u_mmcm/inst/clk_out1_clk_wiz_0
    BUFGCTRL_X0Y4        BUFG (Prop_bufg_I_O)         0.026    -1.287 r  u_mmcm/inst/clkout1_buf/O
                         net (fo=92, routed)          0.571    -0.716    gate_clk
    SLICE_X53Y174        FDCE                                         r  frame_start_reg/C
  -------------------------------------------------------------------    -------------------
    SLICE_X53Y174        FDCE (Prop_fdce_C_Q)         0.141    -0.575 r  frame_start_reg/Q
                         net (fo=3, routed)           0.152    -0.423    frame_start_reg_n_0
    SLICE_X52Y176        LUT2 (Prop_lut2_I0_O)        0.045    -0.378 r  frame_start_toggle_50m_i_1/O
                         net (fo=1, routed)           0.000    -0.378    frame_start_toggle_50m_i_1_n_0
    SLICE_X52Y176        FDCE                                         r  frame_start_toggle_50m_reg/D
  -------------------------------------------------------------------    -------------------

                         (clock clk_out1_clk_wiz_0 rise edge)
                                                      0.000     0.000 r  
    R4                                                0.000     0.000 r  sys_clk (IN)
                         net (fo=0)                   0.000     0.000    u_mmcm/inst/clk_in1
    R4                   IBUF (Prop_ibuf_I_O)         0.444     0.444 r  u_mmcm/inst/clkin1_ibufg/O
                         net (fo=1, routed)           0.480     0.924    u_mmcm/inst/clk_in1_clk_wiz_0
    MMCME2_ADV_X1Y2      MMCME2_ADV (Prop_mmcme2_adv_CLKIN1_CLKOUT0)
                                                     -3.332    -2.409 r  u_mmcm/inst/mmcm_adv_inst/CLKOUT0
                         net (fo=1, routed)           0.579    -1.830    u_mmcm/inst/clk_out1_clk_wiz_0
    BUFGCTRL_X0Y4        BUFG (Prop_bufg_I_O)         0.029    -1.801 r  u_mmcm/inst/clkout1_buf/O
                         net (fo=92, routed)          0.838    -0.962    gate_clk
    SLICE_X52Y176        FDCE                                         r  frame_start_toggle_50m_reg/C
                         clock pessimism              0.280    -0.682    
    SLICE_X52Y176        FDCE (Hold_fdce_C_D)         0.120    -0.562    frame_start_toggle_50m_reg
  -------------------------------------------------------------------
                         required time                          0.562    
                         arrival time                          -0.378    
  -------------------------------------------------------------------
                         slack                                  0.184    

Slack (MET) :             0.207ns  (arrival time - required time)
  Source:                 u_nt39565d/FSM_onehot_state_reg[0]/C
                            (rising edge-triggered cell FDPE clocked by clk_out1_clk_wiz_0  {rise@0.000ns fall@10.000ns period=20.000ns})
  Destination:            u_nt39565d/FSM_onehot_state_reg[1]/D
                            (rising edge-triggered cell FDCE clocked by clk_out1_clk_wiz_0  {rise@0.000ns fall@10.000ns period=20.000ns})
  Path Group:             clk_out1_clk_wiz_0
  Path Type:              Hold (Min at Fast Process Corner)
  Requirement:            0.000ns  (clk_out1_clk_wiz_0 rise@0.000ns - clk_out1_clk_wiz_0 rise@0.000ns)
  Data Path Delay:        0.311ns  (logic 0.186ns (59.822%)  route 0.125ns (40.178%))
  Logic Levels:           1  (LUT2=1)
  Clock Path Skew:        0.013ns (DCD - SCD - CPR)
    Destination Clock Delay (DCD):    -0.962ns
    Source Clock Delay      (SCD):    -0.715ns
    Clock Pessimism Removal (CPR):    -0.260ns

    Location             Delay type                Incr(ns)  Path(ns)    Netlist Resource(s)
  -------------------------------------------------------------------    -------------------
                         (clock clk_out1_clk_wiz_0 rise edge)
                                                      0.000     0.000 r  
    R4                                                0.000     0.000 r  sys_clk (IN)
                         net (fo=0)                   0.000     0.000    u_mmcm/inst/clk_in1
    R4                   IBUF (Prop_ibuf_I_O)         0.256     0.256 r  u_mmcm/inst/clkin1_ibufg/O
                         net (fo=1, routed)           0.440     0.696    u_mmcm/inst/clk_in1_clk_wiz_0
    MMCME2_ADV_X1Y2      MMCME2_ADV (Prop_mmcme2_adv_CLKIN1_CLKOUT0)
                                                     -2.540    -1.844 r  u_mmcm/inst/mmcm_adv_inst/CLKOUT0
                         net (fo=1, routed)           0.531    -1.313    u_mmcm/inst/clk_out1_clk_wiz_0
    BUFGCTRL_X0Y4        BUFG (Prop_bufg_I_O)         0.026    -1.287 r  u_mmcm/inst/clkout1_buf/O
                         net (fo=92, routed)          0.572    -0.715    u_nt39565d/CLK
    SLICE_X51Y176        FDPE                                         r  u_nt39565d/FSM_onehot_state_reg[0]/C
  -------------------------------------------------------------------    -------------------
    SLICE_X51Y176        FDPE (Prop_fdpe_C_Q)         0.141    -0.574 r  u_nt39565d/FSM_onehot_state_reg[0]/Q
                         net (fo=13, routed)          0.125    -0.449    u_nt39565d/FSM_onehot_state_reg_n_0_[0]
    SLICE_X50Y176        LUT2 (Prop_lut2_I0_O)        0.045    -0.404 r  u_nt39565d/FSM_onehot_state[1]_i_1/O
                         net (fo=1, routed)           0.000    -0.404    u_nt39565d/FSM_onehot_state[1]_i_1_n_0
    SLICE_X50Y176        FDCE                                         r  u_nt39565d/FSM_onehot_state_reg[1]/D
  -------------------------------------------------------------------    -------------------

                         (clock clk_out1_clk_wiz_0 rise edge)
                                                      0.000     0.000 r  
    R4                                                0.000     0.000 r  sys_clk (IN)
                         net (fo=0)                   0.000     0.000    u_mmcm/inst/clk_in1
    R4                   IBUF (Prop_ibuf_I_O)         0.444     0.444 r  u_mmcm/inst/clkin1_ibufg/O
                         net (fo=1, routed)           0.480     0.924    u_mmcm/inst/clk_in1_clk_wiz_0
    MMCME2_ADV_X1Y2      MMCME2_ADV (Prop_mmcme2_adv_CLKIN1_CLKOUT0)
                                                     -3.332    -2.409 r  u_mmcm/inst/mmcm_adv_inst/CLKOUT0
                         net (fo=1, routed)           0.579    -1.830    u_mmcm/inst/clk_out1_clk_wiz_0
    BUFGCTRL_X0Y4        BUFG (Prop_bufg_I_O)         0.029    -1.801 r  u_mmcm/inst/clkout1_buf/O
                         net (fo=92, routed)          0.838    -0.962    u_nt39565d/CLK
    SLICE_X50Y176        FDCE                                         r  u_nt39565d/FSM_onehot_state_reg[1]/C
                         clock pessimism              0.260    -0.702    
    SLICE_X50Y176        FDCE (Hold_fdce_C_D)         0.091    -0.611    u_nt39565d/FSM_onehot_state_reg[1]
  -------------------------------------------------------------------
                         required time                          0.611    
                         arrival time                          -0.404    
  -------------------------------------------------------------------
                         slack                                  0.207    

Slack (MET) :             0.216ns  (arrival time - required time)
  Source:                 frame_done_sync2_reg/C
                            (rising edge-triggered cell FDCE clocked by clk_out1_clk_wiz_0  {rise@0.000ns fall@10.000ns period=20.000ns})
  Destination:            frame_done_sync3_reg/D
                            (rising edge-triggered cell FDCE clocked by clk_out1_clk_wiz_0  {rise@0.000ns fall@10.000ns period=20.000ns})
  Path Group:             clk_out1_clk_wiz_0
  Path Type:              Hold (Min at Fast Process Corner)
  Requirement:            0.000ns  (clk_out1_clk_wiz_0 rise@0.000ns - clk_out1_clk_wiz_0 rise@0.000ns)
  Data Path Delay:        0.305ns  (logic 0.141ns (46.221%)  route 0.164ns (53.779%))
  Logic Levels:           0  
  Clock Path Skew:        0.032ns (DCD - SCD - CPR)
    Destination Clock Delay (DCD):    -0.963ns
    Source Clock Delay      (SCD):    -0.715ns
    Clock Pessimism Removal (CPR):    -0.280ns

    Location             Delay type                Incr(ns)  Path(ns)    Netlist Resource(s)
  -------------------------------------------------------------------    -------------------
                         (clock clk_out1_clk_wiz_0 rise edge)
                                                      0.000     0.000 r  
    R4                                                0.000     0.000 r  sys_clk (IN)
                         net (fo=0)                   0.000     0.000    u_mmcm/inst/clk_in1
    R4                   IBUF (Prop_ibuf_I_O)         0.256     0.256 r  u_mmcm/inst/clkin1_ibufg/O
                         net (fo=1, routed)           0.440     0.696    u_mmcm/inst/clk_in1_clk_wiz_0
    MMCME2_ADV_X1Y2      MMCME2_ADV (Prop_mmcme2_adv_CLKIN1_CLKOUT0)
                                                     -2.540    -1.844 r  u_mmcm/inst/mmcm_adv_inst/CLKOUT0
                         net (fo=1, routed)           0.531    -1.313    u_mmcm/inst/clk_out1_clk_wiz_0
    BUFGCTRL_X0Y4        BUFG (Prop_bufg_I_O)         0.026    -1.287 r  u_mmcm/inst/clkout1_buf/O
                         net (fo=92, routed)          0.572    -0.715    gate_clk
    SLICE_X53Y173        FDCE                                         r  frame_done_sync2_reg/C
  -------------------------------------------------------------------    -------------------
    SLICE_X53Y173        FDCE (Prop_fdce_C_Q)         0.141    -0.574 r  frame_done_sync2_reg/Q
                         net (fo=3, routed)           0.164    -0.410    frame_done_sync2
    SLICE_X54Y174        FDCE                                         r  frame_done_sync3_reg/D
  -------------------------------------------------------------------    -------------------

                         (clock clk_out1_clk_wiz_0 rise edge)
                                                      0.000     0.000 r  
    R4                                                0.000     0.000 r  sys_clk (IN)
                         net (fo=0)                   0.000     0.000    u_mmcm/inst/clk_in1
    R4                   IBUF (Prop_ibuf_I_O)         0.444     0.444 r  u_mmcm/inst/clkin1_ibufg/O
                         net (fo=1, routed)           0.480     0.924    u_mmcm/inst/clk_in1_clk_wiz_0
    MMCME2_ADV_X1Y2      MMCME2_ADV (Prop_mmcme2_adv_CLKIN1_CLKOUT0)
                                                     -3.332    -2.409 r  u_mmcm/inst/mmcm_adv_inst/CLKOUT0
                         net (fo=1, routed)           0.579    -1.830    u_mmcm/inst/clk_out1_clk_wiz_0
    BUFGCTRL_X0Y4        BUFG (Prop_bufg_I_O)         0.029    -1.801 r  u_mmcm/inst/clkout1_buf/O
                         net (fo=92, routed)          0.837    -0.963    gate_clk
    SLICE_X54Y174        FDCE                                         r  frame_done_sync3_reg/C
                         clock pessimism              0.280    -0.683    
    SLICE_X54Y174        FDCE (Hold_fdce_C_D)         0.057    -0.626    frame_done_sync3_reg
  -------------------------------------------------------------------
                         required time                          0.626    
                         arrival time                          -0.410    
  -------------------------------------------------------------------
                         slack                                  0.216    

Slack (MET) :             0.225ns  (arrival time - required time)
  Source:                 u_nt39565d/FSM_onehot_state_reg[6]/C
                            (rising edge-triggered cell FDCE clocked by clk_out1_clk_wiz_0  {rise@0.000ns fall@10.000ns period=20.000ns})
  Destination:            u_nt39565d/FSM_onehot_state_reg[9]/D
                            (rising edge-triggered cell FDCE clocked by clk_out1_clk_wiz_0  {rise@0.000ns fall@10.000ns period=20.000ns})
  Path Group:             clk_out1_clk_wiz_0
  Path Type:              Hold (Min at Fast Process Corner)
  Requirement:            0.000ns  (clk_out1_clk_wiz_0 rise@0.000ns - clk_out1_clk_wiz_0 rise@0.000ns)
  Data Path Delay:        0.329ns  (logic 0.186ns (56.467%)  route 0.143ns (43.533%))
  Logic Levels:           1  (LUT6=1)
  Clock Path Skew:        0.012ns (DCD - SCD - CPR)
    Destination Clock Delay (DCD):    -0.963ns
    Source Clock Delay      (SCD):    -0.715ns
    Clock Pessimism Removal (CPR):    -0.260ns

    Location             Delay type                Incr(ns)  Path(ns)    Netlist Resource(s)
  -------------------------------------------------------------------    -------------------
                         (clock clk_out1_clk_wiz_0 rise edge)
                                                      0.000     0.000 r  
    R4                                                0.000     0.000 r  sys_clk (IN)
                         net (fo=0)                   0.000     0.000    u_mmcm/inst/clk_in1
    R4                   IBUF (Prop_ibuf_I_O)         0.256     0.256 r  u_mmcm/inst/clkin1_ibufg/O
                         net (fo=1, routed)           0.440     0.696    u_mmcm/inst/clk_in1_clk_wiz_0
    MMCME2_ADV_X1Y2      MMCME2_ADV (Prop_mmcme2_adv_CLKIN1_CLKOUT0)
                                                     -2.540    -1.844 r  u_mmcm/inst/mmcm_adv_inst/CLKOUT0
                         net (fo=1, routed)           0.531    -1.313    u_mmcm/inst/clk_out1_clk_wiz_0
    BUFGCTRL_X0Y4        BUFG (Prop_bufg_I_O)         0.026    -1.287 r  u_mmcm/inst/clkout1_buf/O
                         net (fo=92, routed)          0.572    -0.715    u_nt39565d/CLK
    SLICE_X51Y176        FDCE                                         r  u_nt39565d/FSM_onehot_state_reg[6]/C
  -------------------------------------------------------------------    -------------------
    SLICE_X51Y176        FDCE (Prop_fdce_C_Q)         0.141    -0.574 f  u_nt39565d/FSM_onehot_state_reg[6]/Q
                         net (fo=26, routed)          0.143    -0.431    u_nt39565d/FSM_onehot_state_reg_n_0_[6]
    SLICE_X51Y175        LUT6 (Prop_lut6_I3_O)        0.045    -0.386 r  u_nt39565d/FSM_onehot_state[9]_i_2/O
                         net (fo=1, routed)           0.000    -0.386    u_nt39565d/FSM_onehot_state[9]_i_2_n_0
    SLICE_X51Y175        FDCE                                         r  u_nt39565d/FSM_onehot_state_reg[9]/D
  -------------------------------------------------------------------    -------------------

                         (clock clk_out1_clk_wiz_0 rise edge)
                                                      0.000     0.000 r  
    R4                                                0.000     0.000 r  sys_clk (IN)
                         net (fo=0)                   0.000     0.000    u_mmcm/inst/clk_in1
    R4                   IBUF (Prop_ibuf_I_O)         0.444     0.444 r  u_mmcm/inst/clkin1_ibufg/O
                         net (fo=1, routed)           0.480     0.924    u_mmcm/inst/clk_in1_clk_wiz_0
    MMCME2_ADV_X1Y2      MMCME2_ADV (Prop_mmcme2_adv_CLKIN1_CLKOUT0)
                                                     -3.332    -2.409 r  u_mmcm/inst/mmcm_adv_inst/CLKOUT0
                         net (fo=1, routed)           0.579    -1.830    u_mmcm/inst/clk_out1_clk_wiz_0
    BUFGCTRL_X0Y4        BUFG (Prop_bufg_I_O)         0.029    -1.801 r  u_mmcm/inst/clkout1_buf/O
                         net (fo=92, routed)          0.837    -0.963    u_nt39565d/CLK
    SLICE_X51Y175        FDCE                                         r  u_nt39565d/FSM_onehot_state_reg[9]/C
                         clock pessimism              0.260    -0.703    
    SLICE_X51Y175        FDCE (Hold_fdce_C_D)         0.092    -0.611    u_nt39565d/FSM_onehot_state_reg[9]
  -------------------------------------------------------------------
                         required time                          0.611    
                         arrival time                          -0.386    
  -------------------------------------------------------------------
                         slack                                  0.225    

Slack (MET) :             0.227ns  (arrival time - required time)
  Source:                 u_nt39565d/FSM_onehot_state_reg[6]/C
                            (rising edge-triggered cell FDCE clocked by clk_out1_clk_wiz_0  {rise@0.000ns fall@10.000ns period=20.000ns})
  Destination:            u_nt39565d/FSM_onehot_state_reg[8]/D
                            (rising edge-triggered cell FDCE clocked by clk_out1_clk_wiz_0  {rise@0.000ns fall@10.000ns period=20.000ns})
  Path Group:             clk_out1_clk_wiz_0
  Path Type:              Hold (Min at Fast Process Corner)
  Requirement:            0.000ns  (clk_out1_clk_wiz_0 rise@0.000ns - clk_out1_clk_wiz_0 rise@0.000ns)
  Data Path Delay:        0.330ns  (logic 0.186ns (56.296%)  route 0.144ns (43.704%))
  Logic Levels:           1  (LUT6=1)
  Clock Path Skew:        0.012ns (DCD - SCD - CPR)
    Destination Clock Delay (DCD):    -0.963ns
    Source Clock Delay      (SCD):    -0.715ns
    Clock Pessimism Removal (CPR):    -0.260ns

    Location             Delay type                Incr(ns)  Path(ns)    Netlist Resource(s)
  -------------------------------------------------------------------    -------------------
                         (clock clk_out1_clk_wiz_0 rise edge)
                                                      0.000     0.000 r  
    R4                                                0.000     0.000 r  sys_clk (IN)
                         net (fo=0)                   0.000     0.000    u_mmcm/inst/clk_in1
    R4                   IBUF (Prop_ibuf_I_O)         0.256     0.256 r  u_mmcm/inst/clkin1_ibufg/O
                         net (fo=1, routed)           0.440     0.696    u_mmcm/inst/clk_in1_clk_wiz_0
    MMCME2_ADV_X1Y2      MMCME2_ADV (Prop_mmcme2_adv_CLKIN1_CLKOUT0)
                                                     -2.540    -1.844 r  u_mmcm/inst/mmcm_adv_inst/CLKOUT0
                         net (fo=1, routed)           0.531    -1.313    u_mmcm/inst/clk_out1_clk_wiz_0
    BUFGCTRL_X0Y4        BUFG (Prop_bufg_I_O)         0.026    -1.287 r  u_mmcm/inst/clkout1_buf/O
                         net (fo=92, routed)          0.572    -0.715    u_nt39565d/CLK
    SLICE_X51Y176        FDCE                                         r  u_nt39565d/FSM_onehot_state_reg[6]/C
  -------------------------------------------------------------------    -------------------
    SLICE_X51Y176        FDCE (Prop_fdce_C_Q)         0.141    -0.574 f  u_nt39565d/FSM_onehot_state_reg[6]/Q
                         net (fo=26, routed)          0.144    -0.430    u_nt39565d/FSM_onehot_state_reg_n_0_[6]
    SLICE_X51Y175        LUT6 (Prop_lut6_I4_O)        0.045    -0.385 r  u_nt39565d/FSM_onehot_state[8]_i_1/O
                         net (fo=1, routed)           0.000    -0.385    u_nt39565d/FSM_onehot_state[8]_i_1_n_0
    SLICE_X51Y175        FDCE                                         r  u_nt39565d/FSM_onehot_state_reg[8]/D
  -------------------------------------------------------------------    -------------------

                         (clock clk_out1_clk_wiz_0 rise edge)
                                                      0.000     0.000 r  
    R4                                                0.000     0.000 r  sys_clk (IN)
                         net (fo=0)                   0.000     0.000    u_mmcm/inst/clk_in1
    R4                   IBUF (Prop_ibuf_I_O)         0.444     0.444 r  u_mmcm/inst/clkin1_ibufg/O
                         net (fo=1, routed)           0.480     0.924    u_mmcm/inst/clk_in1_clk_wiz_0
    MMCME2_ADV_X1Y2      MMCME2_ADV (Prop_mmcme2_adv_CLKIN1_CLKOUT0)
                                                     -3.332    -2.409 r  u_mmcm/inst/mmcm_adv_inst/CLKOUT0
                         net (fo=1, routed)           0.579    -1.830    u_mmcm/inst/clk_out1_clk_wiz_0
    BUFGCTRL_X0Y4        BUFG (Prop_bufg_I_O)         0.029    -1.801 r  u_mmcm/inst/clkout1_buf/O
                         net (fo=92, routed)          0.837    -0.963    u_nt39565d/CLK
    SLICE_X51Y175        FDCE                                         r  u_nt39565d/FSM_onehot_state_reg[8]/C
                         clock pessimism              0.260    -0.703    
    SLICE_X51Y175        FDCE (Hold_fdce_C_D)         0.091    -0.612    u_nt39565d/FSM_onehot_state_reg[8]
  -------------------------------------------------------------------
                         required time                          0.612    
                         arrival time                          -0.385    
  -------------------------------------------------------------------
                         slack                                  0.227    

Slack (MET) :             0.237ns  (arrival time - required time)
  Source:                 cfg_done_sync1_reg/C
                            (rising edge-triggered cell FDCE clocked by clk_out1_clk_wiz_0  {rise@0.000ns fall@10.000ns period=20.000ns})
  Destination:            cfg_done_sync2_reg/D
                            (rising edge-triggered cell FDCE clocked by clk_out1_clk_wiz_0  {rise@0.000ns fall@10.000ns period=20.000ns})
  Path Group:             clk_out1_clk_wiz_0
  Path Type:              Hold (Min at Fast Process Corner)
  Requirement:            0.000ns  (clk_out1_clk_wiz_0 rise@0.000ns - clk_out1_clk_wiz_0 rise@0.000ns)
  Data Path Delay:        0.298ns  (logic 0.141ns (47.245%)  route 0.157ns (52.755%))
  Logic Levels:           0  
  Clock Path Skew:        0.000ns (DCD - SCD - CPR)
    Destination Clock Delay (DCD):    -0.963ns
    Source Clock Delay      (SCD):    -0.716ns
    Clock Pessimism Removal (CPR):    -0.247ns

    Location             Delay type                Incr(ns)  Path(ns)    Netlist Resource(s)
  -------------------------------------------------------------------    -------------------
                         (clock clk_out1_clk_wiz_0 rise edge)
                                                      0.000     0.000 r  
    R4                                                0.000     0.000 r  sys_clk (IN)
                         net (fo=0)                   0.000     0.000    u_mmcm/inst/clk_in1
    R4                   IBUF (Prop_ibuf_I_O)         0.256     0.256 r  u_mmcm/inst/clkin1_ibufg/O
                         net (fo=1, routed)           0.440     0.696    u_mmcm/inst/clk_in1_clk_wiz_0
    MMCME2_ADV_X1Y2      MMCME2_ADV (Prop_mmcme2_adv_CLKIN1_CLKOUT0)
                                                     -2.540    -1.844 r  u_mmcm/inst/mmcm_adv_inst/CLKOUT0
                         net (fo=1, routed)           0.531    -1.313    u_mmcm/inst/clk_out1_clk_wiz_0
    BUFGCTRL_X0Y4        BUFG (Prop_bufg_I_O)         0.026    -1.287 r  u_mmcm/inst/clkout1_buf/O
                         net (fo=92, routed)          0.571    -0.716    gate_clk
    SLICE_X53Y174        FDCE                                         r  cfg_done_sync1_reg/C
  -------------------------------------------------------------------    -------------------
    SLICE_X53Y174        FDCE (Prop_fdce_C_Q)         0.141    -0.575 r  cfg_done_sync1_reg/Q
                         net (fo=1, routed)           0.157    -0.418    cfg_done_sync1
    SLICE_X53Y174        FDCE                                         r  cfg_done_sync2_reg/D
  -------------------------------------------------------------------    -------------------

                         (clock clk_out1_clk_wiz_0 rise edge)
                                                      0.000     0.000 r  
    R4                                                0.000     0.000 r  sys_clk (IN)
                         net (fo=0)                   0.000     0.000    u_mmcm/inst/clk_in1
    R4                   IBUF (Prop_ibuf_I_O)         0.444     0.444 r  u_mmcm/inst/clkin1_ibufg/O
                         net (fo=1, routed)           0.480     0.924    u_mmcm/inst/clk_in1_clk_wiz_0
    MMCME2_ADV_X1Y2      MMCME2_ADV (Prop_mmcme2_adv_CLKIN1_CLKOUT0)
                                                     -3.332    -2.409 r  u_mmcm/inst/mmcm_adv_inst/CLKOUT0
                         net (fo=1, routed)           0.579    -1.830    u_mmcm/inst/clk_out1_clk_wiz_0
    BUFGCTRL_X0Y4        BUFG (Prop_bufg_I_O)         0.029    -1.801 r  u_mmcm/inst/clkout1_buf/O
                         net (fo=92, routed)          0.837    -0.963    gate_clk
    SLICE_X53Y174        FDCE                                         r  cfg_done_sync2_reg/C
                         clock pessimism              0.247    -0.716    
    SLICE_X53Y174        FDCE (Hold_fdce_C_D)         0.061    -0.655    cfg_done_sync2_reg
  -------------------------------------------------------------------
                         required time                          0.655    
                         arrival time                          -0.418    
  -------------------------------------------------------------------
                         slack                                  0.237    

Slack (MET) :             0.243ns  (arrival time - required time)
  Source:                 u_nt39565d/FSM_onehot_state_reg[1]/C
                            (rising edge-triggered cell FDCE clocked by clk_out1_clk_wiz_0  {rise@0.000ns fall@10.000ns period=20.000ns})
  Destination:            u_nt39565d/FSM_onehot_state_reg[6]/D
                            (rising edge-triggered cell FDCE clocked by clk_out1_clk_wiz_0  {rise@0.000ns fall@10.000ns period=20.000ns})
  Path Group:             clk_out1_clk_wiz_0
  Path Type:              Hold (Min at Fast Process Corner)
  Requirement:            0.000ns  (clk_out1_clk_wiz_0 rise@0.000ns - clk_out1_clk_wiz_0 rise@0.000ns)
  Data Path Delay:        0.348ns  (logic 0.186ns (53.451%)  route 0.162ns (46.549%))
  Logic Levels:           1  (LUT6=1)
  Clock Path Skew:        0.013ns (DCD - SCD - CPR)
    Destination Clock Delay (DCD):    -0.962ns
    Source Clock Delay      (SCD):    -0.715ns
    Clock Pessimism Removal (CPR):    -0.260ns

    Location             Delay type                Incr(ns)  Path(ns)    Netlist Resource(s)
  -------------------------------------------------------------------    -------------------
                         (clock clk_out1_clk_wiz_0 rise edge)
                                                      0.000     0.000 r  
    R4                                                0.000     0.000 r  sys_clk (IN)
                         net (fo=0)                   0.000     0.000    u_mmcm/inst/clk_in1
    R4                   IBUF (Prop_ibuf_I_O)         0.256     0.256 r  u_mmcm/inst/clkin1_ibufg/O
                         net (fo=1, routed)           0.440     0.696    u_mmcm/inst/clk_in1_clk_wiz_0
    MMCME2_ADV_X1Y2      MMCME2_ADV (Prop_mmcme2_adv_CLKIN1_CLKOUT0)
                                                     -2.540    -1.844 r  u_mmcm/inst/mmcm_adv_inst/CLKOUT0
                         net (fo=1, routed)           0.531    -1.313    u_mmcm/inst/clk_out1_clk_wiz_0
    BUFGCTRL_X0Y4        BUFG (Prop_bufg_I_O)         0.026    -1.287 r  u_mmcm/inst/clkout1_buf/O
                         net (fo=92, routed)          0.572    -0.715    u_nt39565d/CLK
    SLICE_X50Y176        FDCE                                         r  u_nt39565d/FSM_onehot_state_reg[1]/C
  -------------------------------------------------------------------    -------------------
    SLICE_X50Y176        FDCE (Prop_fdce_C_Q)         0.141    -0.574 f  u_nt39565d/FSM_onehot_state_reg[1]/Q
                         net (fo=14, routed)          0.162    -0.412    u_nt39565d/FSM_onehot_state_reg_n_0_[1]
    SLICE_X51Y176        LUT6 (Prop_lut6_I0_O)        0.045    -0.367 r  u_nt39565d/FSM_onehot_state[6]_i_1/O
                         net (fo=1, routed)           0.000    -0.367    u_nt39565d/FSM_onehot_state[6]_i_1_n_0
    SLICE_X51Y176        FDCE                                         r  u_nt39565d/FSM_onehot_state_reg[6]/D
  -------------------------------------------------------------------    -------------------

                         (clock clk_out1_clk_wiz_0 rise edge)
                                                      0.000     0.000 r  
    R4                                                0.000     0.000 r  sys_clk (IN)
                         net (fo=0)                   0.000     0.000    u_mmcm/inst/clk_in1
    R4                   IBUF (Prop_ibuf_I_O)         0.444     0.444 r  u_mmcm/inst/clkin1_ibufg/O
                         net (fo=1, routed)           0.480     0.924    u_mmcm/inst/clk_in1_clk_wiz_0
    MMCME2_ADV_X1Y2      MMCME2_ADV (Prop_mmcme2_adv_CLKIN1_CLKOUT0)
                                                     -3.332    -2.409 r  u_mmcm/inst/mmcm_adv_inst/CLKOUT0
                         net (fo=1, routed)           0.579    -1.830    u_mmcm/inst/clk_out1_clk_wiz_0
    BUFGCTRL_X0Y4        BUFG (Prop_bufg_I_O)         0.029    -1.801 r  u_mmcm/inst/clkout1_buf/O
                         net (fo=92, routed)          0.838    -0.962    u_nt39565d/CLK
    SLICE_X51Y176        FDCE                                         r  u_nt39565d/FSM_onehot_state_reg[6]/C
                         clock pessimism              0.260    -0.702    
    SLICE_X51Y176        FDCE (Hold_fdce_C_D)         0.092    -0.610    u_nt39565d/FSM_onehot_state_reg[6]
  -------------------------------------------------------------------
                         required time                          0.610    
                         arrival time                          -0.367    
  -------------------------------------------------------------------
                         slack                                  0.243    

Slack (MET) :             0.243ns  (arrival time - required time)
  Source:                 u_nt39565d/FSM_onehot_state_reg[1]/C
                            (rising edge-triggered cell FDCE clocked by clk_out1_clk_wiz_0  {rise@0.000ns fall@10.000ns period=20.000ns})
  Destination:            u_nt39565d/FSM_onehot_state_reg[5]/D
                            (rising edge-triggered cell FDCE clocked by clk_out1_clk_wiz_0  {rise@0.000ns fall@10.000ns period=20.000ns})
  Path Group:             clk_out1_clk_wiz_0
  Path Type:              Hold (Min at Fast Process Corner)
  Requirement:            0.000ns  (clk_out1_clk_wiz_0 rise@0.000ns - clk_out1_clk_wiz_0 rise@0.000ns)
  Data Path Delay:        0.396ns  (logic 0.186ns (46.932%)  route 0.210ns (53.068%))
  Logic Levels:           1  (LUT3=1)
  Clock Path Skew:        0.033ns (DCD - SCD - CPR)
    Destination Clock Delay (DCD):    -0.962ns
    Source Clock Delay      (SCD):    -0.715ns
    Clock Pessimism Removal (CPR):    -0.280ns

    Location             Delay type                Incr(ns)  Path(ns)    Netlist Resource(s)
  -------------------------------------------------------------------    -------------------
                         (clock clk_out1_clk_wiz_0 rise edge)
                                                      0.000     0.000 r  
    R4                                                0.000     0.000 r  sys_clk (IN)
                         net (fo=0)                   0.000     0.000    u_mmcm/inst/clk_in1
    R4                   IBUF (Prop_ibuf_I_O)         0.256     0.256 r  u_mmcm/inst/clkin1_ibufg/O
                         net (fo=1, routed)           0.440     0.696    u_mmcm/inst/clk_in1_clk_wiz_0
    MMCME2_ADV_X1Y2      MMCME2_ADV (Prop_mmcme2_adv_CLKIN1_CLKOUT0)
                                                     -2.540    -1.844 r  u_mmcm/inst/mmcm_adv_inst/CLKOUT0
                         net (fo=1, routed)           0.531    -1.313    u_mmcm/inst/clk_out1_clk_wiz_0
    BUFGCTRL_X0Y4        BUFG (Prop_bufg_I_O)         0.026    -1.287 r  u_mmcm/inst/clkout1_buf/O
                         net (fo=92, routed)          0.572    -0.715    u_nt39565d/CLK
    SLICE_X50Y176        FDCE                                         r  u_nt39565d/FSM_onehot_state_reg[1]/C
  -------------------------------------------------------------------    -------------------
    SLICE_X50Y176        FDCE (Prop_fdce_C_Q)         0.141    -0.574 r  u_nt39565d/FSM_onehot_state_reg[1]/Q
                         net (fo=14, routed)          0.210    -0.364    u_nt39565d/FSM_onehot_state_reg_n_0_[1]
    SLICE_X48Y176        LUT3 (Prop_lut3_I0_O)        0.045    -0.319 r  u_nt39565d/FSM_onehot_state[5]_i_1/O
                         net (fo=1, routed)           0.000    -0.319    u_nt39565d/FSM_onehot_state[5]_i_1_n_0
    SLICE_X48Y176        FDCE                                         r  u_nt39565d/FSM_onehot_state_reg[5]/D
  -------------------------------------------------------------------    -------------------

                         (clock clk_out1_clk_wiz_0 rise edge)
                                                      0.000     0.000 r  
    R4                                                0.000     0.000 r  sys_clk (IN)
                         net (fo=0)                   0.000     0.000    u_mmcm/inst/clk_in1
    R4                   IBUF (Prop_ibuf_I_O)         0.444     0.444 r  u_mmcm/inst/clkin1_ibufg/O
                         net (fo=1, routed)           0.480     0.924    u_mmcm/inst/clk_in1_clk_wiz_0
    MMCME2_ADV_X1Y2      MMCME2_ADV (Prop_mmcme2_adv_CLKIN1_CLKOUT0)
                                                     -3.332    -2.409 r  u_mmcm/inst/mmcm_adv_inst/CLKOUT0
                         net (fo=1, routed)           0.579    -1.830    u_mmcm/inst/clk_out1_clk_wiz_0
    BUFGCTRL_X0Y4        BUFG (Prop_bufg_I_O)         0.029    -1.801 r  u_mmcm/inst/clkout1_buf/O
                         net (fo=92, routed)          0.838    -0.962    u_nt39565d/CLK
    SLICE_X48Y176        FDCE                                         r  u_nt39565d/FSM_onehot_state_reg[5]/C
                         clock pessimism              0.280    -0.682    
    SLICE_X48Y176        FDCE (Hold_fdce_C_D)         0.120    -0.562    u_nt39565d/FSM_onehot_state_reg[5]
  -------------------------------------------------------------------
                         required time                          0.562    
                         arrival time                          -0.319    
  -------------------------------------------------------------------
                         slack                                  0.243    

Slack (MET) :             0.246ns  (arrival time - required time)
  Source:                 init_done_sync1_reg/C
                            (rising edge-triggered cell FDCE clocked by clk_out1_clk_wiz_0  {rise@0.000ns fall@10.000ns period=20.000ns})
  Destination:            init_done_sync2_reg/D
                            (rising edge-triggered cell FDCE clocked by clk_out1_clk_wiz_0  {rise@0.000ns fall@10.000ns period=20.000ns})
  Path Group:             clk_out1_clk_wiz_0
  Path Type:              Hold (Min at Fast Process Corner)
  Requirement:            0.000ns  (clk_out1_clk_wiz_0 rise@0.000ns - clk_out1_clk_wiz_0 rise@0.000ns)
  Data Path Delay:        0.312ns  (logic 0.141ns (45.260%)  route 0.171ns (54.740%))
  Logic Levels:           0  
  Clock Path Skew:        0.000ns (DCD - SCD - CPR)
    Destination Clock Delay (DCD):    -0.963ns
    Source Clock Delay      (SCD):    -0.717ns
    Clock Pessimism Removal (CPR):    -0.246ns

    Location             Delay type                Incr(ns)  Path(ns)    Netlist Resource(s)
  -------------------------------------------------------------------    -------------------
                         (clock clk_out1_clk_wiz_0 rise edge)
                                                      0.000     0.000 r  
    R4                                                0.000     0.000 r  sys_clk (IN)
                         net (fo=0)                   0.000     0.000    u_mmcm/inst/clk_in1
    R4                   IBUF (Prop_ibuf_I_O)         0.256     0.256 r  u_mmcm/inst/clkin1_ibufg/O
                         net (fo=1, routed)           0.440     0.696    u_mmcm/inst/clk_in1_clk_wiz_0
    MMCME2_ADV_X1Y2      MMCME2_ADV (Prop_mmcme2_adv_CLKIN1_CLKOUT0)
                                                     -2.540    -1.844 r  u_mmcm/inst/mmcm_adv_inst/CLKOUT0
                         net (fo=1, routed)           0.531    -1.313    u_mmcm/inst/clk_out1_clk_wiz_0
    BUFGCTRL_X0Y4        BUFG (Prop_bufg_I_O)         0.026    -1.287 r  u_mmcm/inst/clkout1_buf/O
                         net (fo=92, routed)          0.570    -0.717    gate_clk
    SLICE_X54Y175        FDCE                                         r  init_done_sync1_reg/C
  -------------------------------------------------------------------    -------------------
    SLICE_X54Y175        FDCE (Prop_fdce_C_Q)         0.141    -0.576 r  init_done_sync1_reg/Q
                         net (fo=1, routed)           0.171    -0.406    init_done_sync1
    SLICE_X54Y175        FDCE                                         r  init_done_sync2_reg/D
  -------------------------------------------------------------------    -------------------

                         (clock clk_out1_clk_wiz_0 rise edge)
                                                      0.000     0.000 r  
    R4                                                0.000     0.000 r  sys_clk (IN)
                         net (fo=0)                   0.000     0.000    u_mmcm/inst/clk_in1
    R4                   IBUF (Prop_ibuf_I_O)         0.444     0.444 r  u_mmcm/inst/clkin1_ibufg/O
                         net (fo=1, routed)           0.480     0.924    u_mmcm/inst/clk_in1_clk_wiz_0
    MMCME2_ADV_X1Y2      MMCME2_ADV (Prop_mmcme2_adv_CLKIN1_CLKOUT0)
                                                     -3.332    -2.409 r  u_mmcm/inst/mmcm_adv_inst/CLKOUT0
                         net (fo=1, routed)           0.579    -1.830    u_mmcm/inst/clk_out1_clk_wiz_0
    BUFGCTRL_X0Y4        BUFG (Prop_bufg_I_O)         0.029    -1.801 r  u_mmcm/inst/clkout1_buf/O
                         net (fo=92, routed)          0.837    -0.963    gate_clk
    SLICE_X54Y175        FDCE                                         r  init_done_sync2_reg/C
                         clock pessimism              0.246    -0.717    
    SLICE_X54Y175        FDCE (Hold_fdce_C_D)         0.066    -0.651    init_done_sync2_reg
  -------------------------------------------------------------------
                         required time                          0.651    
                         arrival time                          -0.406    
  -------------------------------------------------------------------
                         slack                                  0.246    

Slack (MET) :             0.256ns  (arrival time - required time)
  Source:                 u_nt39565d/FSM_onehot_state_reg[6]/C
                            (rising edge-triggered cell FDCE clocked by clk_out1_clk_wiz_0  {rise@0.000ns fall@10.000ns period=20.000ns})
  Destination:            u_nt39565d/cnt_reg[7]/D
                            (rising edge-triggered cell FDCE clocked by clk_out1_clk_wiz_0  {rise@0.000ns fall@10.000ns period=20.000ns})
  Path Group:             clk_out1_clk_wiz_0
  Path Type:              Hold (Min at Fast Process Corner)
  Requirement:            0.000ns  (clk_out1_clk_wiz_0 rise@0.000ns - clk_out1_clk_wiz_0 rise@0.000ns)
  Data Path Delay:        0.410ns  (logic 0.186ns (45.335%)  route 0.224ns (54.665%))
  Logic Levels:           1  (LUT6=1)
  Clock Path Skew:        0.033ns (DCD - SCD - CPR)
    Destination Clock Delay (DCD):    -0.962ns
    Source Clock Delay      (SCD):    -0.715ns
    Clock Pessimism Removal (CPR):    -0.280ns

    Location             Delay type                Incr(ns)  Path(ns)    Netlist Resource(s)
  -------------------------------------------------------------------    -------------------
                         (clock clk_out1_clk_wiz_0 rise edge)
                                                      0.000     0.000 r  
    R4                                                0.000     0.000 r  sys_clk (IN)
                         net (fo=0)                   0.000     0.000    u_mmcm/inst/clk_in1
    R4                   IBUF (Prop_ibuf_I_O)         0.256     0.256 r  u_mmcm/inst/clkin1_ibufg/O
                         net (fo=1, routed)           0.440     0.696    u_mmcm/inst/clk_in1_clk_wiz_0
    MMCME2_ADV_X1Y2      MMCME2_ADV (Prop_mmcme2_adv_CLKIN1_CLKOUT0)
                                                     -2.540    -1.844 r  u_mmcm/inst/mmcm_adv_inst/CLKOUT0
                         net (fo=1, routed)           0.531    -1.313    u_mmcm/inst/clk_out1_clk_wiz_0
    BUFGCTRL_X0Y4        BUFG (Prop_bufg_I_O)         0.026    -1.287 r  u_mmcm/inst/clkout1_buf/O
                         net (fo=92, routed)          0.572    -0.715    u_nt39565d/CLK
    SLICE_X51Y176        FDCE                                         r  u_nt39565d/FSM_onehot_state_reg[6]/C
  -------------------------------------------------------------------    -------------------
    SLICE_X51Y176        FDCE (Prop_fdce_C_Q)         0.141    -0.574 r  u_nt39565d/FSM_onehot_state_reg[6]/Q
                         net (fo=26, routed)          0.224    -0.350    u_nt39565d/FSM_onehot_state_reg_n_0_[6]
    SLICE_X46Y176        LUT6 (Prop_lut6_I2_O)        0.045    -0.305 r  u_nt39565d/cnt[7]_i_1/O
                         net (fo=1, routed)           0.000    -0.305    u_nt39565d/p_1_in[7]
    SLICE_X46Y176        FDCE                                         r  u_nt39565d/cnt_reg[7]/D
  -------------------------------------------------------------------    -------------------

                         (clock clk_out1_clk_wiz_0 rise edge)
                                                      0.000     0.000 r  
    R4                                                0.000     0.000 r  sys_clk (IN)
                         net (fo=0)                   0.000     0.000    u_mmcm/inst/clk_in1
    R4                   IBUF (Prop_ibuf_I_O)         0.444     0.444 r  u_mmcm/inst/clkin1_ibufg/O
                         net (fo=1, routed)           0.480     0.924    u_mmcm/inst/clk_in1_clk_wiz_0
    MMCME2_ADV_X1Y2      MMCME2_ADV (Prop_mmcme2_adv_CLKIN1_CLKOUT0)
                                                     -3.332    -2.409 r  u_mmcm/inst/mmcm_adv_inst/CLKOUT0
                         net (fo=1, routed)           0.579    -1.830    u_mmcm/inst/clk_out1_clk_wiz_0
    BUFGCTRL_X0Y4        BUFG (Prop_bufg_I_O)         0.029    -1.801 r  u_mmcm/inst/clkout1_buf/O
                         net (fo=92, routed)          0.838    -0.962    u_nt39565d/CLK
    SLICE_X46Y176        FDCE                                         r  u_nt39565d/cnt_reg[7]/C
                         clock pessimism              0.280    -0.682    
    SLICE_X46Y176        FDCE (Hold_fdce_C_D)         0.121    -0.561    u_nt39565d/cnt_reg[7]
  -------------------------------------------------------------------
                         required time                          0.561    
                         arrival time                          -0.305    
  -------------------------------------------------------------------
                         slack                                  0.256    





Pulse Width Checks
--------------------------------------------------------------------------------------
Clock Name:         clk_out1_clk_wiz_0
Waveform(ns):       { 0.000 10.000 }
Period(ns):         20.000
Sources:            { u_mmcm/inst/mmcm_adv_inst/CLKOUT0 }

Check Type        Corner  Lib Pin             Reference Pin  Required(ns)  Actual(ns)  Slack(ns)  Location         Pin
Min Period        n/a     BUFG/I              n/a            1.592         20.000      18.408     BUFGCTRL_X0Y4    u_mmcm/inst/clkout1_buf/I
Min Period        n/a     MMCME2_ADV/CLKOUT0  n/a            1.249         20.000      18.751     MMCME2_ADV_X1Y2  u_mmcm/inst/mmcm_adv_inst/CLKOUT0
Min Period        n/a     FDPE/C              n/a            1.000         20.000      19.000     SLICE_X57Y174    FSM_onehot_top_state_reg[0]/C
Min Period        n/a     FDCE/C              n/a            1.000         20.000      19.000     SLICE_X57Y174    FSM_onehot_top_state_reg[1]/C
Min Period        n/a     FDCE/C              n/a            1.000         20.000      19.000     SLICE_X57Y174    FSM_onehot_top_state_reg[2]/C
Min Period        n/a     FDCE/C              n/a            1.000         20.000      19.000     SLICE_X57Y174    FSM_onehot_top_state_reg[3]/C
Min Period        n/a     FDCE/C              n/a            1.000         20.000      19.000     SLICE_X56Y174    FSM_onehot_top_state_reg[4]/C
Min Period        n/a     FDCE/C              n/a            1.000         20.000      19.000     SLICE_X56Y174    FSM_onehot_top_state_reg[5]/C
Min Period        n/a     FDCE/C              n/a            1.000         20.000      19.000     SLICE_X56Y174    FSM_onehot_top_state_reg[6]/C
Min Period        n/a     FDCE/C              n/a            1.000         20.000      19.000     SLICE_X53Y174    cfg_done_sync1_reg/C
Max Period        n/a     MMCME2_ADV/CLKOUT0  n/a            213.360       20.000      193.360    MMCME2_ADV_X1Y2  u_mmcm/inst/mmcm_adv_inst/CLKOUT0
Low Pulse Width   Slow    FDPE/C              n/a            0.500         10.000      9.500      SLICE_X57Y174    FSM_onehot_top_state_reg[0]/C
Low Pulse Width   Fast    FDPE/C              n/a            0.500         10.000      9.500      SLICE_X57Y174    FSM_onehot_top_state_reg[0]/C
Low Pulse Width   Slow    FDCE/C              n/a            0.500         10.000      9.500      SLICE_X57Y174    FSM_onehot_top_state_reg[1]/C
Low Pulse Width   Fast    FDCE/C              n/a            0.500         10.000      9.500      SLICE_X57Y174    FSM_onehot_top_state_reg[1]/C
Low Pulse Width   Slow    FDCE/C              n/a            0.500         10.000      9.500      SLICE_X57Y174    FSM_onehot_top_state_reg[2]/C
Low Pulse Width   Fast    FDCE/C              n/a            0.500         10.000      9.500      SLICE_X57Y174    FSM_onehot_top_state_reg[2]/C
Low Pulse Width   Slow    FDCE/C              n/a            0.500         10.000      9.500      SLICE_X57Y174    FSM_onehot_top_state_reg[3]/C
Low Pulse Width   Fast    FDCE/C              n/a            0.500         10.000      9.500      SLICE_X57Y174    FSM_onehot_top_state_reg[3]/C
Low Pulse Width   Slow    FDCE/C              n/a            0.500         10.000      9.500      SLICE_X56Y174    FSM_onehot_top_state_reg[4]/C
Low Pulse Width   Fast    FDCE/C              n/a            0.500         10.000      9.500      SLICE_X56Y174    FSM_onehot_top_state_reg[4]/C
High Pulse Width  Slow    FDPE/C              n/a            0.500         10.000      9.500      SLICE_X57Y174    FSM_onehot_top_state_reg[0]/C
High Pulse Width  Fast    FDPE/C              n/a            0.500         10.000      9.500      SLICE_X57Y174    FSM_onehot_top_state_reg[0]/C
High Pulse Width  Slow    FDCE/C              n/a            0.500         10.000      9.500      SLICE_X57Y174    FSM_onehot_top_state_reg[1]/C
High Pulse Width  Fast    FDCE/C              n/a            0.500         10.000      9.500      SLICE_X57Y174    FSM_onehot_top_state_reg[1]/C
High Pulse Width  Slow    FDCE/C              n/a            0.500         10.000      9.500      SLICE_X57Y174    FSM_onehot_top_state_reg[2]/C
High Pulse Width  Fast    FDCE/C              n/a            0.500         10.000      9.500      SLICE_X57Y174    FSM_onehot_top_state_reg[2]/C
High Pulse Width  Slow    FDCE/C              n/a            0.500         10.000      9.500      SLICE_X57Y174    FSM_onehot_top_state_reg[3]/C
High Pulse Width  Fast    FDCE/C              n/a            0.500         10.000      9.500      SLICE_X57Y174    FSM_onehot_top_state_reg[3]/C
High Pulse Width  Slow    FDCE/C              n/a            0.500         10.000      9.500      SLICE_X56Y174    FSM_onehot_top_state_reg[4]/C
High Pulse Width  Fast    FDCE/C              n/a            0.500         10.000      9.500      SLICE_X56Y174    FSM_onehot_top_state_reg[4]/C



---------------------------------------------------------------------------------------------------
From Clock:  clk_out2_clk_wiz_0
  To Clock:  clk_out2_clk_wiz_0

Setup :            0  Failing Endpoints,  Worst Slack        1.730ns,  Total Violation        0.000ns
Hold  :            0  Failing Endpoints,  Worst Slack        0.011ns,  Total Violation        0.000ns
PW    :            0  Failing Endpoints,  Worst Slack        3.870ns,  Total Violation        0.000ns
---------------------------------------------------------------------------------------------------


Max Delay Paths
--------------------------------------------------------------------------------------
Slack (MET) :             1.730ns  (required time - arrival time)
  Source:                 u_data_rx_dual/u_panel1/burst_en_reg_reg/C
                            (rising edge-triggered cell FDCE clocked by clk_out2_clk_wiz_0  {rise@0.000ns fall@5.000ns period=10.000ns})
  Destination:            u_data_rx_dual/u_panel1/oddr_dclk/CE
                            (falling edge-triggered cell ODDR clocked by clk_out2_clk_wiz_0  {rise@0.000ns fall@5.000ns period=10.000ns})
  Path Group:             clk_out2_clk_wiz_0
  Path Type:              Setup (Max at Slow Process Corner)
  Requirement:            5.000ns  (clk_out2_clk_wiz_0 fall@5.000ns - clk_out2_clk_wiz_0 rise@0.000ns)
  Data Path Delay:        2.943ns  (logic 0.379ns (12.878%)  route 2.564ns (87.122%))
  Logic Levels:           0  
  Clock Path Skew:        0.214ns (DCD - SCD + CPR)
    Destination Clock Delay (DCD):    -0.919ns = ( 4.081 - 5.000 ) 
    Source Clock Delay      (SCD):    -0.797ns
    Clock Pessimism Removal (CPR):    0.336ns
  Clock Uncertainty:      0.088ns  ((TSJ^2 + DJ^2)^1/2) / 2 + PE
    Total System Jitter     (TSJ):    0.071ns
    Discrete Jitter          (DJ):    0.162ns
    Phase Error              (PE):    0.000ns

    Location             Delay type                Incr(ns)  Path(ns)    Netlist Resource(s)
  -------------------------------------------------------------------    -------------------
                         (clock clk_out2_clk_wiz_0 rise edge)
                                                      0.000     0.000 r  
    R4                                                0.000     0.000 r  sys_clk (IN)
                         net (fo=0)                   0.000     0.000    u_mmcm/inst/clk_in1
    R4                   IBUF (Prop_ibuf_I_O)         1.419     1.419 r  u_mmcm/inst/clkin1_ibufg/O
                         net (fo=1, routed)           1.065     2.484    u_mmcm/inst/clk_in1_clk_wiz_0
    MMCME2_ADV_X1Y2      MMCME2_ADV (Prop_mmcme2_adv_CLKIN1_CLKOUT1)
                                                     -6.273    -3.789 r  u_mmcm/inst/mmcm_adv_inst/CLKOUT1
                         net (fo=1, routed)           1.524    -2.265    u_mmcm/inst/clk_out2_clk_wiz_0
    BUFGCTRL_X0Y0        BUFG (Prop_bufg_I_O)         0.081    -2.184 r  u_mmcm/inst/clkout2_buf/O
                         net (fo=2629, routed)        1.387    -0.797    u_data_rx_dual/u_panel1/clk_out2
    SLICE_X50Y181        FDCE                                         r  u_data_rx_dual/u_panel1/burst_en_reg_reg/C
  -------------------------------------------------------------------    -------------------
    SLICE_X50Y181        FDCE (Prop_fdce_C_Q)         0.379    -0.418 r  u_data_rx_dual/u_panel1/burst_en_reg_reg/Q
                         net (fo=1, routed)           2.564     2.147    u_data_rx_dual/u_panel1/burst_en_reg_reg_n_0
    OLOGIC_X0Y210        ODDR                                         r  u_data_rx_dual/u_panel1/oddr_dclk/CE
  -------------------------------------------------------------------    -------------------

                         (clock clk_out2_clk_wiz_0 fall edge)
                                                      5.000     5.000 f  
    R4                                                0.000     5.000 f  sys_clk (IN)
                         net (fo=0)                   0.000     5.000    u_mmcm/inst/clk_in1
    R4                   IBUF (Prop_ibuf_I_O)         1.353     6.353 f  u_mmcm/inst/clkin1_ibufg/O
                         net (fo=1, routed)           1.004     7.357    u_mmcm/inst/clk_in1_clk_wiz_0
    MMCME2_ADV_X1Y2      MMCME2_ADV (Prop_mmcme2_adv_CLKIN1_CLKOUT1)
                                                     -6.399     0.957 f  u_mmcm/inst/mmcm_adv_inst/CLKOUT1
                         net (fo=1, routed)           1.452     2.410    u_mmcm/inst/clk_out2_clk_wiz_0
    BUFGCTRL_X0Y0        BUFG (Prop_bufg_I_O)         0.077     2.487 f  u_mmcm/inst/clkout2_buf/O
                         net (fo=2629, routed)        1.595     4.081    u_data_rx_dual/u_panel1/clk_out2
    OLOGIC_X0Y210        ODDR                                         f  u_data_rx_dual/u_panel1/oddr_dclk/C
                         clock pessimism              0.336     4.418    
                         clock uncertainty           -0.088     4.329    
    OLOGIC_X0Y210        ODDR (Setup_oddr_C_CE)      -0.453     3.876    u_data_rx_dual/u_panel1/oddr_dclk
  -------------------------------------------------------------------
                         required time                          3.876    
                         arrival time                          -2.147    
  -------------------------------------------------------------------
                         slack                                  1.730    

Slack (MET) :             2.571ns  (required time - arrival time)
  Source:                 u_data_rx_dual/u_panel0/burst_en_reg_reg/C
                            (rising edge-triggered cell FDCE clocked by clk_out2_clk_wiz_0  {rise@0.000ns fall@5.000ns period=10.000ns})
  Destination:            u_data_rx_dual/u_panel0/oddr_dclk/CE
                            (falling edge-triggered cell ODDR clocked by clk_out2_clk_wiz_0  {rise@0.000ns fall@5.000ns period=10.000ns})
  Path Group:             clk_out2_clk_wiz_0
  Path Type:              Setup (Max at Slow Process Corner)
  Requirement:            5.000ns  (clk_out2_clk_wiz_0 fall@5.000ns - clk_out2_clk_wiz_0 rise@0.000ns)
  Data Path Delay:        1.989ns  (logic 0.433ns (21.766%)  route 1.556ns (78.234%))
  Logic Levels:           0  
  Clock Path Skew:        0.102ns (DCD - SCD + CPR)
    Destination Clock Delay (DCD):    -1.094ns = ( 3.906 - 5.000 ) 
    Source Clock Delay      (SCD):    -0.801ns
    Clock Pessimism Removal (CPR):    0.396ns
  Clock Uncertainty:      0.088ns  ((TSJ^2 + DJ^2)^1/2) / 2 + PE
    Total System Jitter     (TSJ):    0.071ns
    Discrete Jitter          (DJ):    0.162ns
    Phase Error              (PE):    0.000ns

    Location             Delay type                Incr(ns)  Path(ns)    Netlist Resource(s)
  -------------------------------------------------------------------    -------------------
                         (clock clk_out2_clk_wiz_0 rise edge)
                                                      0.000     0.000 r  
    R4                                                0.000     0.000 r  sys_clk (IN)
                         net (fo=0)                   0.000     0.000    u_mmcm/inst/clk_in1
    R4                   IBUF (Prop_ibuf_I_O)         1.419     1.419 r  u_mmcm/inst/clkin1_ibufg/O
                         net (fo=1, routed)           1.065     2.484    u_mmcm/inst/clk_in1_clk_wiz_0
    MMCME2_ADV_X1Y2      MMCME2_ADV (Prop_mmcme2_adv_CLKIN1_CLKOUT1)
                                                     -6.273    -3.789 r  u_mmcm/inst/mmcm_adv_inst/CLKOUT1
                         net (fo=1, routed)           1.524    -2.265    u_mmcm/inst/clk_out2_clk_wiz_0
    BUFGCTRL_X0Y0        BUFG (Prop_bufg_I_O)         0.081    -2.184 r  u_mmcm/inst/clkout2_buf/O
                         net (fo=2629, routed)        1.383    -0.801    u_data_rx_dual/u_panel0/clk_out2
    SLICE_X46Y178        FDCE                                         r  u_data_rx_dual/u_panel0/burst_en_reg_reg/C
  -------------------------------------------------------------------    -------------------
    SLICE_X46Y178        FDCE (Prop_fdce_C_Q)         0.433    -0.368 r  u_data_rx_dual/u_panel0/burst_en_reg_reg/Q
                         net (fo=1, routed)           1.556     1.189    u_data_rx_dual/u_panel0/burst_en_reg_reg_n_0
    OLOGIC_X0Y178        ODDR                                         r  u_data_rx_dual/u_panel0/oddr_dclk/CE
  -------------------------------------------------------------------    -------------------

                         (clock clk_out2_clk_wiz_0 fall edge)
                                                      5.000     5.000 f  
    R4                                                0.000     5.000 f  sys_clk (IN)
                         net (fo=0)                   0.000     5.000    u_mmcm/inst/clk_in1
    R4                   IBUF (Prop_ibuf_I_O)         1.353     6.353 f  u_mmcm/inst/clkin1_ibufg/O
                         net (fo=1, routed)           1.004     7.357    u_mmcm/inst/clk_in1_clk_wiz_0
    MMCME2_ADV_X1Y2      MMCME2_ADV (Prop_mmcme2_adv_CLKIN1_CLKOUT1)
                                                     -6.399     0.957 f  u_mmcm/inst/mmcm_adv_inst/CLKOUT1
                         net (fo=1, routed)           1.452     2.410    u_mmcm/inst/clk_out2_clk_wiz_0
    BUFGCTRL_X0Y0        BUFG (Prop_bufg_I_O)         0.077     2.487 f  u_mmcm/inst/clkout2_buf/O
                         net (fo=2629, routed)        1.419     3.906    u_data_rx_dual/u_panel0/clk_out2
    OLOGIC_X0Y178        ODDR                                         f  u_data_rx_dual/u_panel0/oddr_dclk/C
                         clock pessimism              0.396     4.301    
                         clock uncertainty           -0.088     4.213    
    OLOGIC_X0Y178        ODDR (Setup_oddr_C_CE)      -0.453     3.760    u_data_rx_dual/u_panel0/oddr_dclk
  -------------------------------------------------------------------
                         required time                          3.760    
                         arrival time                          -1.189    
  -------------------------------------------------------------------
                         slack                                  2.571    

Slack (MET) :             3.090ns  (required time - arrival time)
  Source:                 u_data_rx_dual/u_panel1/cap_done_tgl_sys_d1_reg/C
                            (rising edge-triggered cell FDCE clocked by clk_out2_clk_wiz_0  {rise@0.000ns fall@5.000ns period=10.000ns})
  Destination:            u_data_rx_dual/u_panel1/merged_burst_reg[119]/CE
                            (rising edge-triggered cell FDCE clocked by clk_out2_clk_wiz_0  {rise@0.000ns fall@5.000ns period=10.000ns})
  Path Group:             clk_out2_clk_wiz_0
  Path Type:              Setup (Max at Slow Process Corner)
  Requirement:            10.000ns  (clk_out2_clk_wiz_0 rise@10.000ns - clk_out2_clk_wiz_0 rise@0.000ns)
  Data Path Delay:        6.603ns  (logic 0.643ns (9.738%)  route 5.960ns (90.262%))
  Logic Levels:           2  (LUT2=1 LUT6=1)
  Clock Path Skew:        -0.051ns (DCD - SCD + CPR)
    Destination Clock Delay (DCD):    -1.201ns = ( 8.799 - 10.000 ) 
    Source Clock Delay      (SCD):    -0.822ns
    Clock Pessimism Removal (CPR):    0.329ns
  Clock Uncertainty:      0.088ns  ((TSJ^2 + DJ^2)^1/2) / 2 + PE
    Total System Jitter     (TSJ):    0.071ns
    Discrete Jitter          (DJ):    0.162ns
    Phase Error              (PE):    0.000ns

    Location             Delay type                Incr(ns)  Path(ns)    Netlist Resource(s)
  -------------------------------------------------------------------    -------------------
                         (clock clk_out2_clk_wiz_0 rise edge)
                                                      0.000     0.000 r  
    R4                                                0.000     0.000 r  sys_clk (IN)
                         net (fo=0)                   0.000     0.000    u_mmcm/inst/clk_in1
    R4                   IBUF (Prop_ibuf_I_O)         1.419     1.419 r  u_mmcm/inst/clkin1_ibufg/O
                         net (fo=1, routed)           1.065     2.484    u_mmcm/inst/clk_in1_clk_wiz_0
    MMCME2_ADV_X1Y2      MMCME2_ADV (Prop_mmcme2_adv_CLKIN1_CLKOUT1)
                                                     -6.273    -3.789 r  u_mmcm/inst/mmcm_adv_inst/CLKOUT1
                         net (fo=1, routed)           1.524    -2.265    u_mmcm/inst/clk_out2_clk_wiz_0
    BUFGCTRL_X0Y0        BUFG (Prop_bufg_I_O)         0.081    -2.184 r  u_mmcm/inst/clkout2_buf/O
                         net (fo=2629, routed)        1.362    -0.822    u_data_rx_dual/u_panel1/clk_out2
    SLICE_X84Y169        FDCE                                         r  u_data_rx_dual/u_panel1/cap_done_tgl_sys_d1_reg/C
  -------------------------------------------------------------------    -------------------
    SLICE_X84Y169        FDCE (Prop_fdce_C_Q)         0.433    -0.389 r  u_data_rx_dual/u_panel1/cap_done_tgl_sys_d1_reg/Q
                         net (fo=7, routed)           2.022     1.633    u_data_rx_dual/u_panel1/cap_done_tgl_sys_d1
    SLICE_X50Y180        LUT2 (Prop_lut2_I0_O)        0.105     1.738 r  u_data_rx_dual/u_panel1/burst_cnt[6]_i_3/O
                         net (fo=3, routed)           0.264     2.002    u_data_rx_dual/u_panel1/burst_cnt[6]_i_3_n_0
    SLICE_X51Y180        LUT6 (Prop_lut6_I0_O)        0.105     2.107 r  u_data_rx_dual/u_panel1/merged_burst[127]_i_1/O
                         net (fo=65, routed)          3.675     5.782    u_data_rx_dual/u_panel1/merged_burst[127]_i_1_n_0
    SLICE_X111Y141       FDCE                                         r  u_data_rx_dual/u_panel1/merged_burst_reg[119]/CE
  -------------------------------------------------------------------    -------------------

                         (clock clk_out2_clk_wiz_0 rise edge)
                                                     10.000    10.000 r  
    R4                                                0.000    10.000 r  sys_clk (IN)
                         net (fo=0)                   0.000    10.000    u_mmcm/inst/clk_in1
    R4                   IBUF (Prop_ibuf_I_O)         1.353    11.353 r  u_mmcm/inst/clkin1_ibufg/O
                         net (fo=1, routed)           1.004    12.357    u_mmcm/inst/clk_in1_clk_wiz_0
    MMCME2_ADV_X1Y2      MMCME2_ADV (Prop_mmcme2_adv_CLKIN1_CLKOUT1)
                                                     -6.399     5.957 r  u_mmcm/inst/mmcm_adv_inst/CLKOUT1
                         net (fo=1, routed)           1.452     7.410    u_mmcm/inst/clk_out2_clk_wiz_0
    BUFGCTRL_X0Y0        BUFG (Prop_bufg_I_O)         0.077     7.487 r  u_mmcm/inst/clkout2_buf/O
                         net (fo=2629, routed)        1.312     8.799    u_data_rx_dual/u_panel1/clk_out2
    SLICE_X111Y141       FDCE                                         r  u_data_rx_dual/u_panel1/merged_burst_reg[119]/C
                         clock pessimism              0.329     9.128    
                         clock uncertainty           -0.088     9.040    
    SLICE_X111Y141       FDCE (Setup_fdce_C_CE)      -0.168     8.872    u_data_rx_dual/u_panel1/merged_burst_reg[119]
  -------------------------------------------------------------------
                         required time                          8.872    
                         arrival time                          -5.782    
  -------------------------------------------------------------------
                         slack                                  3.090    

Slack (MET) :             3.090ns  (required time - arrival time)
  Source:                 u_data_rx_dual/u_panel1/cap_done_tgl_sys_d1_reg/C
                            (rising edge-triggered cell FDCE clocked by clk_out2_clk_wiz_0  {rise@0.000ns fall@5.000ns period=10.000ns})
  Destination:            u_data_rx_dual/u_panel1/merged_burst_reg[123]/CE
                            (rising edge-triggered cell FDCE clocked by clk_out2_clk_wiz_0  {rise@0.000ns fall@5.000ns period=10.000ns})
  Path Group:             clk_out2_clk_wiz_0
  Path Type:              Setup (Max at Slow Process Corner)
  Requirement:            10.000ns  (clk_out2_clk_wiz_0 rise@10.000ns - clk_out2_clk_wiz_0 rise@0.000ns)
  Data Path Delay:        6.603ns  (logic 0.643ns (9.738%)  route 5.960ns (90.262%))
  Logic Levels:           2  (LUT2=1 LUT6=1)
  Clock Path Skew:        -0.051ns (DCD - SCD + CPR)
    Destination Clock Delay (DCD):    -1.201ns = ( 8.799 - 10.000 ) 
    Source Clock Delay      (SCD):    -0.822ns
    Clock Pessimism Removal (CPR):    0.329ns
  Clock Uncertainty:      0.088ns  ((TSJ^2 + DJ^2)^1/2) / 2 + PE
    Total System Jitter     (TSJ):    0.071ns
    Discrete Jitter          (DJ):    0.162ns
    Phase Error              (PE):    0.000ns

    Location             Delay type                Incr(ns)  Path(ns)    Netlist Resource(s)
  -------------------------------------------------------------------    -------------------
                         (clock clk_out2_clk_wiz_0 rise edge)
                                                      0.000     0.000 r  
    R4                                                0.000     0.000 r  sys_clk (IN)
                         net (fo=0)                   0.000     0.000    u_mmcm/inst/clk_in1
    R4                   IBUF (Prop_ibuf_I_O)         1.419     1.419 r  u_mmcm/inst/clkin1_ibufg/O
                         net (fo=1, routed)           1.065     2.484    u_mmcm/inst/clk_in1_clk_wiz_0
    MMCME2_ADV_X1Y2      MMCME2_ADV (Prop_mmcme2_adv_CLKIN1_CLKOUT1)
                                                     -6.273    -3.789 r  u_mmcm/inst/mmcm_adv_inst/CLKOUT1
                         net (fo=1, routed)           1.524    -2.265    u_mmcm/inst/clk_out2_clk_wiz_0
    BUFGCTRL_X0Y0        BUFG (Prop_bufg_I_O)         0.081    -2.184 r  u_mmcm/inst/clkout2_buf/O
                         net (fo=2629, routed)        1.362    -0.822    u_data_rx_dual/u_panel1/clk_out2
    SLICE_X84Y169        FDCE                                         r  u_data_rx_dual/u_panel1/cap_done_tgl_sys_d1_reg/C
  -------------------------------------------------------------------    -------------------
    SLICE_X84Y169        FDCE (Prop_fdce_C_Q)         0.433    -0.389 r  u_data_rx_dual/u_panel1/cap_done_tgl_sys_d1_reg/Q
                         net (fo=7, routed)           2.022     1.633    u_data_rx_dual/u_panel1/cap_done_tgl_sys_d1
    SLICE_X50Y180        LUT2 (Prop_lut2_I0_O)        0.105     1.738 r  u_data_rx_dual/u_panel1/burst_cnt[6]_i_3/O
                         net (fo=3, routed)           0.264     2.002    u_data_rx_dual/u_panel1/burst_cnt[6]_i_3_n_0
    SLICE_X51Y180        LUT6 (Prop_lut6_I0_O)        0.105     2.107 r  u_data_rx_dual/u_panel1/merged_burst[127]_i_1/O
                         net (fo=65, routed)          3.675     5.782    u_data_rx_dual/u_panel1/merged_burst[127]_i_1_n_0
    SLICE_X111Y141       FDCE                                         r  u_data_rx_dual/u_panel1/merged_burst_reg[123]/CE
  -------------------------------------------------------------------    -------------------

                         (clock clk_out2_clk_wiz_0 rise edge)
                                                     10.000    10.000 r  
    R4                                                0.000    10.000 r  sys_clk (IN)
                         net (fo=0)                   0.000    10.000    u_mmcm/inst/clk_in1
    R4                   IBUF (Prop_ibuf_I_O)         1.353    11.353 r  u_mmcm/inst/clkin1_ibufg/O
                         net (fo=1, routed)           1.004    12.357    u_mmcm/inst/clk_in1_clk_wiz_0
    MMCME2_ADV_X1Y2      MMCME2_ADV (Prop_mmcme2_adv_CLKIN1_CLKOUT1)
                                                     -6.399     5.957 r  u_mmcm/inst/mmcm_adv_inst/CLKOUT1
                         net (fo=1, routed)           1.452     7.410    u_mmcm/inst/clk_out2_clk_wiz_0
    BUFGCTRL_X0Y0        BUFG (Prop_bufg_I_O)         0.077     7.487 r  u_mmcm/inst/clkout2_buf/O
                         net (fo=2629, routed)        1.312     8.799    u_data_rx_dual/u_panel1/clk_out2
    SLICE_X111Y141       FDCE                                         r  u_data_rx_dual/u_panel1/merged_burst_reg[123]/C
                         clock pessimism              0.329     9.128    
                         clock uncertainty           -0.088     9.040    
    SLICE_X111Y141       FDCE (Setup_fdce_C_CE)      -0.168     8.872    u_data_rx_dual/u_panel1/merged_burst_reg[123]
  -------------------------------------------------------------------
                         required time                          8.872    
                         arrival time                          -5.782    
  -------------------------------------------------------------------
                         slack                                  3.090    

Slack (MET) :             3.090ns  (required time - arrival time)
  Source:                 u_data_rx_dual/u_panel1/cap_done_tgl_sys_d1_reg/C
                            (rising edge-triggered cell FDCE clocked by clk_out2_clk_wiz_0  {rise@0.000ns fall@5.000ns period=10.000ns})
  Destination:            u_data_rx_dual/u_panel1/merged_burst_reg[124]/CE
                            (rising edge-triggered cell FDCE clocked by clk_out2_clk_wiz_0  {rise@0.000ns fall@5.000ns period=10.000ns})
  Path Group:             clk_out2_clk_wiz_0
  Path Type:              Setup (Max at Slow Process Corner)
  Requirement:            10.000ns  (clk_out2_clk_wiz_0 rise@10.000ns - clk_out2_clk_wiz_0 rise@0.000ns)
  Data Path Delay:        6.603ns  (logic 0.643ns (9.738%)  route 5.960ns (90.262%))
  Logic Levels:           2  (LUT2=1 LUT6=1)
  Clock Path Skew:        -0.051ns (DCD - SCD + CPR)
    Destination Clock Delay (DCD):    -1.201ns = ( 8.799 - 10.000 ) 
    Source Clock Delay      (SCD):    -0.822ns
    Clock Pessimism Removal (CPR):    0.329ns
  Clock Uncertainty:      0.088ns  ((TSJ^2 + DJ^2)^1/2) / 2 + PE
    Total System Jitter     (TSJ):    0.071ns
    Discrete Jitter          (DJ):    0.162ns
    Phase Error              (PE):    0.000ns

    Location             Delay type                Incr(ns)  Path(ns)    Netlist Resource(s)
  -------------------------------------------------------------------    -------------------
                         (clock clk_out2_clk_wiz_0 rise edge)
                                                      0.000     0.000 r  
    R4                                                0.000     0.000 r  sys_clk (IN)
                         net (fo=0)                   0.000     0.000    u_mmcm/inst/clk_in1
    R4                   IBUF (Prop_ibuf_I_O)         1.419     1.419 r  u_mmcm/inst/clkin1_ibufg/O
                         net (fo=1, routed)           1.065     2.484    u_mmcm/inst/clk_in1_clk_wiz_0
    MMCME2_ADV_X1Y2      MMCME2_ADV (Prop_mmcme2_adv_CLKIN1_CLKOUT1)
                                                     -6.273    -3.789 r  u_mmcm/inst/mmcm_adv_inst/CLKOUT1
                         net (fo=1, routed)           1.524    -2.265    u_mmcm/inst/clk_out2_clk_wiz_0
    BUFGCTRL_X0Y0        BUFG (Prop_bufg_I_O)         0.081    -2.184 r  u_mmcm/inst/clkout2_buf/O
                         net (fo=2629, routed)        1.362    -0.822    u_data_rx_dual/u_panel1/clk_out2
    SLICE_X84Y169        FDCE                                         r  u_data_rx_dual/u_panel1/cap_done_tgl_sys_d1_reg/C
  -------------------------------------------------------------------    -------------------
    SLICE_X84Y169        FDCE (Prop_fdce_C_Q)         0.433    -0.389 r  u_data_rx_dual/u_panel1/cap_done_tgl_sys_d1_reg/Q
                         net (fo=7, routed)           2.022     1.633    u_data_rx_dual/u_panel1/cap_done_tgl_sys_d1
    SLICE_X50Y180        LUT2 (Prop_lut2_I0_O)        0.105     1.738 r  u_data_rx_dual/u_panel1/burst_cnt[6]_i_3/O
                         net (fo=3, routed)           0.264     2.002    u_data_rx_dual/u_panel1/burst_cnt[6]_i_3_n_0
    SLICE_X51Y180        LUT6 (Prop_lut6_I0_O)        0.105     2.107 r  u_data_rx_dual/u_panel1/merged_burst[127]_i_1/O
                         net (fo=65, routed)          3.675     5.782    u_data_rx_dual/u_panel1/merged_burst[127]_i_1_n_0
    SLICE_X111Y141       FDCE                                         r  u_data_rx_dual/u_panel1/merged_burst_reg[124]/CE
  -------------------------------------------------------------------    -------------------

                         (clock clk_out2_clk_wiz_0 rise edge)
                                                     10.000    10.000 r  
    R4                                                0.000    10.000 r  sys_clk (IN)
                         net (fo=0)                   0.000    10.000    u_mmcm/inst/clk_in1
    R4                   IBUF (Prop_ibuf_I_O)         1.353    11.353 r  u_mmcm/inst/clkin1_ibufg/O
                         net (fo=1, routed)           1.004    12.357    u_mmcm/inst/clk_in1_clk_wiz_0
    MMCME2_ADV_X1Y2      MMCME2_ADV (Prop_mmcme2_adv_CLKIN1_CLKOUT1)
                                                     -6.399     5.957 r  u_mmcm/inst/mmcm_adv_inst/CLKOUT1
                         net (fo=1, routed)           1.452     7.410    u_mmcm/inst/clk_out2_clk_wiz_0
    BUFGCTRL_X0Y0        BUFG (Prop_bufg_I_O)         0.077     7.487 r  u_mmcm/inst/clkout2_buf/O
                         net (fo=2629, routed)        1.312     8.799    u_data_rx_dual/u_panel1/clk_out2
    SLICE_X111Y141       FDCE                                         r  u_data_rx_dual/u_panel1/merged_burst_reg[124]/C
                         clock pessimism              0.329     9.128    
                         clock uncertainty           -0.088     9.040    
    SLICE_X111Y141       FDCE (Setup_fdce_C_CE)      -0.168     8.872    u_data_rx_dual/u_panel1/merged_burst_reg[124]
  -------------------------------------------------------------------
                         required time                          8.872    
                         arrival time                          -5.782    
  -------------------------------------------------------------------
                         slack                                  3.090    

Slack (MET) :             3.090ns  (required time - arrival time)
  Source:                 u_data_rx_dual/u_panel1/cap_done_tgl_sys_d1_reg/C
                            (rising edge-triggered cell FDCE clocked by clk_out2_clk_wiz_0  {rise@0.000ns fall@5.000ns period=10.000ns})
  Destination:            u_data_rx_dual/u_panel1/merged_burst_reg[71]/CE
                            (rising edge-triggered cell FDCE clocked by clk_out2_clk_wiz_0  {rise@0.000ns fall@5.000ns period=10.000ns})
  Path Group:             clk_out2_clk_wiz_0
  Path Type:              Setup (Max at Slow Process Corner)
  Requirement:            10.000ns  (clk_out2_clk_wiz_0 rise@10.000ns - clk_out2_clk_wiz_0 rise@0.000ns)
  Data Path Delay:        6.603ns  (logic 0.643ns (9.738%)  route 5.960ns (90.262%))
  Logic Levels:           2  (LUT2=1 LUT6=1)
  Clock Path Skew:        -0.051ns (DCD - SCD + CPR)
    Destination Clock Delay (DCD):    -1.201ns = ( 8.799 - 10.000 ) 
    Source Clock Delay      (SCD):    -0.822ns
    Clock Pessimism Removal (CPR):    0.329ns
  Clock Uncertainty:      0.088ns  ((TSJ^2 + DJ^2)^1/2) / 2 + PE
    Total System Jitter     (TSJ):    0.071ns
    Discrete Jitter          (DJ):    0.162ns
    Phase Error              (PE):    0.000ns

    Location             Delay type                Incr(ns)  Path(ns)    Netlist Resource(s)
  -------------------------------------------------------------------    -------------------
                         (clock clk_out2_clk_wiz_0 rise edge)
                                                      0.000     0.000 r  
    R4                                                0.000     0.000 r  sys_clk (IN)
                         net (fo=0)                   0.000     0.000    u_mmcm/inst/clk_in1
    R4                   IBUF (Prop_ibuf_I_O)         1.419     1.419 r  u_mmcm/inst/clkin1_ibufg/O
                         net (fo=1, routed)           1.065     2.484    u_mmcm/inst/clk_in1_clk_wiz_0
    MMCME2_ADV_X1Y2      MMCME2_ADV (Prop_mmcme2_adv_CLKIN1_CLKOUT1)
                                                     -6.273    -3.789 r  u_mmcm/inst/mmcm_adv_inst/CLKOUT1
                         net (fo=1, routed)           1.524    -2.265    u_mmcm/inst/clk_out2_clk_wiz_0
    BUFGCTRL_X0Y0        BUFG (Prop_bufg_I_O)         0.081    -2.184 r  u_mmcm/inst/clkout2_buf/O
                         net (fo=2629, routed)        1.362    -0.822    u_data_rx_dual/u_panel1/clk_out2
    SLICE_X84Y169        FDCE                                         r  u_data_rx_dual/u_panel1/cap_done_tgl_sys_d1_reg/C
  -------------------------------------------------------------------    -------------------
    SLICE_X84Y169        FDCE (Prop_fdce_C_Q)         0.433    -0.389 r  u_data_rx_dual/u_panel1/cap_done_tgl_sys_d1_reg/Q
                         net (fo=7, routed)           2.022     1.633    u_data_rx_dual/u_panel1/cap_done_tgl_sys_d1
    SLICE_X50Y180        LUT2 (Prop_lut2_I0_O)        0.105     1.738 r  u_data_rx_dual/u_panel1/burst_cnt[6]_i_3/O
                         net (fo=3, routed)           0.264     2.002    u_data_rx_dual/u_panel1/burst_cnt[6]_i_3_n_0
    SLICE_X51Y180        LUT6 (Prop_lut6_I0_O)        0.105     2.107 r  u_data_rx_dual/u_panel1/merged_burst[127]_i_1/O
                         net (fo=65, routed)          3.675     5.782    u_data_rx_dual/u_panel1/merged_burst[127]_i_1_n_0
    SLICE_X111Y141       FDCE                                         r  u_data_rx_dual/u_panel1/merged_burst_reg[71]/CE
  -------------------------------------------------------------------    -------------------

                         (clock clk_out2_clk_wiz_0 rise edge)
                                                     10.000    10.000 r  
    R4                                                0.000    10.000 r  sys_clk (IN)
                         net (fo=0)                   0.000    10.000    u_mmcm/inst/clk_in1
    R4                   IBUF (Prop_ibuf_I_O)         1.353    11.353 r  u_mmcm/inst/clkin1_ibufg/O
                         net (fo=1, routed)           1.004    12.357    u_mmcm/inst/clk_in1_clk_wiz_0
    MMCME2_ADV_X1Y2      MMCME2_ADV (Prop_mmcme2_adv_CLKIN1_CLKOUT1)
                                                     -6.399     5.957 r  u_mmcm/inst/mmcm_adv_inst/CLKOUT1
                         net (fo=1, routed)           1.452     7.410    u_mmcm/inst/clk_out2_clk_wiz_0
    BUFGCTRL_X0Y0        BUFG (Prop_bufg_I_O)         0.077     7.487 r  u_mmcm/inst/clkout2_buf/O
                         net (fo=2629, routed)        1.312     8.799    u_data_rx_dual/u_panel1/clk_out2
    SLICE_X111Y141       FDCE                                         r  u_data_rx_dual/u_panel1/merged_burst_reg[71]/C
                         clock pessimism              0.329     9.128    
                         clock uncertainty           -0.088     9.040    
    SLICE_X111Y141       FDCE (Setup_fdce_C_CE)      -0.168     8.872    u_data_rx_dual/u_panel1/merged_burst_reg[71]
  -------------------------------------------------------------------
                         required time                          8.872    
                         arrival time                          -5.782    
  -------------------------------------------------------------------
                         slack                                  3.090    

Slack (MET) :             3.090ns  (required time - arrival time)
  Source:                 u_data_rx_dual/u_panel1/cap_done_tgl_sys_d1_reg/C
                            (rising edge-triggered cell FDCE clocked by clk_out2_clk_wiz_0  {rise@0.000ns fall@5.000ns period=10.000ns})
  Destination:            u_data_rx_dual/u_panel1/merged_burst_reg[75]/CE
                            (rising edge-triggered cell FDCE clocked by clk_out2_clk_wiz_0  {rise@0.000ns fall@5.000ns period=10.000ns})
  Path Group:             clk_out2_clk_wiz_0
  Path Type:              Setup (Max at Slow Process Corner)
  Requirement:            10.000ns  (clk_out2_clk_wiz_0 rise@10.000ns - clk_out2_clk_wiz_0 rise@0.000ns)
  Data Path Delay:        6.603ns  (logic 0.643ns (9.738%)  route 5.960ns (90.262%))
  Logic Levels:           2  (LUT2=1 LUT6=1)
  Clock Path Skew:        -0.051ns (DCD - SCD + CPR)
    Destination Clock Delay (DCD):    -1.201ns = ( 8.799 - 10.000 ) 
    Source Clock Delay      (SCD):    -0.822ns
    Clock Pessimism Removal (CPR):    0.329ns
  Clock Uncertainty:      0.088ns  ((TSJ^2 + DJ^2)^1/2) / 2 + PE
    Total System Jitter     (TSJ):    0.071ns
    Discrete Jitter          (DJ):    0.162ns
    Phase Error              (PE):    0.000ns

    Location             Delay type                Incr(ns)  Path(ns)    Netlist Resource(s)
  -------------------------------------------------------------------    -------------------
                         (clock clk_out2_clk_wiz_0 rise edge)
                                                      0.000     0.000 r  
    R4                                                0.000     0.000 r  sys_clk (IN)
                         net (fo=0)                   0.000     0.000    u_mmcm/inst/clk_in1
    R4                   IBUF (Prop_ibuf_I_O)         1.419     1.419 r  u_mmcm/inst/clkin1_ibufg/O
                         net (fo=1, routed)           1.065     2.484    u_mmcm/inst/clk_in1_clk_wiz_0
    MMCME2_ADV_X1Y2      MMCME2_ADV (Prop_mmcme2_adv_CLKIN1_CLKOUT1)
                                                     -6.273    -3.789 r  u_mmcm/inst/mmcm_adv_inst/CLKOUT1
                         net (fo=1, routed)           1.524    -2.265    u_mmcm/inst/clk_out2_clk_wiz_0
    BUFGCTRL_X0Y0        BUFG (Prop_bufg_I_O)         0.081    -2.184 r  u_mmcm/inst/clkout2_buf/O
                         net (fo=2629, routed)        1.362    -0.822    u_data_rx_dual/u_panel1/clk_out2
    SLICE_X84Y169        FDCE                                         r  u_data_rx_dual/u_panel1/cap_done_tgl_sys_d1_reg/C
  -------------------------------------------------------------------    -------------------
    SLICE_X84Y169        FDCE (Prop_fdce_C_Q)         0.433    -0.389 r  u_data_rx_dual/u_panel1/cap_done_tgl_sys_d1_reg/Q
                         net (fo=7, routed)           2.022     1.633    u_data_rx_dual/u_panel1/cap_done_tgl_sys_d1
    SLICE_X50Y180        LUT2 (Prop_lut2_I0_O)        0.105     1.738 r  u_data_rx_dual/u_panel1/burst_cnt[6]_i_3/O
                         net (fo=3, routed)           0.264     2.002    u_data_rx_dual/u_panel1/burst_cnt[6]_i_3_n_0
    SLICE_X51Y180        LUT6 (Prop_lut6_I0_O)        0.105     2.107 r  u_data_rx_dual/u_panel1/merged_burst[127]_i_1/O
                         net (fo=65, routed)          3.675     5.782    u_data_rx_dual/u_panel1/merged_burst[127]_i_1_n_0
    SLICE_X111Y141       FDCE                                         r  u_data_rx_dual/u_panel1/merged_burst_reg[75]/CE
  -------------------------------------------------------------------    -------------------

                         (clock clk_out2_clk_wiz_0 rise edge)
                                                     10.000    10.000 r  
    R4                                                0.000    10.000 r  sys_clk (IN)
                         net (fo=0)                   0.000    10.000    u_mmcm/inst/clk_in1
    R4                   IBUF (Prop_ibuf_I_O)         1.353    11.353 r  u_mmcm/inst/clkin1_ibufg/O
                         net (fo=1, routed)           1.004    12.357    u_mmcm/inst/clk_in1_clk_wiz_0
    MMCME2_ADV_X1Y2      MMCME2_ADV (Prop_mmcme2_adv_CLKIN1_CLKOUT1)
                                                     -6.399     5.957 r  u_mmcm/inst/mmcm_adv_inst/CLKOUT1
                         net (fo=1, routed)           1.452     7.410    u_mmcm/inst/clk_out2_clk_wiz_0
    BUFGCTRL_X0Y0        BUFG (Prop_bufg_I_O)         0.077     7.487 r  u_mmcm/inst/clkout2_buf/O
                         net (fo=2629, routed)        1.312     8.799    u_data_rx_dual/u_panel1/clk_out2
    SLICE_X111Y141       FDCE                                         r  u_data_rx_dual/u_panel1/merged_burst_reg[75]/C
                         clock pessimism              0.329     9.128    
                         clock uncertainty           -0.088     9.040    
    SLICE_X111Y141       FDCE (Setup_fdce_C_CE)      -0.168     8.872    u_data_rx_dual/u_panel1/merged_burst_reg[75]
  -------------------------------------------------------------------
                         required time                          8.872    
                         arrival time                          -5.782    
  -------------------------------------------------------------------
                         slack                                  3.090    

Slack (MET) :             3.090ns  (required time - arrival time)
  Source:                 u_data_rx_dual/u_panel1/cap_done_tgl_sys_d1_reg/C
                            (rising edge-triggered cell FDCE clocked by clk_out2_clk_wiz_0  {rise@0.000ns fall@5.000ns period=10.000ns})
  Destination:            u_data_rx_dual/u_panel1/merged_burst_reg[76]/CE
                            (rising edge-triggered cell FDCE clocked by clk_out2_clk_wiz_0  {rise@0.000ns fall@5.000ns period=10.000ns})
  Path Group:             clk_out2_clk_wiz_0
  Path Type:              Setup (Max at Slow Process Corner)
  Requirement:            10.000ns  (clk_out2_clk_wiz_0 rise@10.000ns - clk_out2_clk_wiz_0 rise@0.000ns)
  Data Path Delay:        6.603ns  (logic 0.643ns (9.738%)  route 5.960ns (90.262%))
  Logic Levels:           2  (LUT2=1 LUT6=1)
  Clock Path Skew:        -0.051ns (DCD - SCD + CPR)
    Destination Clock Delay (DCD):    -1.201ns = ( 8.799 - 10.000 ) 
    Source Clock Delay      (SCD):    -0.822ns
    Clock Pessimism Removal (CPR):    0.329ns
  Clock Uncertainty:      0.088ns  ((TSJ^2 + DJ^2)^1/2) / 2 + PE
    Total System Jitter     (TSJ):    0.071ns
    Discrete Jitter          (DJ):    0.162ns
    Phase Error              (PE):    0.000ns

    Location             Delay type                Incr(ns)  Path(ns)    Netlist Resource(s)
  -------------------------------------------------------------------    -------------------
                         (clock clk_out2_clk_wiz_0 rise edge)
                                                      0.000     0.000 r  
    R4                                                0.000     0.000 r  sys_clk (IN)
                         net (fo=0)                   0.000     0.000    u_mmcm/inst/clk_in1
    R4                   IBUF (Prop_ibuf_I_O)         1.419     1.419 r  u_mmcm/inst/clkin1_ibufg/O
                         net (fo=1, routed)           1.065     2.484    u_mmcm/inst/clk_in1_clk_wiz_0
    MMCME2_ADV_X1Y2      MMCME2_ADV (Prop_mmcme2_adv_CLKIN1_CLKOUT1)
                                                     -6.273    -3.789 r  u_mmcm/inst/mmcm_adv_inst/CLKOUT1
                         net (fo=1, routed)           1.524    -2.265    u_mmcm/inst/clk_out2_clk_wiz_0
    BUFGCTRL_X0Y0        BUFG (Prop_bufg_I_O)         0.081    -2.184 r  u_mmcm/inst/clkout2_buf/O
                         net (fo=2629, routed)        1.362    -0.822    u_data_rx_dual/u_panel1/clk_out2
    SLICE_X84Y169        FDCE                                         r  u_data_rx_dual/u_panel1/cap_done_tgl_sys_d1_reg/C
  -------------------------------------------------------------------    -------------------
    SLICE_X84Y169        FDCE (Prop_fdce_C_Q)         0.433    -0.389 r  u_data_rx_dual/u_panel1/cap_done_tgl_sys_d1_reg/Q
                         net (fo=7, routed)           2.022     1.633    u_data_rx_dual/u_panel1/cap_done_tgl_sys_d1
    SLICE_X50Y180        LUT2 (Prop_lut2_I0_O)        0.105     1.738 r  u_data_rx_dual/u_panel1/burst_cnt[6]_i_3/O
                         net (fo=3, routed)           0.264     2.002    u_data_rx_dual/u_panel1/burst_cnt[6]_i_3_n_0
    SLICE_X51Y180        LUT6 (Prop_lut6_I0_O)        0.105     2.107 r  u_data_rx_dual/u_panel1/merged_burst[127]_i_1/O
                         net (fo=65, routed)          3.675     5.782    u_data_rx_dual/u_panel1/merged_burst[127]_i_1_n_0
    SLICE_X111Y141       FDCE                                         r  u_data_rx_dual/u_panel1/merged_burst_reg[76]/CE
  -------------------------------------------------------------------    -------------------

                         (clock clk_out2_clk_wiz_0 rise edge)
                                                     10.000    10.000 r  
    R4                                                0.000    10.000 r  sys_clk (IN)
                         net (fo=0)                   0.000    10.000    u_mmcm/inst/clk_in1
    R4                   IBUF (Prop_ibuf_I_O)         1.353    11.353 r  u_mmcm/inst/clkin1_ibufg/O
                         net (fo=1, routed)           1.004    12.357    u_mmcm/inst/clk_in1_clk_wiz_0
    MMCME2_ADV_X1Y2      MMCME2_ADV (Prop_mmcme2_adv_CLKIN1_CLKOUT1)
                                                     -6.399     5.957 r  u_mmcm/inst/mmcm_adv_inst/CLKOUT1
                         net (fo=1, routed)           1.452     7.410    u_mmcm/inst/clk_out2_clk_wiz_0
    BUFGCTRL_X0Y0        BUFG (Prop_bufg_I_O)         0.077     7.487 r  u_mmcm/inst/clkout2_buf/O
                         net (fo=2629, routed)        1.312     8.799    u_data_rx_dual/u_panel1/clk_out2
    SLICE_X111Y141       FDCE                                         r  u_data_rx_dual/u_panel1/merged_burst_reg[76]/C
                         clock pessimism              0.329     9.128    
                         clock uncertainty           -0.088     9.040    
    SLICE_X111Y141       FDCE (Setup_fdce_C_CE)      -0.168     8.872    u_data_rx_dual/u_panel1/merged_burst_reg[76]
  -------------------------------------------------------------------
                         required time                          8.872    
                         arrival time                          -5.782    
  -------------------------------------------------------------------
                         slack                                  3.090    

Slack (MET) :             3.127ns  (required time - arrival time)
  Source:                 u_data_rx_dual/u_panel1/cap_done_tgl_sys_d1_reg/C
                            (rising edge-triggered cell FDCE clocked by clk_out2_clk_wiz_0  {rise@0.000ns fall@5.000ns period=10.000ns})
  Destination:            u_data_rx_dual/u_panel1/merged_burst_reg[125]/CE
                            (rising edge-triggered cell FDCE clocked by clk_out2_clk_wiz_0  {rise@0.000ns fall@5.000ns period=10.000ns})
  Path Group:             clk_out2_clk_wiz_0
  Path Type:              Setup (Max at Slow Process Corner)
  Requirement:            10.000ns  (clk_out2_clk_wiz_0 rise@10.000ns - clk_out2_clk_wiz_0 rise@0.000ns)
  Data Path Delay:        6.601ns  (logic 0.643ns (9.741%)  route 5.958ns (90.259%))
  Logic Levels:           2  (LUT2=1 LUT6=1)
  Clock Path Skew:        -0.048ns (DCD - SCD + CPR)
    Destination Clock Delay (DCD):    -1.198ns = ( 8.802 - 10.000 ) 
    Source Clock Delay      (SCD):    -0.822ns
    Clock Pessimism Removal (CPR):    0.329ns
  Clock Uncertainty:      0.088ns  ((TSJ^2 + DJ^2)^1/2) / 2 + PE
    Total System Jitter     (TSJ):    0.071ns
    Discrete Jitter          (DJ):    0.162ns
    Phase Error              (PE):    0.000ns

    Location             Delay type                Incr(ns)  Path(ns)    Netlist Resource(s)
  -------------------------------------------------------------------    -------------------
                         (clock clk_out2_clk_wiz_0 rise edge)
                                                      0.000     0.000 r  
    R4                                                0.000     0.000 r  sys_clk (IN)
                         net (fo=0)                   0.000     0.000    u_mmcm/inst/clk_in1
    R4                   IBUF (Prop_ibuf_I_O)         1.419     1.419 r  u_mmcm/inst/clkin1_ibufg/O
                         net (fo=1, routed)           1.065     2.484    u_mmcm/inst/clk_in1_clk_wiz_0
    MMCME2_ADV_X1Y2      MMCME2_ADV (Prop_mmcme2_adv_CLKIN1_CLKOUT1)
                                                     -6.273    -3.789 r  u_mmcm/inst/mmcm_adv_inst/CLKOUT1
                         net (fo=1, routed)           1.524    -2.265    u_mmcm/inst/clk_out2_clk_wiz_0
    BUFGCTRL_X0Y0        BUFG (Prop_bufg_I_O)         0.081    -2.184 r  u_mmcm/inst/clkout2_buf/O
                         net (fo=2629, routed)        1.362    -0.822    u_data_rx_dual/u_panel1/clk_out2
    SLICE_X84Y169        FDCE                                         r  u_data_rx_dual/u_panel1/cap_done_tgl_sys_d1_reg/C
  -------------------------------------------------------------------    -------------------
    SLICE_X84Y169        FDCE (Prop_fdce_C_Q)         0.433    -0.389 r  u_data_rx_dual/u_panel1/cap_done_tgl_sys_d1_reg/Q
                         net (fo=7, routed)           2.022     1.633    u_data_rx_dual/u_panel1/cap_done_tgl_sys_d1
    SLICE_X50Y180        LUT2 (Prop_lut2_I0_O)        0.105     1.738 r  u_data_rx_dual/u_panel1/burst_cnt[6]_i_3/O
                         net (fo=3, routed)           0.264     2.002    u_data_rx_dual/u_panel1/burst_cnt[6]_i_3_n_0
    SLICE_X51Y180        LUT6 (Prop_lut6_I0_O)        0.105     2.107 r  u_data_rx_dual/u_panel1/merged_burst[127]_i_1/O
                         net (fo=65, routed)          3.673     5.780    u_data_rx_dual/u_panel1/merged_burst[127]_i_1_n_0
    SLICE_X112Y142       FDCE                                         r  u_data_rx_dual/u_panel1/merged_burst_reg[125]/CE
  -------------------------------------------------------------------    -------------------

                         (clock clk_out2_clk_wiz_0 rise edge)
                                                     10.000    10.000 r  
    R4                                                0.000    10.000 r  sys_clk (IN)
                         net (fo=0)                   0.000    10.000    u_mmcm/inst/clk_in1
    R4                   IBUF (Prop_ibuf_I_O)         1.353    11.353 r  u_mmcm/inst/clkin1_ibufg/O
                         net (fo=1, routed)           1.004    12.357    u_mmcm/inst/clk_in1_clk_wiz_0
    MMCME2_ADV_X1Y2      MMCME2_ADV (Prop_mmcme2_adv_CLKIN1_CLKOUT1)
                                                     -6.399     5.957 r  u_mmcm/inst/mmcm_adv_inst/CLKOUT1
                         net (fo=1, routed)           1.452     7.410    u_mmcm/inst/clk_out2_clk_wiz_0
    BUFGCTRL_X0Y0        BUFG (Prop_bufg_I_O)         0.077     7.487 r  u_mmcm/inst/clkout2_buf/O
                         net (fo=2629, routed)        1.315     8.802    u_data_rx_dual/u_panel1/clk_out2
    SLICE_X112Y142       FDCE                                         r  u_data_rx_dual/u_panel1/merged_burst_reg[125]/C
                         clock pessimism              0.329     9.131    
                         clock uncertainty           -0.088     9.043    
    SLICE_X112Y142       FDCE (Setup_fdce_C_CE)      -0.136     8.907    u_data_rx_dual/u_panel1/merged_burst_reg[125]
  -------------------------------------------------------------------
                         required time                          8.907    
                         arrival time                          -5.780    
  -------------------------------------------------------------------
                         slack                                  3.127    

Slack (MET) :             3.127ns  (required time - arrival time)
  Source:                 u_data_rx_dual/u_panel1/cap_done_tgl_sys_d1_reg/C
                            (rising edge-triggered cell FDCE clocked by clk_out2_clk_wiz_0  {rise@0.000ns fall@5.000ns period=10.000ns})
  Destination:            u_data_rx_dual/u_panel1/merged_burst_reg[126]/CE
                            (rising edge-triggered cell FDCE clocked by clk_out2_clk_wiz_0  {rise@0.000ns fall@5.000ns period=10.000ns})
  Path Group:             clk_out2_clk_wiz_0
  Path Type:              Setup (Max at Slow Process Corner)
  Requirement:            10.000ns  (clk_out2_clk_wiz_0 rise@10.000ns - clk_out2_clk_wiz_0 rise@0.000ns)
  Data Path Delay:        6.601ns  (logic 0.643ns (9.741%)  route 5.958ns (90.259%))
  Logic Levels:           2  (LUT2=1 LUT6=1)
  Clock Path Skew:        -0.048ns (DCD - SCD + CPR)
    Destination Clock Delay (DCD):    -1.198ns = ( 8.802 - 10.000 ) 
    Source Clock Delay      (SCD):    -0.822ns
    Clock Pessimism Removal (CPR):    0.329ns
  Clock Uncertainty:      0.088ns  ((TSJ^2 + DJ^2)^1/2) / 2 + PE
    Total System Jitter     (TSJ):    0.071ns
    Discrete Jitter          (DJ):    0.162ns
    Phase Error              (PE):    0.000ns

    Location             Delay type                Incr(ns)  Path(ns)    Netlist Resource(s)
  -------------------------------------------------------------------    -------------------
                         (clock clk_out2_clk_wiz_0 rise edge)
                                                      0.000     0.000 r  
    R4                                                0.000     0.000 r  sys_clk (IN)
                         net (fo=0)                   0.000     0.000    u_mmcm/inst/clk_in1
    R4                   IBUF (Prop_ibuf_I_O)         1.419     1.419 r  u_mmcm/inst/clkin1_ibufg/O
                         net (fo=1, routed)           1.065     2.484    u_mmcm/inst/clk_in1_clk_wiz_0
    MMCME2_ADV_X1Y2      MMCME2_ADV (Prop_mmcme2_adv_CLKIN1_CLKOUT1)
                                                     -6.273    -3.789 r  u_mmcm/inst/mmcm_adv_inst/CLKOUT1
                         net (fo=1, routed)           1.524    -2.265    u_mmcm/inst/clk_out2_clk_wiz_0
    BUFGCTRL_X0Y0        BUFG (Prop_bufg_I_O)         0.081    -2.184 r  u_mmcm/inst/clkout2_buf/O
                         net (fo=2629, routed)        1.362    -0.822    u_data_rx_dual/u_panel1/clk_out2
    SLICE_X84Y169        FDCE                                         r  u_data_rx_dual/u_panel1/cap_done_tgl_sys_d1_reg/C
  -------------------------------------------------------------------    -------------------
    SLICE_X84Y169        FDCE (Prop_fdce_C_Q)         0.433    -0.389 r  u_data_rx_dual/u_panel1/cap_done_tgl_sys_d1_reg/Q
                         net (fo=7, routed)           2.022     1.633    u_data_rx_dual/u_panel1/cap_done_tgl_sys_d1
    SLICE_X50Y180        LUT2 (Prop_lut2_I0_O)        0.105     1.738 r  u_data_rx_dual/u_panel1/burst_cnt[6]_i_3/O
                         net (fo=3, routed)           0.264     2.002    u_data_rx_dual/u_panel1/burst_cnt[6]_i_3_n_0
    SLICE_X51Y180        LUT6 (Prop_lut6_I0_O)        0.105     2.107 r  u_data_rx_dual/u_panel1/merged_burst[127]_i_1/O
                         net (fo=65, routed)          3.673     5.780    u_data_rx_dual/u_panel1/merged_burst[127]_i_1_n_0
    SLICE_X112Y142       FDCE                                         r  u_data_rx_dual/u_panel1/merged_burst_reg[126]/CE
  -------------------------------------------------------------------    -------------------

                         (clock clk_out2_clk_wiz_0 rise edge)
                                                     10.000    10.000 r  
    R4                                                0.000    10.000 r  sys_clk (IN)
                         net (fo=0)                   0.000    10.000    u_mmcm/inst/clk_in1
    R4                   IBUF (Prop_ibuf_I_O)         1.353    11.353 r  u_mmcm/inst/clkin1_ibufg/O
                         net (fo=1, routed)           1.004    12.357    u_mmcm/inst/clk_in1_clk_wiz_0
    MMCME2_ADV_X1Y2      MMCME2_ADV (Prop_mmcme2_adv_CLKIN1_CLKOUT1)
                                                     -6.399     5.957 r  u_mmcm/inst/mmcm_adv_inst/CLKOUT1
                         net (fo=1, routed)           1.452     7.410    u_mmcm/inst/clk_out2_clk_wiz_0
    BUFGCTRL_X0Y0        BUFG (Prop_bufg_I_O)         0.077     7.487 r  u_mmcm/inst/clkout2_buf/O
                         net (fo=2629, routed)        1.315     8.802    u_data_rx_dual/u_panel1/clk_out2
    SLICE_X112Y142       FDCE                                         r  u_data_rx_dual/u_panel1/merged_burst_reg[126]/C
                         clock pessimism              0.329     9.131    
                         clock uncertainty           -0.088     9.043    
    SLICE_X112Y142       FDCE (Setup_fdce_C_CE)      -0.136     8.907    u_data_rx_dual/u_panel1/merged_burst_reg[126]
  -------------------------------------------------------------------
                         required time                          8.907    
                         arrival time                          -5.780    
  -------------------------------------------------------------------
                         slack                                  3.127    





Min Delay Paths
--------------------------------------------------------------------------------------
Slack (MET) :             0.011ns  (arrival time - required time)
  Source:                 u_ila_datapath/inst/ila_core_inst/xsdb_memory_read_inst/input_data_reg[3]/C
                            (rising edge-triggered cell FDRE clocked by clk_out2_clk_wiz_0  {rise@0.000ns fall@5.000ns period=10.000ns})
  Destination:            u_ila_datapath/inst/ila_core_inst/u_ila_regs/reg_stream_ffe/I_EN_STAT_EQ1.U_STAT/xsdb_reg_reg[3]/D
                            (rising edge-triggered cell FDRE clocked by clk_out2_clk_wiz_0  {rise@0.000ns fall@5.000ns period=10.000ns})
  Path Group:             clk_out2_clk_wiz_0
  Path Type:              Hold (Min at Fast Process Corner)
  Requirement:            0.000ns  (clk_out2_clk_wiz_0 rise@0.000ns - clk_out2_clk_wiz_0 rise@0.000ns)
  Data Path Delay:        0.407ns  (logic 0.209ns (51.322%)  route 0.198ns (48.678%))
  Logic Levels:           1  (LUT5=1)
  Clock Path Skew:        0.275ns (DCD - SCD - CPR)
    Destination Clock Delay (DCD):    -0.904ns
    Source Clock Delay      (SCD):    -0.665ns
    Clock Pessimism Removal (CPR):    -0.514ns

    Location             Delay type                Incr(ns)  Path(ns)    Netlist Resource(s)
  -------------------------------------------------------------------    -------------------
                         (clock clk_out2_clk_wiz_0 rise edge)
                                                      0.000     0.000 r  
    R4                                                0.000     0.000 r  sys_clk (IN)
                         net (fo=0)                   0.000     0.000    u_mmcm/inst/clk_in1
    R4                   IBUF (Prop_ibuf_I_O)         0.256     0.256 r  u_mmcm/inst/clkin1_ibufg/O
                         net (fo=1, routed)           0.440     0.696    u_mmcm/inst/clk_in1_clk_wiz_0
    MMCME2_ADV_X1Y2      MMCME2_ADV (Prop_mmcme2_adv_CLKIN1_CLKOUT1)
                                                     -2.540    -1.844 r  u_mmcm/inst/mmcm_adv_inst/CLKOUT1
                         net (fo=1, routed)           0.531    -1.313    u_mmcm/inst/clk_out2_clk_wiz_0
    BUFGCTRL_X0Y0        BUFG (Prop_bufg_I_O)         0.026    -1.287 r  u_mmcm/inst/clkout2_buf/O
                         net (fo=2629, routed)        0.622    -0.665    u_ila_datapath/inst/ila_core_inst/xsdb_memory_read_inst/CLK_I
    SLICE_X22Y153        FDRE                                         r  u_ila_datapath/inst/ila_core_inst/xsdb_memory_read_inst/input_data_reg[3]/C
  -------------------------------------------------------------------    -------------------
    SLICE_X22Y153        FDRE (Prop_fdre_C_Q)         0.164    -0.501 r  u_ila_datapath/inst/ila_core_inst/xsdb_memory_read_inst/input_data_reg[3]/Q
                         net (fo=1, routed)           0.198    -0.303    u_ila_datapath/inst/ila_core_inst/xsdb_memory_read_inst/input_data[3]
    SLICE_X22Y149        LUT5 (Prop_lut5_I0_O)        0.045    -0.258 r  u_ila_datapath/inst/ila_core_inst/xsdb_memory_read_inst/DOUT_O[3]_INST_0/O
                         net (fo=1, routed)           0.000    -0.258    u_ila_datapath/inst/ila_core_inst/u_ila_regs/reg_stream_ffe/I_EN_STAT_EQ1.U_STAT/din_i[3]
    SLICE_X22Y149        FDRE                                         r  u_ila_datapath/inst/ila_core_inst/u_ila_regs/reg_stream_ffe/I_EN_STAT_EQ1.U_STAT/xsdb_reg_reg[3]/D
  -------------------------------------------------------------------    -------------------

                         (clock clk_out2_clk_wiz_0 rise edge)
                                                      0.000     0.000 r  
    R4                                                0.000     0.000 r  sys_clk (IN)
                         net (fo=0)                   0.000     0.000    u_mmcm/inst/clk_in1
    R4                   IBUF (Prop_ibuf_I_O)         0.444     0.444 r  u_mmcm/inst/clkin1_ibufg/O
                         net (fo=1, routed)           0.480     0.924    u_mmcm/inst/clk_in1_clk_wiz_0
    MMCME2_ADV_X1Y2      MMCME2_ADV (Prop_mmcme2_adv_CLKIN1_CLKOUT1)
                                                     -3.332    -2.409 r  u_mmcm/inst/mmcm_adv_inst/CLKOUT1
                         net (fo=1, routed)           0.579    -1.830    u_mmcm/inst/clk_out2_clk_wiz_0
    BUFGCTRL_X0Y0        BUFG (Prop_bufg_I_O)         0.029    -1.801 r  u_mmcm/inst/clkout2_buf/O
                         net (fo=2629, routed)        0.897    -0.904    u_ila_datapath/inst/ila_core_inst/u_ila_regs/reg_stream_ffe/I_EN_STAT_EQ1.U_STAT/s_dclk_i
    SLICE_X22Y149        FDRE                                         r  u_ila_datapath/inst/ila_core_inst/u_ila_regs/reg_stream_ffe/I_EN_STAT_EQ1.U_STAT/xsdb_reg_reg[3]/C
                         clock pessimism              0.514    -0.390    
    SLICE_X22Y149        FDRE (Hold_fdre_C_D)         0.121    -0.269    u_ila_datapath/inst/ila_core_inst/u_ila_regs/reg_stream_ffe/I_EN_STAT_EQ1.U_STAT/xsdb_reg_reg[3]
  -------------------------------------------------------------------
                         required time                          0.269    
                         arrival time                          -0.258    
  -------------------------------------------------------------------
                         slack                                  0.011    

Slack (MET) :             0.066ns  (arrival time - required time)
  Source:                 dbg_hub/inst/BSCANID.u_xsdbm_id/CORE_XSDB.UUT_MASTER/U_ICON_INTERFACE/U_CMD4/ctl_reg_en_2_reg[1]/C
                            (rising edge-triggered cell FDRE clocked by clk_out2_clk_wiz_0  {rise@0.000ns fall@5.000ns period=10.000ns})
  Destination:            dbg_hub/inst/BSCANID.u_xsdbm_id/CORE_XSDB.UUT_MASTER/U_XSDB_BURST_WD_LEN_CONTROLLER/burst_wd_in_rdy_rise_edge_reg/D
                            (rising edge-triggered cell FDRE clocked by clk_out2_clk_wiz_0  {rise@0.000ns fall@5.000ns period=10.000ns})
  Path Group:             clk_out2_clk_wiz_0
  Path Type:              Hold (Min at Fast Process Corner)
  Requirement:            0.000ns  (clk_out2_clk_wiz_0 rise@0.000ns - clk_out2_clk_wiz_0 rise@0.000ns)
  Data Path Delay:        0.456ns  (logic 0.247ns (54.122%)  route 0.209ns (45.878%))
  Logic Levels:           1  (LUT2=1)
  Clock Path Skew:        0.270ns (DCD - SCD - CPR)
    Destination Clock Delay (DCD):    -0.953ns
    Source Clock Delay      (SCD):    -0.709ns
    Clock Pessimism Removal (CPR):    -0.514ns

    Location             Delay type                Incr(ns)  Path(ns)    Netlist Resource(s)
  -------------------------------------------------------------------    -------------------
                         (clock clk_out2_clk_wiz_0 rise edge)
                                                      0.000     0.000 r  
    R4                                                0.000     0.000 r  sys_clk (IN)
                         net (fo=0)                   0.000     0.000    u_mmcm/inst/clk_in1
    R4                   IBUF (Prop_ibuf_I_O)         0.256     0.256 r  u_mmcm/inst/clkin1_ibufg/O
                         net (fo=1, routed)           0.440     0.696    u_mmcm/inst/clk_in1_clk_wiz_0
    MMCME2_ADV_X1Y2      MMCME2_ADV (Prop_mmcme2_adv_CLKIN1_CLKOUT1)
                                                     -2.540    -1.844 r  u_mmcm/inst/mmcm_adv_inst/CLKOUT1
                         net (fo=1, routed)           0.531    -1.313    u_mmcm/inst/clk_out2_clk_wiz_0
    BUFGCTRL_X0Y0        BUFG (Prop_bufg_I_O)         0.026    -1.287 r  u_mmcm/inst/clkout2_buf/O
                         net (fo=2629, routed)        0.578    -0.709    dbg_hub/inst/BSCANID.u_xsdbm_id/CORE_XSDB.UUT_MASTER/U_ICON_INTERFACE/U_CMD4/clk
    SLICE_X72Y148        FDRE                                         r  dbg_hub/inst/BSCANID.u_xsdbm_id/CORE_XSDB.UUT_MASTER/U_ICON_INTERFACE/U_CMD4/ctl_reg_en_2_reg[1]/C
  -------------------------------------------------------------------    -------------------
    SLICE_X72Y148        FDRE (Prop_fdre_C_Q)         0.148    -0.561 r  dbg_hub/inst/BSCANID.u_xsdbm_id/CORE_XSDB.UUT_MASTER/U_ICON_INTERFACE/U_CMD4/ctl_reg_en_2_reg[1]/Q
                         net (fo=2, routed)           0.209    -0.352    dbg_hub/inst/BSCANID.u_xsdbm_id/CORE_XSDB.UUT_MASTER/U_ICON_INTERFACE/U_CMD4/ctl_reg_en_2[1]
    SLICE_X68Y150        LUT2 (Prop_lut2_I0_O)        0.099    -0.253 r  dbg_hub/inst/BSCANID.u_xsdbm_id/CORE_XSDB.UUT_MASTER/U_ICON_INTERFACE/U_CMD4/burst_wd_in_rdy_rise_edge_i_1/O
                         net (fo=1, routed)           0.000    -0.253    dbg_hub/inst/BSCANID.u_xsdbm_id/CORE_XSDB.UUT_MASTER/U_XSDB_BURST_WD_LEN_CONTROLLER/burst_wd_in_rdy_rise_edge0
    SLICE_X68Y150        FDRE                                         r  dbg_hub/inst/BSCANID.u_xsdbm_id/CORE_XSDB.UUT_MASTER/U_XSDB_BURST_WD_LEN_CONTROLLER/burst_wd_in_rdy_rise_edge_reg/D
  -------------------------------------------------------------------    -------------------

                         (clock clk_out2_clk_wiz_0 rise edge)
                                                      0.000     0.000 r  
    R4                                                0.000     0.000 r  sys_clk (IN)
                         net (fo=0)                   0.000     0.000    u_mmcm/inst/clk_in1
    R4                   IBUF (Prop_ibuf_I_O)         0.444     0.444 r  u_mmcm/inst/clkin1_ibufg/O
                         net (fo=1, routed)           0.480     0.924    u_mmcm/inst/clk_in1_clk_wiz_0
    MMCME2_ADV_X1Y2      MMCME2_ADV (Prop_mmcme2_adv_CLKIN1_CLKOUT1)
                                                     -3.332    -2.409 r  u_mmcm/inst/mmcm_adv_inst/CLKOUT1
                         net (fo=1, routed)           0.579    -1.830    u_mmcm/inst/clk_out2_clk_wiz_0
    BUFGCTRL_X0Y0        BUFG (Prop_bufg_I_O)         0.029    -1.801 r  u_mmcm/inst/clkout2_buf/O
                         net (fo=2629, routed)        0.848    -0.953    dbg_hub/inst/BSCANID.u_xsdbm_id/CORE_XSDB.UUT_MASTER/U_XSDB_BURST_WD_LEN_CONTROLLER/clk
    SLICE_X68Y150        FDRE                                         r  dbg_hub/inst/BSCANID.u_xsdbm_id/CORE_XSDB.UUT_MASTER/U_XSDB_BURST_WD_LEN_CONTROLLER/burst_wd_in_rdy_rise_edge_reg/C
                         clock pessimism              0.514    -0.439    
    SLICE_X68Y150        FDRE (Hold_fdre_C_D)         0.120    -0.319    dbg_hub/inst/BSCANID.u_xsdbm_id/CORE_XSDB.UUT_MASTER/U_XSDB_BURST_WD_LEN_CONTROLLER/burst_wd_in_rdy_rise_edge_reg
  -------------------------------------------------------------------
                         required time                          0.319    
                         arrival time                          -0.253    
  -------------------------------------------------------------------
                         slack                                  0.066    

Slack (MET) :             0.072ns  (arrival time - required time)
  Source:                 u_ila_datapath/inst/ila_core_inst/shifted_data_in_reg[8][18]/C
                            (rising edge-triggered cell FDRE clocked by clk_out2_clk_wiz_0  {rise@0.000ns fall@5.000ns period=10.000ns})
  Destination:            u_ila_datapath/inst/ila_core_inst/ila_trace_memory_inst/SUBCORE_RAM_BLK_MEM_1.trace_block_memory/inst_blk_mem_gen/gnbram.gnativebmg.native_blk_mem_gen/valid.cstr/ramloop[4].ram.r/prim_noinit.ram/DEVICE_7SERIES.NO_BMM_INFO.SDP.SIMPLE_PRIM36.ram/DIADI[5]
                            (rising edge-triggered cell RAMB36E1 clocked by clk_out2_clk_wiz_0  {rise@0.000ns fall@5.000ns period=10.000ns})
  Path Group:             clk_out2_clk_wiz_0
  Path Type:              Hold (Min at Fast Process Corner)
  Requirement:            0.000ns  (clk_out2_clk_wiz_0 rise@0.000ns - clk_out2_clk_wiz_0 rise@0.000ns)
  Data Path Delay:        0.282ns  (logic 0.164ns (58.143%)  route 0.118ns (41.857%))
  Logic Levels:           0  
  Clock Path Skew:        0.055ns (DCD - SCD - CPR)
    Destination Clock Delay (DCD):    -0.867ns
    Source Clock Delay      (SCD):    -0.663ns
    Clock Pessimism Removal (CPR):    -0.258ns

    Location             Delay type                Incr(ns)  Path(ns)    Netlist Resource(s)
  -------------------------------------------------------------------    -------------------
                         (clock clk_out2_clk_wiz_0 rise edge)
                                                      0.000     0.000 r  
    R4                                                0.000     0.000 r  sys_clk (IN)
                         net (fo=0)                   0.000     0.000    u_mmcm/inst/clk_in1
    R4                   IBUF (Prop_ibuf_I_O)         0.256     0.256 r  u_mmcm/inst/clkin1_ibufg/O
                         net (fo=1, routed)           0.440     0.696    u_mmcm/inst/clk_in1_clk_wiz_0
    MMCME2_ADV_X1Y2      MMCME2_ADV (Prop_mmcme2_adv_CLKIN1_CLKOUT1)
                                                     -2.540    -1.844 r  u_mmcm/inst/mmcm_adv_inst/CLKOUT1
                         net (fo=1, routed)           0.531    -1.313    u_mmcm/inst/clk_out2_clk_wiz_0
    BUFGCTRL_X0Y0        BUFG (Prop_bufg_I_O)         0.026    -1.287 r  u_mmcm/inst/clkout2_buf/O
                         net (fo=2629, routed)        0.624    -0.663    u_ila_datapath/inst/ila_core_inst/DESIGN_CLK_I
    SLICE_X22Y143        FDRE                                         r  u_ila_datapath/inst/ila_core_inst/shifted_data_in_reg[8][18]/C
  -------------------------------------------------------------------    -------------------
    SLICE_X22Y143        FDRE (Prop_fdre_C_Q)         0.164    -0.499 r  u_ila_datapath/inst/ila_core_inst/shifted_data_in_reg[8][18]/Q
                         net (fo=2, routed)           0.118    -0.381    u_ila_datapath/inst/ila_core_inst/ila_trace_memory_inst/SUBCORE_RAM_BLK_MEM_1.trace_block_memory/inst_blk_mem_gen/gnbram.gnativebmg.native_blk_mem_gen/valid.cstr/ramloop[4].ram.r/prim_noinit.ram/dina[5]
    RAMB36_X1Y28         RAMB36E1                                     r  u_ila_datapath/inst/ila_core_inst/ila_trace_memory_inst/SUBCORE_RAM_BLK_MEM_1.trace_block_memory/inst_blk_mem_gen/gnbram.gnativebmg.native_blk_mem_gen/valid.cstr/ramloop[4].ram.r/prim_noinit.ram/DEVICE_7SERIES.NO_BMM_INFO.SDP.SIMPLE_PRIM36.ram/DIADI[5]
  -------------------------------------------------------------------    -------------------

                         (clock clk_out2_clk_wiz_0 rise edge)
                                                      0.000     0.000 r  
    R4                                                0.000     0.000 r  sys_clk (IN)
                         net (fo=0)                   0.000     0.000    u_mmcm/inst/clk_in1
    R4                   IBUF (Prop_ibuf_I_O)         0.444     0.444 r  u_mmcm/inst/clkin1_ibufg/O
                         net (fo=1, routed)           0.480     0.924    u_mmcm/inst/clk_in1_clk_wiz_0
    MMCME2_ADV_X1Y2      MMCME2_ADV (Prop_mmcme2_adv_CLKIN1_CLKOUT1)
                                                     -3.332    -2.409 r  u_mmcm/inst/mmcm_adv_inst/CLKOUT1
                         net (fo=1, routed)           0.579    -1.830    u_mmcm/inst/clk_out2_clk_wiz_0
    BUFGCTRL_X0Y0        BUFG (Prop_bufg_I_O)         0.029    -1.801 r  u_mmcm/inst/clkout2_buf/O
                         net (fo=2629, routed)        0.934    -0.867    u_ila_datapath/inst/ila_core_inst/ila_trace_memory_inst/SUBCORE_RAM_BLK_MEM_1.trace_block_memory/inst_blk_mem_gen/gnbram.gnativebmg.native_blk_mem_gen/valid.cstr/ramloop[4].ram.r/prim_noinit.ram/clka
    RAMB36_X1Y28         RAMB36E1                                     r  u_ila_datapath/inst/ila_core_inst/ila_trace_memory_inst/SUBCORE_RAM_BLK_MEM_1.trace_block_memory/inst_blk_mem_gen/gnbram.gnativebmg.native_blk_mem_gen/valid.cstr/ramloop[4].ram.r/prim_noinit.ram/DEVICE_7SERIES.NO_BMM_INFO.SDP.SIMPLE_PRIM36.ram/CLKARDCLK
                         clock pessimism              0.258    -0.608    
    RAMB36_X1Y28         RAMB36E1 (Hold_ramb36e1_CLKARDCLK_DIADI[5])
                                                      0.155    -0.453    u_ila_datapath/inst/ila_core_inst/ila_trace_memory_inst/SUBCORE_RAM_BLK_MEM_1.trace_block_memory/inst_blk_mem_gen/gnbram.gnativebmg.native_blk_mem_gen/valid.cstr/ramloop[4].ram.r/prim_noinit.ram/DEVICE_7SERIES.NO_BMM_INFO.SDP.SIMPLE_PRIM36.ram
  -------------------------------------------------------------------
                         required time                          0.453    
                         arrival time                          -0.381    
  -------------------------------------------------------------------
                         slack                                  0.072    

Slack (MET) :             0.075ns  (arrival time - required time)
  Source:                 dbg_hub/inst/BSCANID.u_xsdbm_id/CORE_XSDB.UUT_MASTER/U_XSDB_BUS_MSTR2SL_PORT_IFACE/MA_RD_DIN_O_reg[0]/C
                            (rising edge-triggered cell FDRE clocked by clk_out2_clk_wiz_0  {rise@0.000ns fall@5.000ns period=10.000ns})
  Destination:            dbg_hub/inst/BSCANID.u_xsdbm_id/CORE_XSDB.UUT_MASTER/U_ICON_INTERFACE/U_CMD6_RD/U_RD_FIFO/SUBCORE_FIFO.xsdbm_v3_0_0_rdfifo_inst/inst_fifo_gen/gconvfifo.rf/grf.rf/gntv_or_sync_fifo.mem/gdm.dm_gen.dm/RAM_reg_0_15_0_5/RAMA/I
                            (rising edge-triggered cell RAMD32 clocked by clk_out2_clk_wiz_0  {rise@0.000ns fall@5.000ns period=10.000ns})
  Path Group:             clk_out2_clk_wiz_0
  Path Type:              Hold (Min at Fast Process Corner)
  Requirement:            0.000ns  (clk_out2_clk_wiz_0 rise@0.000ns - clk_out2_clk_wiz_0 rise@0.000ns)
  Data Path Delay:        0.239ns  (logic 0.141ns (59.062%)  route 0.098ns (40.938%))
  Logic Levels:           0  
  Clock Path Skew:        0.017ns (DCD - SCD - CPR)
    Destination Clock Delay (DCD):    -0.949ns
    Source Clock Delay      (SCD):    -0.707ns
    Clock Pessimism Removal (CPR):    -0.259ns

    Location             Delay type                Incr(ns)  Path(ns)    Netlist Resource(s)
  -------------------------------------------------------------------    -------------------
                         (clock clk_out2_clk_wiz_0 rise edge)
                                                      0.000     0.000 r  
    R4                                                0.000     0.000 r  sys_clk (IN)
                         net (fo=0)                   0.000     0.000    u_mmcm/inst/clk_in1
    R4                   IBUF (Prop_ibuf_I_O)         0.256     0.256 r  u_mmcm/inst/clkin1_ibufg/O
                         net (fo=1, routed)           0.440     0.696    u_mmcm/inst/clk_in1_clk_wiz_0
    MMCME2_ADV_X1Y2      MMCME2_ADV (Prop_mmcme2_adv_CLKIN1_CLKOUT1)
                                                     -2.540    -1.844 r  u_mmcm/inst/mmcm_adv_inst/CLKOUT1
                         net (fo=1, routed)           0.531    -1.313    u_mmcm/inst/clk_out2_clk_wiz_0
    BUFGCTRL_X0Y0        BUFG (Prop_bufg_I_O)         0.026    -1.287 r  u_mmcm/inst/clkout2_buf/O
                         net (fo=2629, routed)        0.580    -0.707    dbg_hub/inst/BSCANID.u_xsdbm_id/CORE_XSDB.UUT_MASTER/U_XSDB_BUS_MSTR2SL_PORT_IFACE/clk
    SLICE_X59Y157        FDRE                                         r  dbg_hub/inst/BSCANID.u_xsdbm_id/CORE_XSDB.UUT_MASTER/U_XSDB_BUS_MSTR2SL_PORT_IFACE/MA_RD_DIN_O_reg[0]/C
  -------------------------------------------------------------------    -------------------
    SLICE_X59Y157        FDRE (Prop_fdre_C_Q)         0.141    -0.566 r  dbg_hub/inst/BSCANID.u_xsdbm_id/CORE_XSDB.UUT_MASTER/U_XSDB_BUS_MSTR2SL_PORT_IFACE/MA_RD_DIN_O_reg[0]/Q
                         net (fo=1, routed)           0.098    -0.468    dbg_hub/inst/BSCANID.u_xsdbm_id/CORE_XSDB.UUT_MASTER/U_ICON_INTERFACE/U_CMD6_RD/U_RD_FIFO/SUBCORE_FIFO.xsdbm_v3_0_0_rdfifo_inst/inst_fifo_gen/gconvfifo.rf/grf.rf/gntv_or_sync_fifo.mem/gdm.dm_gen.dm/RAM_reg_0_15_0_5/DIA0
    SLICE_X60Y156        RAMD32                                       r  dbg_hub/inst/BSCANID.u_xsdbm_id/CORE_XSDB.UUT_MASTER/U_ICON_INTERFACE/U_CMD6_RD/U_RD_FIFO/SUBCORE_FIFO.xsdbm_v3_0_0_rdfifo_inst/inst_fifo_gen/gconvfifo.rf/grf.rf/gntv_or_sync_fifo.mem/gdm.dm_gen.dm/RAM_reg_0_15_0_5/RAMA/I
  -------------------------------------------------------------------    -------------------

                         (clock clk_out2_clk_wiz_0 rise edge)
                                                      0.000     0.000 r  
    R4                                                0.000     0.000 r  sys_clk (IN)
                         net (fo=0)                   0.000     0.000    u_mmcm/inst/clk_in1
    R4                   IBUF (Prop_ibuf_I_O)         0.444     0.444 r  u_mmcm/inst/clkin1_ibufg/O
                         net (fo=1, routed)           0.480     0.924    u_mmcm/inst/clk_in1_clk_wiz_0
    MMCME2_ADV_X1Y2      MMCME2_ADV (Prop_mmcme2_adv_CLKIN1_CLKOUT1)
                                                     -3.332    -2.409 r  u_mmcm/inst/mmcm_adv_inst/CLKOUT1
                         net (fo=1, routed)           0.579    -1.830    u_mmcm/inst/clk_out2_clk_wiz_0
    BUFGCTRL_X0Y0        BUFG (Prop_bufg_I_O)         0.029    -1.801 r  u_mmcm/inst/clkout2_buf/O
                         net (fo=2629, routed)        0.851    -0.949    dbg_hub/inst/BSCANID.u_xsdbm_id/CORE_XSDB.UUT_MASTER/U_ICON_INTERFACE/U_CMD6_RD/U_RD_FIFO/SUBCORE_FIFO.xsdbm_v3_0_0_rdfifo_inst/inst_fifo_gen/gconvfifo.rf/grf.rf/gntv_or_sync_fifo.mem/gdm.dm_gen.dm/RAM_reg_0_15_0_5/WCLK
    SLICE_X60Y156        RAMD32                                       r  dbg_hub/inst/BSCANID.u_xsdbm_id/CORE_XSDB.UUT_MASTER/U_ICON_INTERFACE/U_CMD6_RD/U_RD_FIFO/SUBCORE_FIFO.xsdbm_v3_0_0_rdfifo_inst/inst_fifo_gen/gconvfifo.rf/grf.rf/gntv_or_sync_fifo.mem/gdm.dm_gen.dm/RAM_reg_0_15_0_5/RAMA/CLK
                         clock pessimism              0.259    -0.690    
    SLICE_X60Y156        RAMD32 (Hold_ramd32_CLK_I)
                                                      0.147    -0.543    dbg_hub/inst/BSCANID.u_xsdbm_id/CORE_XSDB.UUT_MASTER/U_ICON_INTERFACE/U_CMD6_RD/U_RD_FIFO/SUBCORE_FIFO.xsdbm_v3_0_0_rdfifo_inst/inst_fifo_gen/gconvfifo.rf/grf.rf/gntv_or_sync_fifo.mem/gdm.dm_gen.dm/RAM_reg_0_15_0_5/RAMA
  -------------------------------------------------------------------
                         required time                          0.543    
                         arrival time                          -0.468    
  -------------------------------------------------------------------
                         slack                                  0.075    

Slack (MET) :             0.088ns  (arrival time - required time)
  Source:                 u_spi_p1/reg_rdback_reg[4]/C
                            (rising edge-triggered cell FDCE clocked by clk_out2_clk_wiz_0  {rise@0.000ns fall@5.000ns period=10.000ns})
  Destination:            u_ila_datapath/inst/ila_core_inst/shifted_data_in_reg[7][15]_srl8/D
                            (rising edge-triggered cell SRL16E clocked by clk_out2_clk_wiz_0  {rise@0.000ns fall@5.000ns period=10.000ns})
  Path Group:             clk_out2_clk_wiz_0
  Path Type:              Hold (Min at Fast Process Corner)
  Requirement:            0.000ns  (clk_out2_clk_wiz_0 rise@0.000ns - clk_out2_clk_wiz_0 rise@0.000ns)
  Data Path Delay:        0.287ns  (logic 0.164ns (57.122%)  route 0.123ns (42.878%))
  Logic Levels:           0  
  Clock Path Skew:        0.016ns (DCD - SCD - CPR)
    Destination Clock Delay (DCD):    -0.915ns
    Source Clock Delay      (SCD):    -0.673ns
    Clock Pessimism Removal (CPR):    -0.258ns

    Location             Delay type                Incr(ns)  Path(ns)    Netlist Resource(s)
  -------------------------------------------------------------------    -------------------
                         (clock clk_out2_clk_wiz_0 rise edge)
                                                      0.000     0.000 r  
    R4                                                0.000     0.000 r  sys_clk (IN)
                         net (fo=0)                   0.000     0.000    u_mmcm/inst/clk_in1
    R4                   IBUF (Prop_ibuf_I_O)         0.256     0.256 r  u_mmcm/inst/clkin1_ibufg/O
                         net (fo=1, routed)           0.440     0.696    u_mmcm/inst/clk_in1_clk_wiz_0
    MMCME2_ADV_X1Y2      MMCME2_ADV (Prop_mmcme2_adv_CLKIN1_CLKOUT1)
                                                     -2.540    -1.844 r  u_mmcm/inst/mmcm_adv_inst/CLKOUT1
                         net (fo=1, routed)           0.531    -1.313    u_mmcm/inst/clk_out2_clk_wiz_0
    BUFGCTRL_X0Y0        BUFG (Prop_bufg_I_O)         0.026    -1.287 r  u_mmcm/inst/clkout2_buf/O
                         net (fo=2629, routed)        0.614    -0.673    u_spi_p1/clk_sys
    SLICE_X40Y154        FDCE                                         r  u_spi_p1/reg_rdback_reg[4]/C
  -------------------------------------------------------------------    -------------------
    SLICE_X40Y154        FDCE (Prop_fdce_C_Q)         0.164    -0.509 r  u_spi_p1/reg_rdback_reg[4]/Q
                         net (fo=2, routed)           0.123    -0.386    u_ila_datapath/inst/ila_core_inst/TRIGGER_I[15]
    SLICE_X40Y153        SRL16E                                       r  u_ila_datapath/inst/ila_core_inst/shifted_data_in_reg[7][15]_srl8/D
  -------------------------------------------------------------------    -------------------

                         (clock clk_out2_clk_wiz_0 rise edge)
                                                      0.000     0.000 r  
    R4                                                0.000     0.000 r  sys_clk (IN)
                         net (fo=0)                   0.000     0.000    u_mmcm/inst/clk_in1
    R4                   IBUF (Prop_ibuf_I_O)         0.444     0.444 r  u_mmcm/inst/clkin1_ibufg/O
                         net (fo=1, routed)           0.480     0.924    u_mmcm/inst/clk_in1_clk_wiz_0
    MMCME2_ADV_X1Y2      MMCME2_ADV (Prop_mmcme2_adv_CLKIN1_CLKOUT1)
                                                     -3.332    -2.409 r  u_mmcm/inst/mmcm_adv_inst/CLKOUT1
                         net (fo=1, routed)           0.579    -1.830    u_mmcm/inst/clk_out2_clk_wiz_0
    BUFGCTRL_X0Y0        BUFG (Prop_bufg_I_O)         0.029    -1.801 r  u_mmcm/inst/clkout2_buf/O
                         net (fo=2629, routed)        0.886    -0.915    u_ila_datapath/inst/ila_core_inst/DESIGN_CLK_I
    SLICE_X40Y153        SRL16E                                       r  u_ila_datapath/inst/ila_core_inst/shifted_data_in_reg[7][15]_srl8/CLK
                         clock pessimism              0.258    -0.657    
    SLICE_X40Y153        SRL16E (Hold_srl16e_CLK_D)
                                                      0.183    -0.474    u_ila_datapath/inst/ila_core_inst/shifted_data_in_reg[7][15]_srl8
  -------------------------------------------------------------------
                         required time                          0.474    
                         arrival time                          -0.386    
  -------------------------------------------------------------------
                         slack                                  0.088    

Slack (MET) :             0.094ns  (arrival time - required time)
  Source:                 u_ila_datapath/inst/ila_core_inst/u_ila_cap_ctrl/u_cap_addrgen/i_intcap.CAP_ADDR_O_reg[0]/C
                            (rising edge-triggered cell FDRE clocked by clk_out2_clk_wiz_0  {rise@0.000ns fall@5.000ns period=10.000ns})
  Destination:            u_ila_datapath/inst/ila_core_inst/ila_trace_memory_inst/SUBCORE_RAM_BLK_MEM_1.trace_block_memory/inst_blk_mem_gen/gnbram.gnativebmg.native_blk_mem_gen/valid.cstr/ramloop[2].ram.r/prim_noinit.ram/DEVICE_7SERIES.NO_BMM_INFO.SDP.SIMPLE_PRIM36.ram/ADDRARDADDR[3]
                            (rising edge-triggered cell RAMB36E1 clocked by clk_out2_clk_wiz_0  {rise@0.000ns fall@5.000ns period=10.000ns})
  Path Group:             clk_out2_clk_wiz_0
  Path Type:              Hold (Min at Fast Process Corner)
  Requirement:            0.000ns  (clk_out2_clk_wiz_0 rise@0.000ns - clk_out2_clk_wiz_0 rise@0.000ns)
  Data Path Delay:        0.331ns  (logic 0.164ns (49.511%)  route 0.167ns (50.489%))
  Logic Levels:           0  
  Clock Path Skew:        0.055ns (DCD - SCD - CPR)
    Destination Clock Delay (DCD):    -0.908ns
    Source Clock Delay      (SCD):    -0.703ns
    Clock Pessimism Removal (CPR):    -0.259ns

    Location             Delay type                Incr(ns)  Path(ns)    Netlist Resource(s)
  -------------------------------------------------------------------    -------------------
                         (clock clk_out2_clk_wiz_0 rise edge)
                                                      0.000     0.000 r  
    R4                                                0.000     0.000 r  sys_clk (IN)
                         net (fo=0)                   0.000     0.000    u_mmcm/inst/clk_in1
    R4                   IBUF (Prop_ibuf_I_O)         0.256     0.256 r  u_mmcm/inst/clkin1_ibufg/O
                         net (fo=1, routed)           0.440     0.696    u_mmcm/inst/clk_in1_clk_wiz_0
    MMCME2_ADV_X1Y2      MMCME2_ADV (Prop_mmcme2_adv_CLKIN1_CLKOUT1)
                                                     -2.540    -1.844 r  u_mmcm/inst/mmcm_adv_inst/CLKOUT1
                         net (fo=1, routed)           0.531    -1.313    u_mmcm/inst/clk_out2_clk_wiz_0
    BUFGCTRL_X0Y0        BUFG (Prop_bufg_I_O)         0.026    -1.287 r  u_mmcm/inst/clkout2_buf/O
                         net (fo=2629, routed)        0.584    -0.703    u_ila_datapath/inst/ila_core_inst/u_ila_cap_ctrl/u_cap_addrgen/DESIGN_CLK_I
    SLICE_X42Y153        FDRE                                         r  u_ila_datapath/inst/ila_core_inst/u_ila_cap_ctrl/u_cap_addrgen/i_intcap.CAP_ADDR_O_reg[0]/C
  -------------------------------------------------------------------    -------------------
    SLICE_X42Y153        FDRE (Prop_fdre_C_Q)         0.164    -0.539 r  u_ila_datapath/inst/ila_core_inst/u_ila_cap_ctrl/u_cap_addrgen/i_intcap.CAP_ADDR_O_reg[0]/Q
                         net (fo=9, routed)           0.167    -0.372    u_ila_datapath/inst/ila_core_inst/ila_trace_memory_inst/SUBCORE_RAM_BLK_MEM_1.trace_block_memory/inst_blk_mem_gen/gnbram.gnativebmg.native_blk_mem_gen/valid.cstr/ramloop[2].ram.r/prim_noinit.ram/addra[0]
    RAMB36_X2Y30         RAMB36E1                                     r  u_ila_datapath/inst/ila_core_inst/ila_trace_memory_inst/SUBCORE_RAM_BLK_MEM_1.trace_block_memory/inst_blk_mem_gen/gnbram.gnativebmg.native_blk_mem_gen/valid.cstr/ramloop[2].ram.r/prim_noinit.ram/DEVICE_7SERIES.NO_BMM_INFO.SDP.SIMPLE_PRIM36.ram/ADDRARDADDR[3]
  -------------------------------------------------------------------    -------------------

                         (clock clk_out2_clk_wiz_0 rise edge)
                                                      0.000     0.000 r  
    R4                                                0.000     0.000 r  sys_clk (IN)
                         net (fo=0)                   0.000     0.000    u_mmcm/inst/clk_in1
    R4                   IBUF (Prop_ibuf_I_O)         0.444     0.444 r  u_mmcm/inst/clkin1_ibufg/O
                         net (fo=1, routed)           0.480     0.924    u_mmcm/inst/clk_in1_clk_wiz_0
    MMCME2_ADV_X1Y2      MMCME2_ADV (Prop_mmcme2_adv_CLKIN1_CLKOUT1)
                                                     -3.332    -2.409 r  u_mmcm/inst/mmcm_adv_inst/CLKOUT1
                         net (fo=1, routed)           0.579    -1.830    u_mmcm/inst/clk_out2_clk_wiz_0
    BUFGCTRL_X0Y0        BUFG (Prop_bufg_I_O)         0.029    -1.801 r  u_mmcm/inst/clkout2_buf/O
                         net (fo=2629, routed)        0.893    -0.908    u_ila_datapath/inst/ila_core_inst/ila_trace_memory_inst/SUBCORE_RAM_BLK_MEM_1.trace_block_memory/inst_blk_mem_gen/gnbram.gnativebmg.native_blk_mem_gen/valid.cstr/ramloop[2].ram.r/prim_noinit.ram/clka
    RAMB36_X2Y30         RAMB36E1                                     r  u_ila_datapath/inst/ila_core_inst/ila_trace_memory_inst/SUBCORE_RAM_BLK_MEM_1.trace_block_memory/inst_blk_mem_gen/gnbram.gnativebmg.native_blk_mem_gen/valid.cstr/ramloop[2].ram.r/prim_noinit.ram/DEVICE_7SERIES.NO_BMM_INFO.SDP.SIMPLE_PRIM36.ram/CLKARDCLK
                         clock pessimism              0.259    -0.648    
    RAMB36_X2Y30         RAMB36E1 (Hold_ramb36e1_CLKARDCLK_ADDRARDADDR[3])
                                                      0.183    -0.465    u_ila_datapath/inst/ila_core_inst/ila_trace_memory_inst/SUBCORE_RAM_BLK_MEM_1.trace_block_memory/inst_blk_mem_gen/gnbram.gnativebmg.native_blk_mem_gen/valid.cstr/ramloop[2].ram.r/prim_noinit.ram/DEVICE_7SERIES.NO_BMM_INFO.SDP.SIMPLE_PRIM36.ram
  -------------------------------------------------------------------
                         required time                          0.465    
                         arrival time                          -0.372    
  -------------------------------------------------------------------
                         slack                                  0.094    

Slack (MET) :             0.097ns  (arrival time - required time)
  Source:                 dbg_hub/inst/BSCANID.u_xsdbm_id/CORE_XSDB.UUT_MASTER/U_XSDB_BUS_MSTR2SL_PORT_IFACE/MA_RD_DIN_O_reg[15]/C
                            (rising edge-triggered cell FDRE clocked by clk_out2_clk_wiz_0  {rise@0.000ns fall@5.000ns period=10.000ns})
  Destination:            dbg_hub/inst/BSCANID.u_xsdbm_id/CORE_XSDB.UUT_MASTER/U_ICON_INTERFACE/U_CMD6_RD/U_RD_FIFO/SUBCORE_FIFO.xsdbm_v3_0_0_rdfifo_inst/inst_fifo_gen/gconvfifo.rf/grf.rf/gntv_or_sync_fifo.mem/gdm.dm_gen.dm/RAM_reg_0_15_12_15/RAMB_D1/I
                            (rising edge-triggered cell RAMD32 clocked by clk_out2_clk_wiz_0  {rise@0.000ns fall@5.000ns period=10.000ns})
  Path Group:             clk_out2_clk_wiz_0
  Path Type:              Hold (Min at Fast Process Corner)
  Requirement:            0.000ns  (clk_out2_clk_wiz_0 rise@0.000ns - clk_out2_clk_wiz_0 rise@0.000ns)
  Data Path Delay:        0.256ns  (logic 0.141ns (55.136%)  route 0.115ns (44.864%))
  Logic Levels:           0  
  Clock Path Skew:        0.035ns (DCD - SCD - CPR)
    Destination Clock Delay (DCD):    -0.949ns
    Source Clock Delay      (SCD):    -0.704ns
    Clock Pessimism Removal (CPR):    -0.280ns

    Location             Delay type                Incr(ns)  Path(ns)    Netlist Resource(s)
  -------------------------------------------------------------------    -------------------
                         (clock clk_out2_clk_wiz_0 rise edge)
                                                      0.000     0.000 r  
    R4                                                0.000     0.000 r  sys_clk (IN)
                         net (fo=0)                   0.000     0.000    u_mmcm/inst/clk_in1
    R4                   IBUF (Prop_ibuf_I_O)         0.256     0.256 r  u_mmcm/inst/clkin1_ibufg/O
                         net (fo=1, routed)           0.440     0.696    u_mmcm/inst/clk_in1_clk_wiz_0
    MMCME2_ADV_X1Y2      MMCME2_ADV (Prop_mmcme2_adv_CLKIN1_CLKOUT1)
                                                     -2.540    -1.844 r  u_mmcm/inst/mmcm_adv_inst/CLKOUT1
                         net (fo=1, routed)           0.531    -1.313    u_mmcm/inst/clk_out2_clk_wiz_0
    BUFGCTRL_X0Y0        BUFG (Prop_bufg_I_O)         0.026    -1.287 r  u_mmcm/inst/clkout2_buf/O
                         net (fo=2629, routed)        0.583    -0.704    dbg_hub/inst/BSCANID.u_xsdbm_id/CORE_XSDB.UUT_MASTER/U_XSDB_BUS_MSTR2SL_PORT_IFACE/clk
    SLICE_X57Y155        FDRE                                         r  dbg_hub/inst/BSCANID.u_xsdbm_id/CORE_XSDB.UUT_MASTER/U_XSDB_BUS_MSTR2SL_PORT_IFACE/MA_RD_DIN_O_reg[15]/C
  -------------------------------------------------------------------    -------------------
    SLICE_X57Y155        FDRE (Prop_fdre_C_Q)         0.141    -0.563 r  dbg_hub/inst/BSCANID.u_xsdbm_id/CORE_XSDB.UUT_MASTER/U_XSDB_BUS_MSTR2SL_PORT_IFACE/MA_RD_DIN_O_reg[15]/Q
                         net (fo=1, routed)           0.115    -0.448    dbg_hub/inst/BSCANID.u_xsdbm_id/CORE_XSDB.UUT_MASTER/U_ICON_INTERFACE/U_CMD6_RD/U_RD_FIFO/SUBCORE_FIFO.xsdbm_v3_0_0_rdfifo_inst/inst_fifo_gen/gconvfifo.rf/grf.rf/gntv_or_sync_fifo.mem/gdm.dm_gen.dm/RAM_reg_0_15_12_15/DIB1
    SLICE_X60Y155        RAMD32                                       r  dbg_hub/inst/BSCANID.u_xsdbm_id/CORE_XSDB.UUT_MASTER/U_ICON_INTERFACE/U_CMD6_RD/U_RD_FIFO/SUBCORE_FIFO.xsdbm_v3_0_0_rdfifo_inst/inst_fifo_gen/gconvfifo.rf/grf.rf/gntv_or_sync_fifo.mem/gdm.dm_gen.dm/RAM_reg_0_15_12_15/RAMB_D1/I
  -------------------------------------------------------------------    -------------------

                         (clock clk_out2_clk_wiz_0 rise edge)
                                                      0.000     0.000 r  
    R4                                                0.000     0.000 r  sys_clk (IN)
                         net (fo=0)                   0.000     0.000    u_mmcm/inst/clk_in1
    R4                   IBUF (Prop_ibuf_I_O)         0.444     0.444 r  u_mmcm/inst/clkin1_ibufg/O
                         net (fo=1, routed)           0.480     0.924    u_mmcm/inst/clk_in1_clk_wiz_0
    MMCME2_ADV_X1Y2      MMCME2_ADV (Prop_mmcme2_adv_CLKIN1_CLKOUT1)
                                                     -3.332    -2.409 r  u_mmcm/inst/mmcm_adv_inst/CLKOUT1
                         net (fo=1, routed)           0.579    -1.830    u_mmcm/inst/clk_out2_clk_wiz_0
    BUFGCTRL_X0Y0        BUFG (Prop_bufg_I_O)         0.029    -1.801 r  u_mmcm/inst/clkout2_buf/O
                         net (fo=2629, routed)        0.851    -0.949    dbg_hub/inst/BSCANID.u_xsdbm_id/CORE_XSDB.UUT_MASTER/U_ICON_INTERFACE/U_CMD6_RD/U_RD_FIFO/SUBCORE_FIFO.xsdbm_v3_0_0_rdfifo_inst/inst_fifo_gen/gconvfifo.rf/grf.rf/gntv_or_sync_fifo.mem/gdm.dm_gen.dm/RAM_reg_0_15_12_15/WCLK
    SLICE_X60Y155        RAMD32                                       r  dbg_hub/inst/BSCANID.u_xsdbm_id/CORE_XSDB.UUT_MASTER/U_ICON_INTERFACE/U_CMD6_RD/U_RD_FIFO/SUBCORE_FIFO.xsdbm_v3_0_0_rdfifo_inst/inst_fifo_gen/gconvfifo.rf/grf.rf/gntv_or_sync_fifo.mem/gdm.dm_gen.dm/RAM_reg_0_15_12_15/RAMB_D1/CLK
                         clock pessimism              0.280    -0.669    
    SLICE_X60Y155        RAMD32 (Hold_ramd32_CLK_I)
                                                      0.124    -0.545    dbg_hub/inst/BSCANID.u_xsdbm_id/CORE_XSDB.UUT_MASTER/U_ICON_INTERFACE/U_CMD6_RD/U_RD_FIFO/SUBCORE_FIFO.xsdbm_v3_0_0_rdfifo_inst/inst_fifo_gen/gconvfifo.rf/grf.rf/gntv_or_sync_fifo.mem/gdm.dm_gen.dm/RAM_reg_0_15_12_15/RAMB_D1
  -------------------------------------------------------------------
                         required time                          0.545    
                         arrival time                          -0.448    
  -------------------------------------------------------------------
                         slack                                  0.097    

Slack (MET) :             0.098ns  (arrival time - required time)
  Source:                 dbg_hub/inst/BSCANID.u_xsdbm_id/CORE_XSDB.UUT_MASTER/U_XSDB_BURST_WD_LEN_CONTROLLER/burst_wd_reg[15]/C
                            (rising edge-triggered cell FDRE clocked by clk_out2_clk_wiz_0  {rise@0.000ns fall@5.000ns period=10.000ns})
  Destination:            dbg_hub/inst/BSCANID.u_xsdbm_id/CORE_XSDB.UUT_MASTER/U_XSDB_BURST_WD_LEN_CONTROLLER/burst_wd_reg[16]/D
                            (rising edge-triggered cell FDRE clocked by clk_out2_clk_wiz_0  {rise@0.000ns fall@5.000ns period=10.000ns})
  Path Group:             clk_out2_clk_wiz_0
  Path Type:              Hold (Min at Fast Process Corner)
  Requirement:            0.000ns  (clk_out2_clk_wiz_0 rise@0.000ns - clk_out2_clk_wiz_0 rise@0.000ns)
  Data Path Delay:        0.501ns  (logic 0.352ns (70.286%)  route 0.149ns (29.714%))
  Logic Levels:           3  (CARRY4=2 LUT3=1)
  Clock Path Skew:        0.269ns (DCD - SCD - CPR)
    Destination Clock Delay (DCD):    -0.954ns
    Source Clock Delay      (SCD):    -0.709ns
    Clock Pessimism Removal (CPR):    -0.514ns

    Location             Delay type                Incr(ns)  Path(ns)    Netlist Resource(s)
  -------------------------------------------------------------------    -------------------
                         (clock clk_out2_clk_wiz_0 rise edge)
                                                      0.000     0.000 r  
    R4                                                0.000     0.000 r  sys_clk (IN)
                         net (fo=0)                   0.000     0.000    u_mmcm/inst/clk_in1
    R4                   IBUF (Prop_ibuf_I_O)         0.256     0.256 r  u_mmcm/inst/clkin1_ibufg/O
                         net (fo=1, routed)           0.440     0.696    u_mmcm/inst/clk_in1_clk_wiz_0
    MMCME2_ADV_X1Y2      MMCME2_ADV (Prop_mmcme2_adv_CLKIN1_CLKOUT1)
                                                     -2.540    -1.844 r  u_mmcm/inst/mmcm_adv_inst/CLKOUT1
                         net (fo=1, routed)           0.531    -1.313    u_mmcm/inst/clk_out2_clk_wiz_0
    BUFGCTRL_X0Y0        BUFG (Prop_bufg_I_O)         0.026    -1.287 r  u_mmcm/inst/clkout2_buf/O
                         net (fo=2629, routed)        0.578    -0.709    dbg_hub/inst/BSCANID.u_xsdbm_id/CORE_XSDB.UUT_MASTER/U_XSDB_BURST_WD_LEN_CONTROLLER/clk
    SLICE_X70Y149        FDRE                                         r  dbg_hub/inst/BSCANID.u_xsdbm_id/CORE_XSDB.UUT_MASTER/U_XSDB_BURST_WD_LEN_CONTROLLER/burst_wd_reg[15]/C
  -------------------------------------------------------------------    -------------------
    SLICE_X70Y149        FDRE (Prop_fdre_C_Q)         0.164    -0.545 r  dbg_hub/inst/BSCANID.u_xsdbm_id/CORE_XSDB.UUT_MASTER/U_XSDB_BURST_WD_LEN_CONTROLLER/burst_wd_reg[15]/Q
                         net (fo=3, routed)           0.148    -0.397    dbg_hub/inst/BSCANID.u_xsdbm_id/CORE_XSDB.UUT_MASTER/U_XSDB_BURST_WD_LEN_CONTROLLER/burst_wd_reg[15]
    SLICE_X70Y149        LUT3 (Prop_lut3_I2_O)        0.044    -0.353 r  dbg_hub/inst/BSCANID.u_xsdbm_id/CORE_XSDB.UUT_MASTER/U_XSDB_BURST_WD_LEN_CONTROLLER/burst_wd[12]_i_2/O
                         net (fo=1, routed)           0.000    -0.353    dbg_hub/inst/BSCANID.u_xsdbm_id/CORE_XSDB.UUT_MASTER/U_XSDB_BURST_WD_LEN_CONTROLLER/burst_wd[12]_i_2_n_0
    SLICE_X70Y149        CARRY4 (Prop_carry4_DI[3]_CO[3])
                                                      0.091    -0.262 r  dbg_hub/inst/BSCANID.u_xsdbm_id/CORE_XSDB.UUT_MASTER/U_XSDB_BURST_WD_LEN_CONTROLLER/burst_wd_reg[12]_i_1/CO[3]
                         net (fo=1, routed)           0.001    -0.261    dbg_hub/inst/BSCANID.u_xsdbm_id/CORE_XSDB.UUT_MASTER/U_XSDB_BURST_WD_LEN_CONTROLLER/burst_wd_reg[12]_i_1_n_0
    SLICE_X70Y150        CARRY4 (Prop_carry4_CI_O[0])
                                                      0.053    -0.208 r  dbg_hub/inst/BSCANID.u_xsdbm_id/CORE_XSDB.UUT_MASTER/U_XSDB_BURST_WD_LEN_CONTROLLER/burst_wd_reg[16]_i_1/O[0]
                         net (fo=1, routed)           0.000    -0.208    dbg_hub/inst/BSCANID.u_xsdbm_id/CORE_XSDB.UUT_MASTER/U_XSDB_BURST_WD_LEN_CONTROLLER/burst_wd_reg[16]_i_1_n_7
    SLICE_X70Y150        FDRE                                         r  dbg_hub/inst/BSCANID.u_xsdbm_id/CORE_XSDB.UUT_MASTER/U_XSDB_BURST_WD_LEN_CONTROLLER/burst_wd_reg[16]/D
  -------------------------------------------------------------------    -------------------

                         (clock clk_out2_clk_wiz_0 rise edge)
                                                      0.000     0.000 r  
    R4                                                0.000     0.000 r  sys_clk (IN)
                         net (fo=0)                   0.000     0.000    u_mmcm/inst/clk_in1
    R4                   IBUF (Prop_ibuf_I_O)         0.444     0.444 r  u_mmcm/inst/clkin1_ibufg/O
                         net (fo=1, routed)           0.480     0.924    u_mmcm/inst/clk_in1_clk_wiz_0
    MMCME2_ADV_X1Y2      MMCME2_ADV (Prop_mmcme2_adv_CLKIN1_CLKOUT1)
                                                     -3.332    -2.409 r  u_mmcm/inst/mmcm_adv_inst/CLKOUT1
                         net (fo=1, routed)           0.579    -1.830    u_mmcm/inst/clk_out2_clk_wiz_0
    BUFGCTRL_X0Y0        BUFG (Prop_bufg_I_O)         0.029    -1.801 r  u_mmcm/inst/clkout2_buf/O
                         net (fo=2629, routed)        0.847    -0.954    dbg_hub/inst/BSCANID.u_xsdbm_id/CORE_XSDB.UUT_MASTER/U_XSDB_BURST_WD_LEN_CONTROLLER/clk
    SLICE_X70Y150        FDRE                                         r  dbg_hub/inst/BSCANID.u_xsdbm_id/CORE_XSDB.UUT_MASTER/U_XSDB_BURST_WD_LEN_CONTROLLER/burst_wd_reg[16]/C
                         clock pessimism              0.514    -0.440    
    SLICE_X70Y150        FDRE (Hold_fdre_C_D)         0.134    -0.306    dbg_hub/inst/BSCANID.u_xsdbm_id/CORE_XSDB.UUT_MASTER/U_XSDB_BURST_WD_LEN_CONTROLLER/burst_wd_reg[16]
  -------------------------------------------------------------------
                         required time                          0.306    
                         arrival time                          -0.208    
  -------------------------------------------------------------------
                         slack                                  0.098    

Slack (MET) :             0.099ns  (arrival time - required time)
  Source:                 u_ila_datapath/inst/ila_core_inst/xsdb_memory_read_inst/read_addr_reg[9]/C
                            (rising edge-triggered cell FDRE clocked by clk_out2_clk_wiz_0  {rise@0.000ns fall@5.000ns period=10.000ns})
  Destination:            u_ila_datapath/inst/ila_core_inst/ila_trace_memory_inst/SUBCORE_RAM_BLK_MEM_1.trace_block_memory/inst_blk_mem_gen/gnbram.gnativebmg.native_blk_mem_gen/valid.cstr/ramloop[1].ram.r/prim_noinit.ram/DEVICE_7SERIES.NO_BMM_INFO.SDP.SIMPLE_PRIM36.ram/ADDRBWRADDR[12]
                            (rising edge-triggered cell RAMB36E1 clocked by clk_out2_clk_wiz_0  {rise@0.000ns fall@5.000ns period=10.000ns})
  Path Group:             clk_out2_clk_wiz_0
  Path Type:              Hold (Min at Fast Process Corner)
  Requirement:            0.000ns  (clk_out2_clk_wiz_0 rise@0.000ns - clk_out2_clk_wiz_0 rise@0.000ns)
  Data Path Delay:        0.564ns  (logic 0.141ns (25.000%)  route 0.423ns (75.000%))
  Logic Levels:           0  
  Clock Path Skew:        0.282ns (DCD - SCD - CPR)
    Destination Clock Delay (DCD):    -0.906ns
    Source Clock Delay      (SCD):    -0.673ns
    Clock Pessimism Removal (CPR):    -0.514ns

    Location             Delay type                Incr(ns)  Path(ns)    Netlist Resource(s)
  -------------------------------------------------------------------    -------------------
                         (clock clk_out2_clk_wiz_0 rise edge)
                                                      0.000     0.000 r  
    R4                                                0.000     0.000 r  sys_clk (IN)
                         net (fo=0)                   0.000     0.000    u_mmcm/inst/clk_in1
    R4                   IBUF (Prop_ibuf_I_O)         0.256     0.256 r  u_mmcm/inst/clkin1_ibufg/O
                         net (fo=1, routed)           0.440     0.696    u_mmcm/inst/clk_in1_clk_wiz_0
    MMCME2_ADV_X1Y2      MMCME2_ADV (Prop_mmcme2_adv_CLKIN1_CLKOUT1)
                                                     -2.540    -1.844 r  u_mmcm/inst/mmcm_adv_inst/CLKOUT1
                         net (fo=1, routed)           0.531    -1.313    u_mmcm/inst/clk_out2_clk_wiz_0
    BUFGCTRL_X0Y0        BUFG (Prop_bufg_I_O)         0.026    -1.287 r  u_mmcm/inst/clkout2_buf/O
                         net (fo=2629, routed)        0.614    -0.673    u_ila_datapath/inst/ila_core_inst/xsdb_memory_read_inst/CLK_I
    SLICE_X41Y154        FDRE                                         r  u_ila_datapath/inst/ila_core_inst/xsdb_memory_read_inst/read_addr_reg[9]/C
  -------------------------------------------------------------------    -------------------
    SLICE_X41Y154        FDRE (Prop_fdre_C_Q)         0.141    -0.532 r  u_ila_datapath/inst/ila_core_inst/xsdb_memory_read_inst/read_addr_reg[9]/Q
                         net (fo=10, routed)          0.423    -0.109    u_ila_datapath/inst/ila_core_inst/ila_trace_memory_inst/SUBCORE_RAM_BLK_MEM_1.trace_block_memory/inst_blk_mem_gen/gnbram.gnativebmg.native_blk_mem_gen/valid.cstr/ramloop[1].ram.r/prim_noinit.ram/addrb[9]
    RAMB36_X2Y29         RAMB36E1                                     r  u_ila_datapath/inst/ila_core_inst/ila_trace_memory_inst/SUBCORE_RAM_BLK_MEM_1.trace_block_memory/inst_blk_mem_gen/gnbram.gnativebmg.native_blk_mem_gen/valid.cstr/ramloop[1].ram.r/prim_noinit.ram/DEVICE_7SERIES.NO_BMM_INFO.SDP.SIMPLE_PRIM36.ram/ADDRBWRADDR[12]
  -------------------------------------------------------------------    -------------------

                         (clock clk_out2_clk_wiz_0 rise edge)
                                                      0.000     0.000 r  
    R4                                                0.000     0.000 r  sys_clk (IN)
                         net (fo=0)                   0.000     0.000    u_mmcm/inst/clk_in1
    R4                   IBUF (Prop_ibuf_I_O)         0.444     0.444 r  u_mmcm/inst/clkin1_ibufg/O
                         net (fo=1, routed)           0.480     0.924    u_mmcm/inst/clk_in1_clk_wiz_0
    MMCME2_ADV_X1Y2      MMCME2_ADV (Prop_mmcme2_adv_CLKIN1_CLKOUT1)
                                                     -3.332    -2.409 r  u_mmcm/inst/mmcm_adv_inst/CLKOUT1
                         net (fo=1, routed)           0.579    -1.830    u_mmcm/inst/clk_out2_clk_wiz_0
    BUFGCTRL_X0Y0        BUFG (Prop_bufg_I_O)         0.029    -1.801 r  u_mmcm/inst/clkout2_buf/O
                         net (fo=2629, routed)        0.895    -0.906    u_ila_datapath/inst/ila_core_inst/ila_trace_memory_inst/SUBCORE_RAM_BLK_MEM_1.trace_block_memory/inst_blk_mem_gen/gnbram.gnativebmg.native_blk_mem_gen/valid.cstr/ramloop[1].ram.r/prim_noinit.ram/clkb
    RAMB36_X2Y29         RAMB36E1                                     r  u_ila_datapath/inst/ila_core_inst/ila_trace_memory_inst/SUBCORE_RAM_BLK_MEM_1.trace_block_memory/inst_blk_mem_gen/gnbram.gnativebmg.native_blk_mem_gen/valid.cstr/ramloop[1].ram.r/prim_noinit.ram/DEVICE_7SERIES.NO_BMM_INFO.SDP.SIMPLE_PRIM36.ram/CLKBWRCLK
                         clock pessimism              0.514    -0.391    
    RAMB36_X2Y29         RAMB36E1 (Hold_ramb36e1_CLKBWRCLK_ADDRBWRADDR[12])
                                                      0.183    -0.208    u_ila_datapath/inst/ila_core_inst/ila_trace_memory_inst/SUBCORE_RAM_BLK_MEM_1.trace_block_memory/inst_blk_mem_gen/gnbram.gnativebmg.native_blk_mem_gen/valid.cstr/ramloop[1].ram.r/prim_noinit.ram/DEVICE_7SERIES.NO_BMM_INFO.SDP.SIMPLE_PRIM36.ram
  -------------------------------------------------------------------
                         required time                          0.208    
                         arrival time                          -0.109    
  -------------------------------------------------------------------
                         slack                                  0.099    

Slack (MET) :             0.099ns  (arrival time - required time)
  Source:                 u_ila_datapath/inst/ila_core_inst/xsdb_memory_read_inst/read_addr_reg[6]/C
                            (rising edge-triggered cell FDRE clocked by clk_out2_clk_wiz_0  {rise@0.000ns fall@5.000ns period=10.000ns})
  Destination:            u_ila_datapath/inst/ila_core_inst/ila_trace_memory_inst/SUBCORE_RAM_BLK_MEM_1.trace_block_memory/inst_blk_mem_gen/gnbram.gnativebmg.native_blk_mem_gen/valid.cstr/ramloop[2].ram.r/prim_noinit.ram/DEVICE_7SERIES.NO_BMM_INFO.SDP.SIMPLE_PRIM36.ram/ADDRBWRADDR[9]
                            (rising edge-triggered cell RAMB36E1 clocked by clk_out2_clk_wiz_0  {rise@0.000ns fall@5.000ns period=10.000ns})
  Path Group:             clk_out2_clk_wiz_0
  Path Type:              Hold (Min at Fast Process Corner)
  Requirement:            0.000ns  (clk_out2_clk_wiz_0 rise@0.000ns - clk_out2_clk_wiz_0 rise@0.000ns)
  Data Path Delay:        0.338ns  (logic 0.164ns (48.500%)  route 0.174ns (51.500%))
  Logic Levels:           0  
  Clock Path Skew:        0.056ns (DCD - SCD - CPR)
    Destination Clock Delay (DCD):    -0.907ns
    Source Clock Delay      (SCD):    -0.703ns
    Clock Pessimism Removal (CPR):    -0.259ns

    Location             Delay type                Incr(ns)  Path(ns)    Netlist Resource(s)
  -------------------------------------------------------------------    -------------------
                         (clock clk_out2_clk_wiz_0 rise edge)
                                                      0.000     0.000 r  
    R4                                                0.000     0.000 r  sys_clk (IN)
                         net (fo=0)                   0.000     0.000    u_mmcm/inst/clk_in1
    R4                   IBUF (Prop_ibuf_I_O)         0.256     0.256 r  u_mmcm/inst/clkin1_ibufg/O
                         net (fo=1, routed)           0.440     0.696    u_mmcm/inst/clk_in1_clk_wiz_0
    MMCME2_ADV_X1Y2      MMCME2_ADV (Prop_mmcme2_adv_CLKIN1_CLKOUT1)
                                                     -2.540    -1.844 r  u_mmcm/inst/mmcm_adv_inst/CLKOUT1
                         net (fo=1, routed)           0.531    -1.313    u_mmcm/inst/clk_out2_clk_wiz_0
    BUFGCTRL_X0Y0        BUFG (Prop_bufg_I_O)         0.026    -1.287 r  u_mmcm/inst/clkout2_buf/O
                         net (fo=2629, routed)        0.584    -0.703    u_ila_datapath/inst/ila_core_inst/xsdb_memory_read_inst/CLK_I
    SLICE_X42Y154        FDRE                                         r  u_ila_datapath/inst/ila_core_inst/xsdb_memory_read_inst/read_addr_reg[6]/C
  -------------------------------------------------------------------    -------------------
    SLICE_X42Y154        FDRE (Prop_fdre_C_Q)         0.164    -0.539 r  u_ila_datapath/inst/ila_core_inst/xsdb_memory_read_inst/read_addr_reg[6]/Q
                         net (fo=10, routed)          0.174    -0.365    u_ila_datapath/inst/ila_core_inst/ila_trace_memory_inst/SUBCORE_RAM_BLK_MEM_1.trace_block_memory/inst_blk_mem_gen/gnbram.gnativebmg.native_blk_mem_gen/valid.cstr/ramloop[2].ram.r/prim_noinit.ram/addrb[6]
    RAMB36_X2Y30         RAMB36E1                                     r  u_ila_datapath/inst/ila_core_inst/ila_trace_memory_inst/SUBCORE_RAM_BLK_MEM_1.trace_block_memory/inst_blk_mem_gen/gnbram.gnativebmg.native_blk_mem_gen/valid.cstr/ramloop[2].ram.r/prim_noinit.ram/DEVICE_7SERIES.NO_BMM_INFO.SDP.SIMPLE_PRIM36.ram/ADDRBWRADDR[9]
  -------------------------------------------------------------------    -------------------

                         (clock clk_out2_clk_wiz_0 rise edge)
                                                      0.000     0.000 r  
    R4                                                0.000     0.000 r  sys_clk (IN)
                         net (fo=0)                   0.000     0.000    u_mmcm/inst/clk_in1
    R4                   IBUF (Prop_ibuf_I_O)         0.444     0.444 r  u_mmcm/inst/clkin1_ibufg/O
                         net (fo=1, routed)           0.480     0.924    u_mmcm/inst/clk_in1_clk_wiz_0
    MMCME2_ADV_X1Y2      MMCME2_ADV (Prop_mmcme2_adv_CLKIN1_CLKOUT1)
                                                     -3.332    -2.409 r  u_mmcm/inst/mmcm_adv_inst/CLKOUT1
                         net (fo=1, routed)           0.579    -1.830    u_mmcm/inst/clk_out2_clk_wiz_0
    BUFGCTRL_X0Y0        BUFG (Prop_bufg_I_O)         0.029    -1.801 r  u_mmcm/inst/clkout2_buf/O
                         net (fo=2629, routed)        0.894    -0.907    u_ila_datapath/inst/ila_core_inst/ila_trace_memory_inst/SUBCORE_RAM_BLK_MEM_1.trace_block_memory/inst_blk_mem_gen/gnbram.gnativebmg.native_blk_mem_gen/valid.cstr/ramloop[2].ram.r/prim_noinit.ram/clkb
    RAMB36_X2Y30         RAMB36E1                                     r  u_ila_datapath/inst/ila_core_inst/ila_trace_memory_inst/SUBCORE_RAM_BLK_MEM_1.trace_block_memory/inst_blk_mem_gen/gnbram.gnativebmg.native_blk_mem_gen/valid.cstr/ramloop[2].ram.r/prim_noinit.ram/DEVICE_7SERIES.NO_BMM_INFO.SDP.SIMPLE_PRIM36.ram/CLKBWRCLK
                         clock pessimism              0.259    -0.647    
    RAMB36_X2Y30         RAMB36E1 (Hold_ramb36e1_CLKBWRCLK_ADDRBWRADDR[9])
                                                      0.183    -0.464    u_ila_datapath/inst/ila_core_inst/ila_trace_memory_inst/SUBCORE_RAM_BLK_MEM_1.trace_block_memory/inst_blk_mem_gen/gnbram.gnativebmg.native_blk_mem_gen/valid.cstr/ramloop[2].ram.r/prim_noinit.ram/DEVICE_7SERIES.NO_BMM_INFO.SDP.SIMPLE_PRIM36.ram
  -------------------------------------------------------------------
                         required time                          0.464    
                         arrival time                          -0.365    
  -------------------------------------------------------------------
                         slack                                  0.099    





Pulse Width Checks
--------------------------------------------------------------------------------------
Clock Name:         clk_out2_clk_wiz_0
Waveform(ns):       { 0.000 5.000 }
Period(ns):         10.000
Sources:            { u_mmcm/inst/mmcm_adv_inst/CLKOUT1 }

Check Type        Corner  Lib Pin             Reference Pin  Required(ns)  Actual(ns)  Slack(ns)  Location         Pin
Min Period        n/a     RAMB36E1/CLKARDCLK  n/a            2.472         10.000      7.528      RAMB36_X1Y31     u_ila_datapath/inst/ila_core_inst/ila_trace_memory_inst/SUBCORE_RAM_BLK_MEM_1.trace_block_memory/inst_blk_mem_gen/gnbram.gnativebmg.native_blk_mem_gen/valid.cstr/ramloop[0].ram.r/prim_noinit.ram/DEVICE_7SERIES.NO_BMM_INFO.SDP.SIMPLE_PRIM36.ram/CLKARDCLK
Min Period        n/a     RAMB36E1/CLKBWRCLK  n/a            2.472         10.000      7.528      RAMB36_X1Y31     u_ila_datapath/inst/ila_core_inst/ila_trace_memory_inst/SUBCORE_RAM_BLK_MEM_1.trace_block_memory/inst_blk_mem_gen/gnbram.gnativebmg.native_blk_mem_gen/valid.cstr/ramloop[0].ram.r/prim_noinit.ram/DEVICE_7SERIES.NO_BMM_INFO.SDP.SIMPLE_PRIM36.ram/CLKBWRCLK
Min Period        n/a     RAMB36E1/CLKARDCLK  n/a            2.472         10.000      7.528      RAMB36_X2Y29     u_ila_datapath/inst/ila_core_inst/ila_trace_memory_inst/SUBCORE_RAM_BLK_MEM_1.trace_block_memory/inst_blk_mem_gen/gnbram.gnativebmg.native_blk_mem_gen/valid.cstr/ramloop[1].ram.r/prim_noinit.ram/DEVICE_7SERIES.NO_BMM_INFO.SDP.SIMPLE_PRIM36.ram/CLKARDCLK
Min Period        n/a     RAMB36E1/CLKBWRCLK  n/a            2.472         10.000      7.528      RAMB36_X2Y29     u_ila_datapath/inst/ila_core_inst/ila_trace_memory_inst/SUBCORE_RAM_BLK_MEM_1.trace_block_memory/inst_blk_mem_gen/gnbram.gnativebmg.native_blk_mem_gen/valid.cstr/ramloop[1].ram.r/prim_noinit.ram/DEVICE_7SERIES.NO_BMM_INFO.SDP.SIMPLE_PRIM36.ram/CLKBWRCLK
Min Period        n/a     RAMB36E1/CLKARDCLK  n/a            2.472         10.000      7.528      RAMB36_X2Y30     u_ila_datapath/inst/ila_core_inst/ila_trace_memory_inst/SUBCORE_RAM_BLK_MEM_1.trace_block_memory/inst_blk_mem_gen/gnbram.gnativebmg.native_blk_mem_gen/valid.cstr/ramloop[2].ram.r/prim_noinit.ram/DEVICE_7SERIES.NO_BMM_INFO.SDP.SIMPLE_PRIM36.ram/CLKARDCLK
Min Period        n/a     RAMB36E1/CLKBWRCLK  n/a            2.472         10.000      7.528      RAMB36_X2Y30     u_ila_datapath/inst/ila_core_inst/ila_trace_memory_inst/SUBCORE_RAM_BLK_MEM_1.trace_block_memory/inst_blk_mem_gen/gnbram.gnativebmg.native_blk_mem_gen/valid.cstr/ramloop[2].ram.r/prim_noinit.ram/DEVICE_7SERIES.NO_BMM_INFO.SDP.SIMPLE_PRIM36.ram/CLKBWRCLK
Min Period        n/a     RAMB36E1/CLKARDCLK  n/a            2.472         10.000      7.528      RAMB36_X1Y27     u_ila_datapath/inst/ila_core_inst/ila_trace_memory_inst/SUBCORE_RAM_BLK_MEM_1.trace_block_memory/inst_blk_mem_gen/gnbram.gnativebmg.native_blk_mem_gen/valid.cstr/ramloop[3].ram.r/prim_noinit.ram/DEVICE_7SERIES.NO_BMM_INFO.SDP.SIMPLE_PRIM36.ram/CLKARDCLK
Min Period        n/a     RAMB36E1/CLKBWRCLK  n/a            2.472         10.000      7.528      RAMB36_X1Y27     u_ila_datapath/inst/ila_core_inst/ila_trace_memory_inst/SUBCORE_RAM_BLK_MEM_1.trace_block_memory/inst_blk_mem_gen/gnbram.gnativebmg.native_blk_mem_gen/valid.cstr/ramloop[3].ram.r/prim_noinit.ram/DEVICE_7SERIES.NO_BMM_INFO.SDP.SIMPLE_PRIM36.ram/CLKBWRCLK
Min Period        n/a     RAMB36E1/CLKARDCLK  n/a            2.472         10.000      7.528      RAMB36_X1Y28     u_ila_datapath/inst/ila_core_inst/ila_trace_memory_inst/SUBCORE_RAM_BLK_MEM_1.trace_block_memory/inst_blk_mem_gen/gnbram.gnativebmg.native_blk_mem_gen/valid.cstr/ramloop[4].ram.r/prim_noinit.ram/DEVICE_7SERIES.NO_BMM_INFO.SDP.SIMPLE_PRIM36.ram/CLKARDCLK
Min Period        n/a     RAMB36E1/CLKBWRCLK  n/a            2.472         10.000      7.528      RAMB36_X1Y28     u_ila_datapath/inst/ila_core_inst/ila_trace_memory_inst/SUBCORE_RAM_BLK_MEM_1.trace_block_memory/inst_blk_mem_gen/gnbram.gnativebmg.native_blk_mem_gen/valid.cstr/ramloop[4].ram.r/prim_noinit.ram/DEVICE_7SERIES.NO_BMM_INFO.SDP.SIMPLE_PRIM36.ram/CLKBWRCLK
Max Period        n/a     MMCME2_ADV/CLKOUT1  n/a            213.360       10.000      203.360    MMCME2_ADV_X1Y2  u_mmcm/inst/mmcm_adv_inst/CLKOUT1
Low Pulse Width   Slow    RAMD32/CLK          n/a            1.130         5.000       3.870      SLICE_X60Y156    dbg_hub/inst/BSCANID.u_xsdbm_id/CORE_XSDB.UUT_MASTER/U_ICON_INTERFACE/U_CMD6_RD/U_RD_FIFO/SUBCORE_FIFO.xsdbm_v3_0_0_rdfifo_inst/inst_fifo_gen/gconvfifo.rf/grf.rf/gntv_or_sync_fifo.mem/gdm.dm_gen.dm/RAM_reg_0_15_0_5/RAMA/CLK
Low Pulse Width   Fast    RAMD32/CLK          n/a            1.130         5.000       3.870      SLICE_X60Y156    dbg_hub/inst/BSCANID.u_xsdbm_id/CORE_XSDB.UUT_MASTER/U_ICON_INTERFACE/U_CMD6_RD/U_RD_FIFO/SUBCORE_FIFO.xsdbm_v3_0_0_rdfifo_inst/inst_fifo_gen/gconvfifo.rf/grf.rf/gntv_or_sync_fifo.mem/gdm.dm_gen.dm/RAM_reg_0_15_0_5/RAMA/CLK
Low Pulse Width   Slow    RAMD32/CLK          n/a            1.130         5.000       3.870      SLICE_X60Y156    dbg_hub/inst/BSCANID.u_xsdbm_id/CORE_XSDB.UUT_MASTER/U_ICON_INTERFACE/U_CMD6_RD/U_RD_FIFO/SUBCORE_FIFO.xsdbm_v3_0_0_rdfifo_inst/inst_fifo_gen/gconvfifo.rf/grf.rf/gntv_or_sync_fifo.mem/gdm.dm_gen.dm/RAM_reg_0_15_0_5/RAMA_D1/CLK
Low Pulse Width   Fast    RAMD32/CLK          n/a            1.130         5.000       3.870      SLICE_X60Y156    dbg_hub/inst/BSCANID.u_xsdbm_id/CORE_XSDB.UUT_MASTER/U_ICON_INTERFACE/U_CMD6_RD/U_RD_FIFO/SUBCORE_FIFO.xsdbm_v3_0_0_rdfifo_inst/inst_fifo_gen/gconvfifo.rf/grf.rf/gntv_or_sync_fifo.mem/gdm.dm_gen.dm/RAM_reg_0_15_0_5/RAMA_D1/CLK
Low Pulse Width   Slow    RAMD32/CLK          n/a            1.130         5.000       3.870      SLICE_X60Y156    dbg_hub/inst/BSCANID.u_xsdbm_id/CORE_XSDB.UUT_MASTER/U_ICON_INTERFACE/U_CMD6_RD/U_RD_FIFO/SUBCORE_FIFO.xsdbm_v3_0_0_rdfifo_inst/inst_fifo_gen/gconvfifo.rf/grf.rf/gntv_or_sync_fifo.mem/gdm.dm_gen.dm/RAM_reg_0_15_0_5/RAMB/CLK
Low Pulse Width   Fast    RAMD32/CLK          n/a            1.130         5.000       3.870      SLICE_X60Y156    dbg_hub/inst/BSCANID.u_xsdbm_id/CORE_XSDB.UUT_MASTER/U_ICON_INTERFACE/U_CMD6_RD/U_RD_FIFO/SUBCORE_FIFO.xsdbm_v3_0_0_rdfifo_inst/inst_fifo_gen/gconvfifo.rf/grf.rf/gntv_or_sync_fifo.mem/gdm.dm_gen.dm/RAM_reg_0_15_0_5/RAMB/CLK
Low Pulse Width   Slow    RAMD32/CLK          n/a            1.130         5.000       3.870      SLICE_X60Y156    dbg_hub/inst/BSCANID.u_xsdbm_id/CORE_XSDB.UUT_MASTER/U_ICON_INTERFACE/U_CMD6_RD/U_RD_FIFO/SUBCORE_FIFO.xsdbm_v3_0_0_rdfifo_inst/inst_fifo_gen/gconvfifo.rf/grf.rf/gntv_or_sync_fifo.mem/gdm.dm_gen.dm/RAM_reg_0_15_0_5/RAMB_D1/CLK
Low Pulse Width   Fast    RAMD32/CLK          n/a            1.130         5.000       3.870      SLICE_X60Y156    dbg_hub/inst/BSCANID.u_xsdbm_id/CORE_XSDB.UUT_MASTER/U_ICON_INTERFACE/U_CMD6_RD/U_RD_FIFO/SUBCORE_FIFO.xsdbm_v3_0_0_rdfifo_inst/inst_fifo_gen/gconvfifo.rf/grf.rf/gntv_or_sync_fifo.mem/gdm.dm_gen.dm/RAM_reg_0_15_0_5/RAMB_D1/CLK
Low Pulse Width   Slow    RAMD32/CLK          n/a            1.130         5.000       3.870      SLICE_X60Y156    dbg_hub/inst/BSCANID.u_xsdbm_id/CORE_XSDB.UUT_MASTER/U_ICON_INTERFACE/U_CMD6_RD/U_RD_FIFO/SUBCORE_FIFO.xsdbm_v3_0_0_rdfifo_inst/inst_fifo_gen/gconvfifo.rf/grf.rf/gntv_or_sync_fifo.mem/gdm.dm_gen.dm/RAM_reg_0_15_0_5/RAMC/CLK
Low Pulse Width   Fast    RAMD32/CLK          n/a            1.130         5.000       3.870      SLICE_X60Y156    dbg_hub/inst/BSCANID.u_xsdbm_id/CORE_XSDB.UUT_MASTER/U_ICON_INTERFACE/U_CMD6_RD/U_RD_FIFO/SUBCORE_FIFO.xsdbm_v3_0_0_rdfifo_inst/inst_fifo_gen/gconvfifo.rf/grf.rf/gntv_or_sync_fifo.mem/gdm.dm_gen.dm/RAM_reg_0_15_0_5/RAMC/CLK
High Pulse Width  Slow    RAMD32/CLK          n/a            1.130         5.000       3.870      SLICE_X60Y156    dbg_hub/inst/BSCANID.u_xsdbm_id/CORE_XSDB.UUT_MASTER/U_ICON_INTERFACE/U_CMD6_RD/U_RD_FIFO/SUBCORE_FIFO.xsdbm_v3_0_0_rdfifo_inst/inst_fifo_gen/gconvfifo.rf/grf.rf/gntv_or_sync_fifo.mem/gdm.dm_gen.dm/RAM_reg_0_15_0_5/RAMA/CLK
High Pulse Width  Fast    RAMD32/CLK          n/a            1.130         5.000       3.870      SLICE_X60Y156    dbg_hub/inst/BSCANID.u_xsdbm_id/CORE_XSDB.UUT_MASTER/U_ICON_INTERFACE/U_CMD6_RD/U_RD_FIFO/SUBCORE_FIFO.xsdbm_v3_0_0_rdfifo_inst/inst_fifo_gen/gconvfifo.rf/grf.rf/gntv_or_sync_fifo.mem/gdm.dm_gen.dm/RAM_reg_0_15_0_5/RAMA/CLK
High Pulse Width  Slow    RAMD32/CLK          n/a            1.130         5.000       3.870      SLICE_X60Y156    dbg_hub/inst/BSCANID.u_xsdbm_id/CORE_XSDB.UUT_MASTER/U_ICON_INTERFACE/U_CMD6_RD/U_RD_FIFO/SUBCORE_FIFO.xsdbm_v3_0_0_rdfifo_inst/inst_fifo_gen/gconvfifo.rf/grf.rf/gntv_or_sync_fifo.mem/gdm.dm_gen.dm/RAM_reg_0_15_0_5/RAMA_D1/CLK
High Pulse Width  Fast    RAMD32/CLK          n/a            1.130         5.000       3.870      SLICE_X60Y156    dbg_hub/inst/BSCANID.u_xsdbm_id/CORE_XSDB.UUT_MASTER/U_ICON_INTERFACE/U_CMD6_RD/U_RD_FIFO/SUBCORE_FIFO.xsdbm_v3_0_0_rdfifo_inst/inst_fifo_gen/gconvfifo.rf/grf.rf/gntv_or_sync_fifo.mem/gdm.dm_gen.dm/RAM_reg_0_15_0_5/RAMA_D1/CLK
High Pulse Width  Slow    RAMD32/CLK          n/a            1.130         5.000       3.870      SLICE_X60Y156    dbg_hub/inst/BSCANID.u_xsdbm_id/CORE_XSDB.UUT_MASTER/U_ICON_INTERFACE/U_CMD6_RD/U_RD_FIFO/SUBCORE_FIFO.xsdbm_v3_0_0_rdfifo_inst/inst_fifo_gen/gconvfifo.rf/grf.rf/gntv_or_sync_fifo.mem/gdm.dm_gen.dm/RAM_reg_0_15_0_5/RAMB/CLK
High Pulse Width  Fast    RAMD32/CLK          n/a            1.130         5.000       3.870      SLICE_X60Y156    dbg_hub/inst/BSCANID.u_xsdbm_id/CORE_XSDB.UUT_MASTER/U_ICON_INTERFACE/U_CMD6_RD/U_RD_FIFO/SUBCORE_FIFO.xsdbm_v3_0_0_rdfifo_inst/inst_fifo_gen/gconvfifo.rf/grf.rf/gntv_or_sync_fifo.mem/gdm.dm_gen.dm/RAM_reg_0_15_0_5/RAMB/CLK
High Pulse Width  Slow    RAMD32/CLK          n/a            1.130         5.000       3.870      SLICE_X60Y156    dbg_hub/inst/BSCANID.u_xsdbm_id/CORE_XSDB.UUT_MASTER/U_ICON_INTERFACE/U_CMD6_RD/U_RD_FIFO/SUBCORE_FIFO.xsdbm_v3_0_0_rdfifo_inst/inst_fifo_gen/gconvfifo.rf/grf.rf/gntv_or_sync_fifo.mem/gdm.dm_gen.dm/RAM_reg_0_15_0_5/RAMB_D1/CLK
High Pulse Width  Fast    RAMD32/CLK          n/a            1.130         5.000       3.870      SLICE_X60Y156    dbg_hub/inst/BSCANID.u_xsdbm_id/CORE_XSDB.UUT_MASTER/U_ICON_INTERFACE/U_CMD6_RD/U_RD_FIFO/SUBCORE_FIFO.xsdbm_v3_0_0_rdfifo_inst/inst_fifo_gen/gconvfifo.rf/grf.rf/gntv_or_sync_fifo.mem/gdm.dm_gen.dm/RAM_reg_0_15_0_5/RAMB_D1/CLK
High Pulse Width  Slow    RAMD32/CLK          n/a            1.130         5.000       3.870      SLICE_X60Y156    dbg_hub/inst/BSCANID.u_xsdbm_id/CORE_XSDB.UUT_MASTER/U_ICON_INTERFACE/U_CMD6_RD/U_RD_FIFO/SUBCORE_FIFO.xsdbm_v3_0_0_rdfifo_inst/inst_fifo_gen/gconvfifo.rf/grf.rf/gntv_or_sync_fifo.mem/gdm.dm_gen.dm/RAM_reg_0_15_0_5/RAMC/CLK
High Pulse Width  Fast    RAMD32/CLK          n/a            1.130         5.000       3.870      SLICE_X60Y156    dbg_hub/inst/BSCANID.u_xsdbm_id/CORE_XSDB.UUT_MASTER/U_ICON_INTERFACE/U_CMD6_RD/U_RD_FIFO/SUBCORE_FIFO.xsdbm_v3_0_0_rdfifo_inst/inst_fifo_gen/gconvfifo.rf/grf.rf/gntv_or_sync_fifo.mem/gdm.dm_gen.dm/RAM_reg_0_15_0_5/RAMC/CLK



---------------------------------------------------------------------------------------------------
From Clock:  clk_out3_clk_wiz_0
  To Clock:  clk_out3_clk_wiz_0

Setup :            0  Failing Endpoints,  Worst Slack        1.664ns,  Total Violation        0.000ns
Hold  :            0  Failing Endpoints,  Worst Slack        0.121ns,  Total Violation        0.000ns
PW    :            0  Failing Endpoints,  Worst Slack        3.500ns,  Total Violation        0.000ns
---------------------------------------------------------------------------------------------------


Max Delay Paths
--------------------------------------------------------------------------------------
Slack (MET) :             1.664ns  (required time - arrival time)
  Source:                 u_rgmii_bridge/u_rgmii_tx/tx_en_reg/C
                            (rising edge-triggered cell FDRE clocked by clk_out3_clk_wiz_0  {rise@0.000ns fall@4.000ns period=8.000ns})
  Destination:            u_rgmii_bridge/u_rgmii_tx/ODDR_inst_ctl/D2
                            (falling edge-triggered cell ODDR clocked by clk_out3_clk_wiz_0  {rise@0.000ns fall@4.000ns period=8.000ns})
  Path Group:             clk_out3_clk_wiz_0
  Path Type:              Setup (Max at Slow Process Corner)
  Requirement:            4.000ns  (clk_out3_clk_wiz_0 fall@4.000ns - clk_out3_clk_wiz_0 rise@0.000ns)
  Data Path Delay:        1.426ns  (logic 0.398ns (27.906%)  route 1.028ns (72.094%))
  Logic Levels:           0  
  Clock Path Skew:        0.009ns (DCD - SCD + CPR)
    Destination Clock Delay (DCD):    -1.088ns = ( 2.912 - 4.000 ) 
    Source Clock Delay      (SCD):    -0.701ns
    Clock Pessimism Removal (CPR):    0.395ns
  Clock Uncertainty:      0.085ns  ((TSJ^2 + DJ^2)^1/2) / 2 + PE
    Total System Jitter     (TSJ):    0.071ns
    Discrete Jitter          (DJ):    0.154ns
    Phase Error              (PE):    0.000ns

    Location             Delay type                Incr(ns)  Path(ns)    Netlist Resource(s)
  -------------------------------------------------------------------    -------------------
                         (clock clk_out3_clk_wiz_0 rise edge)
                                                      0.000     0.000 r  
    R4                                                0.000     0.000 r  sys_clk (IN)
                         net (fo=0)                   0.000     0.000    u_mmcm/inst/clk_in1
    R4                   IBUF (Prop_ibuf_I_O)         1.419     1.419 r  u_mmcm/inst/clkin1_ibufg/O
                         net (fo=1, routed)           1.065     2.484    u_mmcm/inst/clk_in1_clk_wiz_0
    MMCME2_ADV_X1Y2      MMCME2_ADV (Prop_mmcme2_adv_CLKIN1_CLKOUT2)
                                                     -6.273    -3.789 r  u_mmcm/inst/mmcm_adv_inst/CLKOUT2
                         net (fo=1, routed)           1.524    -2.265    u_mmcm/inst/clk_out3_clk_wiz_0
    BUFGCTRL_X0Y1        BUFG (Prop_bufg_I_O)         0.081    -2.184 r  u_mmcm/inst/clkout3_buf/O
                         net (fo=510, routed)         1.483    -0.701    u_rgmii_bridge/u_rgmii_tx/clk_out3
    SLICE_X146Y139       FDRE                                         r  u_rgmii_bridge/u_rgmii_tx/tx_en_reg/C
  -------------------------------------------------------------------    -------------------
    SLICE_X146Y139       FDRE (Prop_fdre_C_Q)         0.398    -0.303 r  u_rgmii_bridge/u_rgmii_tx/tx_en_reg/Q
                         net (fo=2, routed)           1.028     0.725    u_rgmii_bridge/u_rgmii_tx/tx_en
    OLOGIC_X1Y141        ODDR                                         r  u_rgmii_bridge/u_rgmii_tx/ODDR_inst_ctl/D2
  -------------------------------------------------------------------    -------------------

                         (clock clk_out3_clk_wiz_0 fall edge)
                                                      4.000     4.000 f  
    R4                                                0.000     4.000 f  sys_clk (IN)
                         net (fo=0)                   0.000     4.000    u_mmcm/inst/clk_in1
    R4                   IBUF (Prop_ibuf_I_O)         1.353     5.353 f  u_mmcm/inst/clkin1_ibufg/O
                         net (fo=1, routed)           1.004     6.357    u_mmcm/inst/clk_in1_clk_wiz_0
    MMCME2_ADV_X1Y2      MMCME2_ADV (Prop_mmcme2_adv_CLKIN1_CLKOUT2)
                                                     -6.399    -0.043 f  u_mmcm/inst/mmcm_adv_inst/CLKOUT2
                         net (fo=1, routed)           1.452     1.410    u_mmcm/inst/clk_out3_clk_wiz_0
    BUFGCTRL_X0Y1        BUFG (Prop_bufg_I_O)         0.077     1.487 f  u_mmcm/inst/clkout3_buf/O
                         net (fo=510, routed)         1.426     2.912    u_rgmii_bridge/u_rgmii_tx/clk_out3
    OLOGIC_X1Y141        ODDR                                         f  u_rgmii_bridge/u_rgmii_tx/ODDR_inst_ctl/C
                         clock pessimism              0.395     3.308    
                         clock uncertainty           -0.085     3.223    
    OLOGIC_X1Y141        ODDR (Setup_oddr_C_D2)      -0.834     2.389    u_rgmii_bridge/u_rgmii_tx/ODDR_inst_ctl
  -------------------------------------------------------------------
                         required time                          2.389    
                         arrival time                          -0.725    
  -------------------------------------------------------------------
                         slack                                  1.664    

Slack (MET) :             1.724ns  (required time - arrival time)
  Source:                 u_rgmii_bridge/u_rgmii_tx/tx_byte_reg[1]/C
                            (rising edge-triggered cell FDRE clocked by clk_out3_clk_wiz_0  {rise@0.000ns fall@4.000ns period=8.000ns})
  Destination:            u_rgmii_bridge/u_rgmii_tx/ODDR_inst_1/D2
                            (falling edge-triggered cell ODDR clocked by clk_out3_clk_wiz_0  {rise@0.000ns fall@4.000ns period=8.000ns})
  Path Group:             clk_out3_clk_wiz_0
  Path Type:              Setup (Max at Slow Process Corner)
  Requirement:            4.000ns  (clk_out3_clk_wiz_0 fall@4.000ns - clk_out3_clk_wiz_0 rise@0.000ns)
  Data Path Delay:        1.485ns  (logic 0.379ns (25.528%)  route 1.106ns (74.472%))
  Logic Levels:           0  
  Clock Path Skew:        0.001ns (DCD - SCD + CPR)
    Destination Clock Delay (DCD):    -1.100ns = ( 2.900 - 4.000 ) 
    Source Clock Delay      (SCD):    -0.705ns
    Clock Pessimism Removal (CPR):    0.395ns
  Clock Uncertainty:      0.085ns  ((TSJ^2 + DJ^2)^1/2) / 2 + PE
    Total System Jitter     (TSJ):    0.071ns
    Discrete Jitter          (DJ):    0.154ns
    Phase Error              (PE):    0.000ns

    Location             Delay type                Incr(ns)  Path(ns)    Netlist Resource(s)
  -------------------------------------------------------------------    -------------------
                         (clock clk_out3_clk_wiz_0 rise edge)
                                                      0.000     0.000 r  
    R4                                                0.000     0.000 r  sys_clk (IN)
                         net (fo=0)                   0.000     0.000    u_mmcm/inst/clk_in1
    R4                   IBUF (Prop_ibuf_I_O)         1.419     1.419 r  u_mmcm/inst/clkin1_ibufg/O
                         net (fo=1, routed)           1.065     2.484    u_mmcm/inst/clk_in1_clk_wiz_0
    MMCME2_ADV_X1Y2      MMCME2_ADV (Prop_mmcme2_adv_CLKIN1_CLKOUT2)
                                                     -6.273    -3.789 r  u_mmcm/inst/mmcm_adv_inst/CLKOUT2
                         net (fo=1, routed)           1.524    -2.265    u_mmcm/inst/clk_out3_clk_wiz_0
    BUFGCTRL_X0Y1        BUFG (Prop_bufg_I_O)         0.081    -2.184 r  u_mmcm/inst/clkout3_buf/O
                         net (fo=510, routed)         1.479    -0.705    u_rgmii_bridge/u_rgmii_tx/clk_out3
    SLICE_X147Y135       FDRE                                         r  u_rgmii_bridge/u_rgmii_tx/tx_byte_reg[1]/C
  -------------------------------------------------------------------    -------------------
    SLICE_X147Y135       FDRE (Prop_fdre_C_Q)         0.379    -0.326 r  u_rgmii_bridge/u_rgmii_tx/tx_byte_reg[1]/Q
                         net (fo=1, routed)           1.106     0.780    u_rgmii_bridge/u_rgmii_tx/tx_byte_reg_n_0_[1]
    OLOGIC_X1Y125        ODDR                                         r  u_rgmii_bridge/u_rgmii_tx/ODDR_inst_1/D2
  -------------------------------------------------------------------    -------------------

                         (clock clk_out3_clk_wiz_0 fall edge)
                                                      4.000     4.000 f  
    R4                                                0.000     4.000 f  sys_clk (IN)
                         net (fo=0)                   0.000     4.000    u_mmcm/inst/clk_in1
    R4                   IBUF (Prop_ibuf_I_O)         1.353     5.353 f  u_mmcm/inst/clkin1_ibufg/O
                         net (fo=1, routed)           1.004     6.357    u_mmcm/inst/clk_in1_clk_wiz_0
    MMCME2_ADV_X1Y2      MMCME2_ADV (Prop_mmcme2_adv_CLKIN1_CLKOUT2)
                                                     -6.399    -0.043 f  u_mmcm/inst/mmcm_adv_inst/CLKOUT2
                         net (fo=1, routed)           1.452     1.410    u_mmcm/inst/clk_out3_clk_wiz_0
    BUFGCTRL_X0Y1        BUFG (Prop_bufg_I_O)         0.077     1.487 f  u_mmcm/inst/clkout3_buf/O
                         net (fo=510, routed)         1.413     2.900    u_rgmii_bridge/u_rgmii_tx/clk_out3
    OLOGIC_X1Y125        ODDR                                         f  u_rgmii_bridge/u_rgmii_tx/ODDR_inst_1/C
                         clock pessimism              0.395     3.296    
                         clock uncertainty           -0.085     3.211    
    OLOGIC_X1Y125        ODDR (Setup_oddr_C_D2)      -0.707     2.504    u_rgmii_bridge/u_rgmii_tx/ODDR_inst_1
  -------------------------------------------------------------------
                         required time                          2.504    
                         arrival time                          -0.780    
  -------------------------------------------------------------------
                         slack                                  1.724    

Slack (MET) :             1.764ns  (required time - arrival time)
  Source:                 u_rgmii_bridge/u_rgmii_tx/tx_byte_reg[2]/C
                            (rising edge-triggered cell FDRE clocked by clk_out3_clk_wiz_0  {rise@0.000ns fall@4.000ns period=8.000ns})
  Destination:            u_rgmii_bridge/u_rgmii_tx/ODDR_inst_2/D2
                            (falling edge-triggered cell ODDR clocked by clk_out3_clk_wiz_0  {rise@0.000ns fall@4.000ns period=8.000ns})
  Path Group:             clk_out3_clk_wiz_0
  Path Type:              Setup (Max at Slow Process Corner)
  Requirement:            4.000ns  (clk_out3_clk_wiz_0 fall@4.000ns - clk_out3_clk_wiz_0 rise@0.000ns)
  Data Path Delay:        1.455ns  (logic 0.379ns (26.046%)  route 1.076ns (73.954%))
  Logic Levels:           0  
  Clock Path Skew:        0.011ns (DCD - SCD + CPR)
    Destination Clock Delay (DCD):    -1.090ns = ( 2.910 - 4.000 ) 
    Source Clock Delay      (SCD):    -0.705ns
    Clock Pessimism Removal (CPR):    0.395ns
  Clock Uncertainty:      0.085ns  ((TSJ^2 + DJ^2)^1/2) / 2 + PE
    Total System Jitter     (TSJ):    0.071ns
    Discrete Jitter          (DJ):    0.154ns
    Phase Error              (PE):    0.000ns

    Location             Delay type                Incr(ns)  Path(ns)    Netlist Resource(s)
  -------------------------------------------------------------------    -------------------
                         (clock clk_out3_clk_wiz_0 rise edge)
                                                      0.000     0.000 r  
    R4                                                0.000     0.000 r  sys_clk (IN)
                         net (fo=0)                   0.000     0.000    u_mmcm/inst/clk_in1
    R4                   IBUF (Prop_ibuf_I_O)         1.419     1.419 r  u_mmcm/inst/clkin1_ibufg/O
                         net (fo=1, routed)           1.065     2.484    u_mmcm/inst/clk_in1_clk_wiz_0
    MMCME2_ADV_X1Y2      MMCME2_ADV (Prop_mmcme2_adv_CLKIN1_CLKOUT2)
                                                     -6.273    -3.789 r  u_mmcm/inst/mmcm_adv_inst/CLKOUT2
                         net (fo=1, routed)           1.524    -2.265    u_mmcm/inst/clk_out3_clk_wiz_0
    BUFGCTRL_X0Y1        BUFG (Prop_bufg_I_O)         0.081    -2.184 r  u_mmcm/inst/clkout3_buf/O
                         net (fo=510, routed)         1.479    -0.705    u_rgmii_bridge/u_rgmii_tx/clk_out3
    SLICE_X147Y135       FDRE                                         r  u_rgmii_bridge/u_rgmii_tx/tx_byte_reg[2]/C
  -------------------------------------------------------------------    -------------------
    SLICE_X147Y135       FDRE (Prop_fdre_C_Q)         0.379    -0.326 r  u_rgmii_bridge/u_rgmii_tx/tx_byte_reg[2]/Q
                         net (fo=1, routed)           1.076     0.750    u_rgmii_bridge/u_rgmii_tx/tx_byte_reg_n_0_[2]
    OLOGIC_X1Y138        ODDR                                         r  u_rgmii_bridge/u_rgmii_tx/ODDR_inst_2/D2
  -------------------------------------------------------------------    -------------------

                         (clock clk_out3_clk_wiz_0 fall edge)
                                                      4.000     4.000 f  
    R4                                                0.000     4.000 f  sys_clk (IN)
                         net (fo=0)                   0.000     4.000    u_mmcm/inst/clk_in1
    R4                   IBUF (Prop_ibuf_I_O)         1.353     5.353 f  u_mmcm/inst/clkin1_ibufg/O
                         net (fo=1, routed)           1.004     6.357    u_mmcm/inst/clk_in1_clk_wiz_0
    MMCME2_ADV_X1Y2      MMCME2_ADV (Prop_mmcme2_adv_CLKIN1_CLKOUT2)
                                                     -6.399    -0.043 f  u_mmcm/inst/mmcm_adv_inst/CLKOUT2
                         net (fo=1, routed)           1.452     1.410    u_mmcm/inst/clk_out3_clk_wiz_0
    BUFGCTRL_X0Y1        BUFG (Prop_bufg_I_O)         0.077     1.487 f  u_mmcm/inst/clkout3_buf/O
                         net (fo=510, routed)         1.423     2.910    u_rgmii_bridge/u_rgmii_tx/clk_out3
    OLOGIC_X1Y138        ODDR                                         f  u_rgmii_bridge/u_rgmii_tx/ODDR_inst_2/C
                         clock pessimism              0.395     3.306    
                         clock uncertainty           -0.085     3.221    
    OLOGIC_X1Y138        ODDR (Setup_oddr_C_D2)      -0.707     2.514    u_rgmii_bridge/u_rgmii_tx/ODDR_inst_2
  -------------------------------------------------------------------
                         required time                          2.514    
                         arrival time                          -0.750    
  -------------------------------------------------------------------
                         slack                                  1.764    

Slack (MET) :             1.851ns  (required time - arrival time)
  Source:                 u_rgmii_bridge/u_rgmii_tx/tx_byte_reg[0]/C
                            (rising edge-triggered cell FDRE clocked by clk_out3_clk_wiz_0  {rise@0.000ns fall@4.000ns period=8.000ns})
  Destination:            u_rgmii_bridge/u_rgmii_tx/ODDR_inst_0/D2
                            (falling edge-triggered cell ODDR clocked by clk_out3_clk_wiz_0  {rise@0.000ns fall@4.000ns period=8.000ns})
  Path Group:             clk_out3_clk_wiz_0
  Path Type:              Setup (Max at Slow Process Corner)
  Requirement:            4.000ns  (clk_out3_clk_wiz_0 fall@4.000ns - clk_out3_clk_wiz_0 rise@0.000ns)
  Data Path Delay:        1.358ns  (logic 0.379ns (27.911%)  route 0.979ns (72.089%))
  Logic Levels:           0  
  Clock Path Skew:        0.001ns (DCD - SCD + CPR)
    Destination Clock Delay (DCD):    -1.100ns = ( 2.900 - 4.000 ) 
    Source Clock Delay      (SCD):    -0.705ns
    Clock Pessimism Removal (CPR):    0.395ns
  Clock Uncertainty:      0.085ns  ((TSJ^2 + DJ^2)^1/2) / 2 + PE
    Total System Jitter     (TSJ):    0.071ns
    Discrete Jitter          (DJ):    0.154ns
    Phase Error              (PE):    0.000ns

    Location             Delay type                Incr(ns)  Path(ns)    Netlist Resource(s)
  -------------------------------------------------------------------    -------------------
                         (clock clk_out3_clk_wiz_0 rise edge)
                                                      0.000     0.000 r  
    R4                                                0.000     0.000 r  sys_clk (IN)
                         net (fo=0)                   0.000     0.000    u_mmcm/inst/clk_in1
    R4                   IBUF (Prop_ibuf_I_O)         1.419     1.419 r  u_mmcm/inst/clkin1_ibufg/O
                         net (fo=1, routed)           1.065     2.484    u_mmcm/inst/clk_in1_clk_wiz_0
    MMCME2_ADV_X1Y2      MMCME2_ADV (Prop_mmcme2_adv_CLKIN1_CLKOUT2)
                                                     -6.273    -3.789 r  u_mmcm/inst/mmcm_adv_inst/CLKOUT2
                         net (fo=1, routed)           1.524    -2.265    u_mmcm/inst/clk_out3_clk_wiz_0
    BUFGCTRL_X0Y1        BUFG (Prop_bufg_I_O)         0.081    -2.184 r  u_mmcm/inst/clkout3_buf/O
                         net (fo=510, routed)         1.479    -0.705    u_rgmii_bridge/u_rgmii_tx/clk_out3
    SLICE_X147Y135       FDRE                                         r  u_rgmii_bridge/u_rgmii_tx/tx_byte_reg[0]/C
  -------------------------------------------------------------------    -------------------
    SLICE_X147Y135       FDRE (Prop_fdre_C_Q)         0.379    -0.326 r  u_rgmii_bridge/u_rgmii_tx/tx_byte_reg[0]/Q
                         net (fo=1, routed)           0.979     0.653    u_rgmii_bridge/u_rgmii_tx/tx_byte_reg_n_0_[0]
    OLOGIC_X1Y126        ODDR                                         r  u_rgmii_bridge/u_rgmii_tx/ODDR_inst_0/D2
  -------------------------------------------------------------------    -------------------

                         (clock clk_out3_clk_wiz_0 fall edge)
                                                      4.000     4.000 f  
    R4                                                0.000     4.000 f  sys_clk (IN)
                         net (fo=0)                   0.000     4.000    u_mmcm/inst/clk_in1
    R4                   IBUF (Prop_ibuf_I_O)         1.353     5.353 f  u_mmcm/inst/clkin1_ibufg/O
                         net (fo=1, routed)           1.004     6.357    u_mmcm/inst/clk_in1_clk_wiz_0
    MMCME2_ADV_X1Y2      MMCME2_ADV (Prop_mmcme2_adv_CLKIN1_CLKOUT2)
                                                     -6.399    -0.043 f  u_mmcm/inst/mmcm_adv_inst/CLKOUT2
                         net (fo=1, routed)           1.452     1.410    u_mmcm/inst/clk_out3_clk_wiz_0
    BUFGCTRL_X0Y1        BUFG (Prop_bufg_I_O)         0.077     1.487 f  u_mmcm/inst/clkout3_buf/O
                         net (fo=510, routed)         1.413     2.900    u_rgmii_bridge/u_rgmii_tx/clk_out3
    OLOGIC_X1Y126        ODDR                                         f  u_rgmii_bridge/u_rgmii_tx/ODDR_inst_0/C
                         clock pessimism              0.395     3.296    
                         clock uncertainty           -0.085     3.211    
    OLOGIC_X1Y126        ODDR (Setup_oddr_C_D2)      -0.707     2.504    u_rgmii_bridge/u_rgmii_tx/ODDR_inst_0
  -------------------------------------------------------------------
                         required time                          2.504    
                         arrival time                          -0.653    
  -------------------------------------------------------------------
                         slack                                  1.851    

Slack (MET) :             1.936ns  (required time - arrival time)
  Source:                 u_rgmii_bridge/u_rgmii_tx/tx_byte_reg[3]/C
                            (rising edge-triggered cell FDRE clocked by clk_out3_clk_wiz_0  {rise@0.000ns fall@4.000ns period=8.000ns})
  Destination:            u_rgmii_bridge/u_rgmii_tx/ODDR_inst_3/D2
                            (falling edge-triggered cell ODDR clocked by clk_out3_clk_wiz_0  {rise@0.000ns fall@4.000ns period=8.000ns})
  Path Group:             clk_out3_clk_wiz_0
  Path Type:              Setup (Max at Slow Process Corner)
  Requirement:            4.000ns  (clk_out3_clk_wiz_0 fall@4.000ns - clk_out3_clk_wiz_0 rise@0.000ns)
  Data Path Delay:        1.283ns  (logic 0.379ns (29.549%)  route 0.904ns (70.451%))
  Logic Levels:           0  
  Clock Path Skew:        0.011ns (DCD - SCD + CPR)
    Destination Clock Delay (DCD):    -1.090ns = ( 2.910 - 4.000 ) 
    Source Clock Delay      (SCD):    -0.705ns
    Clock Pessimism Removal (CPR):    0.395ns
  Clock Uncertainty:      0.085ns  ((TSJ^2 + DJ^2)^1/2) / 2 + PE
    Total System Jitter     (TSJ):    0.071ns
    Discrete Jitter          (DJ):    0.154ns
    Phase Error              (PE):    0.000ns

    Location             Delay type                Incr(ns)  Path(ns)    Netlist Resource(s)
  -------------------------------------------------------------------    -------------------
                         (clock clk_out3_clk_wiz_0 rise edge)
                                                      0.000     0.000 r  
    R4                                                0.000     0.000 r  sys_clk (IN)
                         net (fo=0)                   0.000     0.000    u_mmcm/inst/clk_in1
    R4                   IBUF (Prop_ibuf_I_O)         1.419     1.419 r  u_mmcm/inst/clkin1_ibufg/O
                         net (fo=1, routed)           1.065     2.484    u_mmcm/inst/clk_in1_clk_wiz_0
    MMCME2_ADV_X1Y2      MMCME2_ADV (Prop_mmcme2_adv_CLKIN1_CLKOUT2)
                                                     -6.273    -3.789 r  u_mmcm/inst/mmcm_adv_inst/CLKOUT2
                         net (fo=1, routed)           1.524    -2.265    u_mmcm/inst/clk_out3_clk_wiz_0
    BUFGCTRL_X0Y1        BUFG (Prop_bufg_I_O)         0.081    -2.184 r  u_mmcm/inst/clkout3_buf/O
                         net (fo=510, routed)         1.479    -0.705    u_rgmii_bridge/u_rgmii_tx/clk_out3
    SLICE_X147Y135       FDRE                                         r  u_rgmii_bridge/u_rgmii_tx/tx_byte_reg[3]/C
  -------------------------------------------------------------------    -------------------
    SLICE_X147Y135       FDRE (Prop_fdre_C_Q)         0.379    -0.326 r  u_rgmii_bridge/u_rgmii_tx/tx_byte_reg[3]/Q
                         net (fo=1, routed)           0.904     0.578    u_rgmii_bridge/u_rgmii_tx/tx_byte_reg_n_0_[3]
    OLOGIC_X1Y137        ODDR                                         r  u_rgmii_bridge/u_rgmii_tx/ODDR_inst_3/D2
  -------------------------------------------------------------------    -------------------

                         (clock clk_out3_clk_wiz_0 fall edge)
                                                      4.000     4.000 f  
    R4                                                0.000     4.000 f  sys_clk (IN)
                         net (fo=0)                   0.000     4.000    u_mmcm/inst/clk_in1
    R4                   IBUF (Prop_ibuf_I_O)         1.353     5.353 f  u_mmcm/inst/clkin1_ibufg/O
                         net (fo=1, routed)           1.004     6.357    u_mmcm/inst/clk_in1_clk_wiz_0
    MMCME2_ADV_X1Y2      MMCME2_ADV (Prop_mmcme2_adv_CLKIN1_CLKOUT2)
                                                     -6.399    -0.043 f  u_mmcm/inst/mmcm_adv_inst/CLKOUT2
                         net (fo=1, routed)           1.452     1.410    u_mmcm/inst/clk_out3_clk_wiz_0
    BUFGCTRL_X0Y1        BUFG (Prop_bufg_I_O)         0.077     1.487 f  u_mmcm/inst/clkout3_buf/O
                         net (fo=510, routed)         1.423     2.910    u_rgmii_bridge/u_rgmii_tx/clk_out3
    OLOGIC_X1Y137        ODDR                                         f  u_rgmii_bridge/u_rgmii_tx/ODDR_inst_3/C
                         clock pessimism              0.395     3.306    
                         clock uncertainty           -0.085     3.221    
    OLOGIC_X1Y137        ODDR (Setup_oddr_C_D2)      -0.707     2.514    u_rgmii_bridge/u_rgmii_tx/ODDR_inst_3
  -------------------------------------------------------------------
                         required time                          2.514    
                         arrival time                          -0.578    
  -------------------------------------------------------------------
                         slack                                  1.936    

Slack (MET) :             2.540ns  (required time - arrival time)
  Source:                 u_rgmii_bridge/crc_idx_reg[1]/C
                            (rising edge-triggered cell FDCE clocked by clk_out3_clk_wiz_0  {rise@0.000ns fall@4.000ns period=8.000ns})
  Destination:            u_rgmii_bridge/crc_reg_reg[18]/D
                            (rising edge-triggered cell FDCE clocked by clk_out3_clk_wiz_0  {rise@0.000ns fall@4.000ns period=8.000ns})
  Path Group:             clk_out3_clk_wiz_0
  Path Type:              Setup (Max at Slow Process Corner)
  Requirement:            8.000ns  (clk_out3_clk_wiz_0 rise@8.000ns - clk_out3_clk_wiz_0 rise@0.000ns)
  Data Path Delay:        5.424ns  (logic 1.511ns (27.857%)  route 3.913ns (72.143%))
  Logic Levels:           6  (LUT2=1 LUT5=1 LUT6=3 MUXF7=1)
  Clock Path Skew:        -0.027ns (DCD - SCD + CPR)
    Destination Clock Delay (DCD):    -1.205ns = ( 6.795 - 8.000 ) 
    Source Clock Delay      (SCD):    -0.767ns
    Clock Pessimism Removal (CPR):    0.411ns
  Clock Uncertainty:      0.085ns  ((TSJ^2 + DJ^2)^1/2) / 2 + PE
    Total System Jitter     (TSJ):    0.071ns
    Discrete Jitter          (DJ):    0.154ns
    Phase Error              (PE):    0.000ns

    Location             Delay type                Incr(ns)  Path(ns)    Netlist Resource(s)
  -------------------------------------------------------------------    -------------------
                         (clock clk_out3_clk_wiz_0 rise edge)
                                                      0.000     0.000 r  
    R4                                                0.000     0.000 r  sys_clk (IN)
                         net (fo=0)                   0.000     0.000    u_mmcm/inst/clk_in1
    R4                   IBUF (Prop_ibuf_I_O)         1.419     1.419 r  u_mmcm/inst/clkin1_ibufg/O
                         net (fo=1, routed)           1.065     2.484    u_mmcm/inst/clk_in1_clk_wiz_0
    MMCME2_ADV_X1Y2      MMCME2_ADV (Prop_mmcme2_adv_CLKIN1_CLKOUT2)
                                                     -6.273    -3.789 r  u_mmcm/inst/mmcm_adv_inst/CLKOUT2
                         net (fo=1, routed)           1.524    -2.265    u_mmcm/inst/clk_out3_clk_wiz_0
    BUFGCTRL_X0Y1        BUFG (Prop_bufg_I_O)         0.081    -2.184 r  u_mmcm/inst/clkout3_buf/O
                         net (fo=510, routed)         1.417    -0.767    u_rgmii_bridge/clk_out3
    SLICE_X114Y134       FDCE                                         r  u_rgmii_bridge/crc_idx_reg[1]/C
  -------------------------------------------------------------------    -------------------
    SLICE_X114Y134       FDCE (Prop_fdce_C_Q)         0.348    -0.419 r  u_rgmii_bridge/crc_idx_reg[1]/Q
                         net (fo=105, routed)         1.347     0.928    u_rgmii_bridge/crc_idx_reg_n_0_[1]
    SLICE_X108Y142       LUT6 (Prop_lut6_I2_O)        0.239     1.167 r  u_rgmii_bridge/crc_reg[29]_i_22/O
                         net (fo=1, routed)           0.000     1.167    u_rgmii_bridge/crc_reg[29]_i_22_n_0
    SLICE_X108Y142       MUXF7 (Prop_muxf7_I1_O)      0.178     1.345 r  u_rgmii_bridge/crc_reg_reg[29]_i_9/O
                         net (fo=1, routed)           0.833     2.178    u_rgmii_bridge/crc_reg_reg[29]_i_9_n_0
    SLICE_X110Y136       LUT6 (Prop_lut6_I5_O)        0.241     2.419 r  u_rgmii_bridge/crc_reg[29]_i_3/O
                         net (fo=1, routed)           0.442     2.861    u_rgmii_bridge/crc_reg[29]_i_3_n_0
    SLICE_X111Y133       LUT6 (Prop_lut6_I1_O)        0.105     2.966 r  u_rgmii_bridge/crc_reg[29]_i_2/O
                         net (fo=8, routed)           0.692     3.659    u_rgmii_bridge/crc_reg[29]_i_2_n_0
    SLICE_X114Y133       LUT2 (Prop_lut2_I0_O)        0.125     3.784 r  u_rgmii_bridge/crc_reg[28]_i_2/O
                         net (fo=7, routed)           0.598     4.382    u_rgmii_bridge/crc_reg[28]_i_2_n_0
    SLICE_X112Y132       LUT5 (Prop_lut5_I0_O)        0.275     4.657 r  u_rgmii_bridge/crc_reg[18]_i_1/O
                         net (fo=1, routed)           0.000     4.657    u_rgmii_bridge/p_1_in[18]
    SLICE_X112Y132       FDCE                                         r  u_rgmii_bridge/crc_reg_reg[18]/D
  -------------------------------------------------------------------    -------------------

                         (clock clk_out3_clk_wiz_0 rise edge)
                                                      8.000     8.000 r  
    R4                                                0.000     8.000 r  sys_clk (IN)
                         net (fo=0)                   0.000     8.000    u_mmcm/inst/clk_in1
    R4                   IBUF (Prop_ibuf_I_O)         1.353     9.353 r  u_mmcm/inst/clkin1_ibufg/O
                         net (fo=1, routed)           1.004    10.357    u_mmcm/inst/clk_in1_clk_wiz_0
    MMCME2_ADV_X1Y2      MMCME2_ADV (Prop_mmcme2_adv_CLKIN1_CLKOUT2)
                                                     -6.399     3.957 r  u_mmcm/inst/mmcm_adv_inst/CLKOUT2
                         net (fo=1, routed)           1.452     5.410    u_mmcm/inst/clk_out3_clk_wiz_0
    BUFGCTRL_X0Y1        BUFG (Prop_bufg_I_O)         0.077     5.487 r  u_mmcm/inst/clkout3_buf/O
                         net (fo=510, routed)         1.308     6.795    u_rgmii_bridge/clk_out3
    SLICE_X112Y132       FDCE                                         r  u_rgmii_bridge/crc_reg_reg[18]/C
                         clock pessimism              0.411     7.206    
                         clock uncertainty           -0.085     7.121    
    SLICE_X112Y132       FDCE (Setup_fdce_C_D)        0.076     7.197    u_rgmii_bridge/crc_reg_reg[18]
  -------------------------------------------------------------------
                         required time                          7.197    
                         arrival time                          -4.657    
  -------------------------------------------------------------------
                         slack                                  2.540    

Slack (MET) :             2.569ns  (required time - arrival time)
  Source:                 u_rgmii_bridge/crc_idx_reg[1]/C
                            (rising edge-triggered cell FDCE clocked by clk_out3_clk_wiz_0  {rise@0.000ns fall@4.000ns period=8.000ns})
  Destination:            u_rgmii_bridge/crc_reg_reg[28]/D
                            (rising edge-triggered cell FDCE clocked by clk_out3_clk_wiz_0  {rise@0.000ns fall@4.000ns period=8.000ns})
  Path Group:             clk_out3_clk_wiz_0
  Path Type:              Setup (Max at Slow Process Corner)
  Requirement:            8.000ns  (clk_out3_clk_wiz_0 rise@8.000ns - clk_out3_clk_wiz_0 rise@0.000ns)
  Data Path Delay:        5.425ns  (logic 1.512ns (27.871%)  route 3.913ns (72.129%))
  Logic Levels:           6  (LUT2=1 LUT4=1 LUT6=3 MUXF7=1)
  Clock Path Skew:        -0.027ns (DCD - SCD + CPR)
    Destination Clock Delay (DCD):    -1.205ns = ( 6.795 - 8.000 ) 
    Source Clock Delay      (SCD):    -0.767ns
    Clock Pessimism Removal (CPR):    0.411ns
  Clock Uncertainty:      0.085ns  ((TSJ^2 + DJ^2)^1/2) / 2 + PE
    Total System Jitter     (TSJ):    0.071ns
    Discrete Jitter          (DJ):    0.154ns
    Phase Error              (PE):    0.000ns

    Location             Delay type                Incr(ns)  Path(ns)    Netlist Resource(s)
  -------------------------------------------------------------------    -------------------
                         (clock clk_out3_clk_wiz_0 rise edge)
                                                      0.000     0.000 r  
    R4                                                0.000     0.000 r  sys_clk (IN)
                         net (fo=0)                   0.000     0.000    u_mmcm/inst/clk_in1
    R4                   IBUF (Prop_ibuf_I_O)         1.419     1.419 r  u_mmcm/inst/clkin1_ibufg/O
                         net (fo=1, routed)           1.065     2.484    u_mmcm/inst/clk_in1_clk_wiz_0
    MMCME2_ADV_X1Y2      MMCME2_ADV (Prop_mmcme2_adv_CLKIN1_CLKOUT2)
                                                     -6.273    -3.789 r  u_mmcm/inst/mmcm_adv_inst/CLKOUT2
                         net (fo=1, routed)           1.524    -2.265    u_mmcm/inst/clk_out3_clk_wiz_0
    BUFGCTRL_X0Y1        BUFG (Prop_bufg_I_O)         0.081    -2.184 r  u_mmcm/inst/clkout3_buf/O
                         net (fo=510, routed)         1.417    -0.767    u_rgmii_bridge/clk_out3
    SLICE_X114Y134       FDCE                                         r  u_rgmii_bridge/crc_idx_reg[1]/C
  -------------------------------------------------------------------    -------------------
    SLICE_X114Y134       FDCE (Prop_fdce_C_Q)         0.348    -0.419 r  u_rgmii_bridge/crc_idx_reg[1]/Q
                         net (fo=105, routed)         1.347     0.928    u_rgmii_bridge/crc_idx_reg_n_0_[1]
    SLICE_X108Y142       LUT6 (Prop_lut6_I2_O)        0.239     1.167 r  u_rgmii_bridge/crc_reg[29]_i_22/O
                         net (fo=1, routed)           0.000     1.167    u_rgmii_bridge/crc_reg[29]_i_22_n_0
    SLICE_X108Y142       MUXF7 (Prop_muxf7_I1_O)      0.178     1.345 r  u_rgmii_bridge/crc_reg_reg[29]_i_9/O
                         net (fo=1, routed)           0.833     2.178    u_rgmii_bridge/crc_reg_reg[29]_i_9_n_0
    SLICE_X110Y136       LUT6 (Prop_lut6_I5_O)        0.241     2.419 r  u_rgmii_bridge/crc_reg[29]_i_3/O
                         net (fo=1, routed)           0.442     2.861    u_rgmii_bridge/crc_reg[29]_i_3_n_0
    SLICE_X111Y133       LUT6 (Prop_lut6_I1_O)        0.105     2.966 r  u_rgmii_bridge/crc_reg[29]_i_2/O
                         net (fo=8, routed)           0.692     3.659    u_rgmii_bridge/crc_reg[29]_i_2_n_0
    SLICE_X114Y133       LUT2 (Prop_lut2_I0_O)        0.125     3.784 r  u_rgmii_bridge/crc_reg[28]_i_2/O
                         net (fo=7, routed)           0.598     4.382    u_rgmii_bridge/crc_reg[28]_i_2_n_0
    SLICE_X112Y132       LUT4 (Prop_lut4_I3_O)        0.276     4.658 r  u_rgmii_bridge/crc_reg[28]_i_1/O
                         net (fo=1, routed)           0.000     4.658    u_rgmii_bridge/crc_reg[28]_i_1_n_0
    SLICE_X112Y132       FDCE                                         r  u_rgmii_bridge/crc_reg_reg[28]/D
  -------------------------------------------------------------------    -------------------

                         (clock clk_out3_clk_wiz_0 rise edge)
                                                      8.000     8.000 r  
    R4                                                0.000     8.000 r  sys_clk (IN)
                         net (fo=0)                   0.000     8.000    u_mmcm/inst/clk_in1
    R4                   IBUF (Prop_ibuf_I_O)         1.353     9.353 r  u_mmcm/inst/clkin1_ibufg/O
                         net (fo=1, routed)           1.004    10.357    u_mmcm/inst/clk_in1_clk_wiz_0
    MMCME2_ADV_X1Y2      MMCME2_ADV (Prop_mmcme2_adv_CLKIN1_CLKOUT2)
                                                     -6.399     3.957 r  u_mmcm/inst/mmcm_adv_inst/CLKOUT2
                         net (fo=1, routed)           1.452     5.410    u_mmcm/inst/clk_out3_clk_wiz_0
    BUFGCTRL_X0Y1        BUFG (Prop_bufg_I_O)         0.077     5.487 r  u_mmcm/inst/clkout3_buf/O
                         net (fo=510, routed)         1.308     6.795    u_rgmii_bridge/clk_out3
    SLICE_X112Y132       FDCE                                         r  u_rgmii_bridge/crc_reg_reg[28]/C
                         clock pessimism              0.411     7.206    
                         clock uncertainty           -0.085     7.121    
    SLICE_X112Y132       FDCE (Setup_fdce_C_D)        0.106     7.227    u_rgmii_bridge/crc_reg_reg[28]
  -------------------------------------------------------------------
                         required time                          7.227    
                         arrival time                          -4.658    
  -------------------------------------------------------------------
                         slack                                  2.569    

Slack (MET) :             2.572ns  (required time - arrival time)
  Source:                 u_rgmii_bridge/crc_idx_reg[1]/C
                            (rising edge-triggered cell FDCE clocked by clk_out3_clk_wiz_0  {rise@0.000ns fall@4.000ns period=8.000ns})
  Destination:            u_rgmii_bridge/crc_reg_reg[21]/D
                            (rising edge-triggered cell FDCE clocked by clk_out3_clk_wiz_0  {rise@0.000ns fall@4.000ns period=8.000ns})
  Path Group:             clk_out3_clk_wiz_0
  Path Type:              Setup (Max at Slow Process Corner)
  Requirement:            8.000ns  (clk_out3_clk_wiz_0 rise@8.000ns - clk_out3_clk_wiz_0 rise@0.000ns)
  Data Path Delay:        5.372ns  (logic 1.511ns (28.126%)  route 3.861ns (71.874%))
  Logic Levels:           6  (LUT2=1 LUT6=4 MUXF7=1)
  Clock Path Skew:        -0.043ns (DCD - SCD + CPR)
    Destination Clock Delay (DCD):    -1.205ns = ( 6.795 - 8.000 ) 
    Source Clock Delay      (SCD):    -0.767ns
    Clock Pessimism Removal (CPR):    0.395ns
  Clock Uncertainty:      0.085ns  ((TSJ^2 + DJ^2)^1/2) / 2 + PE
    Total System Jitter     (TSJ):    0.071ns
    Discrete Jitter          (DJ):    0.154ns
    Phase Error              (PE):    0.000ns

    Location             Delay type                Incr(ns)  Path(ns)    Netlist Resource(s)
  -------------------------------------------------------------------    -------------------
                         (clock clk_out3_clk_wiz_0 rise edge)
                                                      0.000     0.000 r  
    R4                                                0.000     0.000 r  sys_clk (IN)
                         net (fo=0)                   0.000     0.000    u_mmcm/inst/clk_in1
    R4                   IBUF (Prop_ibuf_I_O)         1.419     1.419 r  u_mmcm/inst/clkin1_ibufg/O
                         net (fo=1, routed)           1.065     2.484    u_mmcm/inst/clk_in1_clk_wiz_0
    MMCME2_ADV_X1Y2      MMCME2_ADV (Prop_mmcme2_adv_CLKIN1_CLKOUT2)
                                                     -6.273    -3.789 r  u_mmcm/inst/mmcm_adv_inst/CLKOUT2
                         net (fo=1, routed)           1.524    -2.265    u_mmcm/inst/clk_out3_clk_wiz_0
    BUFGCTRL_X0Y1        BUFG (Prop_bufg_I_O)         0.081    -2.184 r  u_mmcm/inst/clkout3_buf/O
                         net (fo=510, routed)         1.417    -0.767    u_rgmii_bridge/clk_out3
    SLICE_X114Y134       FDCE                                         r  u_rgmii_bridge/crc_idx_reg[1]/C
  -------------------------------------------------------------------    -------------------
    SLICE_X114Y134       FDCE (Prop_fdce_C_Q)         0.348    -0.419 r  u_rgmii_bridge/crc_idx_reg[1]/Q
                         net (fo=105, routed)         1.347     0.928    u_rgmii_bridge/crc_idx_reg_n_0_[1]
    SLICE_X108Y142       LUT6 (Prop_lut6_I2_O)        0.239     1.167 r  u_rgmii_bridge/crc_reg[29]_i_22/O
                         net (fo=1, routed)           0.000     1.167    u_rgmii_bridge/crc_reg[29]_i_22_n_0
    SLICE_X108Y142       MUXF7 (Prop_muxf7_I1_O)      0.178     1.345 r  u_rgmii_bridge/crc_reg_reg[29]_i_9/O
                         net (fo=1, routed)           0.833     2.178    u_rgmii_bridge/crc_reg_reg[29]_i_9_n_0
    SLICE_X110Y136       LUT6 (Prop_lut6_I5_O)        0.241     2.419 r  u_rgmii_bridge/crc_reg[29]_i_3/O
                         net (fo=1, routed)           0.442     2.861    u_rgmii_bridge/crc_reg[29]_i_3_n_0
    SLICE_X111Y133       LUT6 (Prop_lut6_I1_O)        0.105     2.966 r  u_rgmii_bridge/crc_reg[29]_i_2/O
                         net (fo=8, routed)           0.692     3.659    u_rgmii_bridge/crc_reg[29]_i_2_n_0
    SLICE_X114Y133       LUT2 (Prop_lut2_I0_O)        0.125     3.784 r  u_rgmii_bridge/crc_reg[28]_i_2/O
                         net (fo=7, routed)           0.547     4.330    u_rgmii_bridge/crc_reg[28]_i_2_n_0
    SLICE_X116Y131       LUT6 (Prop_lut6_I0_O)        0.275     4.605 r  u_rgmii_bridge/crc_reg[21]_i_1/O
                         net (fo=1, routed)           0.000     4.605    u_rgmii_bridge/p_1_in[21]
    SLICE_X116Y131       FDCE                                         r  u_rgmii_bridge/crc_reg_reg[21]/D
  -------------------------------------------------------------------    -------------------

                         (clock clk_out3_clk_wiz_0 rise edge)
                                                      8.000     8.000 r  
    R4                                                0.000     8.000 r  sys_clk (IN)
                         net (fo=0)                   0.000     8.000    u_mmcm/inst/clk_in1
    R4                   IBUF (Prop_ibuf_I_O)         1.353     9.353 r  u_mmcm/inst/clkin1_ibufg/O
                         net (fo=1, routed)           1.004    10.357    u_mmcm/inst/clk_in1_clk_wiz_0
    MMCME2_ADV_X1Y2      MMCME2_ADV (Prop_mmcme2_adv_CLKIN1_CLKOUT2)
                                                     -6.399     3.957 r  u_mmcm/inst/mmcm_adv_inst/CLKOUT2
                         net (fo=1, routed)           1.452     5.410    u_mmcm/inst/clk_out3_clk_wiz_0
    BUFGCTRL_X0Y1        BUFG (Prop_bufg_I_O)         0.077     5.487 r  u_mmcm/inst/clkout3_buf/O
                         net (fo=510, routed)         1.308     6.795    u_rgmii_bridge/clk_out3
    SLICE_X116Y131       FDCE                                         r  u_rgmii_bridge/crc_reg_reg[21]/C
                         clock pessimism              0.395     7.190    
                         clock uncertainty           -0.085     7.105    
    SLICE_X116Y131       FDCE (Setup_fdce_C_D)        0.072     7.177    u_rgmii_bridge/crc_reg_reg[21]
  -------------------------------------------------------------------
                         required time                          7.177    
                         arrival time                          -4.605    
  -------------------------------------------------------------------
                         slack                                  2.572    

Slack (MET) :             2.606ns  (required time - arrival time)
  Source:                 u_rgmii_bridge/crc_idx_reg[1]/C
                            (rising edge-triggered cell FDCE clocked by clk_out3_clk_wiz_0  {rise@0.000ns fall@4.000ns period=8.000ns})
  Destination:            u_rgmii_bridge/crc_reg_reg[24]/D
                            (rising edge-triggered cell FDCE clocked by clk_out3_clk_wiz_0  {rise@0.000ns fall@4.000ns period=8.000ns})
  Path Group:             clk_out3_clk_wiz_0
  Path Type:              Setup (Max at Slow Process Corner)
  Requirement:            8.000ns  (clk_out3_clk_wiz_0 rise@8.000ns - clk_out3_clk_wiz_0 rise@0.000ns)
  Data Path Delay:        5.313ns  (logic 1.511ns (28.441%)  route 3.802ns (71.559%))
  Logic Levels:           6  (LUT2=1 LUT6=4 MUXF7=1)
  Clock Path Skew:        -0.028ns (DCD - SCD + CPR)
    Destination Clock Delay (DCD):    -1.206ns = ( 6.794 - 8.000 ) 
    Source Clock Delay      (SCD):    -0.767ns
    Clock Pessimism Removal (CPR):    0.411ns
  Clock Uncertainty:      0.085ns  ((TSJ^2 + DJ^2)^1/2) / 2 + PE
    Total System Jitter     (TSJ):    0.071ns
    Discrete Jitter          (DJ):    0.154ns
    Phase Error              (PE):    0.000ns

    Location             Delay type                Incr(ns)  Path(ns)    Netlist Resource(s)
  -------------------------------------------------------------------    -------------------
                         (clock clk_out3_clk_wiz_0 rise edge)
                                                      0.000     0.000 r  
    R4                                                0.000     0.000 r  sys_clk (IN)
                         net (fo=0)                   0.000     0.000    u_mmcm/inst/clk_in1
    R4                   IBUF (Prop_ibuf_I_O)         1.419     1.419 r  u_mmcm/inst/clkin1_ibufg/O
                         net (fo=1, routed)           1.065     2.484    u_mmcm/inst/clk_in1_clk_wiz_0
    MMCME2_ADV_X1Y2      MMCME2_ADV (Prop_mmcme2_adv_CLKIN1_CLKOUT2)
                                                     -6.273    -3.789 r  u_mmcm/inst/mmcm_adv_inst/CLKOUT2
                         net (fo=1, routed)           1.524    -2.265    u_mmcm/inst/clk_out3_clk_wiz_0
    BUFGCTRL_X0Y1        BUFG (Prop_bufg_I_O)         0.081    -2.184 r  u_mmcm/inst/clkout3_buf/O
                         net (fo=510, routed)         1.417    -0.767    u_rgmii_bridge/clk_out3
    SLICE_X114Y134       FDCE                                         r  u_rgmii_bridge/crc_idx_reg[1]/C
  -------------------------------------------------------------------    -------------------
    SLICE_X114Y134       FDCE (Prop_fdce_C_Q)         0.348    -0.419 r  u_rgmii_bridge/crc_idx_reg[1]/Q
                         net (fo=105, routed)         1.347     0.928    u_rgmii_bridge/crc_idx_reg_n_0_[1]
    SLICE_X108Y142       LUT6 (Prop_lut6_I2_O)        0.239     1.167 r  u_rgmii_bridge/crc_reg[29]_i_22/O
                         net (fo=1, routed)           0.000     1.167    u_rgmii_bridge/crc_reg[29]_i_22_n_0
    SLICE_X108Y142       MUXF7 (Prop_muxf7_I1_O)      0.178     1.345 r  u_rgmii_bridge/crc_reg_reg[29]_i_9/O
                         net (fo=1, routed)           0.833     2.178    u_rgmii_bridge/crc_reg_reg[29]_i_9_n_0
    SLICE_X110Y136       LUT6 (Prop_lut6_I5_O)        0.241     2.419 r  u_rgmii_bridge/crc_reg[29]_i_3/O
                         net (fo=1, routed)           0.442     2.861    u_rgmii_bridge/crc_reg[29]_i_3_n_0
    SLICE_X111Y133       LUT6 (Prop_lut6_I1_O)        0.105     2.966 r  u_rgmii_bridge/crc_reg[29]_i_2/O
                         net (fo=8, routed)           0.692     3.659    u_rgmii_bridge/crc_reg[29]_i_2_n_0
    SLICE_X114Y133       LUT2 (Prop_lut2_I0_O)        0.125     3.784 r  u_rgmii_bridge/crc_reg[28]_i_2/O
                         net (fo=7, routed)           0.487     4.271    u_rgmii_bridge/crc_reg[28]_i_2_n_0
    SLICE_X113Y131       LUT6 (Prop_lut6_I0_O)        0.275     4.546 r  u_rgmii_bridge/crc_reg[24]_i_1/O
                         net (fo=1, routed)           0.000     4.546    u_rgmii_bridge/p_1_in[24]
    SLICE_X113Y131       FDCE                                         r  u_rgmii_bridge/crc_reg_reg[24]/D
  -------------------------------------------------------------------    -------------------

                         (clock clk_out3_clk_wiz_0 rise edge)
                                                      8.000     8.000 r  
    R4                                                0.000     8.000 r  sys_clk (IN)
                         net (fo=0)                   0.000     8.000    u_mmcm/inst/clk_in1
    R4                   IBUF (Prop_ibuf_I_O)         1.353     9.353 r  u_mmcm/inst/clkin1_ibufg/O
                         net (fo=1, routed)           1.004    10.357    u_mmcm/inst/clk_in1_clk_wiz_0
    MMCME2_ADV_X1Y2      MMCME2_ADV (Prop_mmcme2_adv_CLKIN1_CLKOUT2)
                                                     -6.399     3.957 r  u_mmcm/inst/mmcm_adv_inst/CLKOUT2
                         net (fo=1, routed)           1.452     5.410    u_mmcm/inst/clk_out3_clk_wiz_0
    BUFGCTRL_X0Y1        BUFG (Prop_bufg_I_O)         0.077     5.487 r  u_mmcm/inst/clkout3_buf/O
                         net (fo=510, routed)         1.307     6.794    u_rgmii_bridge/clk_out3
    SLICE_X113Y131       FDCE                                         r  u_rgmii_bridge/crc_reg_reg[24]/C
                         clock pessimism              0.411     7.205    
                         clock uncertainty           -0.085     7.120    
    SLICE_X113Y131       FDCE (Setup_fdce_C_D)        0.032     7.152    u_rgmii_bridge/crc_reg_reg[24]
  -------------------------------------------------------------------
                         required time                          7.152    
                         arrival time                          -4.546    
  -------------------------------------------------------------------
                         slack                                  2.606    

Slack (MET) :             2.707ns  (required time - arrival time)
  Source:                 u_rgmii_bridge/crc_idx_reg[1]/C
                            (rising edge-triggered cell FDCE clocked by clk_out3_clk_wiz_0  {rise@0.000ns fall@4.000ns period=8.000ns})
  Destination:            u_rgmii_bridge/crc_reg_reg[17]/D
                            (rising edge-triggered cell FDCE clocked by clk_out3_clk_wiz_0  {rise@0.000ns fall@4.000ns period=8.000ns})
  Path Group:             clk_out3_clk_wiz_0
  Path Type:              Setup (Max at Slow Process Corner)
  Requirement:            8.000ns  (clk_out3_clk_wiz_0 rise@8.000ns - clk_out3_clk_wiz_0 rise@0.000ns)
  Data Path Delay:        5.213ns  (logic 1.511ns (28.984%)  route 3.702ns (71.016%))
  Logic Levels:           6  (LUT2=1 LUT6=4 MUXF7=1)
  Clock Path Skew:        -0.027ns (DCD - SCD + CPR)
    Destination Clock Delay (DCD):    -1.205ns = ( 6.795 - 8.000 ) 
    Source Clock Delay      (SCD):    -0.767ns
    Clock Pessimism Removal (CPR):    0.411ns
  Clock Uncertainty:      0.085ns  ((TSJ^2 + DJ^2)^1/2) / 2 + PE
    Total System Jitter     (TSJ):    0.071ns
    Discrete Jitter          (DJ):    0.154ns
    Phase Error              (PE):    0.000ns

    Location             Delay type                Incr(ns)  Path(ns)    Netlist Resource(s)
  -------------------------------------------------------------------    -------------------
                         (clock clk_out3_clk_wiz_0 rise edge)
                                                      0.000     0.000 r  
    R4                                                0.000     0.000 r  sys_clk (IN)
                         net (fo=0)                   0.000     0.000    u_mmcm/inst/clk_in1
    R4                   IBUF (Prop_ibuf_I_O)         1.419     1.419 r  u_mmcm/inst/clkin1_ibufg/O
                         net (fo=1, routed)           1.065     2.484    u_mmcm/inst/clk_in1_clk_wiz_0
    MMCME2_ADV_X1Y2      MMCME2_ADV (Prop_mmcme2_adv_CLKIN1_CLKOUT2)
                                                     -6.273    -3.789 r  u_mmcm/inst/mmcm_adv_inst/CLKOUT2
                         net (fo=1, routed)           1.524    -2.265    u_mmcm/inst/clk_out3_clk_wiz_0
    BUFGCTRL_X0Y1        BUFG (Prop_bufg_I_O)         0.081    -2.184 r  u_mmcm/inst/clkout3_buf/O
                         net (fo=510, routed)         1.417    -0.767    u_rgmii_bridge/clk_out3
    SLICE_X114Y134       FDCE                                         r  u_rgmii_bridge/crc_idx_reg[1]/C
  -------------------------------------------------------------------    -------------------
    SLICE_X114Y134       FDCE (Prop_fdce_C_Q)         0.348    -0.419 r  u_rgmii_bridge/crc_idx_reg[1]/Q
                         net (fo=105, routed)         1.347     0.928    u_rgmii_bridge/crc_idx_reg_n_0_[1]
    SLICE_X108Y142       LUT6 (Prop_lut6_I2_O)        0.239     1.167 r  u_rgmii_bridge/crc_reg[29]_i_22/O
                         net (fo=1, routed)           0.000     1.167    u_rgmii_bridge/crc_reg[29]_i_22_n_0
    SLICE_X108Y142       MUXF7 (Prop_muxf7_I1_O)      0.178     1.345 r  u_rgmii_bridge/crc_reg_reg[29]_i_9/O
                         net (fo=1, routed)           0.833     2.178    u_rgmii_bridge/crc_reg_reg[29]_i_9_n_0
    SLICE_X110Y136       LUT6 (Prop_lut6_I5_O)        0.241     2.419 r  u_rgmii_bridge/crc_reg[29]_i_3/O
                         net (fo=1, routed)           0.442     2.861    u_rgmii_bridge/crc_reg[29]_i_3_n_0
    SLICE_X111Y133       LUT6 (Prop_lut6_I1_O)        0.105     2.966 r  u_rgmii_bridge/crc_reg[29]_i_2/O
                         net (fo=8, routed)           0.692     3.659    u_rgmii_bridge/crc_reg[29]_i_2_n_0
    SLICE_X114Y133       LUT2 (Prop_lut2_I0_O)        0.125     3.784 r  u_rgmii_bridge/crc_reg[28]_i_2/O
                         net (fo=7, routed)           0.388     4.171    u_rgmii_bridge/crc_reg[28]_i_2_n_0
    SLICE_X114Y132       LUT6 (Prop_lut6_I2_O)        0.275     4.446 r  u_rgmii_bridge/crc_reg[17]_i_1/O
                         net (fo=1, routed)           0.000     4.446    u_rgmii_bridge/p_1_in[17]
    SLICE_X114Y132       FDCE                                         r  u_rgmii_bridge/crc_reg_reg[17]/D
  -------------------------------------------------------------------    -------------------

                         (clock clk_out3_clk_wiz_0 rise edge)
                                                      8.000     8.000 r  
    R4                                                0.000     8.000 r  sys_clk (IN)
                         net (fo=0)                   0.000     8.000    u_mmcm/inst/clk_in1
    R4                   IBUF (Prop_ibuf_I_O)         1.353     9.353 r  u_mmcm/inst/clkin1_ibufg/O
                         net (fo=1, routed)           1.004    10.357    u_mmcm/inst/clk_in1_clk_wiz_0
    MMCME2_ADV_X1Y2      MMCME2_ADV (Prop_mmcme2_adv_CLKIN1_CLKOUT2)
                                                     -6.399     3.957 r  u_mmcm/inst/mmcm_adv_inst/CLKOUT2
                         net (fo=1, routed)           1.452     5.410    u_mmcm/inst/clk_out3_clk_wiz_0
    BUFGCTRL_X0Y1        BUFG (Prop_bufg_I_O)         0.077     5.487 r  u_mmcm/inst/clkout3_buf/O
                         net (fo=510, routed)         1.308     6.795    u_rgmii_bridge/clk_out3
    SLICE_X114Y132       FDCE                                         r  u_rgmii_bridge/crc_reg_reg[17]/C
                         clock pessimism              0.411     7.206    
                         clock uncertainty           -0.085     7.121    
    SLICE_X114Y132       FDCE (Setup_fdce_C_D)        0.032     7.153    u_rgmii_bridge/crc_reg_reg[17]
  -------------------------------------------------------------------
                         required time                          7.153    
                         arrival time                          -4.446    
  -------------------------------------------------------------------
                         slack                                  2.707    





Min Delay Paths
--------------------------------------------------------------------------------------
Slack (MET) :             0.121ns  (arrival time - required time)
  Source:                 u_rgmii_bridge/fifo_generator_0_inst/U0/inst_fifo_gen/gconvfifo.rf/grf.rf/gntv_or_sync_fifo.gcx.clkx/wr_pntr_cdc_inst/dest_graysync_ff_reg[0][0]/C
                            (rising edge-triggered cell FDRE clocked by clk_out3_clk_wiz_0  {rise@0.000ns fall@4.000ns period=8.000ns})
  Destination:            u_rgmii_bridge/fifo_generator_0_inst/U0/inst_fifo_gen/gconvfifo.rf/grf.rf/gntv_or_sync_fifo.gcx.clkx/wr_pntr_cdc_inst/dest_graysync_ff_reg[1][0]/D
                            (rising edge-triggered cell FDRE clocked by clk_out3_clk_wiz_0  {rise@0.000ns fall@4.000ns period=8.000ns})
  Path Group:             clk_out3_clk_wiz_0
  Path Type:              Hold (Min at Fast Process Corner)
  Requirement:            0.000ns  (clk_out3_clk_wiz_0 rise@0.000ns - clk_out3_clk_wiz_0 rise@0.000ns)
  Data Path Delay:        0.196ns  (logic 0.141ns (71.838%)  route 0.055ns (28.162%))
  Logic Levels:           0  
  Clock Path Skew:        0.000ns (DCD - SCD - CPR)
    Destination Clock Delay (DCD):    -0.957ns
    Source Clock Delay      (SCD):    -0.711ns
    Clock Pessimism Removal (CPR):    -0.246ns

    Location             Delay type                Incr(ns)  Path(ns)    Netlist Resource(s)
  -------------------------------------------------------------------    -------------------
                         (clock clk_out3_clk_wiz_0 rise edge)
                                                      0.000     0.000 r  
    R4                                                0.000     0.000 r  sys_clk (IN)
                         net (fo=0)                   0.000     0.000    u_mmcm/inst/clk_in1
    R4                   IBUF (Prop_ibuf_I_O)         0.256     0.256 r  u_mmcm/inst/clkin1_ibufg/O
                         net (fo=1, routed)           0.440     0.696    u_mmcm/inst/clk_in1_clk_wiz_0
    MMCME2_ADV_X1Y2      MMCME2_ADV (Prop_mmcme2_adv_CLKIN1_CLKOUT2)
                                                     -2.540    -1.844 r  u_mmcm/inst/mmcm_adv_inst/CLKOUT2
                         net (fo=1, routed)           0.531    -1.313    u_mmcm/inst/clk_out3_clk_wiz_0
    BUFGCTRL_X0Y1        BUFG (Prop_bufg_I_O)         0.026    -1.287 r  u_mmcm/inst/clkout3_buf/O
                         net (fo=510, routed)         0.576    -0.711    u_rgmii_bridge/fifo_generator_0_inst/U0/inst_fifo_gen/gconvfifo.rf/grf.rf/gntv_or_sync_fifo.gcx.clkx/wr_pntr_cdc_inst/dest_clk
    SLICE_X105Y125       FDRE                                         r  u_rgmii_bridge/fifo_generator_0_inst/U0/inst_fifo_gen/gconvfifo.rf/grf.rf/gntv_or_sync_fifo.gcx.clkx/wr_pntr_cdc_inst/dest_graysync_ff_reg[0][0]/C
  -------------------------------------------------------------------    -------------------
    SLICE_X105Y125       FDRE (Prop_fdre_C_Q)         0.141    -0.570 r  u_rgmii_bridge/fifo_generator_0_inst/U0/inst_fifo_gen/gconvfifo.rf/grf.rf/gntv_or_sync_fifo.gcx.clkx/wr_pntr_cdc_inst/dest_graysync_ff_reg[0][0]/Q
                         net (fo=1, routed)           0.055    -0.515    u_rgmii_bridge/fifo_generator_0_inst/U0/inst_fifo_gen/gconvfifo.rf/grf.rf/gntv_or_sync_fifo.gcx.clkx/wr_pntr_cdc_inst/dest_graysync_ff[0][0]
    SLICE_X105Y125       FDRE                                         r  u_rgmii_bridge/fifo_generator_0_inst/U0/inst_fifo_gen/gconvfifo.rf/grf.rf/gntv_or_sync_fifo.gcx.clkx/wr_pntr_cdc_inst/dest_graysync_ff_reg[1][0]/D
  -------------------------------------------------------------------    -------------------

                         (clock clk_out3_clk_wiz_0 rise edge)
                                                      0.000     0.000 r  
    R4                                                0.000     0.000 r  sys_clk (IN)
                         net (fo=0)                   0.000     0.000    u_mmcm/inst/clk_in1
    R4                   IBUF (Prop_ibuf_I_O)         0.444     0.444 r  u_mmcm/inst/clkin1_ibufg/O
                         net (fo=1, routed)           0.480     0.924    u_mmcm/inst/clk_in1_clk_wiz_0
    MMCME2_ADV_X1Y2      MMCME2_ADV (Prop_mmcme2_adv_CLKIN1_CLKOUT2)
                                                     -3.332    -2.409 r  u_mmcm/inst/mmcm_adv_inst/CLKOUT2
                         net (fo=1, routed)           0.579    -1.830    u_mmcm/inst/clk_out3_clk_wiz_0
    BUFGCTRL_X0Y1        BUFG (Prop_bufg_I_O)         0.029    -1.801 r  u_mmcm/inst/clkout3_buf/O
                         net (fo=510, routed)         0.844    -0.957    u_rgmii_bridge/fifo_generator_0_inst/U0/inst_fifo_gen/gconvfifo.rf/grf.rf/gntv_or_sync_fifo.gcx.clkx/wr_pntr_cdc_inst/dest_clk
    SLICE_X105Y125       FDRE                                         r  u_rgmii_bridge/fifo_generator_0_inst/U0/inst_fifo_gen/gconvfifo.rf/grf.rf/gntv_or_sync_fifo.gcx.clkx/wr_pntr_cdc_inst/dest_graysync_ff_reg[1][0]/C
                         clock pessimism              0.246    -0.711    
    SLICE_X105Y125       FDRE (Hold_fdre_C_D)         0.075    -0.636    u_rgmii_bridge/fifo_generator_0_inst/U0/inst_fifo_gen/gconvfifo.rf/grf.rf/gntv_or_sync_fifo.gcx.clkx/wr_pntr_cdc_inst/dest_graysync_ff_reg[1][0]
  -------------------------------------------------------------------
                         required time                          0.636    
                         arrival time                          -0.515    
  -------------------------------------------------------------------
                         slack                                  0.121    

Slack (MET) :             0.121ns  (arrival time - required time)
  Source:                 u_rgmii_bridge/fifo_generator_0_inst/U0/inst_fifo_gen/gconvfifo.rf/grf.rf/gntv_or_sync_fifo.gcx.clkx/wr_pntr_cdc_inst/dest_graysync_ff_reg[0][3]/C
                            (rising edge-triggered cell FDRE clocked by clk_out3_clk_wiz_0  {rise@0.000ns fall@4.000ns period=8.000ns})
  Destination:            u_rgmii_bridge/fifo_generator_0_inst/U0/inst_fifo_gen/gconvfifo.rf/grf.rf/gntv_or_sync_fifo.gcx.clkx/wr_pntr_cdc_inst/dest_graysync_ff_reg[1][3]/D
                            (rising edge-triggered cell FDRE clocked by clk_out3_clk_wiz_0  {rise@0.000ns fall@4.000ns period=8.000ns})
  Path Group:             clk_out3_clk_wiz_0
  Path Type:              Hold (Min at Fast Process Corner)
  Requirement:            0.000ns  (clk_out3_clk_wiz_0 rise@0.000ns - clk_out3_clk_wiz_0 rise@0.000ns)
  Data Path Delay:        0.196ns  (logic 0.141ns (71.838%)  route 0.055ns (28.162%))
  Logic Levels:           0  
  Clock Path Skew:        0.000ns (DCD - SCD - CPR)
    Destination Clock Delay (DCD):    -0.956ns
    Source Clock Delay      (SCD):    -0.710ns
    Clock Pessimism Removal (CPR):    -0.246ns

    Location             Delay type                Incr(ns)  Path(ns)    Netlist Resource(s)
  -------------------------------------------------------------------    -------------------
                         (clock clk_out3_clk_wiz_0 rise edge)
                                                      0.000     0.000 r  
    R4                                                0.000     0.000 r  sys_clk (IN)
                         net (fo=0)                   0.000     0.000    u_mmcm/inst/clk_in1
    R4                   IBUF (Prop_ibuf_I_O)         0.256     0.256 r  u_mmcm/inst/clkin1_ibufg/O
                         net (fo=1, routed)           0.440     0.696    u_mmcm/inst/clk_in1_clk_wiz_0
    MMCME2_ADV_X1Y2      MMCME2_ADV (Prop_mmcme2_adv_CLKIN1_CLKOUT2)
                                                     -2.540    -1.844 r  u_mmcm/inst/mmcm_adv_inst/CLKOUT2
                         net (fo=1, routed)           0.531    -1.313    u_mmcm/inst/clk_out3_clk_wiz_0
    BUFGCTRL_X0Y1        BUFG (Prop_bufg_I_O)         0.026    -1.287 r  u_mmcm/inst/clkout3_buf/O
                         net (fo=510, routed)         0.577    -0.710    u_rgmii_bridge/fifo_generator_0_inst/U0/inst_fifo_gen/gconvfifo.rf/grf.rf/gntv_or_sync_fifo.gcx.clkx/wr_pntr_cdc_inst/dest_clk
    SLICE_X105Y126       FDRE                                         r  u_rgmii_bridge/fifo_generator_0_inst/U0/inst_fifo_gen/gconvfifo.rf/grf.rf/gntv_or_sync_fifo.gcx.clkx/wr_pntr_cdc_inst/dest_graysync_ff_reg[0][3]/C
  -------------------------------------------------------------------    -------------------
    SLICE_X105Y126       FDRE (Prop_fdre_C_Q)         0.141    -0.569 r  u_rgmii_bridge/fifo_generator_0_inst/U0/inst_fifo_gen/gconvfifo.rf/grf.rf/gntv_or_sync_fifo.gcx.clkx/wr_pntr_cdc_inst/dest_graysync_ff_reg[0][3]/Q
                         net (fo=1, routed)           0.055    -0.514    u_rgmii_bridge/fifo_generator_0_inst/U0/inst_fifo_gen/gconvfifo.rf/grf.rf/gntv_or_sync_fifo.gcx.clkx/wr_pntr_cdc_inst/dest_graysync_ff[0][3]
    SLICE_X105Y126       FDRE                                         r  u_rgmii_bridge/fifo_generator_0_inst/U0/inst_fifo_gen/gconvfifo.rf/grf.rf/gntv_or_sync_fifo.gcx.clkx/wr_pntr_cdc_inst/dest_graysync_ff_reg[1][3]/D
  -------------------------------------------------------------------    -------------------

                         (clock clk_out3_clk_wiz_0 rise edge)
                                                      0.000     0.000 r  
    R4                                                0.000     0.000 r  sys_clk (IN)
                         net (fo=0)                   0.000     0.000    u_mmcm/inst/clk_in1
    R4                   IBUF (Prop_ibuf_I_O)         0.444     0.444 r  u_mmcm/inst/clkin1_ibufg/O
                         net (fo=1, routed)           0.480     0.924    u_mmcm/inst/clk_in1_clk_wiz_0
    MMCME2_ADV_X1Y2      MMCME2_ADV (Prop_mmcme2_adv_CLKIN1_CLKOUT2)
                                                     -3.332    -2.409 r  u_mmcm/inst/mmcm_adv_inst/CLKOUT2
                         net (fo=1, routed)           0.579    -1.830    u_mmcm/inst/clk_out3_clk_wiz_0
    BUFGCTRL_X0Y1        BUFG (Prop_bufg_I_O)         0.029    -1.801 r  u_mmcm/inst/clkout3_buf/O
                         net (fo=510, routed)         0.845    -0.956    u_rgmii_bridge/fifo_generator_0_inst/U0/inst_fifo_gen/gconvfifo.rf/grf.rf/gntv_or_sync_fifo.gcx.clkx/wr_pntr_cdc_inst/dest_clk
    SLICE_X105Y126       FDRE                                         r  u_rgmii_bridge/fifo_generator_0_inst/U0/inst_fifo_gen/gconvfifo.rf/grf.rf/gntv_or_sync_fifo.gcx.clkx/wr_pntr_cdc_inst/dest_graysync_ff_reg[1][3]/C
                         clock pessimism              0.246    -0.710    
    SLICE_X105Y126       FDRE (Hold_fdre_C_D)         0.075    -0.635    u_rgmii_bridge/fifo_generator_0_inst/U0/inst_fifo_gen/gconvfifo.rf/grf.rf/gntv_or_sync_fifo.gcx.clkx/wr_pntr_cdc_inst/dest_graysync_ff_reg[1][3]
  -------------------------------------------------------------------
                         required time                          0.635    
                         arrival time                          -0.514    
  -------------------------------------------------------------------
                         slack                                  0.121    

Slack (MET) :             0.121ns  (arrival time - required time)
  Source:                 u_rgmii_bridge/fifo_generator_0_inst/U0/inst_fifo_gen/gconvfifo.rf/grf.rf/gntv_or_sync_fifo.gcx.clkx/wr_pntr_cdc_inst/dest_graysync_ff_reg[0][8]/C
                            (rising edge-triggered cell FDRE clocked by clk_out3_clk_wiz_0  {rise@0.000ns fall@4.000ns period=8.000ns})
  Destination:            u_rgmii_bridge/fifo_generator_0_inst/U0/inst_fifo_gen/gconvfifo.rf/grf.rf/gntv_or_sync_fifo.gcx.clkx/wr_pntr_cdc_inst/dest_graysync_ff_reg[1][8]/D
                            (rising edge-triggered cell FDRE clocked by clk_out3_clk_wiz_0  {rise@0.000ns fall@4.000ns period=8.000ns})
  Path Group:             clk_out3_clk_wiz_0
  Path Type:              Hold (Min at Fast Process Corner)
  Requirement:            0.000ns  (clk_out3_clk_wiz_0 rise@0.000ns - clk_out3_clk_wiz_0 rise@0.000ns)
  Data Path Delay:        0.196ns  (logic 0.141ns (71.838%)  route 0.055ns (28.162%))
  Logic Levels:           0  
  Clock Path Skew:        0.000ns (DCD - SCD - CPR)
    Destination Clock Delay (DCD):    -0.956ns
    Source Clock Delay      (SCD):    -0.710ns
    Clock Pessimism Removal (CPR):    -0.246ns

    Location             Delay type                Incr(ns)  Path(ns)    Netlist Resource(s)
  -------------------------------------------------------------------    -------------------
                         (clock clk_out3_clk_wiz_0 rise edge)
                                                      0.000     0.000 r  
    R4                                                0.000     0.000 r  sys_clk (IN)
                         net (fo=0)                   0.000     0.000    u_mmcm/inst/clk_in1
    R4                   IBUF (Prop_ibuf_I_O)         0.256     0.256 r  u_mmcm/inst/clkin1_ibufg/O
                         net (fo=1, routed)           0.440     0.696    u_mmcm/inst/clk_in1_clk_wiz_0
    MMCME2_ADV_X1Y2      MMCME2_ADV (Prop_mmcme2_adv_CLKIN1_CLKOUT2)
                                                     -2.540    -1.844 r  u_mmcm/inst/mmcm_adv_inst/CLKOUT2
                         net (fo=1, routed)           0.531    -1.313    u_mmcm/inst/clk_out3_clk_wiz_0
    BUFGCTRL_X0Y1        BUFG (Prop_bufg_I_O)         0.026    -1.287 r  u_mmcm/inst/clkout3_buf/O
                         net (fo=510, routed)         0.577    -0.710    u_rgmii_bridge/fifo_generator_0_inst/U0/inst_fifo_gen/gconvfifo.rf/grf.rf/gntv_or_sync_fifo.gcx.clkx/wr_pntr_cdc_inst/dest_clk
    SLICE_X107Y126       FDRE                                         r  u_rgmii_bridge/fifo_generator_0_inst/U0/inst_fifo_gen/gconvfifo.rf/grf.rf/gntv_or_sync_fifo.gcx.clkx/wr_pntr_cdc_inst/dest_graysync_ff_reg[0][8]/C
  -------------------------------------------------------------------    -------------------
    SLICE_X107Y126       FDRE (Prop_fdre_C_Q)         0.141    -0.569 r  u_rgmii_bridge/fifo_generator_0_inst/U0/inst_fifo_gen/gconvfifo.rf/grf.rf/gntv_or_sync_fifo.gcx.clkx/wr_pntr_cdc_inst/dest_graysync_ff_reg[0][8]/Q
                         net (fo=1, routed)           0.055    -0.514    u_rgmii_bridge/fifo_generator_0_inst/U0/inst_fifo_gen/gconvfifo.rf/grf.rf/gntv_or_sync_fifo.gcx.clkx/wr_pntr_cdc_inst/dest_graysync_ff[0][8]
    SLICE_X107Y126       FDRE                                         r  u_rgmii_bridge/fifo_generator_0_inst/U0/inst_fifo_gen/gconvfifo.rf/grf.rf/gntv_or_sync_fifo.gcx.clkx/wr_pntr_cdc_inst/dest_graysync_ff_reg[1][8]/D
  -------------------------------------------------------------------    -------------------

                         (clock clk_out3_clk_wiz_0 rise edge)
                                                      0.000     0.000 r  
    R4                                                0.000     0.000 r  sys_clk (IN)
                         net (fo=0)                   0.000     0.000    u_mmcm/inst/clk_in1
    R4                   IBUF (Prop_ibuf_I_O)         0.444     0.444 r  u_mmcm/inst/clkin1_ibufg/O
                         net (fo=1, routed)           0.480     0.924    u_mmcm/inst/clk_in1_clk_wiz_0
    MMCME2_ADV_X1Y2      MMCME2_ADV (Prop_mmcme2_adv_CLKIN1_CLKOUT2)
                                                     -3.332    -2.409 r  u_mmcm/inst/mmcm_adv_inst/CLKOUT2
                         net (fo=1, routed)           0.579    -1.830    u_mmcm/inst/clk_out3_clk_wiz_0
    BUFGCTRL_X0Y1        BUFG (Prop_bufg_I_O)         0.029    -1.801 r  u_mmcm/inst/clkout3_buf/O
                         net (fo=510, routed)         0.845    -0.956    u_rgmii_bridge/fifo_generator_0_inst/U0/inst_fifo_gen/gconvfifo.rf/grf.rf/gntv_or_sync_fifo.gcx.clkx/wr_pntr_cdc_inst/dest_clk
    SLICE_X107Y126       FDRE                                         r  u_rgmii_bridge/fifo_generator_0_inst/U0/inst_fifo_gen/gconvfifo.rf/grf.rf/gntv_or_sync_fifo.gcx.clkx/wr_pntr_cdc_inst/dest_graysync_ff_reg[1][8]/C
                         clock pessimism              0.246    -0.710    
    SLICE_X107Y126       FDRE (Hold_fdre_C_D)         0.075    -0.635    u_rgmii_bridge/fifo_generator_0_inst/U0/inst_fifo_gen/gconvfifo.rf/grf.rf/gntv_or_sync_fifo.gcx.clkx/wr_pntr_cdc_inst/dest_graysync_ff_reg[1][8]
  -------------------------------------------------------------------
                         required time                          0.635    
                         arrival time                          -0.514    
  -------------------------------------------------------------------
                         slack                                  0.121    

Slack (MET) :             0.125ns  (arrival time - required time)
  Source:                 u_rgmii_bridge/fifo_generator_0_inst/U0/inst_fifo_gen/gconvfifo.rf/grf.rf/gntv_or_sync_fifo.gcx.clkx/wr_pntr_cdc_inst/dest_graysync_ff_reg[0][5]/C
                            (rising edge-triggered cell FDRE clocked by clk_out3_clk_wiz_0  {rise@0.000ns fall@4.000ns period=8.000ns})
  Destination:            u_rgmii_bridge/fifo_generator_0_inst/U0/inst_fifo_gen/gconvfifo.rf/grf.rf/gntv_or_sync_fifo.gcx.clkx/wr_pntr_cdc_inst/dest_graysync_ff_reg[1][5]/D
                            (rising edge-triggered cell FDRE clocked by clk_out3_clk_wiz_0  {rise@0.000ns fall@4.000ns period=8.000ns})
  Path Group:             clk_out3_clk_wiz_0
  Path Type:              Hold (Min at Fast Process Corner)
  Requirement:            0.000ns  (clk_out3_clk_wiz_0 rise@0.000ns - clk_out3_clk_wiz_0 rise@0.000ns)
  Data Path Delay:        0.196ns  (logic 0.141ns (71.838%)  route 0.055ns (28.162%))
  Logic Levels:           0  
  Clock Path Skew:        0.000ns (DCD - SCD - CPR)
    Destination Clock Delay (DCD):    -0.956ns
    Source Clock Delay      (SCD):    -0.710ns
    Clock Pessimism Removal (CPR):    -0.246ns

    Location             Delay type                Incr(ns)  Path(ns)    Netlist Resource(s)
  -------------------------------------------------------------------    -------------------
                         (clock clk_out3_clk_wiz_0 rise edge)
                                                      0.000     0.000 r  
    R4                                                0.000     0.000 r  sys_clk (IN)
                         net (fo=0)                   0.000     0.000    u_mmcm/inst/clk_in1
    R4                   IBUF (Prop_ibuf_I_O)         0.256     0.256 r  u_mmcm/inst/clkin1_ibufg/O
                         net (fo=1, routed)           0.440     0.696    u_mmcm/inst/clk_in1_clk_wiz_0
    MMCME2_ADV_X1Y2      MMCME2_ADV (Prop_mmcme2_adv_CLKIN1_CLKOUT2)
                                                     -2.540    -1.844 r  u_mmcm/inst/mmcm_adv_inst/CLKOUT2
                         net (fo=1, routed)           0.531    -1.313    u_mmcm/inst/clk_out3_clk_wiz_0
    BUFGCTRL_X0Y1        BUFG (Prop_bufg_I_O)         0.026    -1.287 r  u_mmcm/inst/clkout3_buf/O
                         net (fo=510, routed)         0.577    -0.710    u_rgmii_bridge/fifo_generator_0_inst/U0/inst_fifo_gen/gconvfifo.rf/grf.rf/gntv_or_sync_fifo.gcx.clkx/wr_pntr_cdc_inst/dest_clk
    SLICE_X105Y126       FDRE                                         r  u_rgmii_bridge/fifo_generator_0_inst/U0/inst_fifo_gen/gconvfifo.rf/grf.rf/gntv_or_sync_fifo.gcx.clkx/wr_pntr_cdc_inst/dest_graysync_ff_reg[0][5]/C
  -------------------------------------------------------------------    -------------------
    SLICE_X105Y126       FDRE (Prop_fdre_C_Q)         0.141    -0.569 r  u_rgmii_bridge/fifo_generator_0_inst/U0/inst_fifo_gen/gconvfifo.rf/grf.rf/gntv_or_sync_fifo.gcx.clkx/wr_pntr_cdc_inst/dest_graysync_ff_reg[0][5]/Q
                         net (fo=1, routed)           0.055    -0.514    u_rgmii_bridge/fifo_generator_0_inst/U0/inst_fifo_gen/gconvfifo.rf/grf.rf/gntv_or_sync_fifo.gcx.clkx/wr_pntr_cdc_inst/dest_graysync_ff[0][5]
    SLICE_X105Y126       FDRE                                         r  u_rgmii_bridge/fifo_generator_0_inst/U0/inst_fifo_gen/gconvfifo.rf/grf.rf/gntv_or_sync_fifo.gcx.clkx/wr_pntr_cdc_inst/dest_graysync_ff_reg[1][5]/D
  -------------------------------------------------------------------    -------------------

                         (clock clk_out3_clk_wiz_0 rise edge)
                                                      0.000     0.000 r  
    R4                                                0.000     0.000 r  sys_clk (IN)
                         net (fo=0)                   0.000     0.000    u_mmcm/inst/clk_in1
    R4                   IBUF (Prop_ibuf_I_O)         0.444     0.444 r  u_mmcm/inst/clkin1_ibufg/O
                         net (fo=1, routed)           0.480     0.924    u_mmcm/inst/clk_in1_clk_wiz_0
    MMCME2_ADV_X1Y2      MMCME2_ADV (Prop_mmcme2_adv_CLKIN1_CLKOUT2)
                                                     -3.332    -2.409 r  u_mmcm/inst/mmcm_adv_inst/CLKOUT2
                         net (fo=1, routed)           0.579    -1.830    u_mmcm/inst/clk_out3_clk_wiz_0
    BUFGCTRL_X0Y1        BUFG (Prop_bufg_I_O)         0.029    -1.801 r  u_mmcm/inst/clkout3_buf/O
                         net (fo=510, routed)         0.845    -0.956    u_rgmii_bridge/fifo_generator_0_inst/U0/inst_fifo_gen/gconvfifo.rf/grf.rf/gntv_or_sync_fifo.gcx.clkx/wr_pntr_cdc_inst/dest_clk
    SLICE_X105Y126       FDRE                                         r  u_rgmii_bridge/fifo_generator_0_inst/U0/inst_fifo_gen/gconvfifo.rf/grf.rf/gntv_or_sync_fifo.gcx.clkx/wr_pntr_cdc_inst/dest_graysync_ff_reg[1][5]/C
                         clock pessimism              0.246    -0.710    
    SLICE_X105Y126       FDRE (Hold_fdre_C_D)         0.071    -0.639    u_rgmii_bridge/fifo_generator_0_inst/U0/inst_fifo_gen/gconvfifo.rf/grf.rf/gntv_or_sync_fifo.gcx.clkx/wr_pntr_cdc_inst/dest_graysync_ff_reg[1][5]
  -------------------------------------------------------------------
                         required time                          0.639    
                         arrival time                          -0.514    
  -------------------------------------------------------------------
                         slack                                  0.125    

Slack (MET) :             0.155ns  (arrival time - required time)
  Source:                 u_rgmii_bridge/fifo_generator_0_inst/U0/inst_fifo_gen/gconvfifo.rf/grf.rf/gntv_or_sync_fifo.gcx.clkx/wr_pntr_cdc_inst/dest_graysync_ff_reg[0][2]/C
                            (rising edge-triggered cell FDRE clocked by clk_out3_clk_wiz_0  {rise@0.000ns fall@4.000ns period=8.000ns})
  Destination:            u_rgmii_bridge/fifo_generator_0_inst/U0/inst_fifo_gen/gconvfifo.rf/grf.rf/gntv_or_sync_fifo.gcx.clkx/wr_pntr_cdc_inst/dest_graysync_ff_reg[1][2]/D
                            (rising edge-triggered cell FDRE clocked by clk_out3_clk_wiz_0  {rise@0.000ns fall@4.000ns period=8.000ns})
  Path Group:             clk_out3_clk_wiz_0
  Path Type:              Hold (Min at Fast Process Corner)
  Requirement:            0.000ns  (clk_out3_clk_wiz_0 rise@0.000ns - clk_out3_clk_wiz_0 rise@0.000ns)
  Data Path Delay:        0.219ns  (logic 0.164ns (74.792%)  route 0.055ns (25.208%))
  Logic Levels:           0  
  Clock Path Skew:        0.000ns (DCD - SCD - CPR)
    Destination Clock Delay (DCD):    -0.957ns
    Source Clock Delay      (SCD):    -0.711ns
    Clock Pessimism Removal (CPR):    -0.246ns

    Location             Delay type                Incr(ns)  Path(ns)    Netlist Resource(s)
  -------------------------------------------------------------------    -------------------
                         (clock clk_out3_clk_wiz_0 rise edge)
                                                      0.000     0.000 r  
    R4                                                0.000     0.000 r  sys_clk (IN)
                         net (fo=0)                   0.000     0.000    u_mmcm/inst/clk_in1
    R4                   IBUF (Prop_ibuf_I_O)         0.256     0.256 r  u_mmcm/inst/clkin1_ibufg/O
                         net (fo=1, routed)           0.440     0.696    u_mmcm/inst/clk_in1_clk_wiz_0
    MMCME2_ADV_X1Y2      MMCME2_ADV (Prop_mmcme2_adv_CLKIN1_CLKOUT2)
                                                     -2.540    -1.844 r  u_mmcm/inst/mmcm_adv_inst/CLKOUT2
                         net (fo=1, routed)           0.531    -1.313    u_mmcm/inst/clk_out3_clk_wiz_0
    BUFGCTRL_X0Y1        BUFG (Prop_bufg_I_O)         0.026    -1.287 r  u_mmcm/inst/clkout3_buf/O
                         net (fo=510, routed)         0.576    -0.711    u_rgmii_bridge/fifo_generator_0_inst/U0/inst_fifo_gen/gconvfifo.rf/grf.rf/gntv_or_sync_fifo.gcx.clkx/wr_pntr_cdc_inst/dest_clk
    SLICE_X104Y125       FDRE                                         r  u_rgmii_bridge/fifo_generator_0_inst/U0/inst_fifo_gen/gconvfifo.rf/grf.rf/gntv_or_sync_fifo.gcx.clkx/wr_pntr_cdc_inst/dest_graysync_ff_reg[0][2]/C
  -------------------------------------------------------------------    -------------------
    SLICE_X104Y125       FDRE (Prop_fdre_C_Q)         0.164    -0.547 r  u_rgmii_bridge/fifo_generator_0_inst/U0/inst_fifo_gen/gconvfifo.rf/grf.rf/gntv_or_sync_fifo.gcx.clkx/wr_pntr_cdc_inst/dest_graysync_ff_reg[0][2]/Q
                         net (fo=1, routed)           0.055    -0.492    u_rgmii_bridge/fifo_generator_0_inst/U0/inst_fifo_gen/gconvfifo.rf/grf.rf/gntv_or_sync_fifo.gcx.clkx/wr_pntr_cdc_inst/dest_graysync_ff[0][2]
    SLICE_X104Y125       FDRE                                         r  u_rgmii_bridge/fifo_generator_0_inst/U0/inst_fifo_gen/gconvfifo.rf/grf.rf/gntv_or_sync_fifo.gcx.clkx/wr_pntr_cdc_inst/dest_graysync_ff_reg[1][2]/D
  -------------------------------------------------------------------    -------------------

                         (clock clk_out3_clk_wiz_0 rise edge)
                                                      0.000     0.000 r  
    R4                                                0.000     0.000 r  sys_clk (IN)
                         net (fo=0)                   0.000     0.000    u_mmcm/inst/clk_in1
    R4                   IBUF (Prop_ibuf_I_O)         0.444     0.444 r  u_mmcm/inst/clkin1_ibufg/O
                         net (fo=1, routed)           0.480     0.924    u_mmcm/inst/clk_in1_clk_wiz_0
    MMCME2_ADV_X1Y2      MMCME2_ADV (Prop_mmcme2_adv_CLKIN1_CLKOUT2)
                                                     -3.332    -2.409 r  u_mmcm/inst/mmcm_adv_inst/CLKOUT2
                         net (fo=1, routed)           0.579    -1.830    u_mmcm/inst/clk_out3_clk_wiz_0
    BUFGCTRL_X0Y1        BUFG (Prop_bufg_I_O)         0.029    -1.801 r  u_mmcm/inst/clkout3_buf/O
                         net (fo=510, routed)         0.844    -0.957    u_rgmii_bridge/fifo_generator_0_inst/U0/inst_fifo_gen/gconvfifo.rf/grf.rf/gntv_or_sync_fifo.gcx.clkx/wr_pntr_cdc_inst/dest_clk
    SLICE_X104Y125       FDRE                                         r  u_rgmii_bridge/fifo_generator_0_inst/U0/inst_fifo_gen/gconvfifo.rf/grf.rf/gntv_or_sync_fifo.gcx.clkx/wr_pntr_cdc_inst/dest_graysync_ff_reg[1][2]/C
                         clock pessimism              0.246    -0.711    
    SLICE_X104Y125       FDRE (Hold_fdre_C_D)         0.064    -0.647    u_rgmii_bridge/fifo_generator_0_inst/U0/inst_fifo_gen/gconvfifo.rf/grf.rf/gntv_or_sync_fifo.gcx.clkx/wr_pntr_cdc_inst/dest_graysync_ff_reg[1][2]
  -------------------------------------------------------------------
                         required time                          0.647    
                         arrival time                          -0.492    
  -------------------------------------------------------------------
                         slack                                  0.155    

Slack (MET) :             0.155ns  (arrival time - required time)
  Source:                 u_rgmii_bridge/fifo_generator_0_inst/U0/inst_fifo_gen/gconvfifo.rf/grf.rf/gntv_or_sync_fifo.gcx.clkx/wr_pntr_cdc_inst/dest_graysync_ff_reg[0][6]/C
                            (rising edge-triggered cell FDRE clocked by clk_out3_clk_wiz_0  {rise@0.000ns fall@4.000ns period=8.000ns})
  Destination:            u_rgmii_bridge/fifo_generator_0_inst/U0/inst_fifo_gen/gconvfifo.rf/grf.rf/gntv_or_sync_fifo.gcx.clkx/wr_pntr_cdc_inst/dest_graysync_ff_reg[1][6]/D
                            (rising edge-triggered cell FDRE clocked by clk_out3_clk_wiz_0  {rise@0.000ns fall@4.000ns period=8.000ns})
  Path Group:             clk_out3_clk_wiz_0
  Path Type:              Hold (Min at Fast Process Corner)
  Requirement:            0.000ns  (clk_out3_clk_wiz_0 rise@0.000ns - clk_out3_clk_wiz_0 rise@0.000ns)
  Data Path Delay:        0.219ns  (logic 0.164ns (74.792%)  route 0.055ns (25.208%))
  Logic Levels:           0  
  Clock Path Skew:        0.000ns (DCD - SCD - CPR)
    Destination Clock Delay (DCD):    -0.956ns
    Source Clock Delay      (SCD):    -0.710ns
    Clock Pessimism Removal (CPR):    -0.246ns

    Location             Delay type                Incr(ns)  Path(ns)    Netlist Resource(s)
  -------------------------------------------------------------------    -------------------
                         (clock clk_out3_clk_wiz_0 rise edge)
                                                      0.000     0.000 r  
    R4                                                0.000     0.000 r  sys_clk (IN)
                         net (fo=0)                   0.000     0.000    u_mmcm/inst/clk_in1
    R4                   IBUF (Prop_ibuf_I_O)         0.256     0.256 r  u_mmcm/inst/clkin1_ibufg/O
                         net (fo=1, routed)           0.440     0.696    u_mmcm/inst/clk_in1_clk_wiz_0
    MMCME2_ADV_X1Y2      MMCME2_ADV (Prop_mmcme2_adv_CLKIN1_CLKOUT2)
                                                     -2.540    -1.844 r  u_mmcm/inst/mmcm_adv_inst/CLKOUT2
                         net (fo=1, routed)           0.531    -1.313    u_mmcm/inst/clk_out3_clk_wiz_0
    BUFGCTRL_X0Y1        BUFG (Prop_bufg_I_O)         0.026    -1.287 r  u_mmcm/inst/clkout3_buf/O
                         net (fo=510, routed)         0.577    -0.710    u_rgmii_bridge/fifo_generator_0_inst/U0/inst_fifo_gen/gconvfifo.rf/grf.rf/gntv_or_sync_fifo.gcx.clkx/wr_pntr_cdc_inst/dest_clk
    SLICE_X104Y126       FDRE                                         r  u_rgmii_bridge/fifo_generator_0_inst/U0/inst_fifo_gen/gconvfifo.rf/grf.rf/gntv_or_sync_fifo.gcx.clkx/wr_pntr_cdc_inst/dest_graysync_ff_reg[0][6]/C
  -------------------------------------------------------------------    -------------------
    SLICE_X104Y126       FDRE (Prop_fdre_C_Q)         0.164    -0.546 r  u_rgmii_bridge/fifo_generator_0_inst/U0/inst_fifo_gen/gconvfifo.rf/grf.rf/gntv_or_sync_fifo.gcx.clkx/wr_pntr_cdc_inst/dest_graysync_ff_reg[0][6]/Q
                         net (fo=1, routed)           0.055    -0.491    u_rgmii_bridge/fifo_generator_0_inst/U0/inst_fifo_gen/gconvfifo.rf/grf.rf/gntv_or_sync_fifo.gcx.clkx/wr_pntr_cdc_inst/dest_graysync_ff[0][6]
    SLICE_X104Y126       FDRE                                         r  u_rgmii_bridge/fifo_generator_0_inst/U0/inst_fifo_gen/gconvfifo.rf/grf.rf/gntv_or_sync_fifo.gcx.clkx/wr_pntr_cdc_inst/dest_graysync_ff_reg[1][6]/D
  -------------------------------------------------------------------    -------------------

                         (clock clk_out3_clk_wiz_0 rise edge)
                                                      0.000     0.000 r  
    R4                                                0.000     0.000 r  sys_clk (IN)
                         net (fo=0)                   0.000     0.000    u_mmcm/inst/clk_in1
    R4                   IBUF (Prop_ibuf_I_O)         0.444     0.444 r  u_mmcm/inst/clkin1_ibufg/O
                         net (fo=1, routed)           0.480     0.924    u_mmcm/inst/clk_in1_clk_wiz_0
    MMCME2_ADV_X1Y2      MMCME2_ADV (Prop_mmcme2_adv_CLKIN1_CLKOUT2)
                                                     -3.332    -2.409 r  u_mmcm/inst/mmcm_adv_inst/CLKOUT2
                         net (fo=1, routed)           0.579    -1.830    u_mmcm/inst/clk_out3_clk_wiz_0
    BUFGCTRL_X0Y1        BUFG (Prop_bufg_I_O)         0.029    -1.801 r  u_mmcm/inst/clkout3_buf/O
                         net (fo=510, routed)         0.845    -0.956    u_rgmii_bridge/fifo_generator_0_inst/U0/inst_fifo_gen/gconvfifo.rf/grf.rf/gntv_or_sync_fifo.gcx.clkx/wr_pntr_cdc_inst/dest_clk
    SLICE_X104Y126       FDRE                                         r  u_rgmii_bridge/fifo_generator_0_inst/U0/inst_fifo_gen/gconvfifo.rf/grf.rf/gntv_or_sync_fifo.gcx.clkx/wr_pntr_cdc_inst/dest_graysync_ff_reg[1][6]/C
                         clock pessimism              0.246    -0.710    
    SLICE_X104Y126       FDRE (Hold_fdre_C_D)         0.064    -0.646    u_rgmii_bridge/fifo_generator_0_inst/U0/inst_fifo_gen/gconvfifo.rf/grf.rf/gntv_or_sync_fifo.gcx.clkx/wr_pntr_cdc_inst/dest_graysync_ff_reg[1][6]
  -------------------------------------------------------------------
                         required time                          0.646    
                         arrival time                          -0.491    
  -------------------------------------------------------------------
                         slack                                  0.155    

Slack (MET) :             0.155ns  (arrival time - required time)
  Source:                 u_rgmii_bridge/fifo_generator_0_inst/U0/inst_fifo_gen/gconvfifo.rf/grf.rf/gntv_or_sync_fifo.gcx.clkx/wr_pntr_cdc_inst/dest_graysync_ff_reg[0][7]/C
                            (rising edge-triggered cell FDRE clocked by clk_out3_clk_wiz_0  {rise@0.000ns fall@4.000ns period=8.000ns})
  Destination:            u_rgmii_bridge/fifo_generator_0_inst/U0/inst_fifo_gen/gconvfifo.rf/grf.rf/gntv_or_sync_fifo.gcx.clkx/wr_pntr_cdc_inst/dest_graysync_ff_reg[1][7]/D
                            (rising edge-triggered cell FDRE clocked by clk_out3_clk_wiz_0  {rise@0.000ns fall@4.000ns period=8.000ns})
  Path Group:             clk_out3_clk_wiz_0
  Path Type:              Hold (Min at Fast Process Corner)
  Requirement:            0.000ns  (clk_out3_clk_wiz_0 rise@0.000ns - clk_out3_clk_wiz_0 rise@0.000ns)
  Data Path Delay:        0.219ns  (logic 0.164ns (74.792%)  route 0.055ns (25.208%))
  Logic Levels:           0  
  Clock Path Skew:        0.000ns (DCD - SCD - CPR)
    Destination Clock Delay (DCD):    -0.956ns
    Source Clock Delay      (SCD):    -0.710ns
    Clock Pessimism Removal (CPR):    -0.246ns

    Location             Delay type                Incr(ns)  Path(ns)    Netlist Resource(s)
  -------------------------------------------------------------------    -------------------
                         (clock clk_out3_clk_wiz_0 rise edge)
                                                      0.000     0.000 r  
    R4                                                0.000     0.000 r  sys_clk (IN)
                         net (fo=0)                   0.000     0.000    u_mmcm/inst/clk_in1
    R4                   IBUF (Prop_ibuf_I_O)         0.256     0.256 r  u_mmcm/inst/clkin1_ibufg/O
                         net (fo=1, routed)           0.440     0.696    u_mmcm/inst/clk_in1_clk_wiz_0
    MMCME2_ADV_X1Y2      MMCME2_ADV (Prop_mmcme2_adv_CLKIN1_CLKOUT2)
                                                     -2.540    -1.844 r  u_mmcm/inst/mmcm_adv_inst/CLKOUT2
                         net (fo=1, routed)           0.531    -1.313    u_mmcm/inst/clk_out3_clk_wiz_0
    BUFGCTRL_X0Y1        BUFG (Prop_bufg_I_O)         0.026    -1.287 r  u_mmcm/inst/clkout3_buf/O
                         net (fo=510, routed)         0.577    -0.710    u_rgmii_bridge/fifo_generator_0_inst/U0/inst_fifo_gen/gconvfifo.rf/grf.rf/gntv_or_sync_fifo.gcx.clkx/wr_pntr_cdc_inst/dest_clk
    SLICE_X104Y126       FDRE                                         r  u_rgmii_bridge/fifo_generator_0_inst/U0/inst_fifo_gen/gconvfifo.rf/grf.rf/gntv_or_sync_fifo.gcx.clkx/wr_pntr_cdc_inst/dest_graysync_ff_reg[0][7]/C
  -------------------------------------------------------------------    -------------------
    SLICE_X104Y126       FDRE (Prop_fdre_C_Q)         0.164    -0.546 r  u_rgmii_bridge/fifo_generator_0_inst/U0/inst_fifo_gen/gconvfifo.rf/grf.rf/gntv_or_sync_fifo.gcx.clkx/wr_pntr_cdc_inst/dest_graysync_ff_reg[0][7]/Q
                         net (fo=1, routed)           0.055    -0.491    u_rgmii_bridge/fifo_generator_0_inst/U0/inst_fifo_gen/gconvfifo.rf/grf.rf/gntv_or_sync_fifo.gcx.clkx/wr_pntr_cdc_inst/dest_graysync_ff[0][7]
    SLICE_X104Y126       FDRE                                         r  u_rgmii_bridge/fifo_generator_0_inst/U0/inst_fifo_gen/gconvfifo.rf/grf.rf/gntv_or_sync_fifo.gcx.clkx/wr_pntr_cdc_inst/dest_graysync_ff_reg[1][7]/D
  -------------------------------------------------------------------    -------------------

                         (clock clk_out3_clk_wiz_0 rise edge)
                                                      0.000     0.000 r  
    R4                                                0.000     0.000 r  sys_clk (IN)
                         net (fo=0)                   0.000     0.000    u_mmcm/inst/clk_in1
    R4                   IBUF (Prop_ibuf_I_O)         0.444     0.444 r  u_mmcm/inst/clkin1_ibufg/O
                         net (fo=1, routed)           0.480     0.924    u_mmcm/inst/clk_in1_clk_wiz_0
    MMCME2_ADV_X1Y2      MMCME2_ADV (Prop_mmcme2_adv_CLKIN1_CLKOUT2)
                                                     -3.332    -2.409 r  u_mmcm/inst/mmcm_adv_inst/CLKOUT2
                         net (fo=1, routed)           0.579    -1.830    u_mmcm/inst/clk_out3_clk_wiz_0
    BUFGCTRL_X0Y1        BUFG (Prop_bufg_I_O)         0.029    -1.801 r  u_mmcm/inst/clkout3_buf/O
                         net (fo=510, routed)         0.845    -0.956    u_rgmii_bridge/fifo_generator_0_inst/U0/inst_fifo_gen/gconvfifo.rf/grf.rf/gntv_or_sync_fifo.gcx.clkx/wr_pntr_cdc_inst/dest_clk
    SLICE_X104Y126       FDRE                                         r  u_rgmii_bridge/fifo_generator_0_inst/U0/inst_fifo_gen/gconvfifo.rf/grf.rf/gntv_or_sync_fifo.gcx.clkx/wr_pntr_cdc_inst/dest_graysync_ff_reg[1][7]/C
                         clock pessimism              0.246    -0.710    
    SLICE_X104Y126       FDRE (Hold_fdre_C_D)         0.064    -0.646    u_rgmii_bridge/fifo_generator_0_inst/U0/inst_fifo_gen/gconvfifo.rf/grf.rf/gntv_or_sync_fifo.gcx.clkx/wr_pntr_cdc_inst/dest_graysync_ff_reg[1][7]
  -------------------------------------------------------------------
                         required time                          0.646    
                         arrival time                          -0.491    
  -------------------------------------------------------------------
                         slack                                  0.155    

Slack (MET) :             0.161ns  (arrival time - required time)
  Source:                 u_rgmii_bridge/crc_reg_reg[17]/C
                            (rising edge-triggered cell FDCE clocked by clk_out3_clk_wiz_0  {rise@0.000ns fall@4.000ns period=8.000ns})
  Destination:            u_rgmii_bridge/frame_buf_reg[76][1]/D
                            (rising edge-triggered cell FDCE clocked by clk_out3_clk_wiz_0  {rise@0.000ns fall@4.000ns period=8.000ns})
  Path Group:             clk_out3_clk_wiz_0
  Path Type:              Hold (Min at Fast Process Corner)
  Requirement:            0.000ns  (clk_out3_clk_wiz_0 rise@0.000ns - clk_out3_clk_wiz_0 rise@0.000ns)
  Data Path Delay:        0.295ns  (logic 0.186ns (63.007%)  route 0.109ns (36.993%))
  Logic Levels:           1  (LUT1=1)
  Clock Path Skew:        0.013ns (DCD - SCD - CPR)
    Destination Clock Delay (DCD):    -0.947ns
    Source Clock Delay      (SCD):    -0.701ns
    Clock Pessimism Removal (CPR):    -0.259ns

    Location             Delay type                Incr(ns)  Path(ns)    Netlist Resource(s)
  -------------------------------------------------------------------    -------------------
                         (clock clk_out3_clk_wiz_0 rise edge)
                                                      0.000     0.000 r  
    R4                                                0.000     0.000 r  sys_clk (IN)
                         net (fo=0)                   0.000     0.000    u_mmcm/inst/clk_in1
    R4                   IBUF (Prop_ibuf_I_O)         0.256     0.256 r  u_mmcm/inst/clkin1_ibufg/O
                         net (fo=1, routed)           0.440     0.696    u_mmcm/inst/clk_in1_clk_wiz_0
    MMCME2_ADV_X1Y2      MMCME2_ADV (Prop_mmcme2_adv_CLKIN1_CLKOUT2)
                                                     -2.540    -1.844 r  u_mmcm/inst/mmcm_adv_inst/CLKOUT2
                         net (fo=1, routed)           0.531    -1.313    u_mmcm/inst/clk_out3_clk_wiz_0
    BUFGCTRL_X0Y1        BUFG (Prop_bufg_I_O)         0.026    -1.287 r  u_mmcm/inst/clkout3_buf/O
                         net (fo=510, routed)         0.586    -0.701    u_rgmii_bridge/clk_out3
    SLICE_X114Y132       FDCE                                         r  u_rgmii_bridge/crc_reg_reg[17]/C
  -------------------------------------------------------------------    -------------------
    SLICE_X114Y132       FDCE (Prop_fdce_C_Q)         0.141    -0.560 f  u_rgmii_bridge/crc_reg_reg[17]/Q
                         net (fo=2, routed)           0.109    -0.451    u_rgmii_bridge/crc[17]
    SLICE_X112Y131       LUT1 (Prop_lut1_I0_O)        0.045    -0.406 r  u_rgmii_bridge/frame_buf[76][1]_i_1/O
                         net (fo=1, routed)           0.000    -0.406    u_rgmii_bridge/frame_buf[76][1]_i_1_n_0
    SLICE_X112Y131       FDCE                                         r  u_rgmii_bridge/frame_buf_reg[76][1]/D
  -------------------------------------------------------------------    -------------------

                         (clock clk_out3_clk_wiz_0 rise edge)
                                                      0.000     0.000 r  
    R4                                                0.000     0.000 r  sys_clk (IN)
                         net (fo=0)                   0.000     0.000    u_mmcm/inst/clk_in1
    R4                   IBUF (Prop_ibuf_I_O)         0.444     0.444 r  u_mmcm/inst/clkin1_ibufg/O
                         net (fo=1, routed)           0.480     0.924    u_mmcm/inst/clk_in1_clk_wiz_0
    MMCME2_ADV_X1Y2      MMCME2_ADV (Prop_mmcme2_adv_CLKIN1_CLKOUT2)
                                                     -3.332    -2.409 r  u_mmcm/inst/mmcm_adv_inst/CLKOUT2
                         net (fo=1, routed)           0.579    -1.830    u_mmcm/inst/clk_out3_clk_wiz_0
    BUFGCTRL_X0Y1        BUFG (Prop_bufg_I_O)         0.029    -1.801 r  u_mmcm/inst/clkout3_buf/O
                         net (fo=510, routed)         0.854    -0.947    u_rgmii_bridge/clk_out3
    SLICE_X112Y131       FDCE                                         r  u_rgmii_bridge/frame_buf_reg[76][1]/C
                         clock pessimism              0.259    -0.688    
    SLICE_X112Y131       FDCE (Hold_fdce_C_D)         0.121    -0.567    u_rgmii_bridge/frame_buf_reg[76][1]
  -------------------------------------------------------------------
                         required time                          0.567    
                         arrival time                          -0.406    
  -------------------------------------------------------------------
                         slack                                  0.161    

Slack (MET) :             0.166ns  (arrival time - required time)
  Source:                 u_rgmii_bridge/fifo_generator_0_inst/U0/inst_fifo_gen/gconvfifo.rf/grf.rf/gntv_or_sync_fifo.gcx.clkx/wr_pntr_cdc_inst/dest_graysync_ff_reg[0][1]/C
                            (rising edge-triggered cell FDRE clocked by clk_out3_clk_wiz_0  {rise@0.000ns fall@4.000ns period=8.000ns})
  Destination:            u_rgmii_bridge/fifo_generator_0_inst/U0/inst_fifo_gen/gconvfifo.rf/grf.rf/gntv_or_sync_fifo.gcx.clkx/wr_pntr_cdc_inst/dest_graysync_ff_reg[1][1]/D
                            (rising edge-triggered cell FDRE clocked by clk_out3_clk_wiz_0  {rise@0.000ns fall@4.000ns period=8.000ns})
  Path Group:             clk_out3_clk_wiz_0
  Path Type:              Hold (Min at Fast Process Corner)
  Requirement:            0.000ns  (clk_out3_clk_wiz_0 rise@0.000ns - clk_out3_clk_wiz_0 rise@0.000ns)
  Data Path Delay:        0.219ns  (logic 0.164ns (74.792%)  route 0.055ns (25.208%))
  Logic Levels:           0  
  Clock Path Skew:        0.000ns (DCD - SCD - CPR)
    Destination Clock Delay (DCD):    -0.957ns
    Source Clock Delay      (SCD):    -0.711ns
    Clock Pessimism Removal (CPR):    -0.246ns

    Location             Delay type                Incr(ns)  Path(ns)    Netlist Resource(s)
  -------------------------------------------------------------------    -------------------
                         (clock clk_out3_clk_wiz_0 rise edge)
                                                      0.000     0.000 r  
    R4                                                0.000     0.000 r  sys_clk (IN)
                         net (fo=0)                   0.000     0.000    u_mmcm/inst/clk_in1
    R4                   IBUF (Prop_ibuf_I_O)         0.256     0.256 r  u_mmcm/inst/clkin1_ibufg/O
                         net (fo=1, routed)           0.440     0.696    u_mmcm/inst/clk_in1_clk_wiz_0
    MMCME2_ADV_X1Y2      MMCME2_ADV (Prop_mmcme2_adv_CLKIN1_CLKOUT2)
                                                     -2.540    -1.844 r  u_mmcm/inst/mmcm_adv_inst/CLKOUT2
                         net (fo=1, routed)           0.531    -1.313    u_mmcm/inst/clk_out3_clk_wiz_0
    BUFGCTRL_X0Y1        BUFG (Prop_bufg_I_O)         0.026    -1.287 r  u_mmcm/inst/clkout3_buf/O
                         net (fo=510, routed)         0.576    -0.711    u_rgmii_bridge/fifo_generator_0_inst/U0/inst_fifo_gen/gconvfifo.rf/grf.rf/gntv_or_sync_fifo.gcx.clkx/wr_pntr_cdc_inst/dest_clk
    SLICE_X104Y125       FDRE                                         r  u_rgmii_bridge/fifo_generator_0_inst/U0/inst_fifo_gen/gconvfifo.rf/grf.rf/gntv_or_sync_fifo.gcx.clkx/wr_pntr_cdc_inst/dest_graysync_ff_reg[0][1]/C
  -------------------------------------------------------------------    -------------------
    SLICE_X104Y125       FDRE (Prop_fdre_C_Q)         0.164    -0.547 r  u_rgmii_bridge/fifo_generator_0_inst/U0/inst_fifo_gen/gconvfifo.rf/grf.rf/gntv_or_sync_fifo.gcx.clkx/wr_pntr_cdc_inst/dest_graysync_ff_reg[0][1]/Q
                         net (fo=1, routed)           0.055    -0.492    u_rgmii_bridge/fifo_generator_0_inst/U0/inst_fifo_gen/gconvfifo.rf/grf.rf/gntv_or_sync_fifo.gcx.clkx/wr_pntr_cdc_inst/dest_graysync_ff[0][1]
    SLICE_X104Y125       FDRE                                         r  u_rgmii_bridge/fifo_generator_0_inst/U0/inst_fifo_gen/gconvfifo.rf/grf.rf/gntv_or_sync_fifo.gcx.clkx/wr_pntr_cdc_inst/dest_graysync_ff_reg[1][1]/D
  -------------------------------------------------------------------    -------------------

                         (clock clk_out3_clk_wiz_0 rise edge)
                                                      0.000     0.000 r  
    R4                                                0.000     0.000 r  sys_clk (IN)
                         net (fo=0)                   0.000     0.000    u_mmcm/inst/clk_in1
    R4                   IBUF (Prop_ibuf_I_O)         0.444     0.444 r  u_mmcm/inst/clkin1_ibufg/O
                         net (fo=1, routed)           0.480     0.924    u_mmcm/inst/clk_in1_clk_wiz_0
    MMCME2_ADV_X1Y2      MMCME2_ADV (Prop_mmcme2_adv_CLKIN1_CLKOUT2)
                                                     -3.332    -2.409 r  u_mmcm/inst/mmcm_adv_inst/CLKOUT2
                         net (fo=1, routed)           0.579    -1.830    u_mmcm/inst/clk_out3_clk_wiz_0
    BUFGCTRL_X0Y1        BUFG (Prop_bufg_I_O)         0.029    -1.801 r  u_mmcm/inst/clkout3_buf/O
                         net (fo=510, routed)         0.844    -0.957    u_rgmii_bridge/fifo_generator_0_inst/U0/inst_fifo_gen/gconvfifo.rf/grf.rf/gntv_or_sync_fifo.gcx.clkx/wr_pntr_cdc_inst/dest_clk
    SLICE_X104Y125       FDRE                                         r  u_rgmii_bridge/fifo_generator_0_inst/U0/inst_fifo_gen/gconvfifo.rf/grf.rf/gntv_or_sync_fifo.gcx.clkx/wr_pntr_cdc_inst/dest_graysync_ff_reg[1][1]/C
                         clock pessimism              0.246    -0.711    
    SLICE_X104Y125       FDRE (Hold_fdre_C_D)         0.053    -0.658    u_rgmii_bridge/fifo_generator_0_inst/U0/inst_fifo_gen/gconvfifo.rf/grf.rf/gntv_or_sync_fifo.gcx.clkx/wr_pntr_cdc_inst/dest_graysync_ff_reg[1][1]
  -------------------------------------------------------------------
                         required time                          0.658    
                         arrival time                          -0.492    
  -------------------------------------------------------------------
                         slack                                  0.166    

Slack (MET) :             0.166ns  (arrival time - required time)
  Source:                 u_rgmii_bridge/fifo_generator_0_inst/U0/inst_fifo_gen/gconvfifo.rf/grf.rf/gntv_or_sync_fifo.gcx.clkx/wr_pntr_cdc_inst/dest_graysync_ff_reg[0][4]/C
                            (rising edge-triggered cell FDRE clocked by clk_out3_clk_wiz_0  {rise@0.000ns fall@4.000ns period=8.000ns})
  Destination:            u_rgmii_bridge/fifo_generator_0_inst/U0/inst_fifo_gen/gconvfifo.rf/grf.rf/gntv_or_sync_fifo.gcx.clkx/wr_pntr_cdc_inst/dest_graysync_ff_reg[1][4]/D
                            (rising edge-triggered cell FDRE clocked by clk_out3_clk_wiz_0  {rise@0.000ns fall@4.000ns period=8.000ns})
  Path Group:             clk_out3_clk_wiz_0
  Path Type:              Hold (Min at Fast Process Corner)
  Requirement:            0.000ns  (clk_out3_clk_wiz_0 rise@0.000ns - clk_out3_clk_wiz_0 rise@0.000ns)
  Data Path Delay:        0.219ns  (logic 0.164ns (74.792%)  route 0.055ns (25.208%))
  Logic Levels:           0  
  Clock Path Skew:        0.000ns (DCD - SCD - CPR)
    Destination Clock Delay (DCD):    -0.956ns
    Source Clock Delay      (SCD):    -0.710ns
    Clock Pessimism Removal (CPR):    -0.246ns

    Location             Delay type                Incr(ns)  Path(ns)    Netlist Resource(s)
  -------------------------------------------------------------------    -------------------
                         (clock clk_out3_clk_wiz_0 rise edge)
                                                      0.000     0.000 r  
    R4                                                0.000     0.000 r  sys_clk (IN)
                         net (fo=0)                   0.000     0.000    u_mmcm/inst/clk_in1
    R4                   IBUF (Prop_ibuf_I_O)         0.256     0.256 r  u_mmcm/inst/clkin1_ibufg/O
                         net (fo=1, routed)           0.440     0.696    u_mmcm/inst/clk_in1_clk_wiz_0
    MMCME2_ADV_X1Y2      MMCME2_ADV (Prop_mmcme2_adv_CLKIN1_CLKOUT2)
                                                     -2.540    -1.844 r  u_mmcm/inst/mmcm_adv_inst/CLKOUT2
                         net (fo=1, routed)           0.531    -1.313    u_mmcm/inst/clk_out3_clk_wiz_0
    BUFGCTRL_X0Y1        BUFG (Prop_bufg_I_O)         0.026    -1.287 r  u_mmcm/inst/clkout3_buf/O
                         net (fo=510, routed)         0.577    -0.710    u_rgmii_bridge/fifo_generator_0_inst/U0/inst_fifo_gen/gconvfifo.rf/grf.rf/gntv_or_sync_fifo.gcx.clkx/wr_pntr_cdc_inst/dest_clk
    SLICE_X104Y126       FDRE                                         r  u_rgmii_bridge/fifo_generator_0_inst/U0/inst_fifo_gen/gconvfifo.rf/grf.rf/gntv_or_sync_fifo.gcx.clkx/wr_pntr_cdc_inst/dest_graysync_ff_reg[0][4]/C
  -------------------------------------------------------------------    -------------------
    SLICE_X104Y126       FDRE (Prop_fdre_C_Q)         0.164    -0.546 r  u_rgmii_bridge/fifo_generator_0_inst/U0/inst_fifo_gen/gconvfifo.rf/grf.rf/gntv_or_sync_fifo.gcx.clkx/wr_pntr_cdc_inst/dest_graysync_ff_reg[0][4]/Q
                         net (fo=1, routed)           0.055    -0.491    u_rgmii_bridge/fifo_generator_0_inst/U0/inst_fifo_gen/gconvfifo.rf/grf.rf/gntv_or_sync_fifo.gcx.clkx/wr_pntr_cdc_inst/dest_graysync_ff[0][4]
    SLICE_X104Y126       FDRE                                         r  u_rgmii_bridge/fifo_generator_0_inst/U0/inst_fifo_gen/gconvfifo.rf/grf.rf/gntv_or_sync_fifo.gcx.clkx/wr_pntr_cdc_inst/dest_graysync_ff_reg[1][4]/D
  -------------------------------------------------------------------    -------------------

                         (clock clk_out3_clk_wiz_0 rise edge)
                                                      0.000     0.000 r  
    R4                                                0.000     0.000 r  sys_clk (IN)
                         net (fo=0)                   0.000     0.000    u_mmcm/inst/clk_in1
    R4                   IBUF (Prop_ibuf_I_O)         0.444     0.444 r  u_mmcm/inst/clkin1_ibufg/O
                         net (fo=1, routed)           0.480     0.924    u_mmcm/inst/clk_in1_clk_wiz_0
    MMCME2_ADV_X1Y2      MMCME2_ADV (Prop_mmcme2_adv_CLKIN1_CLKOUT2)
                                                     -3.332    -2.409 r  u_mmcm/inst/mmcm_adv_inst/CLKOUT2
                         net (fo=1, routed)           0.579    -1.830    u_mmcm/inst/clk_out3_clk_wiz_0
    BUFGCTRL_X0Y1        BUFG (Prop_bufg_I_O)         0.029    -1.801 r  u_mmcm/inst/clkout3_buf/O
                         net (fo=510, routed)         0.845    -0.956    u_rgmii_bridge/fifo_generator_0_inst/U0/inst_fifo_gen/gconvfifo.rf/grf.rf/gntv_or_sync_fifo.gcx.clkx/wr_pntr_cdc_inst/dest_clk
    SLICE_X104Y126       FDRE                                         r  u_rgmii_bridge/fifo_generator_0_inst/U0/inst_fifo_gen/gconvfifo.rf/grf.rf/gntv_or_sync_fifo.gcx.clkx/wr_pntr_cdc_inst/dest_graysync_ff_reg[1][4]/C
                         clock pessimism              0.246    -0.710    
    SLICE_X104Y126       FDRE (Hold_fdre_C_D)         0.053    -0.657    u_rgmii_bridge/fifo_generator_0_inst/U0/inst_fifo_gen/gconvfifo.rf/grf.rf/gntv_or_sync_fifo.gcx.clkx/wr_pntr_cdc_inst/dest_graysync_ff_reg[1][4]
  -------------------------------------------------------------------
                         required time                          0.657    
                         arrival time                          -0.491    
  -------------------------------------------------------------------
                         slack                                  0.166    





Pulse Width Checks
--------------------------------------------------------------------------------------
Clock Name:         clk_out3_clk_wiz_0
Waveform(ns):       { 0.000 4.000 }
Period(ns):         8.000
Sources:            { u_mmcm/inst/mmcm_adv_inst/CLKOUT2 }

Check Type        Corner  Lib Pin             Reference Pin  Required(ns)  Actual(ns)  Slack(ns)  Location         Pin
Min Period        n/a     RAMB36E1/CLKARDCLK  n/a            2.170         8.000       5.830      RAMB36_X6Y25     u_rgmii_bridge/fifo_generator_0_inst/U0/inst_fifo_gen/gconvfifo.rf/grf.rf/gntv_or_sync_fifo.mem/gbm.gbmg.gbmgc.ngecc.bmg/inst_blk_mem_gen/gnbram.gnativebmg.native_blk_mem_gen/valid.cstr/ramloop[0].ram.r/prim_noinit.ram/DEVICE_7SERIES.NO_BMM_INFO.SDP.WIDE_PRIM36_NO_ECC.ram/CLKARDCLK
Min Period        n/a     RAMB36E1/CLKARDCLK  n/a            2.170         8.000       5.830      RAMB36_X6Y26     u_rgmii_bridge/fifo_generator_0_inst/U0/inst_fifo_gen/gconvfifo.rf/grf.rf/gntv_or_sync_fifo.mem/gbm.gbmg.gbmgc.ngecc.bmg/inst_blk_mem_gen/gnbram.gnativebmg.native_blk_mem_gen/valid.cstr/ramloop[1].ram.r/prim_noinit.ram/DEVICE_7SERIES.NO_BMM_INFO.SDP.WIDE_PRIM36_NO_ECC.ram/CLKARDCLK
Min Period        n/a     RAMB36E1/CLKARDCLK  n/a            2.170         8.000       5.830      RAMB36_X6Y28     u_rgmii_bridge/fifo_generator_0_inst/U0/inst_fifo_gen/gconvfifo.rf/grf.rf/gntv_or_sync_fifo.mem/gbm.gbmg.gbmgc.ngecc.bmg/inst_blk_mem_gen/gnbram.gnativebmg.native_blk_mem_gen/valid.cstr/ramloop[2].ram.r/prim_noinit.ram/DEVICE_7SERIES.NO_BMM_INFO.SDP.WIDE_PRIM36_NO_ECC.ram/CLKARDCLK
Min Period        n/a     RAMB36E1/CLKARDCLK  n/a            2.170         8.000       5.830      RAMB36_X6Y27     u_rgmii_bridge/fifo_generator_0_inst/U0/inst_fifo_gen/gconvfifo.rf/grf.rf/gntv_or_sync_fifo.mem/gbm.gbmg.gbmgc.ngecc.bmg/inst_blk_mem_gen/gnbram.gnativebmg.native_blk_mem_gen/valid.cstr/ramloop[3].ram.r/prim_noinit.ram/DEVICE_7SERIES.NO_BMM_INFO.SDP.WIDE_PRIM36_NO_ECC.ram/CLKARDCLK
Min Period        n/a     BUFG/I              n/a            1.592         8.000       6.408      BUFGCTRL_X0Y1    u_mmcm/inst/clkout3_buf/I
Min Period        n/a     ODDR/C              n/a            1.474         8.000       6.526      OLOGIC_X1Y126    u_rgmii_bridge/u_rgmii_tx/ODDR_inst_0/C
Min Period        n/a     ODDR/C              n/a            1.474         8.000       6.526      OLOGIC_X1Y125    u_rgmii_bridge/u_rgmii_tx/ODDR_inst_1/C
Min Period        n/a     ODDR/C              n/a            1.474         8.000       6.526      OLOGIC_X1Y138    u_rgmii_bridge/u_rgmii_tx/ODDR_inst_2/C
Min Period        n/a     ODDR/C              n/a            1.474         8.000       6.526      OLOGIC_X1Y137    u_rgmii_bridge/u_rgmii_tx/ODDR_inst_3/C
Min Period        n/a     ODDR/C              n/a            1.474         8.000       6.526      OLOGIC_X1Y141    u_rgmii_bridge/u_rgmii_tx/ODDR_inst_ctl/C
Max Period        n/a     MMCME2_ADV/CLKOUT2  n/a            213.360       8.000       205.360    MMCME2_ADV_X1Y2  u_mmcm/inst/mmcm_adv_inst/CLKOUT2
Low Pulse Width   Slow    FDRE/C              n/a            0.500         4.000       3.500      SLICE_X150Y141   phy_rst_cnt_reg[0]/C
Low Pulse Width   Fast    FDRE/C              n/a            0.500         4.000       3.500      SLICE_X150Y141   phy_rst_cnt_reg[0]/C
Low Pulse Width   Slow    FDRE/C              n/a            0.500         4.000       3.500      SLICE_X150Y143   phy_rst_cnt_reg[10]/C
Low Pulse Width   Fast    FDRE/C              n/a            0.500         4.000       3.500      SLICE_X150Y143   phy_rst_cnt_reg[10]/C
Low Pulse Width   Slow    FDRE/C              n/a            0.500         4.000       3.500      SLICE_X150Y143   phy_rst_cnt_reg[11]/C
Low Pulse Width   Fast    FDRE/C              n/a            0.500         4.000       3.500      SLICE_X150Y143   phy_rst_cnt_reg[11]/C
Low Pulse Width   Slow    FDRE/C              n/a            0.500         4.000       3.500      SLICE_X150Y144   phy_rst_cnt_reg[12]/C
Low Pulse Width   Fast    FDRE/C              n/a            0.500         4.000       3.500      SLICE_X150Y144   phy_rst_cnt_reg[12]/C
Low Pulse Width   Slow    FDRE/C              n/a            0.500         4.000       3.500      SLICE_X150Y144   phy_rst_cnt_reg[13]/C
Low Pulse Width   Fast    FDRE/C              n/a            0.500         4.000       3.500      SLICE_X150Y144   phy_rst_cnt_reg[13]/C
High Pulse Width  Slow    FDRE/C              n/a            0.500         4.000       3.500      SLICE_X150Y141   phy_rst_cnt_reg[0]/C
High Pulse Width  Fast    FDRE/C              n/a            0.500         4.000       3.500      SLICE_X150Y141   phy_rst_cnt_reg[0]/C
High Pulse Width  Slow    FDRE/C              n/a            0.500         4.000       3.500      SLICE_X150Y143   phy_rst_cnt_reg[10]/C
High Pulse Width  Fast    FDRE/C              n/a            0.500         4.000       3.500      SLICE_X150Y143   phy_rst_cnt_reg[10]/C
High Pulse Width  Slow    FDRE/C              n/a            0.500         4.000       3.500      SLICE_X150Y143   phy_rst_cnt_reg[11]/C
High Pulse Width  Fast    FDRE/C              n/a            0.500         4.000       3.500      SLICE_X150Y143   phy_rst_cnt_reg[11]/C
High Pulse Width  Slow    FDRE/C              n/a            0.500         4.000       3.500      SLICE_X150Y144   phy_rst_cnt_reg[12]/C
High Pulse Width  Fast    FDRE/C              n/a            0.500         4.000       3.500      SLICE_X150Y144   phy_rst_cnt_reg[12]/C
High Pulse Width  Slow    FDRE/C              n/a            0.500         4.000       3.500      SLICE_X150Y144   phy_rst_cnt_reg[13]/C
High Pulse Width  Fast    FDRE/C              n/a            0.500         4.000       3.500      SLICE_X150Y144   phy_rst_cnt_reg[13]/C



---------------------------------------------------------------------------------------------------
From Clock:  clk_out4_clk_wiz_0
  To Clock:  clk_out4_clk_wiz_0

Setup :           NA  Failing Endpoints,  Worst Slack           NA  ,  Total Violation           NA
Hold  :           NA  Failing Endpoints,  Worst Slack           NA  ,  Total Violation           NA
PW    :            0  Failing Endpoints,  Worst Slack        6.408ns,  Total Violation        0.000ns
---------------------------------------------------------------------------------------------------


Pulse Width Checks
--------------------------------------------------------------------------------------
Clock Name:         clk_out4_clk_wiz_0
Waveform(ns):       { 3.000 7.000 }
Period(ns):         8.000
Sources:            { u_mmcm/inst/mmcm_adv_inst/CLKOUT3 }

Check Type  Corner  Lib Pin             Reference Pin  Required(ns)  Actual(ns)  Slack(ns)  Location         Pin
Min Period  n/a     BUFG/I              n/a            1.592         8.000       6.408      BUFGCTRL_X0Y2    u_mmcm/inst/clkout4_buf/I
Min Period  n/a     ODDR/C              n/a            1.474         8.000       6.526      OLOGIC_X1Y142    u_rgmii_bridge/ODDR_txc/C
Min Period  n/a     MMCME2_ADV/CLKOUT3  n/a            1.249         8.000       6.751      MMCME2_ADV_X1Y2  u_mmcm/inst/mmcm_adv_inst/CLKOUT3
Max Period  n/a     MMCME2_ADV/CLKOUT3  n/a            213.360       8.000       205.360    MMCME2_ADV_X1Y2  u_mmcm/inst/mmcm_adv_inst/CLKOUT3



---------------------------------------------------------------------------------------------------
From Clock:  clkfbout_clk_wiz_0
  To Clock:  clkfbout_clk_wiz_0

Setup :           NA  Failing Endpoints,  Worst Slack           NA  ,  Total Violation           NA
Hold  :           NA  Failing Endpoints,  Worst Slack           NA  ,  Total Violation           NA
PW    :            0  Failing Endpoints,  Worst Slack       18.408ns,  Total Violation        0.000ns
---------------------------------------------------------------------------------------------------


Pulse Width Checks
--------------------------------------------------------------------------------------
Clock Name:         clkfbout_clk_wiz_0
Waveform(ns):       { 0.000 10.000 }
Period(ns):         20.000
Sources:            { u_mmcm/inst/mmcm_adv_inst/CLKFBOUT }

Check Type  Corner  Lib Pin              Reference Pin  Required(ns)  Actual(ns)  Slack(ns)  Location         Pin
Min Period  n/a     BUFG/I               n/a            1.592         20.000      18.408     BUFGCTRL_X0Y5    u_mmcm/inst/clkf_buf/I
Min Period  n/a     MMCME2_ADV/CLKFBOUT  n/a            1.249         20.000      18.751     MMCME2_ADV_X1Y2  u_mmcm/inst/mmcm_adv_inst/CLKFBOUT
Min Period  n/a     MMCME2_ADV/CLKFBIN   n/a            1.249         20.000      18.751     MMCME2_ADV_X1Y2  u_mmcm/inst/mmcm_adv_inst/CLKFBIN
Max Period  n/a     MMCME2_ADV/CLKFBIN   n/a            100.000       20.000      80.000     MMCME2_ADV_X1Y2  u_mmcm/inst/mmcm_adv_inst/CLKFBIN
Max Period  n/a     MMCME2_ADV/CLKFBOUT  n/a            213.360       20.000      193.360    MMCME2_ADV_X1Y2  u_mmcm/inst/mmcm_adv_inst/CLKFBOUT



---------------------------------------------------------------------------------------------------
From Clock:  clk_out2_clk_wiz_0
  To Clock:  dbg_hub/inst/BSCANID.u_xsdbm_id/SWITCH_N_EXT_BSCAN.bscan_inst/SERIES7_BSCAN.bscan_inst/TCK

Setup :            0  Failing Endpoints,  Worst Slack        8.814ns,  Total Violation        0.000ns
Hold  :           NA  Failing Endpoints,  Worst Slack           NA  ,  Total Violation           NA
---------------------------------------------------------------------------------------------------


Max Delay Paths
--------------------------------------------------------------------------------------
Slack (MET) :             8.814ns  (required time - arrival time)
  Source:                 dbg_hub/inst/BSCANID.u_xsdbm_id/CORE_XSDB.UUT_MASTER/U_ICON_INTERFACE/U_CMD6_WR/U_WR_FIFO/SUBCORE_FIFO.xsdbm_v3_0_0_wrfifo_inst/inst_fifo_gen/gconvfifo.rf/grf.rf/gntv_or_sync_fifo.gcx.clkx/gnxpm_cdc.rd_pntr_gc_reg[1]/C
                            (rising edge-triggered cell FDCE clocked by clk_out2_clk_wiz_0  {rise@0.000ns fall@5.000ns period=10.000ns})
  Destination:            dbg_hub/inst/BSCANID.u_xsdbm_id/CORE_XSDB.UUT_MASTER/U_ICON_INTERFACE/U_CMD6_WR/U_WR_FIFO/SUBCORE_FIFO.xsdbm_v3_0_0_wrfifo_inst/inst_fifo_gen/gconvfifo.rf/grf.rf/gntv_or_sync_fifo.gcx.clkx/gnxpm_cdc.gsync_stage[1].wr_stg_inst/Q_reg_reg[1]/D
                            (rising edge-triggered cell FDCE clocked by dbg_hub/inst/BSCANID.u_xsdbm_id/SWITCH_N_EXT_BSCAN.bscan_inst/SERIES7_BSCAN.bscan_inst/TCK  {rise@0.000ns fall@16.500ns period=33.000ns})
  Path Group:             dbg_hub/inst/BSCANID.u_xsdbm_id/SWITCH_N_EXT_BSCAN.bscan_inst/SERIES7_BSCAN.bscan_inst/TCK
  Path Type:              Setup (Max at Slow Process Corner)
  Requirement:            10.000ns  (MaxDelay Path 10.000ns)
  Data Path Delay:        1.116ns  (logic 0.433ns (38.796%)  route 0.683ns (61.204%))
  Logic Levels:           0  
  Timing Exception:       MaxDelay Path 10.000ns -datapath_only

    Location             Delay type                Incr(ns)  Path(ns)    Netlist Resource(s)
  -------------------------------------------------------------------    -------------------
    SLICE_X68Y160                                     0.000     0.000 r  dbg_hub/inst/BSCANID.u_xsdbm_id/CORE_XSDB.UUT_MASTER/U_ICON_INTERFACE/U_CMD6_WR/U_WR_FIFO/SUBCORE_FIFO.xsdbm_v3_0_0_wrfifo_inst/inst_fifo_gen/gconvfifo.rf/grf.rf/gntv_or_sync_fifo.gcx.clkx/gnxpm_cdc.rd_pntr_gc_reg[1]/C
    SLICE_X68Y160        FDCE (Prop_fdce_C_Q)         0.433     0.433 r  dbg_hub/inst/BSCANID.u_xsdbm_id/CORE_XSDB.UUT_MASTER/U_ICON_INTERFACE/U_CMD6_WR/U_WR_FIFO/SUBCORE_FIFO.xsdbm_v3_0_0_wrfifo_inst/inst_fifo_gen/gconvfifo.rf/grf.rf/gntv_or_sync_fifo.gcx.clkx/gnxpm_cdc.rd_pntr_gc_reg[1]/Q
                         net (fo=1, routed)           0.683     1.116    dbg_hub/inst/BSCANID.u_xsdbm_id/CORE_XSDB.UUT_MASTER/U_ICON_INTERFACE/U_CMD6_WR/U_WR_FIFO/SUBCORE_FIFO.xsdbm_v3_0_0_wrfifo_inst/inst_fifo_gen/gconvfifo.rf/grf.rf/gntv_or_sync_fifo.gcx.clkx/gnxpm_cdc.gsync_stage[1].wr_stg_inst/Q[1]
    SLICE_X69Y160        FDCE                                         r  dbg_hub/inst/BSCANID.u_xsdbm_id/CORE_XSDB.UUT_MASTER/U_ICON_INTERFACE/U_CMD6_WR/U_WR_FIFO/SUBCORE_FIFO.xsdbm_v3_0_0_wrfifo_inst/inst_fifo_gen/gconvfifo.rf/grf.rf/gntv_or_sync_fifo.gcx.clkx/gnxpm_cdc.gsync_stage[1].wr_stg_inst/Q_reg_reg[1]/D
  -------------------------------------------------------------------    -------------------

                         max delay                   10.000    10.000    
    SLICE_X69Y160        FDCE (Setup_fdce_C_D)       -0.070     9.930    dbg_hub/inst/BSCANID.u_xsdbm_id/CORE_XSDB.UUT_MASTER/U_ICON_INTERFACE/U_CMD6_WR/U_WR_FIFO/SUBCORE_FIFO.xsdbm_v3_0_0_wrfifo_inst/inst_fifo_gen/gconvfifo.rf/grf.rf/gntv_or_sync_fifo.gcx.clkx/gnxpm_cdc.gsync_stage[1].wr_stg_inst/Q_reg_reg[1]
  -------------------------------------------------------------------
                         required time                          9.930    
                         arrival time                          -1.116    
  -------------------------------------------------------------------
                         slack                                  8.814    

Slack (MET) :             8.865ns  (required time - arrival time)
  Source:                 dbg_hub/inst/BSCANID.u_xsdbm_id/CORE_XSDB.UUT_MASTER/U_ICON_INTERFACE/U_CMD6_RD/U_RD_FIFO/SUBCORE_FIFO.xsdbm_v3_0_0_rdfifo_inst/inst_fifo_gen/gconvfifo.rf/grf.rf/gntv_or_sync_fifo.gcx.clkx/gnxpm_cdc.wr_pntr_gc_reg[3]/C
                            (rising edge-triggered cell FDCE clocked by clk_out2_clk_wiz_0  {rise@0.000ns fall@5.000ns period=10.000ns})
  Destination:            dbg_hub/inst/BSCANID.u_xsdbm_id/CORE_XSDB.UUT_MASTER/U_ICON_INTERFACE/U_CMD6_RD/U_RD_FIFO/SUBCORE_FIFO.xsdbm_v3_0_0_rdfifo_inst/inst_fifo_gen/gconvfifo.rf/grf.rf/gntv_or_sync_fifo.gcx.clkx/gnxpm_cdc.gsync_stage[1].rd_stg_inst/Q_reg_reg[3]/D
                            (rising edge-triggered cell FDCE clocked by dbg_hub/inst/BSCANID.u_xsdbm_id/SWITCH_N_EXT_BSCAN.bscan_inst/SERIES7_BSCAN.bscan_inst/TCK  {rise@0.000ns fall@16.500ns period=33.000ns})
  Path Group:             dbg_hub/inst/BSCANID.u_xsdbm_id/SWITCH_N_EXT_BSCAN.bscan_inst/SERIES7_BSCAN.bscan_inst/TCK
  Path Type:              Setup (Max at Slow Process Corner)
  Requirement:            10.000ns  (MaxDelay Path 10.000ns)
  Data Path Delay:        0.965ns  (logic 0.348ns (36.073%)  route 0.617ns (63.927%))
  Logic Levels:           0  
  Timing Exception:       MaxDelay Path 10.000ns -datapath_only

    Location             Delay type                Incr(ns)  Path(ns)    Netlist Resource(s)
  -------------------------------------------------------------------    -------------------
    SLICE_X67Y155                                     0.000     0.000 r  dbg_hub/inst/BSCANID.u_xsdbm_id/CORE_XSDB.UUT_MASTER/U_ICON_INTERFACE/U_CMD6_RD/U_RD_FIFO/SUBCORE_FIFO.xsdbm_v3_0_0_rdfifo_inst/inst_fifo_gen/gconvfifo.rf/grf.rf/gntv_or_sync_fifo.gcx.clkx/gnxpm_cdc.wr_pntr_gc_reg[3]/C
    SLICE_X67Y155        FDCE (Prop_fdce_C_Q)         0.348     0.348 r  dbg_hub/inst/BSCANID.u_xsdbm_id/CORE_XSDB.UUT_MASTER/U_ICON_INTERFACE/U_CMD6_RD/U_RD_FIFO/SUBCORE_FIFO.xsdbm_v3_0_0_rdfifo_inst/inst_fifo_gen/gconvfifo.rf/grf.rf/gntv_or_sync_fifo.gcx.clkx/gnxpm_cdc.wr_pntr_gc_reg[3]/Q
                         net (fo=1, routed)           0.617     0.965    dbg_hub/inst/BSCANID.u_xsdbm_id/CORE_XSDB.UUT_MASTER/U_ICON_INTERFACE/U_CMD6_RD/U_RD_FIFO/SUBCORE_FIFO.xsdbm_v3_0_0_rdfifo_inst/inst_fifo_gen/gconvfifo.rf/grf.rf/gntv_or_sync_fifo.gcx.clkx/gnxpm_cdc.gsync_stage[1].rd_stg_inst/Q[3]
    SLICE_X66Y155        FDCE                                         r  dbg_hub/inst/BSCANID.u_xsdbm_id/CORE_XSDB.UUT_MASTER/U_ICON_INTERFACE/U_CMD6_RD/U_RD_FIFO/SUBCORE_FIFO.xsdbm_v3_0_0_rdfifo_inst/inst_fifo_gen/gconvfifo.rf/grf.rf/gntv_or_sync_fifo.gcx.clkx/gnxpm_cdc.gsync_stage[1].rd_stg_inst/Q_reg_reg[3]/D
  -------------------------------------------------------------------    -------------------

                         max delay                   10.000    10.000    
    SLICE_X66Y155        FDCE (Setup_fdce_C_D)       -0.170     9.830    dbg_hub/inst/BSCANID.u_xsdbm_id/CORE_XSDB.UUT_MASTER/U_ICON_INTERFACE/U_CMD6_RD/U_RD_FIFO/SUBCORE_FIFO.xsdbm_v3_0_0_rdfifo_inst/inst_fifo_gen/gconvfifo.rf/grf.rf/gntv_or_sync_fifo.gcx.clkx/gnxpm_cdc.gsync_stage[1].rd_stg_inst/Q_reg_reg[3]
  -------------------------------------------------------------------
                         required time                          9.830    
                         arrival time                          -0.965    
  -------------------------------------------------------------------
                         slack                                  8.865    

Slack (MET) :             8.880ns  (required time - arrival time)
  Source:                 dbg_hub/inst/BSCANID.u_xsdbm_id/CORE_XSDB.UUT_MASTER/U_ICON_INTERFACE/U_CMD6_WR/U_WR_FIFO/SUBCORE_FIFO.xsdbm_v3_0_0_wrfifo_inst/inst_fifo_gen/gconvfifo.rf/grf.rf/gntv_or_sync_fifo.gcx.clkx/gnxpm_cdc.rd_pntr_gc_reg[0]/C
                            (rising edge-triggered cell FDCE clocked by clk_out2_clk_wiz_0  {rise@0.000ns fall@5.000ns period=10.000ns})
  Destination:            dbg_hub/inst/BSCANID.u_xsdbm_id/CORE_XSDB.UUT_MASTER/U_ICON_INTERFACE/U_CMD6_WR/U_WR_FIFO/SUBCORE_FIFO.xsdbm_v3_0_0_wrfifo_inst/inst_fifo_gen/gconvfifo.rf/grf.rf/gntv_or_sync_fifo.gcx.clkx/gnxpm_cdc.gsync_stage[1].wr_stg_inst/Q_reg_reg[0]/D
                            (rising edge-triggered cell FDCE clocked by dbg_hub/inst/BSCANID.u_xsdbm_id/SWITCH_N_EXT_BSCAN.bscan_inst/SERIES7_BSCAN.bscan_inst/TCK  {rise@0.000ns fall@16.500ns period=33.000ns})
  Path Group:             dbg_hub/inst/BSCANID.u_xsdbm_id/SWITCH_N_EXT_BSCAN.bscan_inst/SERIES7_BSCAN.bscan_inst/TCK
  Path Type:              Setup (Max at Slow Process Corner)
  Requirement:            10.000ns  (MaxDelay Path 10.000ns)
  Data Path Delay:        1.045ns  (logic 0.433ns (41.418%)  route 0.612ns (58.582%))
  Logic Levels:           0  
  Timing Exception:       MaxDelay Path 10.000ns -datapath_only

    Location             Delay type                Incr(ns)  Path(ns)    Netlist Resource(s)
  -------------------------------------------------------------------    -------------------
    SLICE_X68Y159                                     0.000     0.000 r  dbg_hub/inst/BSCANID.u_xsdbm_id/CORE_XSDB.UUT_MASTER/U_ICON_INTERFACE/U_CMD6_WR/U_WR_FIFO/SUBCORE_FIFO.xsdbm_v3_0_0_wrfifo_inst/inst_fifo_gen/gconvfifo.rf/grf.rf/gntv_or_sync_fifo.gcx.clkx/gnxpm_cdc.rd_pntr_gc_reg[0]/C
    SLICE_X68Y159        FDCE (Prop_fdce_C_Q)         0.433     0.433 r  dbg_hub/inst/BSCANID.u_xsdbm_id/CORE_XSDB.UUT_MASTER/U_ICON_INTERFACE/U_CMD6_WR/U_WR_FIFO/SUBCORE_FIFO.xsdbm_v3_0_0_wrfifo_inst/inst_fifo_gen/gconvfifo.rf/grf.rf/gntv_or_sync_fifo.gcx.clkx/gnxpm_cdc.rd_pntr_gc_reg[0]/Q
                         net (fo=1, routed)           0.612     1.045    dbg_hub/inst/BSCANID.u_xsdbm_id/CORE_XSDB.UUT_MASTER/U_ICON_INTERFACE/U_CMD6_WR/U_WR_FIFO/SUBCORE_FIFO.xsdbm_v3_0_0_wrfifo_inst/inst_fifo_gen/gconvfifo.rf/grf.rf/gntv_or_sync_fifo.gcx.clkx/gnxpm_cdc.gsync_stage[1].wr_stg_inst/Q[0]
    SLICE_X69Y159        FDCE                                         r  dbg_hub/inst/BSCANID.u_xsdbm_id/CORE_XSDB.UUT_MASTER/U_ICON_INTERFACE/U_CMD6_WR/U_WR_FIFO/SUBCORE_FIFO.xsdbm_v3_0_0_wrfifo_inst/inst_fifo_gen/gconvfifo.rf/grf.rf/gntv_or_sync_fifo.gcx.clkx/gnxpm_cdc.gsync_stage[1].wr_stg_inst/Q_reg_reg[0]/D
  -------------------------------------------------------------------    -------------------

                         max delay                   10.000    10.000    
    SLICE_X69Y159        FDCE (Setup_fdce_C_D)       -0.075     9.925    dbg_hub/inst/BSCANID.u_xsdbm_id/CORE_XSDB.UUT_MASTER/U_ICON_INTERFACE/U_CMD6_WR/U_WR_FIFO/SUBCORE_FIFO.xsdbm_v3_0_0_wrfifo_inst/inst_fifo_gen/gconvfifo.rf/grf.rf/gntv_or_sync_fifo.gcx.clkx/gnxpm_cdc.gsync_stage[1].wr_stg_inst/Q_reg_reg[0]
  -------------------------------------------------------------------
                         required time                          9.925    
                         arrival time                          -1.045    
  -------------------------------------------------------------------
                         slack                                  8.880    

Slack (MET) :             8.946ns  (required time - arrival time)
  Source:                 dbg_hub/inst/BSCANID.u_xsdbm_id/CORE_XSDB.UUT_MASTER/U_ICON_INTERFACE/U_CMD6_WR/U_WR_FIFO/SUBCORE_FIFO.xsdbm_v3_0_0_wrfifo_inst/inst_fifo_gen/gconvfifo.rf/grf.rf/gntv_or_sync_fifo.gcx.clkx/gnxpm_cdc.rd_pntr_gc_reg[3]/C
                            (rising edge-triggered cell FDCE clocked by clk_out2_clk_wiz_0  {rise@0.000ns fall@5.000ns period=10.000ns})
  Destination:            dbg_hub/inst/BSCANID.u_xsdbm_id/CORE_XSDB.UUT_MASTER/U_ICON_INTERFACE/U_CMD6_WR/U_WR_FIFO/SUBCORE_FIFO.xsdbm_v3_0_0_wrfifo_inst/inst_fifo_gen/gconvfifo.rf/grf.rf/gntv_or_sync_fifo.gcx.clkx/gnxpm_cdc.gsync_stage[1].wr_stg_inst/Q_reg_reg[3]/D
                            (rising edge-triggered cell FDCE clocked by dbg_hub/inst/BSCANID.u_xsdbm_id/SWITCH_N_EXT_BSCAN.bscan_inst/SERIES7_BSCAN.bscan_inst/TCK  {rise@0.000ns fall@16.500ns period=33.000ns})
  Path Group:             dbg_hub/inst/BSCANID.u_xsdbm_id/SWITCH_N_EXT_BSCAN.bscan_inst/SERIES7_BSCAN.bscan_inst/TCK
  Path Type:              Setup (Max at Slow Process Corner)
  Requirement:            10.000ns  (MaxDelay Path 10.000ns)
  Data Path Delay:        0.890ns  (logic 0.398ns (44.712%)  route 0.492ns (55.288%))
  Logic Levels:           0  
  Timing Exception:       MaxDelay Path 10.000ns -datapath_only

    Location             Delay type                Incr(ns)  Path(ns)    Netlist Resource(s)
  -------------------------------------------------------------------    -------------------
    SLICE_X68Y160                                     0.000     0.000 r  dbg_hub/inst/BSCANID.u_xsdbm_id/CORE_XSDB.UUT_MASTER/U_ICON_INTERFACE/U_CMD6_WR/U_WR_FIFO/SUBCORE_FIFO.xsdbm_v3_0_0_wrfifo_inst/inst_fifo_gen/gconvfifo.rf/grf.rf/gntv_or_sync_fifo.gcx.clkx/gnxpm_cdc.rd_pntr_gc_reg[3]/C
    SLICE_X68Y160        FDCE (Prop_fdce_C_Q)         0.398     0.398 r  dbg_hub/inst/BSCANID.u_xsdbm_id/CORE_XSDB.UUT_MASTER/U_ICON_INTERFACE/U_CMD6_WR/U_WR_FIFO/SUBCORE_FIFO.xsdbm_v3_0_0_wrfifo_inst/inst_fifo_gen/gconvfifo.rf/grf.rf/gntv_or_sync_fifo.gcx.clkx/gnxpm_cdc.rd_pntr_gc_reg[3]/Q
                         net (fo=1, routed)           0.492     0.890    dbg_hub/inst/BSCANID.u_xsdbm_id/CORE_XSDB.UUT_MASTER/U_ICON_INTERFACE/U_CMD6_WR/U_WR_FIFO/SUBCORE_FIFO.xsdbm_v3_0_0_wrfifo_inst/inst_fifo_gen/gconvfifo.rf/grf.rf/gntv_or_sync_fifo.gcx.clkx/gnxpm_cdc.gsync_stage[1].wr_stg_inst/Q[3]
    SLICE_X70Y160        FDCE                                         r  dbg_hub/inst/BSCANID.u_xsdbm_id/CORE_XSDB.UUT_MASTER/U_ICON_INTERFACE/U_CMD6_WR/U_WR_FIFO/SUBCORE_FIFO.xsdbm_v3_0_0_wrfifo_inst/inst_fifo_gen/gconvfifo.rf/grf.rf/gntv_or_sync_fifo.gcx.clkx/gnxpm_cdc.gsync_stage[1].wr_stg_inst/Q_reg_reg[3]/D
  -------------------------------------------------------------------    -------------------

                         max delay                   10.000    10.000    
    SLICE_X70Y160        FDCE (Setup_fdce_C_D)       -0.164     9.836    dbg_hub/inst/BSCANID.u_xsdbm_id/CORE_XSDB.UUT_MASTER/U_ICON_INTERFACE/U_CMD6_WR/U_WR_FIFO/SUBCORE_FIFO.xsdbm_v3_0_0_wrfifo_inst/inst_fifo_gen/gconvfifo.rf/grf.rf/gntv_or_sync_fifo.gcx.clkx/gnxpm_cdc.gsync_stage[1].wr_stg_inst/Q_reg_reg[3]
  -------------------------------------------------------------------
                         required time                          9.836    
                         arrival time                          -0.890    
  -------------------------------------------------------------------
                         slack                                  8.946    

Slack (MET) :             9.018ns  (required time - arrival time)
  Source:                 dbg_hub/inst/BSCANID.u_xsdbm_id/CORE_XSDB.UUT_MASTER/U_ICON_INTERFACE/U_CMD6_WR/U_WR_FIFO/SUBCORE_FIFO.xsdbm_v3_0_0_wrfifo_inst/inst_fifo_gen/gconvfifo.rf/grf.rf/gntv_or_sync_fifo.gcx.clkx/gnxpm_cdc.rd_pntr_gc_reg[2]/C
                            (rising edge-triggered cell FDCE clocked by clk_out2_clk_wiz_0  {rise@0.000ns fall@5.000ns period=10.000ns})
  Destination:            dbg_hub/inst/BSCANID.u_xsdbm_id/CORE_XSDB.UUT_MASTER/U_ICON_INTERFACE/U_CMD6_WR/U_WR_FIFO/SUBCORE_FIFO.xsdbm_v3_0_0_wrfifo_inst/inst_fifo_gen/gconvfifo.rf/grf.rf/gntv_or_sync_fifo.gcx.clkx/gnxpm_cdc.gsync_stage[1].wr_stg_inst/Q_reg_reg[2]/D
                            (rising edge-triggered cell FDCE clocked by dbg_hub/inst/BSCANID.u_xsdbm_id/SWITCH_N_EXT_BSCAN.bscan_inst/SERIES7_BSCAN.bscan_inst/TCK  {rise@0.000ns fall@16.500ns period=33.000ns})
  Path Group:             dbg_hub/inst/BSCANID.u_xsdbm_id/SWITCH_N_EXT_BSCAN.bscan_inst/SERIES7_BSCAN.bscan_inst/TCK
  Path Type:              Setup (Max at Slow Process Corner)
  Requirement:            10.000ns  (MaxDelay Path 10.000ns)
  Data Path Delay:        0.779ns  (logic 0.398ns (51.119%)  route 0.381ns (48.881%))
  Logic Levels:           0  
  Timing Exception:       MaxDelay Path 10.000ns -datapath_only

    Location             Delay type                Incr(ns)  Path(ns)    Netlist Resource(s)
  -------------------------------------------------------------------    -------------------
    SLICE_X68Y160                                     0.000     0.000 r  dbg_hub/inst/BSCANID.u_xsdbm_id/CORE_XSDB.UUT_MASTER/U_ICON_INTERFACE/U_CMD6_WR/U_WR_FIFO/SUBCORE_FIFO.xsdbm_v3_0_0_wrfifo_inst/inst_fifo_gen/gconvfifo.rf/grf.rf/gntv_or_sync_fifo.gcx.clkx/gnxpm_cdc.rd_pntr_gc_reg[2]/C
    SLICE_X68Y160        FDCE (Prop_fdce_C_Q)         0.398     0.398 r  dbg_hub/inst/BSCANID.u_xsdbm_id/CORE_XSDB.UUT_MASTER/U_ICON_INTERFACE/U_CMD6_WR/U_WR_FIFO/SUBCORE_FIFO.xsdbm_v3_0_0_wrfifo_inst/inst_fifo_gen/gconvfifo.rf/grf.rf/gntv_or_sync_fifo.gcx.clkx/gnxpm_cdc.rd_pntr_gc_reg[2]/Q
                         net (fo=1, routed)           0.381     0.779    dbg_hub/inst/BSCANID.u_xsdbm_id/CORE_XSDB.UUT_MASTER/U_ICON_INTERFACE/U_CMD6_WR/U_WR_FIFO/SUBCORE_FIFO.xsdbm_v3_0_0_wrfifo_inst/inst_fifo_gen/gconvfifo.rf/grf.rf/gntv_or_sync_fifo.gcx.clkx/gnxpm_cdc.gsync_stage[1].wr_stg_inst/Q[2]
    SLICE_X69Y159        FDCE                                         r  dbg_hub/inst/BSCANID.u_xsdbm_id/CORE_XSDB.UUT_MASTER/U_ICON_INTERFACE/U_CMD6_WR/U_WR_FIFO/SUBCORE_FIFO.xsdbm_v3_0_0_wrfifo_inst/inst_fifo_gen/gconvfifo.rf/grf.rf/gntv_or_sync_fifo.gcx.clkx/gnxpm_cdc.gsync_stage[1].wr_stg_inst/Q_reg_reg[2]/D
  -------------------------------------------------------------------    -------------------

                         max delay                   10.000    10.000    
    SLICE_X69Y159        FDCE (Setup_fdce_C_D)       -0.203     9.797    dbg_hub/inst/BSCANID.u_xsdbm_id/CORE_XSDB.UUT_MASTER/U_ICON_INTERFACE/U_CMD6_WR/U_WR_FIFO/SUBCORE_FIFO.xsdbm_v3_0_0_wrfifo_inst/inst_fifo_gen/gconvfifo.rf/grf.rf/gntv_or_sync_fifo.gcx.clkx/gnxpm_cdc.gsync_stage[1].wr_stg_inst/Q_reg_reg[2]
  -------------------------------------------------------------------
                         required time                          9.797    
                         arrival time                          -0.779    
  -------------------------------------------------------------------
                         slack                                  9.018    

Slack (MET) :             9.109ns  (required time - arrival time)
  Source:                 dbg_hub/inst/BSCANID.u_xsdbm_id/CORE_XSDB.UUT_MASTER/U_ICON_INTERFACE/U_CMD6_RD/U_RD_FIFO/SUBCORE_FIFO.xsdbm_v3_0_0_rdfifo_inst/inst_fifo_gen/gconvfifo.rf/grf.rf/gntv_or_sync_fifo.gcx.clkx/gnxpm_cdc.wr_pntr_gc_reg[1]/C
                            (rising edge-triggered cell FDCE clocked by clk_out2_clk_wiz_0  {rise@0.000ns fall@5.000ns period=10.000ns})
  Destination:            dbg_hub/inst/BSCANID.u_xsdbm_id/CORE_XSDB.UUT_MASTER/U_ICON_INTERFACE/U_CMD6_RD/U_RD_FIFO/SUBCORE_FIFO.xsdbm_v3_0_0_rdfifo_inst/inst_fifo_gen/gconvfifo.rf/grf.rf/gntv_or_sync_fifo.gcx.clkx/gnxpm_cdc.gsync_stage[1].rd_stg_inst/Q_reg_reg[1]/D
                            (rising edge-triggered cell FDCE clocked by dbg_hub/inst/BSCANID.u_xsdbm_id/SWITCH_N_EXT_BSCAN.bscan_inst/SERIES7_BSCAN.bscan_inst/TCK  {rise@0.000ns fall@16.500ns period=33.000ns})
  Path Group:             dbg_hub/inst/BSCANID.u_xsdbm_id/SWITCH_N_EXT_BSCAN.bscan_inst/SERIES7_BSCAN.bscan_inst/TCK
  Path Type:              Setup (Max at Slow Process Corner)
  Requirement:            10.000ns  (MaxDelay Path 10.000ns)
  Data Path Delay:        0.727ns  (logic 0.348ns (47.853%)  route 0.379ns (52.147%))
  Logic Levels:           0  
  Timing Exception:       MaxDelay Path 10.000ns -datapath_only

    Location             Delay type                Incr(ns)  Path(ns)    Netlist Resource(s)
  -------------------------------------------------------------------    -------------------
    SLICE_X67Y155                                     0.000     0.000 r  dbg_hub/inst/BSCANID.u_xsdbm_id/CORE_XSDB.UUT_MASTER/U_ICON_INTERFACE/U_CMD6_RD/U_RD_FIFO/SUBCORE_FIFO.xsdbm_v3_0_0_rdfifo_inst/inst_fifo_gen/gconvfifo.rf/grf.rf/gntv_or_sync_fifo.gcx.clkx/gnxpm_cdc.wr_pntr_gc_reg[1]/C
    SLICE_X67Y155        FDCE (Prop_fdce_C_Q)         0.348     0.348 r  dbg_hub/inst/BSCANID.u_xsdbm_id/CORE_XSDB.UUT_MASTER/U_ICON_INTERFACE/U_CMD6_RD/U_RD_FIFO/SUBCORE_FIFO.xsdbm_v3_0_0_rdfifo_inst/inst_fifo_gen/gconvfifo.rf/grf.rf/gntv_or_sync_fifo.gcx.clkx/gnxpm_cdc.wr_pntr_gc_reg[1]/Q
                         net (fo=1, routed)           0.379     0.727    dbg_hub/inst/BSCANID.u_xsdbm_id/CORE_XSDB.UUT_MASTER/U_ICON_INTERFACE/U_CMD6_RD/U_RD_FIFO/SUBCORE_FIFO.xsdbm_v3_0_0_rdfifo_inst/inst_fifo_gen/gconvfifo.rf/grf.rf/gntv_or_sync_fifo.gcx.clkx/gnxpm_cdc.gsync_stage[1].rd_stg_inst/Q[1]
    SLICE_X66Y156        FDCE                                         r  dbg_hub/inst/BSCANID.u_xsdbm_id/CORE_XSDB.UUT_MASTER/U_ICON_INTERFACE/U_CMD6_RD/U_RD_FIFO/SUBCORE_FIFO.xsdbm_v3_0_0_rdfifo_inst/inst_fifo_gen/gconvfifo.rf/grf.rf/gntv_or_sync_fifo.gcx.clkx/gnxpm_cdc.gsync_stage[1].rd_stg_inst/Q_reg_reg[1]/D
  -------------------------------------------------------------------    -------------------

                         max delay                   10.000    10.000    
    SLICE_X66Y156        FDCE (Setup_fdce_C_D)       -0.164     9.836    dbg_hub/inst/BSCANID.u_xsdbm_id/CORE_XSDB.UUT_MASTER/U_ICON_INTERFACE/U_CMD6_RD/U_RD_FIFO/SUBCORE_FIFO.xsdbm_v3_0_0_rdfifo_inst/inst_fifo_gen/gconvfifo.rf/grf.rf/gntv_or_sync_fifo.gcx.clkx/gnxpm_cdc.gsync_stage[1].rd_stg_inst/Q_reg_reg[1]
  -------------------------------------------------------------------
                         required time                          9.836    
                         arrival time                          -0.727    
  -------------------------------------------------------------------
                         slack                                  9.109    

Slack (MET) :             9.127ns  (required time - arrival time)
  Source:                 dbg_hub/inst/BSCANID.u_xsdbm_id/CORE_XSDB.UUT_MASTER/U_ICON_INTERFACE/U_CMD6_RD/U_RD_FIFO/SUBCORE_FIFO.xsdbm_v3_0_0_rdfifo_inst/inst_fifo_gen/gconvfifo.rf/grf.rf/gntv_or_sync_fifo.gcx.clkx/gnxpm_cdc.wr_pntr_gc_reg[0]/C
                            (rising edge-triggered cell FDCE clocked by clk_out2_clk_wiz_0  {rise@0.000ns fall@5.000ns period=10.000ns})
  Destination:            dbg_hub/inst/BSCANID.u_xsdbm_id/CORE_XSDB.UUT_MASTER/U_ICON_INTERFACE/U_CMD6_RD/U_RD_FIFO/SUBCORE_FIFO.xsdbm_v3_0_0_rdfifo_inst/inst_fifo_gen/gconvfifo.rf/grf.rf/gntv_or_sync_fifo.gcx.clkx/gnxpm_cdc.gsync_stage[1].rd_stg_inst/Q_reg_reg[0]/D
                            (rising edge-triggered cell FDCE clocked by dbg_hub/inst/BSCANID.u_xsdbm_id/SWITCH_N_EXT_BSCAN.bscan_inst/SERIES7_BSCAN.bscan_inst/TCK  {rise@0.000ns fall@16.500ns period=33.000ns})
  Path Group:             dbg_hub/inst/BSCANID.u_xsdbm_id/SWITCH_N_EXT_BSCAN.bscan_inst/SERIES7_BSCAN.bscan_inst/TCK
  Path Type:              Setup (Max at Slow Process Corner)
  Requirement:            10.000ns  (MaxDelay Path 10.000ns)
  Data Path Delay:        0.840ns  (logic 0.379ns (45.104%)  route 0.461ns (54.896%))
  Logic Levels:           0  
  Timing Exception:       MaxDelay Path 10.000ns -datapath_only

    Location             Delay type                Incr(ns)  Path(ns)    Netlist Resource(s)
  -------------------------------------------------------------------    -------------------
    SLICE_X67Y155                                     0.000     0.000 r  dbg_hub/inst/BSCANID.u_xsdbm_id/CORE_XSDB.UUT_MASTER/U_ICON_INTERFACE/U_CMD6_RD/U_RD_FIFO/SUBCORE_FIFO.xsdbm_v3_0_0_rdfifo_inst/inst_fifo_gen/gconvfifo.rf/grf.rf/gntv_or_sync_fifo.gcx.clkx/gnxpm_cdc.wr_pntr_gc_reg[0]/C
    SLICE_X67Y155        FDCE (Prop_fdce_C_Q)         0.379     0.379 r  dbg_hub/inst/BSCANID.u_xsdbm_id/CORE_XSDB.UUT_MASTER/U_ICON_INTERFACE/U_CMD6_RD/U_RD_FIFO/SUBCORE_FIFO.xsdbm_v3_0_0_rdfifo_inst/inst_fifo_gen/gconvfifo.rf/grf.rf/gntv_or_sync_fifo.gcx.clkx/gnxpm_cdc.wr_pntr_gc_reg[0]/Q
                         net (fo=1, routed)           0.461     0.840    dbg_hub/inst/BSCANID.u_xsdbm_id/CORE_XSDB.UUT_MASTER/U_ICON_INTERFACE/U_CMD6_RD/U_RD_FIFO/SUBCORE_FIFO.xsdbm_v3_0_0_rdfifo_inst/inst_fifo_gen/gconvfifo.rf/grf.rf/gntv_or_sync_fifo.gcx.clkx/gnxpm_cdc.gsync_stage[1].rd_stg_inst/Q[0]
    SLICE_X66Y156        FDCE                                         r  dbg_hub/inst/BSCANID.u_xsdbm_id/CORE_XSDB.UUT_MASTER/U_ICON_INTERFACE/U_CMD6_RD/U_RD_FIFO/SUBCORE_FIFO.xsdbm_v3_0_0_rdfifo_inst/inst_fifo_gen/gconvfifo.rf/grf.rf/gntv_or_sync_fifo.gcx.clkx/gnxpm_cdc.gsync_stage[1].rd_stg_inst/Q_reg_reg[0]/D
  -------------------------------------------------------------------    -------------------

                         max delay                   10.000    10.000    
    SLICE_X66Y156        FDCE (Setup_fdce_C_D)       -0.033     9.967    dbg_hub/inst/BSCANID.u_xsdbm_id/CORE_XSDB.UUT_MASTER/U_ICON_INTERFACE/U_CMD6_RD/U_RD_FIFO/SUBCORE_FIFO.xsdbm_v3_0_0_rdfifo_inst/inst_fifo_gen/gconvfifo.rf/grf.rf/gntv_or_sync_fifo.gcx.clkx/gnxpm_cdc.gsync_stage[1].rd_stg_inst/Q_reg_reg[0]
  -------------------------------------------------------------------
                         required time                          9.967    
                         arrival time                          -0.840    
  -------------------------------------------------------------------
                         slack                                  9.127    

Slack (MET) :             9.187ns  (required time - arrival time)
  Source:                 dbg_hub/inst/BSCANID.u_xsdbm_id/CORE_XSDB.UUT_MASTER/U_ICON_INTERFACE/U_CMD6_RD/U_RD_FIFO/SUBCORE_FIFO.xsdbm_v3_0_0_rdfifo_inst/inst_fifo_gen/gconvfifo.rf/grf.rf/gntv_or_sync_fifo.gcx.clkx/gnxpm_cdc.wr_pntr_gc_reg[2]/C
                            (rising edge-triggered cell FDCE clocked by clk_out2_clk_wiz_0  {rise@0.000ns fall@5.000ns period=10.000ns})
  Destination:            dbg_hub/inst/BSCANID.u_xsdbm_id/CORE_XSDB.UUT_MASTER/U_ICON_INTERFACE/U_CMD6_RD/U_RD_FIFO/SUBCORE_FIFO.xsdbm_v3_0_0_rdfifo_inst/inst_fifo_gen/gconvfifo.rf/grf.rf/gntv_or_sync_fifo.gcx.clkx/gnxpm_cdc.gsync_stage[1].rd_stg_inst/Q_reg_reg[2]/D
                            (rising edge-triggered cell FDCE clocked by dbg_hub/inst/BSCANID.u_xsdbm_id/SWITCH_N_EXT_BSCAN.bscan_inst/SERIES7_BSCAN.bscan_inst/TCK  {rise@0.000ns fall@16.500ns period=33.000ns})
  Path Group:             dbg_hub/inst/BSCANID.u_xsdbm_id/SWITCH_N_EXT_BSCAN.bscan_inst/SERIES7_BSCAN.bscan_inst/TCK
  Path Type:              Setup (Max at Slow Process Corner)
  Requirement:            10.000ns  (MaxDelay Path 10.000ns)
  Data Path Delay:        0.782ns  (logic 0.379ns (48.482%)  route 0.403ns (51.518%))
  Logic Levels:           0  
  Timing Exception:       MaxDelay Path 10.000ns -datapath_only

    Location             Delay type                Incr(ns)  Path(ns)    Netlist Resource(s)
  -------------------------------------------------------------------    -------------------
    SLICE_X67Y155                                     0.000     0.000 r  dbg_hub/inst/BSCANID.u_xsdbm_id/CORE_XSDB.UUT_MASTER/U_ICON_INTERFACE/U_CMD6_RD/U_RD_FIFO/SUBCORE_FIFO.xsdbm_v3_0_0_rdfifo_inst/inst_fifo_gen/gconvfifo.rf/grf.rf/gntv_or_sync_fifo.gcx.clkx/gnxpm_cdc.wr_pntr_gc_reg[2]/C
    SLICE_X67Y155        FDCE (Prop_fdce_C_Q)         0.379     0.379 r  dbg_hub/inst/BSCANID.u_xsdbm_id/CORE_XSDB.UUT_MASTER/U_ICON_INTERFACE/U_CMD6_RD/U_RD_FIFO/SUBCORE_FIFO.xsdbm_v3_0_0_rdfifo_inst/inst_fifo_gen/gconvfifo.rf/grf.rf/gntv_or_sync_fifo.gcx.clkx/gnxpm_cdc.wr_pntr_gc_reg[2]/Q
                         net (fo=1, routed)           0.403     0.782    dbg_hub/inst/BSCANID.u_xsdbm_id/CORE_XSDB.UUT_MASTER/U_ICON_INTERFACE/U_CMD6_RD/U_RD_FIFO/SUBCORE_FIFO.xsdbm_v3_0_0_rdfifo_inst/inst_fifo_gen/gconvfifo.rf/grf.rf/gntv_or_sync_fifo.gcx.clkx/gnxpm_cdc.gsync_stage[1].rd_stg_inst/Q[2]
    SLICE_X66Y156        FDCE                                         r  dbg_hub/inst/BSCANID.u_xsdbm_id/CORE_XSDB.UUT_MASTER/U_ICON_INTERFACE/U_CMD6_RD/U_RD_FIFO/SUBCORE_FIFO.xsdbm_v3_0_0_rdfifo_inst/inst_fifo_gen/gconvfifo.rf/grf.rf/gntv_or_sync_fifo.gcx.clkx/gnxpm_cdc.gsync_stage[1].rd_stg_inst/Q_reg_reg[2]/D
  -------------------------------------------------------------------    -------------------

                         max delay                   10.000    10.000    
    SLICE_X66Y156        FDCE (Setup_fdce_C_D)       -0.031     9.969    dbg_hub/inst/BSCANID.u_xsdbm_id/CORE_XSDB.UUT_MASTER/U_ICON_INTERFACE/U_CMD6_RD/U_RD_FIFO/SUBCORE_FIFO.xsdbm_v3_0_0_rdfifo_inst/inst_fifo_gen/gconvfifo.rf/grf.rf/gntv_or_sync_fifo.gcx.clkx/gnxpm_cdc.gsync_stage[1].rd_stg_inst/Q_reg_reg[2]
  -------------------------------------------------------------------
                         required time                          9.969    
                         arrival time                          -0.782    
  -------------------------------------------------------------------
                         slack                                  9.187    





---------------------------------------------------------------------------------------------------
From Clock:  clk_out2_clk_wiz_0
  To Clock:  clk_out1_clk_wiz_0

Setup :            0  Failing Endpoints,  Worst Slack        7.462ns,  Total Violation        0.000ns
Hold  :            0  Failing Endpoints,  Worst Slack        0.194ns,  Total Violation        0.000ns
---------------------------------------------------------------------------------------------------


Max Delay Paths
--------------------------------------------------------------------------------------
Slack (MET) :             7.462ns  (required time - arrival time)
  Source:                 frame_done_toggle_100m_reg/C
                            (rising edge-triggered cell FDCE clocked by clk_out2_clk_wiz_0  {rise@0.000ns fall@5.000ns period=10.000ns})
  Destination:            frame_done_sync1_reg/D
                            (rising edge-triggered cell FDCE clocked by clk_out1_clk_wiz_0  {rise@0.000ns fall@10.000ns period=20.000ns})
  Path Group:             clk_out1_clk_wiz_0
  Path Type:              Setup (Max at Slow Process Corner)
  Requirement:            10.000ns  (clk_out1_clk_wiz_0 rise@20.000ns - clk_out2_clk_wiz_0 rise@10.000ns)
  Data Path Delay:        2.065ns  (logic 0.379ns (18.352%)  route 1.686ns (81.648%))
  Logic Levels:           0  
  Clock Path Skew:        -0.180ns (DCD - SCD + CPR)
    Destination Clock Delay (DCD):    -1.239ns = ( 18.761 - 20.000 ) 
    Source Clock Delay      (SCD):    -0.805ns = ( 9.195 - 10.000 ) 
    Clock Pessimism Removal (CPR):    0.254ns
  Clock Uncertainty:      0.222ns  ((TSJ^2 + DJ^2)^1/2) / 2 + PE
    Total System Jitter     (TSJ):    0.071ns
    Discrete Jitter          (DJ):    0.192ns
    Phase Error              (PE):    0.120ns

    Location             Delay type                Incr(ns)  Path(ns)    Netlist Resource(s)
  -------------------------------------------------------------------    -------------------
                         (clock clk_out2_clk_wiz_0 rise edge)
                                                     10.000    10.000 r  
    R4                                                0.000    10.000 r  sys_clk (IN)
                         net (fo=0)                   0.000    10.000    u_mmcm/inst/clk_in1
    R4                   IBUF (Prop_ibuf_I_O)         1.419    11.419 r  u_mmcm/inst/clkin1_ibufg/O
                         net (fo=1, routed)           1.065    12.484    u_mmcm/inst/clk_in1_clk_wiz_0
    MMCME2_ADV_X1Y2      MMCME2_ADV (Prop_mmcme2_adv_CLKIN1_CLKOUT1)
                                                     -6.273     6.211 r  u_mmcm/inst/mmcm_adv_inst/CLKOUT1
                         net (fo=1, routed)           1.524     7.735    u_mmcm/inst/clk_out2_clk_wiz_0
    BUFGCTRL_X0Y0        BUFG (Prop_bufg_I_O)         0.081     7.816 r  u_mmcm/inst/clkout2_buf/O
                         net (fo=2629, routed)        1.379     9.195    clk_100m
    SLICE_X55Y173        FDCE                                         r  frame_done_toggle_100m_reg/C
  -------------------------------------------------------------------    -------------------
    SLICE_X55Y173        FDCE (Prop_fdce_C_Q)         0.379     9.574 r  frame_done_toggle_100m_reg/Q
                         net (fo=2, routed)           1.686    11.261    frame_done_toggle_100m
    SLICE_X53Y173        FDCE                                         r  frame_done_sync1_reg/D
  -------------------------------------------------------------------    -------------------

                         (clock clk_out1_clk_wiz_0 rise edge)
                                                     20.000    20.000 r  
    R4                                                0.000    20.000 r  sys_clk (IN)
                         net (fo=0)                   0.000    20.000    u_mmcm/inst/clk_in1
    R4                   IBUF (Prop_ibuf_I_O)         1.353    21.353 r  u_mmcm/inst/clkin1_ibufg/O
                         net (fo=1, routed)           1.004    22.357    u_mmcm/inst/clk_in1_clk_wiz_0
    MMCME2_ADV_X1Y2      MMCME2_ADV (Prop_mmcme2_adv_CLKIN1_CLKOUT0)
                                                     -6.399    15.957 r  u_mmcm/inst/mmcm_adv_inst/CLKOUT0
                         net (fo=1, routed)           1.452    17.410    u_mmcm/inst/clk_out1_clk_wiz_0
    BUFGCTRL_X0Y4        BUFG (Prop_bufg_I_O)         0.077    17.487 r  u_mmcm/inst/clkout1_buf/O
                         net (fo=92, routed)          1.274    18.761    gate_clk
    SLICE_X53Y173        FDCE                                         r  frame_done_sync1_reg/C
                         clock pessimism              0.254    19.015    
                         clock uncertainty           -0.222    18.793    
    SLICE_X53Y173        FDCE (Setup_fdce_C_D)       -0.070    18.723    frame_done_sync1_reg
  -------------------------------------------------------------------
                         required time                         18.723    
                         arrival time                         -11.261    
  -------------------------------------------------------------------
                         slack                                  7.462    

Slack (MET) :             7.647ns  (required time - arrival time)
  Source:                 cfg_all_done_reg/C
                            (rising edge-triggered cell FDCE clocked by clk_out2_clk_wiz_0  {rise@0.000ns fall@5.000ns period=10.000ns})
  Destination:            cfg_done_sync1_reg/D
                            (rising edge-triggered cell FDCE clocked by clk_out1_clk_wiz_0  {rise@0.000ns fall@10.000ns period=20.000ns})
  Path Group:             clk_out1_clk_wiz_0
  Path Type:              Setup (Max at Slow Process Corner)
  Requirement:            10.000ns  (clk_out1_clk_wiz_0 rise@20.000ns - clk_out2_clk_wiz_0 rise@10.000ns)
  Data Path Delay:        1.792ns  (logic 0.379ns (21.150%)  route 1.413ns (78.850%))
  Logic Levels:           0  
  Clock Path Skew:        -0.268ns (DCD - SCD + CPR)
    Destination Clock Delay (DCD):    -1.240ns = ( 18.760 - 20.000 ) 
    Source Clock Delay      (SCD):    -0.718ns = ( 9.282 - 10.000 ) 
    Clock Pessimism Removal (CPR):    0.254ns
  Clock Uncertainty:      0.222ns  ((TSJ^2 + DJ^2)^1/2) / 2 + PE
    Total System Jitter     (TSJ):    0.071ns
    Discrete Jitter          (DJ):    0.192ns
    Phase Error              (PE):    0.120ns

    Location             Delay type                Incr(ns)  Path(ns)    Netlist Resource(s)
  -------------------------------------------------------------------    -------------------
                         (clock clk_out2_clk_wiz_0 rise edge)
                                                     10.000    10.000 r  
    R4                                                0.000    10.000 r  sys_clk (IN)
                         net (fo=0)                   0.000    10.000    u_mmcm/inst/clk_in1
    R4                   IBUF (Prop_ibuf_I_O)         1.419    11.419 r  u_mmcm/inst/clkin1_ibufg/O
                         net (fo=1, routed)           1.065    12.484    u_mmcm/inst/clk_in1_clk_wiz_0
    MMCME2_ADV_X1Y2      MMCME2_ADV (Prop_mmcme2_adv_CLKIN1_CLKOUT1)
                                                     -6.273     6.211 r  u_mmcm/inst/mmcm_adv_inst/CLKOUT1
                         net (fo=1, routed)           1.524     7.735    u_mmcm/inst/clk_out2_clk_wiz_0
    BUFGCTRL_X0Y0        BUFG (Prop_bufg_I_O)         0.081     7.816 r  u_mmcm/inst/clkout2_buf/O
                         net (fo=2629, routed)        1.466     9.282    clk_100m
    SLICE_X38Y162        FDCE                                         r  cfg_all_done_reg/C
  -------------------------------------------------------------------    -------------------
    SLICE_X38Y162        FDCE (Prop_fdce_C_Q)         0.379     9.661 r  cfg_all_done_reg/Q
                         net (fo=9, routed)           1.413    11.074    cfg_all_done
    SLICE_X53Y174        FDCE                                         r  cfg_done_sync1_reg/D
  -------------------------------------------------------------------    -------------------

                         (clock clk_out1_clk_wiz_0 rise edge)
                                                     20.000    20.000 r  
    R4                                                0.000    20.000 r  sys_clk (IN)
                         net (fo=0)                   0.000    20.000    u_mmcm/inst/clk_in1
    R4                   IBUF (Prop_ibuf_I_O)         1.353    21.353 r  u_mmcm/inst/clkin1_ibufg/O
                         net (fo=1, routed)           1.004    22.357    u_mmcm/inst/clk_in1_clk_wiz_0
    MMCME2_ADV_X1Y2      MMCME2_ADV (Prop_mmcme2_adv_CLKIN1_CLKOUT0)
                                                     -6.399    15.957 r  u_mmcm/inst/mmcm_adv_inst/CLKOUT0
                         net (fo=1, routed)           1.452    17.410    u_mmcm/inst/clk_out1_clk_wiz_0
    BUFGCTRL_X0Y4        BUFG (Prop_bufg_I_O)         0.077    17.487 r  u_mmcm/inst/clkout1_buf/O
                         net (fo=92, routed)          1.273    18.760    gate_clk
    SLICE_X53Y174        FDCE                                         r  cfg_done_sync1_reg/C
                         clock pessimism              0.254    19.014    
                         clock uncertainty           -0.222    18.792    
    SLICE_X53Y174        FDCE (Setup_fdce_C_D)       -0.070    18.722    cfg_done_sync1_reg
  -------------------------------------------------------------------
                         required time                         18.722    
                         arrival time                         -11.074    
  -------------------------------------------------------------------
                         slack                                  7.647    

Slack (MET) :             7.795ns  (required time - arrival time)
  Source:                 ctrl_line_start_toggle_reg/C
                            (rising edge-triggered cell FDCE clocked by clk_out2_clk_wiz_0  {rise@0.000ns fall@5.000ns period=10.000ns})
  Destination:            line_start_sync1_reg/D
                            (rising edge-triggered cell FDCE clocked by clk_out1_clk_wiz_0  {rise@0.000ns fall@10.000ns period=20.000ns})
  Path Group:             clk_out1_clk_wiz_0
  Path Type:              Setup (Max at Slow Process Corner)
  Requirement:            10.000ns  (clk_out1_clk_wiz_0 rise@20.000ns - clk_out2_clk_wiz_0 rise@10.000ns)
  Data Path Delay:        1.754ns  (logic 0.379ns (21.602%)  route 1.375ns (78.398%))
  Logic Levels:           0  
  Clock Path Skew:        -0.181ns (DCD - SCD + CPR)
    Destination Clock Delay (DCD):    -1.240ns = ( 18.760 - 20.000 ) 
    Source Clock Delay      (SCD):    -0.805ns = ( 9.195 - 10.000 ) 
    Clock Pessimism Removal (CPR):    0.254ns
  Clock Uncertainty:      0.222ns  ((TSJ^2 + DJ^2)^1/2) / 2 + PE
    Total System Jitter     (TSJ):    0.071ns
    Discrete Jitter          (DJ):    0.192ns
    Phase Error              (PE):    0.120ns

    Location             Delay type                Incr(ns)  Path(ns)    Netlist Resource(s)
  -------------------------------------------------------------------    -------------------
                         (clock clk_out2_clk_wiz_0 rise edge)
                                                     10.000    10.000 r  
    R4                                                0.000    10.000 r  sys_clk (IN)
                         net (fo=0)                   0.000    10.000    u_mmcm/inst/clk_in1
    R4                   IBUF (Prop_ibuf_I_O)         1.419    11.419 r  u_mmcm/inst/clkin1_ibufg/O
                         net (fo=1, routed)           1.065    12.484    u_mmcm/inst/clk_in1_clk_wiz_0
    MMCME2_ADV_X1Y2      MMCME2_ADV (Prop_mmcme2_adv_CLKIN1_CLKOUT1)
                                                     -6.273     6.211 r  u_mmcm/inst/mmcm_adv_inst/CLKOUT1
                         net (fo=1, routed)           1.524     7.735    u_mmcm/inst/clk_out2_clk_wiz_0
    BUFGCTRL_X0Y0        BUFG (Prop_bufg_I_O)         0.081     7.816 r  u_mmcm/inst/clkout2_buf/O
                         net (fo=2629, routed)        1.379     9.195    clk_100m
    SLICE_X55Y173        FDCE                                         r  ctrl_line_start_toggle_reg/C
  -------------------------------------------------------------------    -------------------
    SLICE_X55Y173        FDCE (Prop_fdce_C_Q)         0.379     9.574 r  ctrl_line_start_toggle_reg/Q
                         net (fo=2, routed)           1.375    10.950    ctrl_line_start_toggle
    SLICE_X54Y173        FDCE                                         r  line_start_sync1_reg/D
  -------------------------------------------------------------------    -------------------

                         (clock clk_out1_clk_wiz_0 rise edge)
                                                     20.000    20.000 r  
    R4                                                0.000    20.000 r  sys_clk (IN)
                         net (fo=0)                   0.000    20.000    u_mmcm/inst/clk_in1
    R4                   IBUF (Prop_ibuf_I_O)         1.353    21.353 r  u_mmcm/inst/clkin1_ibufg/O
                         net (fo=1, routed)           1.004    22.357    u_mmcm/inst/clk_in1_clk_wiz_0
    MMCME2_ADV_X1Y2      MMCME2_ADV (Prop_mmcme2_adv_CLKIN1_CLKOUT0)
                                                     -6.399    15.957 r  u_mmcm/inst/mmcm_adv_inst/CLKOUT0
                         net (fo=1, routed)           1.452    17.410    u_mmcm/inst/clk_out1_clk_wiz_0
    BUFGCTRL_X0Y4        BUFG (Prop_bufg_I_O)         0.077    17.487 r  u_mmcm/inst/clkout1_buf/O
                         net (fo=92, routed)          1.273    18.760    gate_clk
    SLICE_X54Y173        FDCE                                         r  line_start_sync1_reg/C
                         clock pessimism              0.254    19.014    
                         clock uncertainty           -0.222    18.792    
    SLICE_X54Y173        FDCE (Setup_fdce_C_D)       -0.047    18.745    line_start_sync1_reg
  -------------------------------------------------------------------
                         required time                         18.745    
                         arrival time                         -10.950    
  -------------------------------------------------------------------
                         slack                                  7.795    

Slack (MET) :             7.837ns  (required time - arrival time)
  Source:                 u_ad71143_ctrl/init_done_reg/C
                            (rising edge-triggered cell FDCE clocked by clk_out2_clk_wiz_0  {rise@0.000ns fall@5.000ns period=10.000ns})
  Destination:            init_done_sync1_reg/D
                            (rising edge-triggered cell FDCE clocked by clk_out1_clk_wiz_0  {rise@0.000ns fall@10.000ns period=20.000ns})
  Path Group:             clk_out1_clk_wiz_0
  Path Type:              Setup (Max at Slow Process Corner)
  Requirement:            10.000ns  (clk_out1_clk_wiz_0 rise@20.000ns - clk_out2_clk_wiz_0 rise@10.000ns)
  Data Path Delay:        1.708ns  (logic 0.433ns (25.347%)  route 1.275ns (74.653%))
  Logic Levels:           0  
  Clock Path Skew:        -0.185ns (DCD - SCD + CPR)
    Destination Clock Delay (DCD):    -1.241ns = ( 18.759 - 20.000 ) 
    Source Clock Delay      (SCD):    -0.802ns = ( 9.198 - 10.000 ) 
    Clock Pessimism Removal (CPR):    0.254ns
  Clock Uncertainty:      0.222ns  ((TSJ^2 + DJ^2)^1/2) / 2 + PE
    Total System Jitter     (TSJ):    0.071ns
    Discrete Jitter          (DJ):    0.192ns
    Phase Error              (PE):    0.120ns

    Location             Delay type                Incr(ns)  Path(ns)    Netlist Resource(s)
  -------------------------------------------------------------------    -------------------
                         (clock clk_out2_clk_wiz_0 rise edge)
                                                     10.000    10.000 r  
    R4                                                0.000    10.000 r  sys_clk (IN)
                         net (fo=0)                   0.000    10.000    u_mmcm/inst/clk_in1
    R4                   IBUF (Prop_ibuf_I_O)         1.419    11.419 r  u_mmcm/inst/clkin1_ibufg/O
                         net (fo=1, routed)           1.065    12.484    u_mmcm/inst/clk_in1_clk_wiz_0
    MMCME2_ADV_X1Y2      MMCME2_ADV (Prop_mmcme2_adv_CLKIN1_CLKOUT1)
                                                     -6.273     6.211 r  u_mmcm/inst/mmcm_adv_inst/CLKOUT1
                         net (fo=1, routed)           1.524     7.735    u_mmcm/inst/clk_out2_clk_wiz_0
    BUFGCTRL_X0Y0        BUFG (Prop_bufg_I_O)         0.081     7.816 r  u_mmcm/inst/clkout2_buf/O
                         net (fo=2629, routed)        1.382     9.198    u_ad71143_ctrl/clk
    SLICE_X52Y172        FDCE                                         r  u_ad71143_ctrl/init_done_reg/C
  -------------------------------------------------------------------    -------------------
    SLICE_X52Y172        FDCE (Prop_fdce_C_Q)         0.433     9.631 r  u_ad71143_ctrl/init_done_reg/Q
                         net (fo=4, routed)           1.275    10.907    ctrl_init_done
    SLICE_X54Y175        FDCE                                         r  init_done_sync1_reg/D
  -------------------------------------------------------------------    -------------------

                         (clock clk_out1_clk_wiz_0 rise edge)
                                                     20.000    20.000 r  
    R4                                                0.000    20.000 r  sys_clk (IN)
                         net (fo=0)                   0.000    20.000    u_mmcm/inst/clk_in1
    R4                   IBUF (Prop_ibuf_I_O)         1.353    21.353 r  u_mmcm/inst/clkin1_ibufg/O
                         net (fo=1, routed)           1.004    22.357    u_mmcm/inst/clk_in1_clk_wiz_0
    MMCME2_ADV_X1Y2      MMCME2_ADV (Prop_mmcme2_adv_CLKIN1_CLKOUT0)
                                                     -6.399    15.957 r  u_mmcm/inst/mmcm_adv_inst/CLKOUT0
                         net (fo=1, routed)           1.452    17.410    u_mmcm/inst/clk_out1_clk_wiz_0
    BUFGCTRL_X0Y4        BUFG (Prop_bufg_I_O)         0.077    17.487 r  u_mmcm/inst/clkout1_buf/O
                         net (fo=92, routed)          1.272    18.759    gate_clk
    SLICE_X54Y175        FDCE                                         r  init_done_sync1_reg/C
                         clock pessimism              0.254    19.013    
                         clock uncertainty           -0.222    18.791    
    SLICE_X54Y175        FDCE (Setup_fdce_C_D)       -0.047    18.744    init_done_sync1_reg
  -------------------------------------------------------------------
                         required time                         18.744    
                         arrival time                         -10.907    
  -------------------------------------------------------------------
                         slack                                  7.837    





Min Delay Paths
--------------------------------------------------------------------------------------
Slack (MET) :             0.194ns  (arrival time - required time)
  Source:                 u_ad71143_ctrl/init_done_reg/C
                            (rising edge-triggered cell FDCE clocked by clk_out2_clk_wiz_0  {rise@0.000ns fall@5.000ns period=10.000ns})
  Destination:            init_done_sync1_reg/D
                            (rising edge-triggered cell FDCE clocked by clk_out1_clk_wiz_0  {rise@0.000ns fall@10.000ns period=20.000ns})
  Path Group:             clk_out1_clk_wiz_0
  Path Type:              Hold (Min at Fast Process Corner)
  Requirement:            0.000ns  (clk_out1_clk_wiz_0 rise@0.000ns - clk_out2_clk_wiz_0 rise@0.000ns)
  Data Path Delay:        0.801ns  (logic 0.164ns (20.467%)  route 0.637ns (79.533%))
  Logic Levels:           0  
  Clock Path Skew:        0.315ns (DCD - SCD - CPR)
    Destination Clock Delay (DCD):    -0.963ns
    Source Clock Delay      (SCD):    -0.713ns
    Clock Pessimism Removal (CPR):    -0.565ns
  Clock Uncertainty:      0.222ns  ((TSJ^2 + DJ^2)^1/2) / 2 + PE
    Total System Jitter     (TSJ):    0.071ns
    Discrete Jitter          (DJ):    0.192ns
    Phase Error              (PE):    0.120ns

    Location             Delay type                Incr(ns)  Path(ns)    Netlist Resource(s)
  -------------------------------------------------------------------    -------------------
                         (clock clk_out2_clk_wiz_0 rise edge)
                                                      0.000     0.000 r  
    R4                                                0.000     0.000 r  sys_clk (IN)
                         net (fo=0)                   0.000     0.000    u_mmcm/inst/clk_in1
    R4                   IBUF (Prop_ibuf_I_O)         0.256     0.256 r  u_mmcm/inst/clkin1_ibufg/O
                         net (fo=1, routed)           0.440     0.696    u_mmcm/inst/clk_in1_clk_wiz_0
    MMCME2_ADV_X1Y2      MMCME2_ADV (Prop_mmcme2_adv_CLKIN1_CLKOUT1)
                                                     -2.540    -1.844 r  u_mmcm/inst/mmcm_adv_inst/CLKOUT1
                         net (fo=1, routed)           0.531    -1.313    u_mmcm/inst/clk_out2_clk_wiz_0
    BUFGCTRL_X0Y0        BUFG (Prop_bufg_I_O)         0.026    -1.287 r  u_mmcm/inst/clkout2_buf/O
                         net (fo=2629, routed)        0.574    -0.713    u_ad71143_ctrl/clk
    SLICE_X52Y172        FDCE                                         r  u_ad71143_ctrl/init_done_reg/C
  -------------------------------------------------------------------    -------------------
    SLICE_X52Y172        FDCE (Prop_fdce_C_Q)         0.164    -0.549 r  u_ad71143_ctrl/init_done_reg/Q
                         net (fo=4, routed)           0.637     0.088    ctrl_init_done
    SLICE_X54Y175        FDCE                                         r  init_done_sync1_reg/D
  -------------------------------------------------------------------    -------------------

                         (clock clk_out1_clk_wiz_0 rise edge)
                                                      0.000     0.000 r  
    R4                                                0.000     0.000 r  sys_clk (IN)
                         net (fo=0)                   0.000     0.000    u_mmcm/inst/clk_in1
    R4                   IBUF (Prop_ibuf_I_O)         0.444     0.444 r  u_mmcm/inst/clkin1_ibufg/O
                         net (fo=1, routed)           0.480     0.924    u_mmcm/inst/clk_in1_clk_wiz_0
    MMCME2_ADV_X1Y2      MMCME2_ADV (Prop_mmcme2_adv_CLKIN1_CLKOUT0)
                                                     -3.332    -2.409 r  u_mmcm/inst/mmcm_adv_inst/CLKOUT0
                         net (fo=1, routed)           0.579    -1.830    u_mmcm/inst/clk_out1_clk_wiz_0
    BUFGCTRL_X0Y4        BUFG (Prop_bufg_I_O)         0.029    -1.801 r  u_mmcm/inst/clkout1_buf/O
                         net (fo=92, routed)          0.837    -0.963    gate_clk
    SLICE_X54Y175        FDCE                                         r  init_done_sync1_reg/C
                         clock pessimism              0.565    -0.399    
                         clock uncertainty            0.222    -0.176    
    SLICE_X54Y175        FDCE (Hold_fdce_C_D)         0.070    -0.106    init_done_sync1_reg
  -------------------------------------------------------------------
                         required time                          0.106    
                         arrival time                           0.088    
  -------------------------------------------------------------------
                         slack                                  0.194    

Slack (MET) :             0.255ns  (arrival time - required time)
  Source:                 ctrl_line_start_toggle_reg/C
                            (rising edge-triggered cell FDCE clocked by clk_out2_clk_wiz_0  {rise@0.000ns fall@5.000ns period=10.000ns})
  Destination:            line_start_sync1_reg/D
                            (rising edge-triggered cell FDCE clocked by clk_out1_clk_wiz_0  {rise@0.000ns fall@10.000ns period=20.000ns})
  Path Group:             clk_out1_clk_wiz_0
  Path Type:              Hold (Min at Fast Process Corner)
  Requirement:            0.000ns  (clk_out1_clk_wiz_0 rise@0.000ns - clk_out2_clk_wiz_0 rise@0.000ns)
  Data Path Delay:        0.865ns  (logic 0.141ns (16.291%)  route 0.724ns (83.709%))
  Logic Levels:           0  
  Clock Path Skew:        0.319ns (DCD - SCD - CPR)
    Destination Clock Delay (DCD):    -0.962ns
    Source Clock Delay      (SCD):    -0.716ns
    Clock Pessimism Removal (CPR):    -0.565ns
  Clock Uncertainty:      0.222ns  ((TSJ^2 + DJ^2)^1/2) / 2 + PE
    Total System Jitter     (TSJ):    0.071ns
    Discrete Jitter          (DJ):    0.192ns
    Phase Error              (PE):    0.120ns

    Location             Delay type                Incr(ns)  Path(ns)    Netlist Resource(s)
  -------------------------------------------------------------------    -------------------
                         (clock clk_out2_clk_wiz_0 rise edge)
                                                      0.000     0.000 r  
    R4                                                0.000     0.000 r  sys_clk (IN)
                         net (fo=0)                   0.000     0.000    u_mmcm/inst/clk_in1
    R4                   IBUF (Prop_ibuf_I_O)         0.256     0.256 r  u_mmcm/inst/clkin1_ibufg/O
                         net (fo=1, routed)           0.440     0.696    u_mmcm/inst/clk_in1_clk_wiz_0
    MMCME2_ADV_X1Y2      MMCME2_ADV (Prop_mmcme2_adv_CLKIN1_CLKOUT1)
                                                     -2.540    -1.844 r  u_mmcm/inst/mmcm_adv_inst/CLKOUT1
                         net (fo=1, routed)           0.531    -1.313    u_mmcm/inst/clk_out2_clk_wiz_0
    BUFGCTRL_X0Y0        BUFG (Prop_bufg_I_O)         0.026    -1.287 r  u_mmcm/inst/clkout2_buf/O
                         net (fo=2629, routed)        0.571    -0.716    clk_100m
    SLICE_X55Y173        FDCE                                         r  ctrl_line_start_toggle_reg/C
  -------------------------------------------------------------------    -------------------
    SLICE_X55Y173        FDCE (Prop_fdce_C_Q)         0.141    -0.575 r  ctrl_line_start_toggle_reg/Q
                         net (fo=2, routed)           0.724     0.149    ctrl_line_start_toggle
    SLICE_X54Y173        FDCE                                         r  line_start_sync1_reg/D
  -------------------------------------------------------------------    -------------------

                         (clock clk_out1_clk_wiz_0 rise edge)
                                                      0.000     0.000 r  
    R4                                                0.000     0.000 r  sys_clk (IN)
                         net (fo=0)                   0.000     0.000    u_mmcm/inst/clk_in1
    R4                   IBUF (Prop_ibuf_I_O)         0.444     0.444 r  u_mmcm/inst/clkin1_ibufg/O
                         net (fo=1, routed)           0.480     0.924    u_mmcm/inst/clk_in1_clk_wiz_0
    MMCME2_ADV_X1Y2      MMCME2_ADV (Prop_mmcme2_adv_CLKIN1_CLKOUT0)
                                                     -3.332    -2.409 r  u_mmcm/inst/mmcm_adv_inst/CLKOUT0
                         net (fo=1, routed)           0.579    -1.830    u_mmcm/inst/clk_out1_clk_wiz_0
    BUFGCTRL_X0Y4        BUFG (Prop_bufg_I_O)         0.029    -1.801 r  u_mmcm/inst/clkout1_buf/O
                         net (fo=92, routed)          0.838    -0.962    gate_clk
    SLICE_X54Y173        FDCE                                         r  line_start_sync1_reg/C
                         clock pessimism              0.565    -0.398    
                         clock uncertainty            0.222    -0.175    
    SLICE_X54Y173        FDCE (Hold_fdce_C_D)         0.070    -0.105    line_start_sync1_reg
  -------------------------------------------------------------------
                         required time                          0.105    
                         arrival time                           0.149    
  -------------------------------------------------------------------
                         slack                                  0.255    

Slack (MET) :             0.291ns  (arrival time - required time)
  Source:                 frame_done_toggle_100m_reg/C
                            (rising edge-triggered cell FDCE clocked by clk_out2_clk_wiz_0  {rise@0.000ns fall@5.000ns period=10.000ns})
  Destination:            frame_done_sync1_reg/D
                            (rising edge-triggered cell FDCE clocked by clk_out1_clk_wiz_0  {rise@0.000ns fall@10.000ns period=20.000ns})
  Path Group:             clk_out1_clk_wiz_0
  Path Type:              Hold (Min at Fast Process Corner)
  Requirement:            0.000ns  (clk_out1_clk_wiz_0 rise@0.000ns - clk_out2_clk_wiz_0 rise@0.000ns)
  Data Path Delay:        0.893ns  (logic 0.141ns (15.786%)  route 0.752ns (84.214%))
  Logic Levels:           0  
  Clock Path Skew:        0.319ns (DCD - SCD - CPR)
    Destination Clock Delay (DCD):    -0.962ns
    Source Clock Delay      (SCD):    -0.716ns
    Clock Pessimism Removal (CPR):    -0.565ns
  Clock Uncertainty:      0.222ns  ((TSJ^2 + DJ^2)^1/2) / 2 + PE
    Total System Jitter     (TSJ):    0.071ns
    Discrete Jitter          (DJ):    0.192ns
    Phase Error              (PE):    0.120ns

    Location             Delay type                Incr(ns)  Path(ns)    Netlist Resource(s)
  -------------------------------------------------------------------    -------------------
                         (clock clk_out2_clk_wiz_0 rise edge)
                                                      0.000     0.000 r  
    R4                                                0.000     0.000 r  sys_clk (IN)
                         net (fo=0)                   0.000     0.000    u_mmcm/inst/clk_in1
    R4                   IBUF (Prop_ibuf_I_O)         0.256     0.256 r  u_mmcm/inst/clkin1_ibufg/O
                         net (fo=1, routed)           0.440     0.696    u_mmcm/inst/clk_in1_clk_wiz_0
    MMCME2_ADV_X1Y2      MMCME2_ADV (Prop_mmcme2_adv_CLKIN1_CLKOUT1)
                                                     -2.540    -1.844 r  u_mmcm/inst/mmcm_adv_inst/CLKOUT1
                         net (fo=1, routed)           0.531    -1.313    u_mmcm/inst/clk_out2_clk_wiz_0
    BUFGCTRL_X0Y0        BUFG (Prop_bufg_I_O)         0.026    -1.287 r  u_mmcm/inst/clkout2_buf/O
                         net (fo=2629, routed)        0.571    -0.716    clk_100m
    SLICE_X55Y173        FDCE                                         r  frame_done_toggle_100m_reg/C
  -------------------------------------------------------------------    -------------------
    SLICE_X55Y173        FDCE (Prop_fdce_C_Q)         0.141    -0.575 r  frame_done_toggle_100m_reg/Q
                         net (fo=2, routed)           0.752     0.177    frame_done_toggle_100m
    SLICE_X53Y173        FDCE                                         r  frame_done_sync1_reg/D
  -------------------------------------------------------------------    -------------------

                         (clock clk_out1_clk_wiz_0 rise edge)
                                                      0.000     0.000 r  
    R4                                                0.000     0.000 r  sys_clk (IN)
                         net (fo=0)                   0.000     0.000    u_mmcm/inst/clk_in1
    R4                   IBUF (Prop_ibuf_I_O)         0.444     0.444 r  u_mmcm/inst/clkin1_ibufg/O
                         net (fo=1, routed)           0.480     0.924    u_mmcm/inst/clk_in1_clk_wiz_0
    MMCME2_ADV_X1Y2      MMCME2_ADV (Prop_mmcme2_adv_CLKIN1_CLKOUT0)
                                                     -3.332    -2.409 r  u_mmcm/inst/mmcm_adv_inst/CLKOUT0
                         net (fo=1, routed)           0.579    -1.830    u_mmcm/inst/clk_out1_clk_wiz_0
    BUFGCTRL_X0Y4        BUFG (Prop_bufg_I_O)         0.029    -1.801 r  u_mmcm/inst/clkout1_buf/O
                         net (fo=92, routed)          0.838    -0.962    gate_clk
    SLICE_X53Y173        FDCE                                         r  frame_done_sync1_reg/C
                         clock pessimism              0.565    -0.398    
                         clock uncertainty            0.222    -0.175    
    SLICE_X53Y173        FDCE (Hold_fdce_C_D)         0.061    -0.114    frame_done_sync1_reg
  -------------------------------------------------------------------
                         required time                          0.114    
                         arrival time                           0.177    
  -------------------------------------------------------------------
                         slack                                  0.291    

Slack (MET) :             0.296ns  (arrival time - required time)
  Source:                 cfg_all_done_reg/C
                            (rising edge-triggered cell FDCE clocked by clk_out2_clk_wiz_0  {rise@0.000ns fall@5.000ns period=10.000ns})
  Destination:            cfg_done_sync1_reg/D
                            (rising edge-triggered cell FDCE clocked by clk_out1_clk_wiz_0  {rise@0.000ns fall@10.000ns period=20.000ns})
  Path Group:             clk_out1_clk_wiz_0
  Path Type:              Hold (Min at Fast Process Corner)
  Requirement:            0.000ns  (clk_out1_clk_wiz_0 rise@0.000ns - clk_out2_clk_wiz_0 rise@0.000ns)
  Data Path Delay:        0.857ns  (logic 0.141ns (16.454%)  route 0.716ns (83.546%))
  Logic Levels:           0  
  Clock Path Skew:        0.278ns (DCD - SCD - CPR)
    Destination Clock Delay (DCD):    -0.963ns
    Source Clock Delay      (SCD):    -0.676ns
    Clock Pessimism Removal (CPR):    -0.565ns
  Clock Uncertainty:      0.222ns  ((TSJ^2 + DJ^2)^1/2) / 2 + PE
    Total System Jitter     (TSJ):    0.071ns
    Discrete Jitter          (DJ):    0.192ns
    Phase Error              (PE):    0.120ns

    Location             Delay type                Incr(ns)  Path(ns)    Netlist Resource(s)
  -------------------------------------------------------------------    -------------------
                         (clock clk_out2_clk_wiz_0 rise edge)
                                                      0.000     0.000 r  
    R4                                                0.000     0.000 r  sys_clk (IN)
                         net (fo=0)                   0.000     0.000    u_mmcm/inst/clk_in1
    R4                   IBUF (Prop_ibuf_I_O)         0.256     0.256 r  u_mmcm/inst/clkin1_ibufg/O
                         net (fo=1, routed)           0.440     0.696    u_mmcm/inst/clk_in1_clk_wiz_0
    MMCME2_ADV_X1Y2      MMCME2_ADV (Prop_mmcme2_adv_CLKIN1_CLKOUT1)
                                                     -2.540    -1.844 r  u_mmcm/inst/mmcm_adv_inst/CLKOUT1
                         net (fo=1, routed)           0.531    -1.313    u_mmcm/inst/clk_out2_clk_wiz_0
    BUFGCTRL_X0Y0        BUFG (Prop_bufg_I_O)         0.026    -1.287 r  u_mmcm/inst/clkout2_buf/O
                         net (fo=2629, routed)        0.611    -0.676    clk_100m
    SLICE_X38Y162        FDCE                                         r  cfg_all_done_reg/C
  -------------------------------------------------------------------    -------------------
    SLICE_X38Y162        FDCE (Prop_fdce_C_Q)         0.141    -0.535 r  cfg_all_done_reg/Q
                         net (fo=9, routed)           0.716     0.181    cfg_all_done
    SLICE_X53Y174        FDCE                                         r  cfg_done_sync1_reg/D
  -------------------------------------------------------------------    -------------------

                         (clock clk_out1_clk_wiz_0 rise edge)
                                                      0.000     0.000 r  
    R4                                                0.000     0.000 r  sys_clk (IN)
                         net (fo=0)                   0.000     0.000    u_mmcm/inst/clk_in1
    R4                   IBUF (Prop_ibuf_I_O)         0.444     0.444 r  u_mmcm/inst/clkin1_ibufg/O
                         net (fo=1, routed)           0.480     0.924    u_mmcm/inst/clk_in1_clk_wiz_0
    MMCME2_ADV_X1Y2      MMCME2_ADV (Prop_mmcme2_adv_CLKIN1_CLKOUT0)
                                                     -3.332    -2.409 r  u_mmcm/inst/mmcm_adv_inst/CLKOUT0
                         net (fo=1, routed)           0.579    -1.830    u_mmcm/inst/clk_out1_clk_wiz_0
    BUFGCTRL_X0Y4        BUFG (Prop_bufg_I_O)         0.029    -1.801 r  u_mmcm/inst/clkout1_buf/O
                         net (fo=92, routed)          0.837    -0.963    gate_clk
    SLICE_X53Y174        FDCE                                         r  cfg_done_sync1_reg/C
                         clock pessimism              0.565    -0.399    
                         clock uncertainty            0.222    -0.176    
    SLICE_X53Y174        FDCE (Hold_fdce_C_D)         0.061    -0.115    cfg_done_sync1_reg
  -------------------------------------------------------------------
                         required time                          0.115    
                         arrival time                           0.181    
  -------------------------------------------------------------------
                         slack                                  0.296    





---------------------------------------------------------------------------------------------------
From Clock:  dbg_hub/inst/BSCANID.u_xsdbm_id/SWITCH_N_EXT_BSCAN.bscan_inst/SERIES7_BSCAN.bscan_inst/TCK
  To Clock:  clk_out2_clk_wiz_0

Setup :            0  Failing Endpoints,  Worst Slack       31.836ns,  Total Violation        0.000ns
Hold  :           NA  Failing Endpoints,  Worst Slack           NA  ,  Total Violation           NA
---------------------------------------------------------------------------------------------------


Max Delay Paths
--------------------------------------------------------------------------------------
Slack (MET) :             31.836ns  (required time - arrival time)
  Source:                 dbg_hub/inst/BSCANID.u_xsdbm_id/CORE_XSDB.UUT_MASTER/U_ICON_INTERFACE/U_CMD6_RD/U_RD_FIFO/SUBCORE_FIFO.xsdbm_v3_0_0_rdfifo_inst/inst_fifo_gen/gconvfifo.rf/grf.rf/gntv_or_sync_fifo.gcx.clkx/gnxpm_cdc.rd_pntr_gc_reg[3]/C
                            (rising edge-triggered cell FDCE clocked by dbg_hub/inst/BSCANID.u_xsdbm_id/SWITCH_N_EXT_BSCAN.bscan_inst/SERIES7_BSCAN.bscan_inst/TCK  {rise@0.000ns fall@16.500ns period=33.000ns})
  Destination:            dbg_hub/inst/BSCANID.u_xsdbm_id/CORE_XSDB.UUT_MASTER/U_ICON_INTERFACE/U_CMD6_RD/U_RD_FIFO/SUBCORE_FIFO.xsdbm_v3_0_0_rdfifo_inst/inst_fifo_gen/gconvfifo.rf/grf.rf/gntv_or_sync_fifo.gcx.clkx/gnxpm_cdc.gsync_stage[1].wr_stg_inst/Q_reg_reg[3]/D
                            (rising edge-triggered cell FDCE clocked by clk_out2_clk_wiz_0  {rise@0.000ns fall@5.000ns period=10.000ns})
  Path Group:             clk_out2_clk_wiz_0
  Path Type:              Setup (Max at Slow Process Corner)
  Requirement:            33.000ns  (MaxDelay Path 33.000ns)
  Data Path Delay:        0.964ns  (logic 0.398ns (41.276%)  route 0.566ns (58.724%))
  Logic Levels:           0  
  Timing Exception:       MaxDelay Path 33.000ns -datapath_only

    Location             Delay type                Incr(ns)  Path(ns)    Netlist Resource(s)
  -------------------------------------------------------------------    -------------------
    SLICE_X66Y155                                     0.000     0.000 r  dbg_hub/inst/BSCANID.u_xsdbm_id/CORE_XSDB.UUT_MASTER/U_ICON_INTERFACE/U_CMD6_RD/U_RD_FIFO/SUBCORE_FIFO.xsdbm_v3_0_0_rdfifo_inst/inst_fifo_gen/gconvfifo.rf/grf.rf/gntv_or_sync_fifo.gcx.clkx/gnxpm_cdc.rd_pntr_gc_reg[3]/C
    SLICE_X66Y155        FDCE (Prop_fdce_C_Q)         0.398     0.398 r  dbg_hub/inst/BSCANID.u_xsdbm_id/CORE_XSDB.UUT_MASTER/U_ICON_INTERFACE/U_CMD6_RD/U_RD_FIFO/SUBCORE_FIFO.xsdbm_v3_0_0_rdfifo_inst/inst_fifo_gen/gconvfifo.rf/grf.rf/gntv_or_sync_fifo.gcx.clkx/gnxpm_cdc.rd_pntr_gc_reg[3]/Q
                         net (fo=1, routed)           0.566     0.964    dbg_hub/inst/BSCANID.u_xsdbm_id/CORE_XSDB.UUT_MASTER/U_ICON_INTERFACE/U_CMD6_RD/U_RD_FIFO/SUBCORE_FIFO.xsdbm_v3_0_0_rdfifo_inst/inst_fifo_gen/gconvfifo.rf/grf.rf/gntv_or_sync_fifo.gcx.clkx/gnxpm_cdc.gsync_stage[1].wr_stg_inst/Q[3]
    SLICE_X67Y155        FDCE                                         r  dbg_hub/inst/BSCANID.u_xsdbm_id/CORE_XSDB.UUT_MASTER/U_ICON_INTERFACE/U_CMD6_RD/U_RD_FIFO/SUBCORE_FIFO.xsdbm_v3_0_0_rdfifo_inst/inst_fifo_gen/gconvfifo.rf/grf.rf/gntv_or_sync_fifo.gcx.clkx/gnxpm_cdc.gsync_stage[1].wr_stg_inst/Q_reg_reg[3]/D
  -------------------------------------------------------------------    -------------------

                         max delay                   33.000    33.000    
    SLICE_X67Y155        FDCE (Setup_fdce_C_D)       -0.200    32.800    dbg_hub/inst/BSCANID.u_xsdbm_id/CORE_XSDB.UUT_MASTER/U_ICON_INTERFACE/U_CMD6_RD/U_RD_FIFO/SUBCORE_FIFO.xsdbm_v3_0_0_rdfifo_inst/inst_fifo_gen/gconvfifo.rf/grf.rf/gntv_or_sync_fifo.gcx.clkx/gnxpm_cdc.gsync_stage[1].wr_stg_inst/Q_reg_reg[3]
  -------------------------------------------------------------------
                         required time                         32.800    
                         arrival time                          -0.964    
  -------------------------------------------------------------------
                         slack                                 31.836    

Slack (MET) :             31.925ns  (required time - arrival time)
  Source:                 dbg_hub/inst/BSCANID.u_xsdbm_id/CORE_XSDB.UUT_MASTER/U_ICON_INTERFACE/U_CMD6_RD/U_RD_FIFO/SUBCORE_FIFO.xsdbm_v3_0_0_rdfifo_inst/inst_fifo_gen/gconvfifo.rf/grf.rf/gntv_or_sync_fifo.gcx.clkx/gnxpm_cdc.rd_pntr_gc_reg[2]/C
                            (rising edge-triggered cell FDCE clocked by dbg_hub/inst/BSCANID.u_xsdbm_id/SWITCH_N_EXT_BSCAN.bscan_inst/SERIES7_BSCAN.bscan_inst/TCK  {rise@0.000ns fall@16.500ns period=33.000ns})
  Destination:            dbg_hub/inst/BSCANID.u_xsdbm_id/CORE_XSDB.UUT_MASTER/U_ICON_INTERFACE/U_CMD6_RD/U_RD_FIFO/SUBCORE_FIFO.xsdbm_v3_0_0_rdfifo_inst/inst_fifo_gen/gconvfifo.rf/grf.rf/gntv_or_sync_fifo.gcx.clkx/gnxpm_cdc.gsync_stage[1].wr_stg_inst/Q_reg_reg[2]/D
                            (rising edge-triggered cell FDCE clocked by clk_out2_clk_wiz_0  {rise@0.000ns fall@5.000ns period=10.000ns})
  Path Group:             clk_out2_clk_wiz_0
  Path Type:              Setup (Max at Slow Process Corner)
  Requirement:            33.000ns  (MaxDelay Path 33.000ns)
  Data Path Delay:        0.916ns  (logic 0.398ns (43.466%)  route 0.518ns (56.534%))
  Logic Levels:           0  
  Timing Exception:       MaxDelay Path 33.000ns -datapath_only

    Location             Delay type                Incr(ns)  Path(ns)    Netlist Resource(s)
  -------------------------------------------------------------------    -------------------
    SLICE_X66Y155                                     0.000     0.000 r  dbg_hub/inst/BSCANID.u_xsdbm_id/CORE_XSDB.UUT_MASTER/U_ICON_INTERFACE/U_CMD6_RD/U_RD_FIFO/SUBCORE_FIFO.xsdbm_v3_0_0_rdfifo_inst/inst_fifo_gen/gconvfifo.rf/grf.rf/gntv_or_sync_fifo.gcx.clkx/gnxpm_cdc.rd_pntr_gc_reg[2]/C
    SLICE_X66Y155        FDCE (Prop_fdce_C_Q)         0.398     0.398 r  dbg_hub/inst/BSCANID.u_xsdbm_id/CORE_XSDB.UUT_MASTER/U_ICON_INTERFACE/U_CMD6_RD/U_RD_FIFO/SUBCORE_FIFO.xsdbm_v3_0_0_rdfifo_inst/inst_fifo_gen/gconvfifo.rf/grf.rf/gntv_or_sync_fifo.gcx.clkx/gnxpm_cdc.rd_pntr_gc_reg[2]/Q
                         net (fo=1, routed)           0.518     0.916    dbg_hub/inst/BSCANID.u_xsdbm_id/CORE_XSDB.UUT_MASTER/U_ICON_INTERFACE/U_CMD6_RD/U_RD_FIFO/SUBCORE_FIFO.xsdbm_v3_0_0_rdfifo_inst/inst_fifo_gen/gconvfifo.rf/grf.rf/gntv_or_sync_fifo.gcx.clkx/gnxpm_cdc.gsync_stage[1].wr_stg_inst/Q[2]
    SLICE_X68Y155        FDCE                                         r  dbg_hub/inst/BSCANID.u_xsdbm_id/CORE_XSDB.UUT_MASTER/U_ICON_INTERFACE/U_CMD6_RD/U_RD_FIFO/SUBCORE_FIFO.xsdbm_v3_0_0_rdfifo_inst/inst_fifo_gen/gconvfifo.rf/grf.rf/gntv_or_sync_fifo.gcx.clkx/gnxpm_cdc.gsync_stage[1].wr_stg_inst/Q_reg_reg[2]/D
  -------------------------------------------------------------------    -------------------

                         max delay                   33.000    33.000    
    SLICE_X68Y155        FDCE (Setup_fdce_C_D)       -0.159    32.841    dbg_hub/inst/BSCANID.u_xsdbm_id/CORE_XSDB.UUT_MASTER/U_ICON_INTERFACE/U_CMD6_RD/U_RD_FIFO/SUBCORE_FIFO.xsdbm_v3_0_0_rdfifo_inst/inst_fifo_gen/gconvfifo.rf/grf.rf/gntv_or_sync_fifo.gcx.clkx/gnxpm_cdc.gsync_stage[1].wr_stg_inst/Q_reg_reg[2]
  -------------------------------------------------------------------
                         required time                         32.841    
                         arrival time                          -0.916    
  -------------------------------------------------------------------
                         slack                                 31.925    

Slack (MET) :             32.019ns  (required time - arrival time)
  Source:                 dbg_hub/inst/BSCANID.u_xsdbm_id/CORE_XSDB.UUT_MASTER/U_ICON_INTERFACE/U_CMD6_WR/U_WR_FIFO/SUBCORE_FIFO.xsdbm_v3_0_0_wrfifo_inst/inst_fifo_gen/gconvfifo.rf/grf.rf/gntv_or_sync_fifo.gcx.clkx/gnxpm_cdc.wr_pntr_gc_reg[3]/C
                            (rising edge-triggered cell FDCE clocked by dbg_hub/inst/BSCANID.u_xsdbm_id/SWITCH_N_EXT_BSCAN.bscan_inst/SERIES7_BSCAN.bscan_inst/TCK  {rise@0.000ns fall@16.500ns period=33.000ns})
  Destination:            dbg_hub/inst/BSCANID.u_xsdbm_id/CORE_XSDB.UUT_MASTER/U_ICON_INTERFACE/U_CMD6_WR/U_WR_FIFO/SUBCORE_FIFO.xsdbm_v3_0_0_wrfifo_inst/inst_fifo_gen/gconvfifo.rf/grf.rf/gntv_or_sync_fifo.gcx.clkx/gnxpm_cdc.gsync_stage[1].rd_stg_inst/Q_reg_reg[3]/D
                            (rising edge-triggered cell FDCE clocked by clk_out2_clk_wiz_0  {rise@0.000ns fall@5.000ns period=10.000ns})
  Path Group:             clk_out2_clk_wiz_0
  Path Type:              Setup (Max at Slow Process Corner)
  Requirement:            33.000ns  (MaxDelay Path 33.000ns)
  Data Path Delay:        0.815ns  (logic 0.348ns (42.725%)  route 0.467ns (57.275%))
  Logic Levels:           0  
  Timing Exception:       MaxDelay Path 33.000ns -datapath_only

    Location             Delay type                Incr(ns)  Path(ns)    Netlist Resource(s)
  -------------------------------------------------------------------    -------------------
    SLICE_X69Y159                                     0.000     0.000 r  dbg_hub/inst/BSCANID.u_xsdbm_id/CORE_XSDB.UUT_MASTER/U_ICON_INTERFACE/U_CMD6_WR/U_WR_FIFO/SUBCORE_FIFO.xsdbm_v3_0_0_wrfifo_inst/inst_fifo_gen/gconvfifo.rf/grf.rf/gntv_or_sync_fifo.gcx.clkx/gnxpm_cdc.wr_pntr_gc_reg[3]/C
    SLICE_X69Y159        FDCE (Prop_fdce_C_Q)         0.348     0.348 r  dbg_hub/inst/BSCANID.u_xsdbm_id/CORE_XSDB.UUT_MASTER/U_ICON_INTERFACE/U_CMD6_WR/U_WR_FIFO/SUBCORE_FIFO.xsdbm_v3_0_0_wrfifo_inst/inst_fifo_gen/gconvfifo.rf/grf.rf/gntv_or_sync_fifo.gcx.clkx/gnxpm_cdc.wr_pntr_gc_reg[3]/Q
                         net (fo=1, routed)           0.467     0.815    dbg_hub/inst/BSCANID.u_xsdbm_id/CORE_XSDB.UUT_MASTER/U_ICON_INTERFACE/U_CMD6_WR/U_WR_FIFO/SUBCORE_FIFO.xsdbm_v3_0_0_wrfifo_inst/inst_fifo_gen/gconvfifo.rf/grf.rf/gntv_or_sync_fifo.gcx.clkx/gnxpm_cdc.gsync_stage[1].rd_stg_inst/Q[3]
    SLICE_X68Y159        FDCE                                         r  dbg_hub/inst/BSCANID.u_xsdbm_id/CORE_XSDB.UUT_MASTER/U_ICON_INTERFACE/U_CMD6_WR/U_WR_FIFO/SUBCORE_FIFO.xsdbm_v3_0_0_wrfifo_inst/inst_fifo_gen/gconvfifo.rf/grf.rf/gntv_or_sync_fifo.gcx.clkx/gnxpm_cdc.gsync_stage[1].rd_stg_inst/Q_reg_reg[3]/D
  -------------------------------------------------------------------    -------------------

                         max delay                   33.000    33.000    
    SLICE_X68Y159        FDCE (Setup_fdce_C_D)       -0.166    32.834    dbg_hub/inst/BSCANID.u_xsdbm_id/CORE_XSDB.UUT_MASTER/U_ICON_INTERFACE/U_CMD6_WR/U_WR_FIFO/SUBCORE_FIFO.xsdbm_v3_0_0_wrfifo_inst/inst_fifo_gen/gconvfifo.rf/grf.rf/gntv_or_sync_fifo.gcx.clkx/gnxpm_cdc.gsync_stage[1].rd_stg_inst/Q_reg_reg[3]
  -------------------------------------------------------------------
                         required time                         32.834    
                         arrival time                          -0.815    
  -------------------------------------------------------------------
                         slack                                 32.019    

Slack (MET) :             32.063ns  (required time - arrival time)
  Source:                 dbg_hub/inst/BSCANID.u_xsdbm_id/CORE_XSDB.UUT_MASTER/U_ICON_INTERFACE/U_CMD6_RD/U_RD_FIFO/SUBCORE_FIFO.xsdbm_v3_0_0_rdfifo_inst/inst_fifo_gen/gconvfifo.rf/grf.rf/gntv_or_sync_fifo.gcx.clkx/gnxpm_cdc.rd_pntr_gc_reg[0]/C
                            (rising edge-triggered cell FDCE clocked by dbg_hub/inst/BSCANID.u_xsdbm_id/SWITCH_N_EXT_BSCAN.bscan_inst/SERIES7_BSCAN.bscan_inst/TCK  {rise@0.000ns fall@16.500ns period=33.000ns})
  Destination:            dbg_hub/inst/BSCANID.u_xsdbm_id/CORE_XSDB.UUT_MASTER/U_ICON_INTERFACE/U_CMD6_RD/U_RD_FIFO/SUBCORE_FIFO.xsdbm_v3_0_0_rdfifo_inst/inst_fifo_gen/gconvfifo.rf/grf.rf/gntv_or_sync_fifo.gcx.clkx/gnxpm_cdc.gsync_stage[1].wr_stg_inst/Q_reg_reg[0]/D
                            (rising edge-triggered cell FDCE clocked by clk_out2_clk_wiz_0  {rise@0.000ns fall@5.000ns period=10.000ns})
  Path Group:             clk_out2_clk_wiz_0
  Path Type:              Setup (Max at Slow Process Corner)
  Requirement:            33.000ns  (MaxDelay Path 33.000ns)
  Data Path Delay:        0.862ns  (logic 0.379ns (43.957%)  route 0.483ns (56.043%))
  Logic Levels:           0  
  Timing Exception:       MaxDelay Path 33.000ns -datapath_only

    Location             Delay type                Incr(ns)  Path(ns)    Netlist Resource(s)
  -------------------------------------------------------------------    -------------------
    SLICE_X65Y155                                     0.000     0.000 r  dbg_hub/inst/BSCANID.u_xsdbm_id/CORE_XSDB.UUT_MASTER/U_ICON_INTERFACE/U_CMD6_RD/U_RD_FIFO/SUBCORE_FIFO.xsdbm_v3_0_0_rdfifo_inst/inst_fifo_gen/gconvfifo.rf/grf.rf/gntv_or_sync_fifo.gcx.clkx/gnxpm_cdc.rd_pntr_gc_reg[0]/C
    SLICE_X65Y155        FDCE (Prop_fdce_C_Q)         0.379     0.379 r  dbg_hub/inst/BSCANID.u_xsdbm_id/CORE_XSDB.UUT_MASTER/U_ICON_INTERFACE/U_CMD6_RD/U_RD_FIFO/SUBCORE_FIFO.xsdbm_v3_0_0_rdfifo_inst/inst_fifo_gen/gconvfifo.rf/grf.rf/gntv_or_sync_fifo.gcx.clkx/gnxpm_cdc.rd_pntr_gc_reg[0]/Q
                         net (fo=1, routed)           0.483     0.862    dbg_hub/inst/BSCANID.u_xsdbm_id/CORE_XSDB.UUT_MASTER/U_ICON_INTERFACE/U_CMD6_RD/U_RD_FIFO/SUBCORE_FIFO.xsdbm_v3_0_0_rdfifo_inst/inst_fifo_gen/gconvfifo.rf/grf.rf/gntv_or_sync_fifo.gcx.clkx/gnxpm_cdc.gsync_stage[1].wr_stg_inst/Q[0]
    SLICE_X67Y155        FDCE                                         r  dbg_hub/inst/BSCANID.u_xsdbm_id/CORE_XSDB.UUT_MASTER/U_ICON_INTERFACE/U_CMD6_RD/U_RD_FIFO/SUBCORE_FIFO.xsdbm_v3_0_0_rdfifo_inst/inst_fifo_gen/gconvfifo.rf/grf.rf/gntv_or_sync_fifo.gcx.clkx/gnxpm_cdc.gsync_stage[1].wr_stg_inst/Q_reg_reg[0]/D
  -------------------------------------------------------------------    -------------------

                         max delay                   33.000    33.000    
    SLICE_X67Y155        FDCE (Setup_fdce_C_D)       -0.075    32.925    dbg_hub/inst/BSCANID.u_xsdbm_id/CORE_XSDB.UUT_MASTER/U_ICON_INTERFACE/U_CMD6_RD/U_RD_FIFO/SUBCORE_FIFO.xsdbm_v3_0_0_rdfifo_inst/inst_fifo_gen/gconvfifo.rf/grf.rf/gntv_or_sync_fifo.gcx.clkx/gnxpm_cdc.gsync_stage[1].wr_stg_inst/Q_reg_reg[0]
  -------------------------------------------------------------------
                         required time                         32.925    
                         arrival time                          -0.862    
  -------------------------------------------------------------------
                         slack                                 32.063    

Slack (MET) :             32.079ns  (required time - arrival time)
  Source:                 dbg_hub/inst/BSCANID.u_xsdbm_id/CORE_XSDB.UUT_MASTER/U_ICON_INTERFACE/U_CMD6_WR/U_WR_FIFO/SUBCORE_FIFO.xsdbm_v3_0_0_wrfifo_inst/inst_fifo_gen/gconvfifo.rf/grf.rf/gntv_or_sync_fifo.gcx.clkx/gnxpm_cdc.wr_pntr_gc_reg[0]/C
                            (rising edge-triggered cell FDCE clocked by dbg_hub/inst/BSCANID.u_xsdbm_id/SWITCH_N_EXT_BSCAN.bscan_inst/SERIES7_BSCAN.bscan_inst/TCK  {rise@0.000ns fall@16.500ns period=33.000ns})
  Destination:            dbg_hub/inst/BSCANID.u_xsdbm_id/CORE_XSDB.UUT_MASTER/U_ICON_INTERFACE/U_CMD6_WR/U_WR_FIFO/SUBCORE_FIFO.xsdbm_v3_0_0_wrfifo_inst/inst_fifo_gen/gconvfifo.rf/grf.rf/gntv_or_sync_fifo.gcx.clkx/gnxpm_cdc.gsync_stage[1].rd_stg_inst/Q_reg_reg[0]/D
                            (rising edge-triggered cell FDCE clocked by clk_out2_clk_wiz_0  {rise@0.000ns fall@5.000ns period=10.000ns})
  Path Group:             clk_out2_clk_wiz_0
  Path Type:              Setup (Max at Slow Process Corner)
  Requirement:            33.000ns  (MaxDelay Path 33.000ns)
  Data Path Delay:        0.888ns  (logic 0.379ns (42.699%)  route 0.509ns (57.301%))
  Logic Levels:           0  
  Timing Exception:       MaxDelay Path 33.000ns -datapath_only

    Location             Delay type                Incr(ns)  Path(ns)    Netlist Resource(s)
  -------------------------------------------------------------------    -------------------
    SLICE_X69Y159                                     0.000     0.000 r  dbg_hub/inst/BSCANID.u_xsdbm_id/CORE_XSDB.UUT_MASTER/U_ICON_INTERFACE/U_CMD6_WR/U_WR_FIFO/SUBCORE_FIFO.xsdbm_v3_0_0_wrfifo_inst/inst_fifo_gen/gconvfifo.rf/grf.rf/gntv_or_sync_fifo.gcx.clkx/gnxpm_cdc.wr_pntr_gc_reg[0]/C
    SLICE_X69Y159        FDCE (Prop_fdce_C_Q)         0.379     0.379 r  dbg_hub/inst/BSCANID.u_xsdbm_id/CORE_XSDB.UUT_MASTER/U_ICON_INTERFACE/U_CMD6_WR/U_WR_FIFO/SUBCORE_FIFO.xsdbm_v3_0_0_wrfifo_inst/inst_fifo_gen/gconvfifo.rf/grf.rf/gntv_or_sync_fifo.gcx.clkx/gnxpm_cdc.wr_pntr_gc_reg[0]/Q
                         net (fo=1, routed)           0.509     0.888    dbg_hub/inst/BSCANID.u_xsdbm_id/CORE_XSDB.UUT_MASTER/U_ICON_INTERFACE/U_CMD6_WR/U_WR_FIFO/SUBCORE_FIFO.xsdbm_v3_0_0_wrfifo_inst/inst_fifo_gen/gconvfifo.rf/grf.rf/gntv_or_sync_fifo.gcx.clkx/gnxpm_cdc.gsync_stage[1].rd_stg_inst/Q[0]
    SLICE_X68Y159        FDCE                                         r  dbg_hub/inst/BSCANID.u_xsdbm_id/CORE_XSDB.UUT_MASTER/U_ICON_INTERFACE/U_CMD6_WR/U_WR_FIFO/SUBCORE_FIFO.xsdbm_v3_0_0_wrfifo_inst/inst_fifo_gen/gconvfifo.rf/grf.rf/gntv_or_sync_fifo.gcx.clkx/gnxpm_cdc.gsync_stage[1].rd_stg_inst/Q_reg_reg[0]/D
  -------------------------------------------------------------------    -------------------

                         max delay                   33.000    33.000    
    SLICE_X68Y159        FDCE (Setup_fdce_C_D)       -0.033    32.967    dbg_hub/inst/BSCANID.u_xsdbm_id/CORE_XSDB.UUT_MASTER/U_ICON_INTERFACE/U_CMD6_WR/U_WR_FIFO/SUBCORE_FIFO.xsdbm_v3_0_0_wrfifo_inst/inst_fifo_gen/gconvfifo.rf/grf.rf/gntv_or_sync_fifo.gcx.clkx/gnxpm_cdc.gsync_stage[1].rd_stg_inst/Q_reg_reg[0]
  -------------------------------------------------------------------
                         required time                         32.967    
                         arrival time                          -0.888    
  -------------------------------------------------------------------
                         slack                                 32.079    

Slack (MET) :             32.121ns  (required time - arrival time)
  Source:                 dbg_hub/inst/BSCANID.u_xsdbm_id/CORE_XSDB.UUT_MASTER/U_ICON_INTERFACE/U_CMD6_WR/U_WR_FIFO/SUBCORE_FIFO.xsdbm_v3_0_0_wrfifo_inst/inst_fifo_gen/gconvfifo.rf/grf.rf/gntv_or_sync_fifo.gcx.clkx/gnxpm_cdc.wr_pntr_gc_reg[1]/C
                            (rising edge-triggered cell FDCE clocked by dbg_hub/inst/BSCANID.u_xsdbm_id/SWITCH_N_EXT_BSCAN.bscan_inst/SERIES7_BSCAN.bscan_inst/TCK  {rise@0.000ns fall@16.500ns period=33.000ns})
  Destination:            dbg_hub/inst/BSCANID.u_xsdbm_id/CORE_XSDB.UUT_MASTER/U_ICON_INTERFACE/U_CMD6_WR/U_WR_FIFO/SUBCORE_FIFO.xsdbm_v3_0_0_wrfifo_inst/inst_fifo_gen/gconvfifo.rf/grf.rf/gntv_or_sync_fifo.gcx.clkx/gnxpm_cdc.gsync_stage[1].rd_stg_inst/Q_reg_reg[1]/D
                            (rising edge-triggered cell FDCE clocked by clk_out2_clk_wiz_0  {rise@0.000ns fall@5.000ns period=10.000ns})
  Path Group:             clk_out2_clk_wiz_0
  Path Type:              Setup (Max at Slow Process Corner)
  Requirement:            33.000ns  (MaxDelay Path 33.000ns)
  Data Path Delay:        0.711ns  (logic 0.348ns (48.946%)  route 0.363ns (51.054%))
  Logic Levels:           0  
  Timing Exception:       MaxDelay Path 33.000ns -datapath_only

    Location             Delay type                Incr(ns)  Path(ns)    Netlist Resource(s)
  -------------------------------------------------------------------    -------------------
    SLICE_X69Y159                                     0.000     0.000 r  dbg_hub/inst/BSCANID.u_xsdbm_id/CORE_XSDB.UUT_MASTER/U_ICON_INTERFACE/U_CMD6_WR/U_WR_FIFO/SUBCORE_FIFO.xsdbm_v3_0_0_wrfifo_inst/inst_fifo_gen/gconvfifo.rf/grf.rf/gntv_or_sync_fifo.gcx.clkx/gnxpm_cdc.wr_pntr_gc_reg[1]/C
    SLICE_X69Y159        FDCE (Prop_fdce_C_Q)         0.348     0.348 r  dbg_hub/inst/BSCANID.u_xsdbm_id/CORE_XSDB.UUT_MASTER/U_ICON_INTERFACE/U_CMD6_WR/U_WR_FIFO/SUBCORE_FIFO.xsdbm_v3_0_0_wrfifo_inst/inst_fifo_gen/gconvfifo.rf/grf.rf/gntv_or_sync_fifo.gcx.clkx/gnxpm_cdc.wr_pntr_gc_reg[1]/Q
                         net (fo=1, routed)           0.363     0.711    dbg_hub/inst/BSCANID.u_xsdbm_id/CORE_XSDB.UUT_MASTER/U_ICON_INTERFACE/U_CMD6_WR/U_WR_FIFO/SUBCORE_FIFO.xsdbm_v3_0_0_wrfifo_inst/inst_fifo_gen/gconvfifo.rf/grf.rf/gntv_or_sync_fifo.gcx.clkx/gnxpm_cdc.gsync_stage[1].rd_stg_inst/Q[1]
    SLICE_X70Y159        FDCE                                         r  dbg_hub/inst/BSCANID.u_xsdbm_id/CORE_XSDB.UUT_MASTER/U_ICON_INTERFACE/U_CMD6_WR/U_WR_FIFO/SUBCORE_FIFO.xsdbm_v3_0_0_wrfifo_inst/inst_fifo_gen/gconvfifo.rf/grf.rf/gntv_or_sync_fifo.gcx.clkx/gnxpm_cdc.gsync_stage[1].rd_stg_inst/Q_reg_reg[1]/D
  -------------------------------------------------------------------    -------------------

                         max delay                   33.000    33.000    
    SLICE_X70Y159        FDCE (Setup_fdce_C_D)       -0.168    32.832    dbg_hub/inst/BSCANID.u_xsdbm_id/CORE_XSDB.UUT_MASTER/U_ICON_INTERFACE/U_CMD6_WR/U_WR_FIFO/SUBCORE_FIFO.xsdbm_v3_0_0_wrfifo_inst/inst_fifo_gen/gconvfifo.rf/grf.rf/gntv_or_sync_fifo.gcx.clkx/gnxpm_cdc.gsync_stage[1].rd_stg_inst/Q_reg_reg[1]
  -------------------------------------------------------------------
                         required time                         32.832    
                         arrival time                          -0.711    
  -------------------------------------------------------------------
                         slack                                 32.121    

Slack (MET) :             32.176ns  (required time - arrival time)
  Source:                 dbg_hub/inst/BSCANID.u_xsdbm_id/CORE_XSDB.UUT_MASTER/U_ICON_INTERFACE/U_CMD6_RD/U_RD_FIFO/SUBCORE_FIFO.xsdbm_v3_0_0_rdfifo_inst/inst_fifo_gen/gconvfifo.rf/grf.rf/gntv_or_sync_fifo.gcx.clkx/gnxpm_cdc.rd_pntr_gc_reg[1]/C
                            (rising edge-triggered cell FDCE clocked by dbg_hub/inst/BSCANID.u_xsdbm_id/SWITCH_N_EXT_BSCAN.bscan_inst/SERIES7_BSCAN.bscan_inst/TCK  {rise@0.000ns fall@16.500ns period=33.000ns})
  Destination:            dbg_hub/inst/BSCANID.u_xsdbm_id/CORE_XSDB.UUT_MASTER/U_ICON_INTERFACE/U_CMD6_RD/U_RD_FIFO/SUBCORE_FIFO.xsdbm_v3_0_0_rdfifo_inst/inst_fifo_gen/gconvfifo.rf/grf.rf/gntv_or_sync_fifo.gcx.clkx/gnxpm_cdc.gsync_stage[1].wr_stg_inst/Q_reg_reg[1]/D
                            (rising edge-triggered cell FDCE clocked by clk_out2_clk_wiz_0  {rise@0.000ns fall@5.000ns period=10.000ns})
  Path Group:             clk_out2_clk_wiz_0
  Path Type:              Setup (Max at Slow Process Corner)
  Requirement:            33.000ns  (MaxDelay Path 33.000ns)
  Data Path Delay:        0.791ns  (logic 0.433ns (54.759%)  route 0.358ns (45.241%))
  Logic Levels:           0  
  Timing Exception:       MaxDelay Path 33.000ns -datapath_only

    Location             Delay type                Incr(ns)  Path(ns)    Netlist Resource(s)
  -------------------------------------------------------------------    -------------------
    SLICE_X66Y155                                     0.000     0.000 r  dbg_hub/inst/BSCANID.u_xsdbm_id/CORE_XSDB.UUT_MASTER/U_ICON_INTERFACE/U_CMD6_RD/U_RD_FIFO/SUBCORE_FIFO.xsdbm_v3_0_0_rdfifo_inst/inst_fifo_gen/gconvfifo.rf/grf.rf/gntv_or_sync_fifo.gcx.clkx/gnxpm_cdc.rd_pntr_gc_reg[1]/C
    SLICE_X66Y155        FDCE (Prop_fdce_C_Q)         0.433     0.433 r  dbg_hub/inst/BSCANID.u_xsdbm_id/CORE_XSDB.UUT_MASTER/U_ICON_INTERFACE/U_CMD6_RD/U_RD_FIFO/SUBCORE_FIFO.xsdbm_v3_0_0_rdfifo_inst/inst_fifo_gen/gconvfifo.rf/grf.rf/gntv_or_sync_fifo.gcx.clkx/gnxpm_cdc.rd_pntr_gc_reg[1]/Q
                         net (fo=1, routed)           0.358     0.791    dbg_hub/inst/BSCANID.u_xsdbm_id/CORE_XSDB.UUT_MASTER/U_ICON_INTERFACE/U_CMD6_RD/U_RD_FIFO/SUBCORE_FIFO.xsdbm_v3_0_0_rdfifo_inst/inst_fifo_gen/gconvfifo.rf/grf.rf/gntv_or_sync_fifo.gcx.clkx/gnxpm_cdc.gsync_stage[1].wr_stg_inst/Q[1]
    SLICE_X68Y155        FDCE                                         r  dbg_hub/inst/BSCANID.u_xsdbm_id/CORE_XSDB.UUT_MASTER/U_ICON_INTERFACE/U_CMD6_RD/U_RD_FIFO/SUBCORE_FIFO.xsdbm_v3_0_0_rdfifo_inst/inst_fifo_gen/gconvfifo.rf/grf.rf/gntv_or_sync_fifo.gcx.clkx/gnxpm_cdc.gsync_stage[1].wr_stg_inst/Q_reg_reg[1]/D
  -------------------------------------------------------------------    -------------------

                         max delay                   33.000    33.000    
    SLICE_X68Y155        FDCE (Setup_fdce_C_D)       -0.033    32.967    dbg_hub/inst/BSCANID.u_xsdbm_id/CORE_XSDB.UUT_MASTER/U_ICON_INTERFACE/U_CMD6_RD/U_RD_FIFO/SUBCORE_FIFO.xsdbm_v3_0_0_rdfifo_inst/inst_fifo_gen/gconvfifo.rf/grf.rf/gntv_or_sync_fifo.gcx.clkx/gnxpm_cdc.gsync_stage[1].wr_stg_inst/Q_reg_reg[1]
  -------------------------------------------------------------------
                         required time                         32.967    
                         arrival time                          -0.791    
  -------------------------------------------------------------------
                         slack                                 32.176    

Slack (MET) :             32.227ns  (required time - arrival time)
  Source:                 dbg_hub/inst/BSCANID.u_xsdbm_id/CORE_XSDB.UUT_MASTER/U_ICON_INTERFACE/U_CMD6_WR/U_WR_FIFO/SUBCORE_FIFO.xsdbm_v3_0_0_wrfifo_inst/inst_fifo_gen/gconvfifo.rf/grf.rf/gntv_or_sync_fifo.gcx.clkx/gnxpm_cdc.wr_pntr_gc_reg[2]/C
                            (rising edge-triggered cell FDCE clocked by dbg_hub/inst/BSCANID.u_xsdbm_id/SWITCH_N_EXT_BSCAN.bscan_inst/SERIES7_BSCAN.bscan_inst/TCK  {rise@0.000ns fall@16.500ns period=33.000ns})
  Destination:            dbg_hub/inst/BSCANID.u_xsdbm_id/CORE_XSDB.UUT_MASTER/U_ICON_INTERFACE/U_CMD6_WR/U_WR_FIFO/SUBCORE_FIFO.xsdbm_v3_0_0_wrfifo_inst/inst_fifo_gen/gconvfifo.rf/grf.rf/gntv_or_sync_fifo.gcx.clkx/gnxpm_cdc.gsync_stage[1].rd_stg_inst/Q_reg_reg[2]/D
                            (rising edge-triggered cell FDCE clocked by clk_out2_clk_wiz_0  {rise@0.000ns fall@5.000ns period=10.000ns})
  Path Group:             clk_out2_clk_wiz_0
  Path Type:              Setup (Max at Slow Process Corner)
  Requirement:            33.000ns  (MaxDelay Path 33.000ns)
  Data Path Delay:        0.740ns  (logic 0.379ns (51.234%)  route 0.361ns (48.766%))
  Logic Levels:           0  
  Timing Exception:       MaxDelay Path 33.000ns -datapath_only

    Location             Delay type                Incr(ns)  Path(ns)    Netlist Resource(s)
  -------------------------------------------------------------------    -------------------
    SLICE_X69Y159                                     0.000     0.000 r  dbg_hub/inst/BSCANID.u_xsdbm_id/CORE_XSDB.UUT_MASTER/U_ICON_INTERFACE/U_CMD6_WR/U_WR_FIFO/SUBCORE_FIFO.xsdbm_v3_0_0_wrfifo_inst/inst_fifo_gen/gconvfifo.rf/grf.rf/gntv_or_sync_fifo.gcx.clkx/gnxpm_cdc.wr_pntr_gc_reg[2]/C
    SLICE_X69Y159        FDCE (Prop_fdce_C_Q)         0.379     0.379 r  dbg_hub/inst/BSCANID.u_xsdbm_id/CORE_XSDB.UUT_MASTER/U_ICON_INTERFACE/U_CMD6_WR/U_WR_FIFO/SUBCORE_FIFO.xsdbm_v3_0_0_wrfifo_inst/inst_fifo_gen/gconvfifo.rf/grf.rf/gntv_or_sync_fifo.gcx.clkx/gnxpm_cdc.wr_pntr_gc_reg[2]/Q
                         net (fo=1, routed)           0.361     0.740    dbg_hub/inst/BSCANID.u_xsdbm_id/CORE_XSDB.UUT_MASTER/U_ICON_INTERFACE/U_CMD6_WR/U_WR_FIFO/SUBCORE_FIFO.xsdbm_v3_0_0_wrfifo_inst/inst_fifo_gen/gconvfifo.rf/grf.rf/gntv_or_sync_fifo.gcx.clkx/gnxpm_cdc.gsync_stage[1].rd_stg_inst/Q[2]
    SLICE_X68Y160        FDCE                                         r  dbg_hub/inst/BSCANID.u_xsdbm_id/CORE_XSDB.UUT_MASTER/U_ICON_INTERFACE/U_CMD6_WR/U_WR_FIFO/SUBCORE_FIFO.xsdbm_v3_0_0_wrfifo_inst/inst_fifo_gen/gconvfifo.rf/grf.rf/gntv_or_sync_fifo.gcx.clkx/gnxpm_cdc.gsync_stage[1].rd_stg_inst/Q_reg_reg[2]/D
  -------------------------------------------------------------------    -------------------

                         max delay                   33.000    33.000    
    SLICE_X68Y160        FDCE (Setup_fdce_C_D)       -0.033    32.967    dbg_hub/inst/BSCANID.u_xsdbm_id/CORE_XSDB.UUT_MASTER/U_ICON_INTERFACE/U_CMD6_WR/U_WR_FIFO/SUBCORE_FIFO.xsdbm_v3_0_0_wrfifo_inst/inst_fifo_gen/gconvfifo.rf/grf.rf/gntv_or_sync_fifo.gcx.clkx/gnxpm_cdc.gsync_stage[1].rd_stg_inst/Q_reg_reg[2]
  -------------------------------------------------------------------
                         required time                         32.967    
                         arrival time                          -0.740    
  -------------------------------------------------------------------
                         slack                                 32.227    





---------------------------------------------------------------------------------------------------
From Clock:  clk_out1_clk_wiz_0
  To Clock:  clk_out2_clk_wiz_0

Setup :            0  Failing Endpoints,  Worst Slack        7.565ns,  Total Violation        0.000ns
Hold  :            0  Failing Endpoints,  Worst Slack        0.230ns,  Total Violation        0.000ns
---------------------------------------------------------------------------------------------------


Max Delay Paths
--------------------------------------------------------------------------------------
Slack (MET) :             7.565ns  (required time - arrival time)
  Source:                 frame_start_toggle_50m_reg/C
                            (rising edge-triggered cell FDCE clocked by clk_out1_clk_wiz_0  {rise@0.000ns fall@10.000ns period=20.000ns})
  Destination:            frame_start_sync1_reg/D
                            (rising edge-triggered cell FDCE clocked by clk_out2_clk_wiz_0  {rise@0.000ns fall@5.000ns period=10.000ns})
  Path Group:             clk_out2_clk_wiz_0
  Path Type:              Setup (Max at Slow Process Corner)
  Requirement:            10.000ns  (clk_out2_clk_wiz_0 rise@10.000ns - clk_out1_clk_wiz_0 rise@0.000ns)
  Data Path Delay:        1.956ns  (logic 0.433ns (22.133%)  route 1.523ns (77.867%))
  Logic Levels:           0  
  Clock Path Skew:        -0.182ns (DCD - SCD + CPR)
    Destination Clock Delay (DCD):    -1.240ns = ( 8.760 - 10.000 ) 
    Source Clock Delay      (SCD):    -0.804ns
    Clock Pessimism Removal (CPR):    0.254ns
  Clock Uncertainty:      0.222ns  ((TSJ^2 + DJ^2)^1/2) / 2 + PE
    Total System Jitter     (TSJ):    0.071ns
    Discrete Jitter          (DJ):    0.192ns
    Phase Error              (PE):    0.120ns

    Location             Delay type                Incr(ns)  Path(ns)    Netlist Resource(s)
  -------------------------------------------------------------------    -------------------
                         (clock clk_out1_clk_wiz_0 rise edge)
                                                      0.000     0.000 r  
    R4                                                0.000     0.000 r  sys_clk (IN)
                         net (fo=0)                   0.000     0.000    u_mmcm/inst/clk_in1
    R4                   IBUF (Prop_ibuf_I_O)         1.419     1.419 r  u_mmcm/inst/clkin1_ibufg/O
                         net (fo=1, routed)           1.065     2.484    u_mmcm/inst/clk_in1_clk_wiz_0
    MMCME2_ADV_X1Y2      MMCME2_ADV (Prop_mmcme2_adv_CLKIN1_CLKOUT0)
                                                     -6.273    -3.789 r  u_mmcm/inst/mmcm_adv_inst/CLKOUT0
                         net (fo=1, routed)           1.524    -2.265    u_mmcm/inst/clk_out1_clk_wiz_0
    BUFGCTRL_X0Y4        BUFG (Prop_bufg_I_O)         0.081    -2.184 r  u_mmcm/inst/clkout1_buf/O
                         net (fo=92, routed)          1.380    -0.804    gate_clk
    SLICE_X52Y176        FDCE                                         r  frame_start_toggle_50m_reg/C
  -------------------------------------------------------------------    -------------------
    SLICE_X52Y176        FDCE (Prop_fdce_C_Q)         0.433    -0.371 r  frame_start_toggle_50m_reg/Q
                         net (fo=2, routed)           1.523     1.153    frame_start_toggle_50m
    SLICE_X53Y175        FDCE                                         r  frame_start_sync1_reg/D
  -------------------------------------------------------------------    -------------------

                         (clock clk_out2_clk_wiz_0 rise edge)
                                                     10.000    10.000 r  
    R4                                                0.000    10.000 r  sys_clk (IN)
                         net (fo=0)                   0.000    10.000    u_mmcm/inst/clk_in1
    R4                   IBUF (Prop_ibuf_I_O)         1.353    11.353 r  u_mmcm/inst/clkin1_ibufg/O
                         net (fo=1, routed)           1.004    12.357    u_mmcm/inst/clk_in1_clk_wiz_0
    MMCME2_ADV_X1Y2      MMCME2_ADV (Prop_mmcme2_adv_CLKIN1_CLKOUT1)
                                                     -6.399     5.957 r  u_mmcm/inst/mmcm_adv_inst/CLKOUT1
                         net (fo=1, routed)           1.452     7.410    u_mmcm/inst/clk_out2_clk_wiz_0
    BUFGCTRL_X0Y0        BUFG (Prop_bufg_I_O)         0.077     7.487 r  u_mmcm/inst/clkout2_buf/O
                         net (fo=2629, routed)        1.273     8.760    clk_100m
    SLICE_X53Y175        FDCE                                         r  frame_start_sync1_reg/C
                         clock pessimism              0.254     9.014    
                         clock uncertainty           -0.222     8.792    
    SLICE_X53Y175        FDCE (Setup_fdce_C_D)       -0.074     8.718    frame_start_sync1_reg
  -------------------------------------------------------------------
                         required time                          8.718    
                         arrival time                          -1.153    
  -------------------------------------------------------------------
                         slack                                  7.565    





Min Delay Paths
--------------------------------------------------------------------------------------
Slack (MET) :             0.230ns  (arrival time - required time)
  Source:                 frame_start_toggle_50m_reg/C
                            (rising edge-triggered cell FDCE clocked by clk_out1_clk_wiz_0  {rise@0.000ns fall@10.000ns period=20.000ns})
  Destination:            frame_start_sync1_reg/D
                            (rising edge-triggered cell FDCE clocked by clk_out2_clk_wiz_0  {rise@0.000ns fall@5.000ns period=10.000ns})
  Path Group:             clk_out2_clk_wiz_0
  Path Type:              Hold (Min at Fast Process Corner)
  Requirement:            0.000ns  (clk_out2_clk_wiz_0 rise@0.000ns - clk_out1_clk_wiz_0 rise@0.000ns)
  Data Path Delay:        0.829ns  (logic 0.164ns (19.774%)  route 0.665ns (80.226%))
  Logic Levels:           0  
  Clock Path Skew:        0.317ns (DCD - SCD - CPR)
    Destination Clock Delay (DCD):    -0.963ns
    Source Clock Delay      (SCD):    -0.715ns
    Clock Pessimism Removal (CPR):    -0.565ns
  Clock Uncertainty:      0.222ns  ((TSJ^2 + DJ^2)^1/2) / 2 + PE
    Total System Jitter     (TSJ):    0.071ns
    Discrete Jitter          (DJ):    0.192ns
    Phase Error              (PE):    0.120ns

    Location             Delay type                Incr(ns)  Path(ns)    Netlist Resource(s)
  -------------------------------------------------------------------    -------------------
                         (clock clk_out1_clk_wiz_0 rise edge)
                                                      0.000     0.000 r  
    R4                                                0.000     0.000 r  sys_clk (IN)
                         net (fo=0)                   0.000     0.000    u_mmcm/inst/clk_in1
    R4                   IBUF (Prop_ibuf_I_O)         0.256     0.256 r  u_mmcm/inst/clkin1_ibufg/O
                         net (fo=1, routed)           0.440     0.696    u_mmcm/inst/clk_in1_clk_wiz_0
    MMCME2_ADV_X1Y2      MMCME2_ADV (Prop_mmcme2_adv_CLKIN1_CLKOUT0)
                                                     -2.540    -1.844 r  u_mmcm/inst/mmcm_adv_inst/CLKOUT0
                         net (fo=1, routed)           0.531    -1.313    u_mmcm/inst/clk_out1_clk_wiz_0
    BUFGCTRL_X0Y4        BUFG (Prop_bufg_I_O)         0.026    -1.287 r  u_mmcm/inst/clkout1_buf/O
                         net (fo=92, routed)          0.572    -0.715    gate_clk
    SLICE_X52Y176        FDCE                                         r  frame_start_toggle_50m_reg/C
  -------------------------------------------------------------------    -------------------
    SLICE_X52Y176        FDCE (Prop_fdce_C_Q)         0.164    -0.551 r  frame_start_toggle_50m_reg/Q
                         net (fo=2, routed)           0.665     0.114    frame_start_toggle_50m
    SLICE_X53Y175        FDCE                                         r  frame_start_sync1_reg/D
  -------------------------------------------------------------------    -------------------

                         (clock clk_out2_clk_wiz_0 rise edge)
                                                      0.000     0.000 r  
    R4                                                0.000     0.000 r  sys_clk (IN)
                         net (fo=0)                   0.000     0.000    u_mmcm/inst/clk_in1
    R4                   IBUF (Prop_ibuf_I_O)         0.444     0.444 r  u_mmcm/inst/clkin1_ibufg/O
                         net (fo=1, routed)           0.480     0.924    u_mmcm/inst/clk_in1_clk_wiz_0
    MMCME2_ADV_X1Y2      MMCME2_ADV (Prop_mmcme2_adv_CLKIN1_CLKOUT1)
                                                     -3.332    -2.409 r  u_mmcm/inst/mmcm_adv_inst/CLKOUT1
                         net (fo=1, routed)           0.579    -1.830    u_mmcm/inst/clk_out2_clk_wiz_0
    BUFGCTRL_X0Y0        BUFG (Prop_bufg_I_O)         0.029    -1.801 r  u_mmcm/inst/clkout2_buf/O
                         net (fo=2629, routed)        0.837    -0.963    clk_100m
    SLICE_X53Y175        FDCE                                         r  frame_start_sync1_reg/C
                         clock pessimism              0.565    -0.399    
                         clock uncertainty            0.222    -0.176    
    SLICE_X53Y175        FDCE (Hold_fdce_C_D)         0.061    -0.115    frame_start_sync1_reg
  -------------------------------------------------------------------
                         required time                          0.115    
                         arrival time                           0.114    
  -------------------------------------------------------------------
                         slack                                  0.230    





---------------------------------------------------------------------------------------------------
From Clock:  clk_out3_clk_wiz_0
  To Clock:  clk_out2_clk_wiz_0

Setup :            0  Failing Endpoints,  Worst Slack        6.978ns,  Total Violation        0.000ns
Hold  :           NA  Failing Endpoints,  Worst Slack           NA  ,  Total Violation           NA
---------------------------------------------------------------------------------------------------


Max Delay Paths
--------------------------------------------------------------------------------------
Slack (MET) :             6.978ns  (required time - arrival time)
  Source:                 u_rgmii_bridge/fifo_generator_0_inst/U0/inst_fifo_gen/gconvfifo.rf/grf.rf/gntv_or_sync_fifo.gcx.clkx/rd_pntr_cdc_inst/src_gray_ff_reg[1]/C
                            (rising edge-triggered cell FDRE clocked by clk_out3_clk_wiz_0  {rise@0.000ns fall@4.000ns period=8.000ns})
  Destination:            u_rgmii_bridge/fifo_generator_0_inst/U0/inst_fifo_gen/gconvfifo.rf/grf.rf/gntv_or_sync_fifo.gcx.clkx/rd_pntr_cdc_inst/dest_graysync_ff_reg[0][1]/D
                            (rising edge-triggered cell FDRE clocked by clk_out2_clk_wiz_0  {rise@0.000ns fall@5.000ns period=10.000ns})
  Path Group:             clk_out2_clk_wiz_0
  Path Type:              Setup (Max at Slow Process Corner)
  Requirement:            8.000ns  (MaxDelay Path 8.000ns)
  Data Path Delay:        0.862ns  (logic 0.398ns (46.154%)  route 0.464ns (53.846%))
  Logic Levels:           0  
  Timing Exception:       MaxDelay Path 8.000ns -datapath_only

    Location             Delay type                Incr(ns)  Path(ns)    Netlist Resource(s)
  -------------------------------------------------------------------    -------------------
    SLICE_X104Y126                                    0.000     0.000 r  u_rgmii_bridge/fifo_generator_0_inst/U0/inst_fifo_gen/gconvfifo.rf/grf.rf/gntv_or_sync_fifo.gcx.clkx/rd_pntr_cdc_inst/src_gray_ff_reg[1]/C
    SLICE_X104Y126       FDRE (Prop_fdre_C_Q)         0.398     0.398 r  u_rgmii_bridge/fifo_generator_0_inst/U0/inst_fifo_gen/gconvfifo.rf/grf.rf/gntv_or_sync_fifo.gcx.clkx/rd_pntr_cdc_inst/src_gray_ff_reg[1]/Q
                         net (fo=1, routed)           0.464     0.862    u_rgmii_bridge/fifo_generator_0_inst/U0/inst_fifo_gen/gconvfifo.rf/grf.rf/gntv_or_sync_fifo.gcx.clkx/rd_pntr_cdc_inst/async_path[1]
    SLICE_X100Y127       FDRE                                         r  u_rgmii_bridge/fifo_generator_0_inst/U0/inst_fifo_gen/gconvfifo.rf/grf.rf/gntv_or_sync_fifo.gcx.clkx/rd_pntr_cdc_inst/dest_graysync_ff_reg[0][1]/D
  -------------------------------------------------------------------    -------------------

                         max delay                    8.000     8.000    
    SLICE_X100Y127       FDRE (Setup_fdre_C_D)       -0.160     7.840    u_rgmii_bridge/fifo_generator_0_inst/U0/inst_fifo_gen/gconvfifo.rf/grf.rf/gntv_or_sync_fifo.gcx.clkx/rd_pntr_cdc_inst/dest_graysync_ff_reg[0][1]
  -------------------------------------------------------------------
                         required time                          7.840    
                         arrival time                          -0.862    
  -------------------------------------------------------------------
                         slack                                  6.978    

Slack (MET) :             6.994ns  (required time - arrival time)
  Source:                 u_rgmii_bridge/fifo_generator_0_inst/U0/inst_fifo_gen/gconvfifo.rf/grf.rf/gntv_or_sync_fifo.gcx.clkx/rd_pntr_cdc_inst/src_gray_ff_reg[5]/C
                            (rising edge-triggered cell FDRE clocked by clk_out3_clk_wiz_0  {rise@0.000ns fall@4.000ns period=8.000ns})
  Destination:            u_rgmii_bridge/fifo_generator_0_inst/U0/inst_fifo_gen/gconvfifo.rf/grf.rf/gntv_or_sync_fifo.gcx.clkx/rd_pntr_cdc_inst/dest_graysync_ff_reg[0][5]/D
                            (rising edge-triggered cell FDRE clocked by clk_out2_clk_wiz_0  {rise@0.000ns fall@5.000ns period=10.000ns})
  Path Group:             clk_out2_clk_wiz_0
  Path Type:              Setup (Max at Slow Process Corner)
  Requirement:            8.000ns  (MaxDelay Path 8.000ns)
  Data Path Delay:        0.838ns  (logic 0.348ns (41.508%)  route 0.490ns (58.492%))
  Logic Levels:           0  
  Timing Exception:       MaxDelay Path 8.000ns -datapath_only

    Location             Delay type                Incr(ns)  Path(ns)    Netlist Resource(s)
  -------------------------------------------------------------------    -------------------
    SLICE_X103Y126                                    0.000     0.000 r  u_rgmii_bridge/fifo_generator_0_inst/U0/inst_fifo_gen/gconvfifo.rf/grf.rf/gntv_or_sync_fifo.gcx.clkx/rd_pntr_cdc_inst/src_gray_ff_reg[5]/C
    SLICE_X103Y126       FDRE (Prop_fdre_C_Q)         0.348     0.348 r  u_rgmii_bridge/fifo_generator_0_inst/U0/inst_fifo_gen/gconvfifo.rf/grf.rf/gntv_or_sync_fifo.gcx.clkx/rd_pntr_cdc_inst/src_gray_ff_reg[5]/Q
                         net (fo=1, routed)           0.490     0.838    u_rgmii_bridge/fifo_generator_0_inst/U0/inst_fifo_gen/gconvfifo.rf/grf.rf/gntv_or_sync_fifo.gcx.clkx/rd_pntr_cdc_inst/async_path[5]
    SLICE_X102Y126       FDRE                                         r  u_rgmii_bridge/fifo_generator_0_inst/U0/inst_fifo_gen/gconvfifo.rf/grf.rf/gntv_or_sync_fifo.gcx.clkx/rd_pntr_cdc_inst/dest_graysync_ff_reg[0][5]/D
  -------------------------------------------------------------------    -------------------

                         max delay                    8.000     8.000    
    SLICE_X102Y126       FDRE (Setup_fdre_C_D)       -0.168     7.832    u_rgmii_bridge/fifo_generator_0_inst/U0/inst_fifo_gen/gconvfifo.rf/grf.rf/gntv_or_sync_fifo.gcx.clkx/rd_pntr_cdc_inst/dest_graysync_ff_reg[0][5]
  -------------------------------------------------------------------
                         required time                          7.832    
                         arrival time                          -0.838    
  -------------------------------------------------------------------
                         slack                                  6.994    

Slack (MET) :             6.998ns  (required time - arrival time)
  Source:                 u_rgmii_bridge/fifo_generator_0_inst/U0/inst_fifo_gen/gconvfifo.rf/grf.rf/gntv_or_sync_fifo.gcx.clkx/rd_pntr_cdc_inst/src_gray_ff_reg[3]/C
                            (rising edge-triggered cell FDRE clocked by clk_out3_clk_wiz_0  {rise@0.000ns fall@4.000ns period=8.000ns})
  Destination:            u_rgmii_bridge/fifo_generator_0_inst/U0/inst_fifo_gen/gconvfifo.rf/grf.rf/gntv_or_sync_fifo.gcx.clkx/rd_pntr_cdc_inst/dest_graysync_ff_reg[0][3]/D
                            (rising edge-triggered cell FDRE clocked by clk_out2_clk_wiz_0  {rise@0.000ns fall@5.000ns period=10.000ns})
  Path Group:             clk_out2_clk_wiz_0
  Path Type:              Setup (Max at Slow Process Corner)
  Requirement:            8.000ns  (MaxDelay Path 8.000ns)
  Data Path Delay:        0.846ns  (logic 0.398ns (47.038%)  route 0.448ns (52.962%))
  Logic Levels:           0  
  Timing Exception:       MaxDelay Path 8.000ns -datapath_only

    Location             Delay type                Incr(ns)  Path(ns)    Netlist Resource(s)
  -------------------------------------------------------------------    -------------------
    SLICE_X104Y125                                    0.000     0.000 r  u_rgmii_bridge/fifo_generator_0_inst/U0/inst_fifo_gen/gconvfifo.rf/grf.rf/gntv_or_sync_fifo.gcx.clkx/rd_pntr_cdc_inst/src_gray_ff_reg[3]/C
    SLICE_X104Y125       FDRE (Prop_fdre_C_Q)         0.398     0.398 r  u_rgmii_bridge/fifo_generator_0_inst/U0/inst_fifo_gen/gconvfifo.rf/grf.rf/gntv_or_sync_fifo.gcx.clkx/rd_pntr_cdc_inst/src_gray_ff_reg[3]/Q
                         net (fo=1, routed)           0.448     0.846    u_rgmii_bridge/fifo_generator_0_inst/U0/inst_fifo_gen/gconvfifo.rf/grf.rf/gntv_or_sync_fifo.gcx.clkx/rd_pntr_cdc_inst/async_path[3]
    SLICE_X102Y126       FDRE                                         r  u_rgmii_bridge/fifo_generator_0_inst/U0/inst_fifo_gen/gconvfifo.rf/grf.rf/gntv_or_sync_fifo.gcx.clkx/rd_pntr_cdc_inst/dest_graysync_ff_reg[0][3]/D
  -------------------------------------------------------------------    -------------------

                         max delay                    8.000     8.000    
    SLICE_X102Y126       FDRE (Setup_fdre_C_D)       -0.156     7.844    u_rgmii_bridge/fifo_generator_0_inst/U0/inst_fifo_gen/gconvfifo.rf/grf.rf/gntv_or_sync_fifo.gcx.clkx/rd_pntr_cdc_inst/dest_graysync_ff_reg[0][3]
  -------------------------------------------------------------------
                         required time                          7.844    
                         arrival time                          -0.846    
  -------------------------------------------------------------------
                         slack                                  6.998    

Slack (MET) :             7.004ns  (required time - arrival time)
  Source:                 u_rgmii_bridge/fifo_generator_0_inst/U0/inst_fifo_gen/gconvfifo.rf/grf.rf/gntv_or_sync_fifo.gcx.clkx/rd_pntr_cdc_inst/src_gray_ff_reg[7]/C
                            (rising edge-triggered cell FDRE clocked by clk_out3_clk_wiz_0  {rise@0.000ns fall@4.000ns period=8.000ns})
  Destination:            u_rgmii_bridge/fifo_generator_0_inst/U0/inst_fifo_gen/gconvfifo.rf/grf.rf/gntv_or_sync_fifo.gcx.clkx/rd_pntr_cdc_inst/dest_graysync_ff_reg[0][7]/D
                            (rising edge-triggered cell FDRE clocked by clk_out2_clk_wiz_0  {rise@0.000ns fall@5.000ns period=10.000ns})
  Path Group:             clk_out2_clk_wiz_0
  Path Type:              Setup (Max at Slow Process Corner)
  Requirement:            8.000ns  (MaxDelay Path 8.000ns)
  Data Path Delay:        0.830ns  (logic 0.348ns (41.908%)  route 0.482ns (58.092%))
  Logic Levels:           0  
  Timing Exception:       MaxDelay Path 8.000ns -datapath_only

    Location             Delay type                Incr(ns)  Path(ns)    Netlist Resource(s)
  -------------------------------------------------------------------    -------------------
    SLICE_X103Y127                                    0.000     0.000 r  u_rgmii_bridge/fifo_generator_0_inst/U0/inst_fifo_gen/gconvfifo.rf/grf.rf/gntv_or_sync_fifo.gcx.clkx/rd_pntr_cdc_inst/src_gray_ff_reg[7]/C
    SLICE_X103Y127       FDRE (Prop_fdre_C_Q)         0.348     0.348 r  u_rgmii_bridge/fifo_generator_0_inst/U0/inst_fifo_gen/gconvfifo.rf/grf.rf/gntv_or_sync_fifo.gcx.clkx/rd_pntr_cdc_inst/src_gray_ff_reg[7]/Q
                         net (fo=1, routed)           0.482     0.830    u_rgmii_bridge/fifo_generator_0_inst/U0/inst_fifo_gen/gconvfifo.rf/grf.rf/gntv_or_sync_fifo.gcx.clkx/rd_pntr_cdc_inst/async_path[7]
    SLICE_X102Y127       FDRE                                         r  u_rgmii_bridge/fifo_generator_0_inst/U0/inst_fifo_gen/gconvfifo.rf/grf.rf/gntv_or_sync_fifo.gcx.clkx/rd_pntr_cdc_inst/dest_graysync_ff_reg[0][7]/D
  -------------------------------------------------------------------    -------------------

                         max delay                    8.000     8.000    
    SLICE_X102Y127       FDRE (Setup_fdre_C_D)       -0.166     7.834    u_rgmii_bridge/fifo_generator_0_inst/U0/inst_fifo_gen/gconvfifo.rf/grf.rf/gntv_or_sync_fifo.gcx.clkx/rd_pntr_cdc_inst/dest_graysync_ff_reg[0][7]
  -------------------------------------------------------------------
                         required time                          7.834    
                         arrival time                          -0.830    
  -------------------------------------------------------------------
                         slack                                  7.004    

Slack (MET) :             7.079ns  (required time - arrival time)
  Source:                 u_rgmii_bridge/fifo_generator_0_inst/U0/inst_fifo_gen/gconvfifo.rf/grf.rf/gntv_or_sync_fifo.gcx.clkx/rd_pntr_cdc_inst/src_gray_ff_reg[2]/C
                            (rising edge-triggered cell FDRE clocked by clk_out3_clk_wiz_0  {rise@0.000ns fall@4.000ns period=8.000ns})
  Destination:            u_rgmii_bridge/fifo_generator_0_inst/U0/inst_fifo_gen/gconvfifo.rf/grf.rf/gntv_or_sync_fifo.gcx.clkx/rd_pntr_cdc_inst/dest_graysync_ff_reg[0][2]/D
                            (rising edge-triggered cell FDRE clocked by clk_out2_clk_wiz_0  {rise@0.000ns fall@5.000ns period=10.000ns})
  Path Group:             clk_out2_clk_wiz_0
  Path Type:              Setup (Max at Slow Process Corner)
  Requirement:            8.000ns  (MaxDelay Path 8.000ns)
  Data Path Delay:        0.888ns  (logic 0.433ns (48.783%)  route 0.455ns (51.217%))
  Logic Levels:           0  
  Timing Exception:       MaxDelay Path 8.000ns -datapath_only

    Location             Delay type                Incr(ns)  Path(ns)    Netlist Resource(s)
  -------------------------------------------------------------------    -------------------
    SLICE_X104Y125                                    0.000     0.000 r  u_rgmii_bridge/fifo_generator_0_inst/U0/inst_fifo_gen/gconvfifo.rf/grf.rf/gntv_or_sync_fifo.gcx.clkx/rd_pntr_cdc_inst/src_gray_ff_reg[2]/C
    SLICE_X104Y125       FDRE (Prop_fdre_C_Q)         0.433     0.433 r  u_rgmii_bridge/fifo_generator_0_inst/U0/inst_fifo_gen/gconvfifo.rf/grf.rf/gntv_or_sync_fifo.gcx.clkx/rd_pntr_cdc_inst/src_gray_ff_reg[2]/Q
                         net (fo=1, routed)           0.455     0.888    u_rgmii_bridge/fifo_generator_0_inst/U0/inst_fifo_gen/gconvfifo.rf/grf.rf/gntv_or_sync_fifo.gcx.clkx/rd_pntr_cdc_inst/async_path[2]
    SLICE_X100Y125       FDRE                                         r  u_rgmii_bridge/fifo_generator_0_inst/U0/inst_fifo_gen/gconvfifo.rf/grf.rf/gntv_or_sync_fifo.gcx.clkx/rd_pntr_cdc_inst/dest_graysync_ff_reg[0][2]/D
  -------------------------------------------------------------------    -------------------

                         max delay                    8.000     8.000    
    SLICE_X100Y125       FDRE (Setup_fdre_C_D)       -0.033     7.967    u_rgmii_bridge/fifo_generator_0_inst/U0/inst_fifo_gen/gconvfifo.rf/grf.rf/gntv_or_sync_fifo.gcx.clkx/rd_pntr_cdc_inst/dest_graysync_ff_reg[0][2]
  -------------------------------------------------------------------
                         required time                          7.967    
                         arrival time                          -0.888    
  -------------------------------------------------------------------
                         slack                                  7.079    

Slack (MET) :             7.092ns  (required time - arrival time)
  Source:                 u_rgmii_bridge/fifo_generator_0_inst/U0/inst_fifo_gen/gconvfifo.rf/grf.rf/gntv_or_sync_fifo.gcx.clkx/rd_pntr_cdc_inst/src_gray_ff_reg[0]/C
                            (rising edge-triggered cell FDRE clocked by clk_out3_clk_wiz_0  {rise@0.000ns fall@4.000ns period=8.000ns})
  Destination:            u_rgmii_bridge/fifo_generator_0_inst/U0/inst_fifo_gen/gconvfifo.rf/grf.rf/gntv_or_sync_fifo.gcx.clkx/rd_pntr_cdc_inst/dest_graysync_ff_reg[0][0]/D
                            (rising edge-triggered cell FDRE clocked by clk_out2_clk_wiz_0  {rise@0.000ns fall@5.000ns period=10.000ns})
  Path Group:             clk_out2_clk_wiz_0
  Path Type:              Setup (Max at Slow Process Corner)
  Requirement:            8.000ns  (MaxDelay Path 8.000ns)
  Data Path Delay:        0.875ns  (logic 0.433ns (49.501%)  route 0.442ns (50.499%))
  Logic Levels:           0  
  Timing Exception:       MaxDelay Path 8.000ns -datapath_only

    Location             Delay type                Incr(ns)  Path(ns)    Netlist Resource(s)
  -------------------------------------------------------------------    -------------------
    SLICE_X104Y126                                    0.000     0.000 r  u_rgmii_bridge/fifo_generator_0_inst/U0/inst_fifo_gen/gconvfifo.rf/grf.rf/gntv_or_sync_fifo.gcx.clkx/rd_pntr_cdc_inst/src_gray_ff_reg[0]/C
    SLICE_X104Y126       FDRE (Prop_fdre_C_Q)         0.433     0.433 r  u_rgmii_bridge/fifo_generator_0_inst/U0/inst_fifo_gen/gconvfifo.rf/grf.rf/gntv_or_sync_fifo.gcx.clkx/rd_pntr_cdc_inst/src_gray_ff_reg[0]/Q
                         net (fo=1, routed)           0.442     0.875    u_rgmii_bridge/fifo_generator_0_inst/U0/inst_fifo_gen/gconvfifo.rf/grf.rf/gntv_or_sync_fifo.gcx.clkx/rd_pntr_cdc_inst/async_path[0]
    SLICE_X102Y126       FDRE                                         r  u_rgmii_bridge/fifo_generator_0_inst/U0/inst_fifo_gen/gconvfifo.rf/grf.rf/gntv_or_sync_fifo.gcx.clkx/rd_pntr_cdc_inst/dest_graysync_ff_reg[0][0]/D
  -------------------------------------------------------------------    -------------------

                         max delay                    8.000     8.000    
    SLICE_X102Y126       FDRE (Setup_fdre_C_D)       -0.033     7.967    u_rgmii_bridge/fifo_generator_0_inst/U0/inst_fifo_gen/gconvfifo.rf/grf.rf/gntv_or_sync_fifo.gcx.clkx/rd_pntr_cdc_inst/dest_graysync_ff_reg[0][0]
  -------------------------------------------------------------------
                         required time                          7.967    
                         arrival time                          -0.875    
  -------------------------------------------------------------------
                         slack                                  7.092    

Slack (MET) :             7.209ns  (required time - arrival time)
  Source:                 u_rgmii_bridge/fifo_generator_0_inst/U0/inst_fifo_gen/gconvfifo.rf/grf.rf/gntv_or_sync_fifo.gcx.clkx/rd_pntr_cdc_inst/src_gray_ff_reg[6]/C
                            (rising edge-triggered cell FDRE clocked by clk_out3_clk_wiz_0  {rise@0.000ns fall@4.000ns period=8.000ns})
  Destination:            u_rgmii_bridge/fifo_generator_0_inst/U0/inst_fifo_gen/gconvfifo.rf/grf.rf/gntv_or_sync_fifo.gcx.clkx/rd_pntr_cdc_inst/dest_graysync_ff_reg[0][6]/D
                            (rising edge-triggered cell FDRE clocked by clk_out2_clk_wiz_0  {rise@0.000ns fall@5.000ns period=10.000ns})
  Path Group:             clk_out2_clk_wiz_0
  Path Type:              Setup (Max at Slow Process Corner)
  Requirement:            8.000ns  (MaxDelay Path 8.000ns)
  Data Path Delay:        0.758ns  (logic 0.379ns (49.983%)  route 0.379ns (50.017%))
  Logic Levels:           0  
  Timing Exception:       MaxDelay Path 8.000ns -datapath_only

    Location             Delay type                Incr(ns)  Path(ns)    Netlist Resource(s)
  -------------------------------------------------------------------    -------------------
    SLICE_X103Y127                                    0.000     0.000 r  u_rgmii_bridge/fifo_generator_0_inst/U0/inst_fifo_gen/gconvfifo.rf/grf.rf/gntv_or_sync_fifo.gcx.clkx/rd_pntr_cdc_inst/src_gray_ff_reg[6]/C
    SLICE_X103Y127       FDRE (Prop_fdre_C_Q)         0.379     0.379 r  u_rgmii_bridge/fifo_generator_0_inst/U0/inst_fifo_gen/gconvfifo.rf/grf.rf/gntv_or_sync_fifo.gcx.clkx/rd_pntr_cdc_inst/src_gray_ff_reg[6]/Q
                         net (fo=1, routed)           0.379     0.758    u_rgmii_bridge/fifo_generator_0_inst/U0/inst_fifo_gen/gconvfifo.rf/grf.rf/gntv_or_sync_fifo.gcx.clkx/rd_pntr_cdc_inst/async_path[6]
    SLICE_X102Y127       FDRE                                         r  u_rgmii_bridge/fifo_generator_0_inst/U0/inst_fifo_gen/gconvfifo.rf/grf.rf/gntv_or_sync_fifo.gcx.clkx/rd_pntr_cdc_inst/dest_graysync_ff_reg[0][6]/D
  -------------------------------------------------------------------    -------------------

                         max delay                    8.000     8.000    
    SLICE_X102Y127       FDRE (Setup_fdre_C_D)       -0.033     7.967    u_rgmii_bridge/fifo_generator_0_inst/U0/inst_fifo_gen/gconvfifo.rf/grf.rf/gntv_or_sync_fifo.gcx.clkx/rd_pntr_cdc_inst/dest_graysync_ff_reg[0][6]
  -------------------------------------------------------------------
                         required time                          7.967    
                         arrival time                          -0.758    
  -------------------------------------------------------------------
                         slack                                  7.209    

Slack (MET) :             7.215ns  (required time - arrival time)
  Source:                 u_rgmii_bridge/fifo_generator_0_inst/U0/inst_fifo_gen/gconvfifo.rf/grf.rf/gntv_or_sync_fifo.gcx.clkx/rd_pntr_cdc_inst/src_gray_ff_reg[4]/C
                            (rising edge-triggered cell FDRE clocked by clk_out3_clk_wiz_0  {rise@0.000ns fall@4.000ns period=8.000ns})
  Destination:            u_rgmii_bridge/fifo_generator_0_inst/U0/inst_fifo_gen/gconvfifo.rf/grf.rf/gntv_or_sync_fifo.gcx.clkx/rd_pntr_cdc_inst/dest_graysync_ff_reg[0][4]/D
                            (rising edge-triggered cell FDRE clocked by clk_out2_clk_wiz_0  {rise@0.000ns fall@5.000ns period=10.000ns})
  Path Group:             clk_out2_clk_wiz_0
  Path Type:              Setup (Max at Slow Process Corner)
  Requirement:            8.000ns  (MaxDelay Path 8.000ns)
  Data Path Delay:        0.754ns  (logic 0.379ns (50.248%)  route 0.375ns (49.752%))
  Logic Levels:           0  
  Timing Exception:       MaxDelay Path 8.000ns -datapath_only

    Location             Delay type                Incr(ns)  Path(ns)    Netlist Resource(s)
  -------------------------------------------------------------------    -------------------
    SLICE_X103Y126                                    0.000     0.000 r  u_rgmii_bridge/fifo_generator_0_inst/U0/inst_fifo_gen/gconvfifo.rf/grf.rf/gntv_or_sync_fifo.gcx.clkx/rd_pntr_cdc_inst/src_gray_ff_reg[4]/C
    SLICE_X103Y126       FDRE (Prop_fdre_C_Q)         0.379     0.379 r  u_rgmii_bridge/fifo_generator_0_inst/U0/inst_fifo_gen/gconvfifo.rf/grf.rf/gntv_or_sync_fifo.gcx.clkx/rd_pntr_cdc_inst/src_gray_ff_reg[4]/Q
                         net (fo=1, routed)           0.375     0.754    u_rgmii_bridge/fifo_generator_0_inst/U0/inst_fifo_gen/gconvfifo.rf/grf.rf/gntv_or_sync_fifo.gcx.clkx/rd_pntr_cdc_inst/async_path[4]
    SLICE_X102Y126       FDRE                                         r  u_rgmii_bridge/fifo_generator_0_inst/U0/inst_fifo_gen/gconvfifo.rf/grf.rf/gntv_or_sync_fifo.gcx.clkx/rd_pntr_cdc_inst/dest_graysync_ff_reg[0][4]/D
  -------------------------------------------------------------------    -------------------

                         max delay                    8.000     8.000    
    SLICE_X102Y126       FDRE (Setup_fdre_C_D)       -0.031     7.969    u_rgmii_bridge/fifo_generator_0_inst/U0/inst_fifo_gen/gconvfifo.rf/grf.rf/gntv_or_sync_fifo.gcx.clkx/rd_pntr_cdc_inst/dest_graysync_ff_reg[0][4]
  -------------------------------------------------------------------
                         required time                          7.969    
                         arrival time                          -0.754    
  -------------------------------------------------------------------
                         slack                                  7.215    

Slack (MET) :             7.217ns  (required time - arrival time)
  Source:                 u_rgmii_bridge/fifo_generator_0_inst/U0/inst_fifo_gen/gconvfifo.rf/grf.rf/gntv_or_sync_fifo.gcx.clkx/rd_pntr_cdc_inst/src_gray_ff_reg[8]/C
                            (rising edge-triggered cell FDRE clocked by clk_out3_clk_wiz_0  {rise@0.000ns fall@4.000ns period=8.000ns})
  Destination:            u_rgmii_bridge/fifo_generator_0_inst/U0/inst_fifo_gen/gconvfifo.rf/grf.rf/gntv_or_sync_fifo.gcx.clkx/rd_pntr_cdc_inst/dest_graysync_ff_reg[0][8]/D
                            (rising edge-triggered cell FDRE clocked by clk_out2_clk_wiz_0  {rise@0.000ns fall@5.000ns period=10.000ns})
  Path Group:             clk_out2_clk_wiz_0
  Path Type:              Setup (Max at Slow Process Corner)
  Requirement:            8.000ns  (MaxDelay Path 8.000ns)
  Data Path Delay:        0.752ns  (logic 0.379ns (50.382%)  route 0.373ns (49.618%))
  Logic Levels:           0  
  Timing Exception:       MaxDelay Path 8.000ns -datapath_only

    Location             Delay type                Incr(ns)  Path(ns)    Netlist Resource(s)
  -------------------------------------------------------------------    -------------------
    SLICE_X103Y127                                    0.000     0.000 r  u_rgmii_bridge/fifo_generator_0_inst/U0/inst_fifo_gen/gconvfifo.rf/grf.rf/gntv_or_sync_fifo.gcx.clkx/rd_pntr_cdc_inst/src_gray_ff_reg[8]/C
    SLICE_X103Y127       FDRE (Prop_fdre_C_Q)         0.379     0.379 r  u_rgmii_bridge/fifo_generator_0_inst/U0/inst_fifo_gen/gconvfifo.rf/grf.rf/gntv_or_sync_fifo.gcx.clkx/rd_pntr_cdc_inst/src_gray_ff_reg[8]/Q
                         net (fo=1, routed)           0.373     0.752    u_rgmii_bridge/fifo_generator_0_inst/U0/inst_fifo_gen/gconvfifo.rf/grf.rf/gntv_or_sync_fifo.gcx.clkx/rd_pntr_cdc_inst/async_path[8]
    SLICE_X102Y127       FDRE                                         r  u_rgmii_bridge/fifo_generator_0_inst/U0/inst_fifo_gen/gconvfifo.rf/grf.rf/gntv_or_sync_fifo.gcx.clkx/rd_pntr_cdc_inst/dest_graysync_ff_reg[0][8]/D
  -------------------------------------------------------------------    -------------------

                         max delay                    8.000     8.000    
    SLICE_X102Y127       FDRE (Setup_fdre_C_D)       -0.031     7.969    u_rgmii_bridge/fifo_generator_0_inst/U0/inst_fifo_gen/gconvfifo.rf/grf.rf/gntv_or_sync_fifo.gcx.clkx/rd_pntr_cdc_inst/dest_graysync_ff_reg[0][8]
  -------------------------------------------------------------------
                         required time                          7.969    
                         arrival time                          -0.752    
  -------------------------------------------------------------------
                         slack                                  7.217    





---------------------------------------------------------------------------------------------------
From Clock:  clk_out2_clk_wiz_0
  To Clock:  clk_out3_clk_wiz_0

Setup :            0  Failing Endpoints,  Worst Slack        9.035ns,  Total Violation        0.000ns
Hold  :           NA  Failing Endpoints,  Worst Slack           NA  ,  Total Violation           NA
---------------------------------------------------------------------------------------------------


Max Delay Paths
--------------------------------------------------------------------------------------
Slack (MET) :             9.035ns  (required time - arrival time)
  Source:                 u_rgmii_bridge/fifo_generator_0_inst/U0/inst_fifo_gen/gconvfifo.rf/grf.rf/gntv_or_sync_fifo.gcx.clkx/wr_pntr_cdc_inst/src_gray_ff_reg[5]/C
                            (rising edge-triggered cell FDRE clocked by clk_out2_clk_wiz_0  {rise@0.000ns fall@5.000ns period=10.000ns})
  Destination:            u_rgmii_bridge/fifo_generator_0_inst/U0/inst_fifo_gen/gconvfifo.rf/grf.rf/gntv_or_sync_fifo.gcx.clkx/wr_pntr_cdc_inst/dest_graysync_ff_reg[0][5]/D
                            (rising edge-triggered cell FDRE clocked by clk_out3_clk_wiz_0  {rise@0.000ns fall@4.000ns period=8.000ns})
  Path Group:             clk_out3_clk_wiz_0
  Path Type:              Setup (Max at Slow Process Corner)
  Requirement:            10.000ns  (MaxDelay Path 10.000ns)
  Data Path Delay:        0.765ns  (logic 0.398ns (52.022%)  route 0.367ns (47.978%))
  Logic Levels:           0  
  Timing Exception:       MaxDelay Path 10.000ns -datapath_only

    Location             Delay type                Incr(ns)  Path(ns)    Netlist Resource(s)
  -------------------------------------------------------------------    -------------------
    SLICE_X104Y127                                    0.000     0.000 r  u_rgmii_bridge/fifo_generator_0_inst/U0/inst_fifo_gen/gconvfifo.rf/grf.rf/gntv_or_sync_fifo.gcx.clkx/wr_pntr_cdc_inst/src_gray_ff_reg[5]/C
    SLICE_X104Y127       FDRE (Prop_fdre_C_Q)         0.398     0.398 r  u_rgmii_bridge/fifo_generator_0_inst/U0/inst_fifo_gen/gconvfifo.rf/grf.rf/gntv_or_sync_fifo.gcx.clkx/wr_pntr_cdc_inst/src_gray_ff_reg[5]/Q
                         net (fo=1, routed)           0.367     0.765    u_rgmii_bridge/fifo_generator_0_inst/U0/inst_fifo_gen/gconvfifo.rf/grf.rf/gntv_or_sync_fifo.gcx.clkx/wr_pntr_cdc_inst/async_path[5]
    SLICE_X105Y126       FDRE                                         r  u_rgmii_bridge/fifo_generator_0_inst/U0/inst_fifo_gen/gconvfifo.rf/grf.rf/gntv_or_sync_fifo.gcx.clkx/wr_pntr_cdc_inst/dest_graysync_ff_reg[0][5]/D
  -------------------------------------------------------------------    -------------------

                         max delay                   10.000    10.000    
    SLICE_X105Y126       FDRE (Setup_fdre_C_D)       -0.200     9.800    u_rgmii_bridge/fifo_generator_0_inst/U0/inst_fifo_gen/gconvfifo.rf/grf.rf/gntv_or_sync_fifo.gcx.clkx/wr_pntr_cdc_inst/dest_graysync_ff_reg[0][5]
  -------------------------------------------------------------------
                         required time                          9.800    
                         arrival time                          -0.765    
  -------------------------------------------------------------------
                         slack                                  9.035    

Slack (MET) :             9.046ns  (required time - arrival time)
  Source:                 u_rgmii_bridge/fifo_generator_0_inst/U0/inst_fifo_gen/gconvfifo.rf/grf.rf/gntv_or_sync_fifo.gcx.clkx/wr_pntr_cdc_inst/src_gray_ff_reg[0]/C
                            (rising edge-triggered cell FDRE clocked by clk_out2_clk_wiz_0  {rise@0.000ns fall@5.000ns period=10.000ns})
  Destination:            u_rgmii_bridge/fifo_generator_0_inst/U0/inst_fifo_gen/gconvfifo.rf/grf.rf/gntv_or_sync_fifo.gcx.clkx/wr_pntr_cdc_inst/dest_graysync_ff_reg[0][0]/D
                            (rising edge-triggered cell FDRE clocked by clk_out3_clk_wiz_0  {rise@0.000ns fall@4.000ns period=8.000ns})
  Path Group:             clk_out3_clk_wiz_0
  Path Type:              Setup (Max at Slow Process Corner)
  Requirement:            10.000ns  (MaxDelay Path 10.000ns)
  Data Path Delay:        0.879ns  (logic 0.433ns (49.245%)  route 0.446ns (50.755%))
  Logic Levels:           0  
  Timing Exception:       MaxDelay Path 10.000ns -datapath_only

    Location             Delay type                Incr(ns)  Path(ns)    Netlist Resource(s)
  -------------------------------------------------------------------    -------------------
    SLICE_X104Y127                                    0.000     0.000 r  u_rgmii_bridge/fifo_generator_0_inst/U0/inst_fifo_gen/gconvfifo.rf/grf.rf/gntv_or_sync_fifo.gcx.clkx/wr_pntr_cdc_inst/src_gray_ff_reg[0]/C
    SLICE_X104Y127       FDRE (Prop_fdre_C_Q)         0.433     0.433 r  u_rgmii_bridge/fifo_generator_0_inst/U0/inst_fifo_gen/gconvfifo.rf/grf.rf/gntv_or_sync_fifo.gcx.clkx/wr_pntr_cdc_inst/src_gray_ff_reg[0]/Q
                         net (fo=1, routed)           0.446     0.879    u_rgmii_bridge/fifo_generator_0_inst/U0/inst_fifo_gen/gconvfifo.rf/grf.rf/gntv_or_sync_fifo.gcx.clkx/wr_pntr_cdc_inst/async_path[0]
    SLICE_X105Y125       FDRE                                         r  u_rgmii_bridge/fifo_generator_0_inst/U0/inst_fifo_gen/gconvfifo.rf/grf.rf/gntv_or_sync_fifo.gcx.clkx/wr_pntr_cdc_inst/dest_graysync_ff_reg[0][0]/D
  -------------------------------------------------------------------    -------------------

                         max delay                   10.000    10.000    
    SLICE_X105Y125       FDRE (Setup_fdre_C_D)       -0.075     9.925    u_rgmii_bridge/fifo_generator_0_inst/U0/inst_fifo_gen/gconvfifo.rf/grf.rf/gntv_or_sync_fifo.gcx.clkx/wr_pntr_cdc_inst/dest_graysync_ff_reg[0][0]
  -------------------------------------------------------------------
                         required time                          9.925    
                         arrival time                          -0.879    
  -------------------------------------------------------------------
                         slack                                  9.046    

Slack (MET) :             9.047ns  (required time - arrival time)
  Source:                 u_rgmii_bridge/fifo_generator_0_inst/U0/inst_fifo_gen/gconvfifo.rf/grf.rf/gntv_or_sync_fifo.gcx.clkx/wr_pntr_cdc_inst/src_gray_ff_reg[3]/C
                            (rising edge-triggered cell FDRE clocked by clk_out2_clk_wiz_0  {rise@0.000ns fall@5.000ns period=10.000ns})
  Destination:            u_rgmii_bridge/fifo_generator_0_inst/U0/inst_fifo_gen/gconvfifo.rf/grf.rf/gntv_or_sync_fifo.gcx.clkx/wr_pntr_cdc_inst/dest_graysync_ff_reg[0][3]/D
                            (rising edge-triggered cell FDRE clocked by clk_out3_clk_wiz_0  {rise@0.000ns fall@4.000ns period=8.000ns})
  Path Group:             clk_out3_clk_wiz_0
  Path Type:              Setup (Max at Slow Process Corner)
  Requirement:            10.000ns  (MaxDelay Path 10.000ns)
  Data Path Delay:        0.748ns  (logic 0.398ns (53.200%)  route 0.350ns (46.800%))
  Logic Levels:           0  
  Timing Exception:       MaxDelay Path 10.000ns -datapath_only

    Location             Delay type                Incr(ns)  Path(ns)    Netlist Resource(s)
  -------------------------------------------------------------------    -------------------
    SLICE_X104Y127                                    0.000     0.000 r  u_rgmii_bridge/fifo_generator_0_inst/U0/inst_fifo_gen/gconvfifo.rf/grf.rf/gntv_or_sync_fifo.gcx.clkx/wr_pntr_cdc_inst/src_gray_ff_reg[3]/C
    SLICE_X104Y127       FDRE (Prop_fdre_C_Q)         0.398     0.398 r  u_rgmii_bridge/fifo_generator_0_inst/U0/inst_fifo_gen/gconvfifo.rf/grf.rf/gntv_or_sync_fifo.gcx.clkx/wr_pntr_cdc_inst/src_gray_ff_reg[3]/Q
                         net (fo=1, routed)           0.350     0.748    u_rgmii_bridge/fifo_generator_0_inst/U0/inst_fifo_gen/gconvfifo.rf/grf.rf/gntv_or_sync_fifo.gcx.clkx/wr_pntr_cdc_inst/async_path[3]
    SLICE_X105Y126       FDRE                                         r  u_rgmii_bridge/fifo_generator_0_inst/U0/inst_fifo_gen/gconvfifo.rf/grf.rf/gntv_or_sync_fifo.gcx.clkx/wr_pntr_cdc_inst/dest_graysync_ff_reg[0][3]/D
  -------------------------------------------------------------------    -------------------

                         max delay                   10.000    10.000    
    SLICE_X105Y126       FDRE (Setup_fdre_C_D)       -0.205     9.795    u_rgmii_bridge/fifo_generator_0_inst/U0/inst_fifo_gen/gconvfifo.rf/grf.rf/gntv_or_sync_fifo.gcx.clkx/wr_pntr_cdc_inst/dest_graysync_ff_reg[0][3]
  -------------------------------------------------------------------
                         required time                          9.795    
                         arrival time                          -0.748    
  -------------------------------------------------------------------
                         slack                                  9.047    

Slack (MET) :             9.076ns  (required time - arrival time)
  Source:                 u_rgmii_bridge/fifo_generator_0_inst/U0/inst_fifo_gen/gconvfifo.rf/grf.rf/gntv_or_sync_fifo.gcx.clkx/wr_pntr_cdc_inst/src_gray_ff_reg[7]/C
                            (rising edge-triggered cell FDRE clocked by clk_out2_clk_wiz_0  {rise@0.000ns fall@5.000ns period=10.000ns})
  Destination:            u_rgmii_bridge/fifo_generator_0_inst/U0/inst_fifo_gen/gconvfifo.rf/grf.rf/gntv_or_sync_fifo.gcx.clkx/wr_pntr_cdc_inst/dest_graysync_ff_reg[0][7]/D
                            (rising edge-triggered cell FDRE clocked by clk_out3_clk_wiz_0  {rise@0.000ns fall@4.000ns period=8.000ns})
  Path Group:             clk_out3_clk_wiz_0
  Path Type:              Setup (Max at Slow Process Corner)
  Requirement:            10.000ns  (MaxDelay Path 10.000ns)
  Data Path Delay:        0.764ns  (logic 0.398ns (52.107%)  route 0.366ns (47.893%))
  Logic Levels:           0  
  Timing Exception:       MaxDelay Path 10.000ns -datapath_only

    Location             Delay type                Incr(ns)  Path(ns)    Netlist Resource(s)
  -------------------------------------------------------------------    -------------------
    SLICE_X104Y127                                    0.000     0.000 r  u_rgmii_bridge/fifo_generator_0_inst/U0/inst_fifo_gen/gconvfifo.rf/grf.rf/gntv_or_sync_fifo.gcx.clkx/wr_pntr_cdc_inst/src_gray_ff_reg[7]/C
    SLICE_X104Y127       FDRE (Prop_fdre_C_Q)         0.398     0.398 r  u_rgmii_bridge/fifo_generator_0_inst/U0/inst_fifo_gen/gconvfifo.rf/grf.rf/gntv_or_sync_fifo.gcx.clkx/wr_pntr_cdc_inst/src_gray_ff_reg[7]/Q
                         net (fo=1, routed)           0.366     0.764    u_rgmii_bridge/fifo_generator_0_inst/U0/inst_fifo_gen/gconvfifo.rf/grf.rf/gntv_or_sync_fifo.gcx.clkx/wr_pntr_cdc_inst/async_path[7]
    SLICE_X104Y126       FDRE                                         r  u_rgmii_bridge/fifo_generator_0_inst/U0/inst_fifo_gen/gconvfifo.rf/grf.rf/gntv_or_sync_fifo.gcx.clkx/wr_pntr_cdc_inst/dest_graysync_ff_reg[0][7]/D
  -------------------------------------------------------------------    -------------------

                         max delay                   10.000    10.000    
    SLICE_X104Y126       FDRE (Setup_fdre_C_D)       -0.160     9.840    u_rgmii_bridge/fifo_generator_0_inst/U0/inst_fifo_gen/gconvfifo.rf/grf.rf/gntv_or_sync_fifo.gcx.clkx/wr_pntr_cdc_inst/dest_graysync_ff_reg[0][7]
  -------------------------------------------------------------------
                         required time                          9.840    
                         arrival time                          -0.764    
  -------------------------------------------------------------------
                         slack                                  9.076    

Slack (MET) :             9.104ns  (required time - arrival time)
  Source:                 u_rgmii_bridge/fifo_generator_0_inst/U0/inst_fifo_gen/gconvfifo.rf/grf.rf/gntv_or_sync_fifo.gcx.clkx/wr_pntr_cdc_inst/src_gray_ff_reg[1]/C
                            (rising edge-triggered cell FDRE clocked by clk_out2_clk_wiz_0  {rise@0.000ns fall@5.000ns period=10.000ns})
  Destination:            u_rgmii_bridge/fifo_generator_0_inst/U0/inst_fifo_gen/gconvfifo.rf/grf.rf/gntv_or_sync_fifo.gcx.clkx/wr_pntr_cdc_inst/dest_graysync_ff_reg[0][1]/D
                            (rising edge-triggered cell FDRE clocked by clk_out3_clk_wiz_0  {rise@0.000ns fall@4.000ns period=8.000ns})
  Path Group:             clk_out3_clk_wiz_0
  Path Type:              Setup (Max at Slow Process Corner)
  Requirement:            10.000ns  (MaxDelay Path 10.000ns)
  Data Path Delay:        0.740ns  (logic 0.398ns (53.765%)  route 0.342ns (46.235%))
  Logic Levels:           0  
  Timing Exception:       MaxDelay Path 10.000ns -datapath_only

    Location             Delay type                Incr(ns)  Path(ns)    Netlist Resource(s)
  -------------------------------------------------------------------    -------------------
    SLICE_X104Y127                                    0.000     0.000 r  u_rgmii_bridge/fifo_generator_0_inst/U0/inst_fifo_gen/gconvfifo.rf/grf.rf/gntv_or_sync_fifo.gcx.clkx/wr_pntr_cdc_inst/src_gray_ff_reg[1]/C
    SLICE_X104Y127       FDRE (Prop_fdre_C_Q)         0.398     0.398 r  u_rgmii_bridge/fifo_generator_0_inst/U0/inst_fifo_gen/gconvfifo.rf/grf.rf/gntv_or_sync_fifo.gcx.clkx/wr_pntr_cdc_inst/src_gray_ff_reg[1]/Q
                         net (fo=1, routed)           0.342     0.740    u_rgmii_bridge/fifo_generator_0_inst/U0/inst_fifo_gen/gconvfifo.rf/grf.rf/gntv_or_sync_fifo.gcx.clkx/wr_pntr_cdc_inst/async_path[1]
    SLICE_X104Y125       FDRE                                         r  u_rgmii_bridge/fifo_generator_0_inst/U0/inst_fifo_gen/gconvfifo.rf/grf.rf/gntv_or_sync_fifo.gcx.clkx/wr_pntr_cdc_inst/dest_graysync_ff_reg[0][1]/D
  -------------------------------------------------------------------    -------------------

                         max delay                   10.000    10.000    
    SLICE_X104Y125       FDRE (Setup_fdre_C_D)       -0.156     9.844    u_rgmii_bridge/fifo_generator_0_inst/U0/inst_fifo_gen/gconvfifo.rf/grf.rf/gntv_or_sync_fifo.gcx.clkx/wr_pntr_cdc_inst/dest_graysync_ff_reg[0][1]
  -------------------------------------------------------------------
                         required time                          9.844    
                         arrival time                          -0.740    
  -------------------------------------------------------------------
                         slack                                  9.104    

Slack (MET) :             9.175ns  (required time - arrival time)
  Source:                 u_rgmii_bridge/fifo_generator_0_inst/U0/inst_fifo_gen/gconvfifo.rf/grf.rf/gntv_or_sync_fifo.gcx.clkx/wr_pntr_cdc_inst/src_gray_ff_reg[8]/C
                            (rising edge-triggered cell FDRE clocked by clk_out2_clk_wiz_0  {rise@0.000ns fall@5.000ns period=10.000ns})
  Destination:            u_rgmii_bridge/fifo_generator_0_inst/U0/inst_fifo_gen/gconvfifo.rf/grf.rf/gntv_or_sync_fifo.gcx.clkx/wr_pntr_cdc_inst/dest_graysync_ff_reg[0][8]/D
                            (rising edge-triggered cell FDRE clocked by clk_out3_clk_wiz_0  {rise@0.000ns fall@4.000ns period=8.000ns})
  Path Group:             clk_out3_clk_wiz_0
  Path Type:              Setup (Max at Slow Process Corner)
  Requirement:            10.000ns  (MaxDelay Path 10.000ns)
  Data Path Delay:        0.750ns  (logic 0.379ns (50.516%)  route 0.371ns (49.484%))
  Logic Levels:           0  
  Timing Exception:       MaxDelay Path 10.000ns -datapath_only

    Location             Delay type                Incr(ns)  Path(ns)    Netlist Resource(s)
  -------------------------------------------------------------------    -------------------
    SLICE_X107Y127                                    0.000     0.000 r  u_rgmii_bridge/fifo_generator_0_inst/U0/inst_fifo_gen/gconvfifo.rf/grf.rf/gntv_or_sync_fifo.gcx.clkx/wr_pntr_cdc_inst/src_gray_ff_reg[8]/C
    SLICE_X107Y127       FDRE (Prop_fdre_C_Q)         0.379     0.379 r  u_rgmii_bridge/fifo_generator_0_inst/U0/inst_fifo_gen/gconvfifo.rf/grf.rf/gntv_or_sync_fifo.gcx.clkx/wr_pntr_cdc_inst/src_gray_ff_reg[8]/Q
                         net (fo=1, routed)           0.371     0.750    u_rgmii_bridge/fifo_generator_0_inst/U0/inst_fifo_gen/gconvfifo.rf/grf.rf/gntv_or_sync_fifo.gcx.clkx/wr_pntr_cdc_inst/async_path[8]
    SLICE_X107Y126       FDRE                                         r  u_rgmii_bridge/fifo_generator_0_inst/U0/inst_fifo_gen/gconvfifo.rf/grf.rf/gntv_or_sync_fifo.gcx.clkx/wr_pntr_cdc_inst/dest_graysync_ff_reg[0][8]/D
  -------------------------------------------------------------------    -------------------

                         max delay                   10.000    10.000    
    SLICE_X107Y126       FDRE (Setup_fdre_C_D)       -0.075     9.925    u_rgmii_bridge/fifo_generator_0_inst/U0/inst_fifo_gen/gconvfifo.rf/grf.rf/gntv_or_sync_fifo.gcx.clkx/wr_pntr_cdc_inst/dest_graysync_ff_reg[0][8]
  -------------------------------------------------------------------
                         required time                          9.925    
                         arrival time                          -0.750    
  -------------------------------------------------------------------
                         slack                                  9.175    

Slack (MET) :             9.184ns  (required time - arrival time)
  Source:                 u_rgmii_bridge/fifo_generator_0_inst/U0/inst_fifo_gen/gconvfifo.rf/grf.rf/gntv_or_sync_fifo.gcx.clkx/wr_pntr_cdc_inst/src_gray_ff_reg[4]/C
                            (rising edge-triggered cell FDRE clocked by clk_out2_clk_wiz_0  {rise@0.000ns fall@5.000ns period=10.000ns})
  Destination:            u_rgmii_bridge/fifo_generator_0_inst/U0/inst_fifo_gen/gconvfifo.rf/grf.rf/gntv_or_sync_fifo.gcx.clkx/wr_pntr_cdc_inst/dest_graysync_ff_reg[0][4]/D
                            (rising edge-triggered cell FDRE clocked by clk_out3_clk_wiz_0  {rise@0.000ns fall@4.000ns period=8.000ns})
  Path Group:             clk_out3_clk_wiz_0
  Path Type:              Setup (Max at Slow Process Corner)
  Requirement:            10.000ns  (MaxDelay Path 10.000ns)
  Data Path Delay:        0.787ns  (logic 0.433ns (55.037%)  route 0.354ns (44.963%))
  Logic Levels:           0  
  Timing Exception:       MaxDelay Path 10.000ns -datapath_only

    Location             Delay type                Incr(ns)  Path(ns)    Netlist Resource(s)
  -------------------------------------------------------------------    -------------------
    SLICE_X104Y127                                    0.000     0.000 r  u_rgmii_bridge/fifo_generator_0_inst/U0/inst_fifo_gen/gconvfifo.rf/grf.rf/gntv_or_sync_fifo.gcx.clkx/wr_pntr_cdc_inst/src_gray_ff_reg[4]/C
    SLICE_X104Y127       FDRE (Prop_fdre_C_Q)         0.433     0.433 r  u_rgmii_bridge/fifo_generator_0_inst/U0/inst_fifo_gen/gconvfifo.rf/grf.rf/gntv_or_sync_fifo.gcx.clkx/wr_pntr_cdc_inst/src_gray_ff_reg[4]/Q
                         net (fo=1, routed)           0.354     0.787    u_rgmii_bridge/fifo_generator_0_inst/U0/inst_fifo_gen/gconvfifo.rf/grf.rf/gntv_or_sync_fifo.gcx.clkx/wr_pntr_cdc_inst/async_path[4]
    SLICE_X104Y126       FDRE                                         r  u_rgmii_bridge/fifo_generator_0_inst/U0/inst_fifo_gen/gconvfifo.rf/grf.rf/gntv_or_sync_fifo.gcx.clkx/wr_pntr_cdc_inst/dest_graysync_ff_reg[0][4]/D
  -------------------------------------------------------------------    -------------------

                         max delay                   10.000    10.000    
    SLICE_X104Y126       FDRE (Setup_fdre_C_D)       -0.029     9.971    u_rgmii_bridge/fifo_generator_0_inst/U0/inst_fifo_gen/gconvfifo.rf/grf.rf/gntv_or_sync_fifo.gcx.clkx/wr_pntr_cdc_inst/dest_graysync_ff_reg[0][4]
  -------------------------------------------------------------------
                         required time                          9.971    
                         arrival time                          -0.787    
  -------------------------------------------------------------------
                         slack                                  9.184    

Slack (MET) :             9.190ns  (required time - arrival time)
  Source:                 u_rgmii_bridge/fifo_generator_0_inst/U0/inst_fifo_gen/gconvfifo.rf/grf.rf/gntv_or_sync_fifo.gcx.clkx/wr_pntr_cdc_inst/src_gray_ff_reg[6]/C
                            (rising edge-triggered cell FDRE clocked by clk_out2_clk_wiz_0  {rise@0.000ns fall@5.000ns period=10.000ns})
  Destination:            u_rgmii_bridge/fifo_generator_0_inst/U0/inst_fifo_gen/gconvfifo.rf/grf.rf/gntv_or_sync_fifo.gcx.clkx/wr_pntr_cdc_inst/dest_graysync_ff_reg[0][6]/D
                            (rising edge-triggered cell FDRE clocked by clk_out3_clk_wiz_0  {rise@0.000ns fall@4.000ns period=8.000ns})
  Path Group:             clk_out3_clk_wiz_0
  Path Type:              Setup (Max at Slow Process Corner)
  Requirement:            10.000ns  (MaxDelay Path 10.000ns)
  Data Path Delay:        0.779ns  (logic 0.433ns (55.554%)  route 0.346ns (44.446%))
  Logic Levels:           0  
  Timing Exception:       MaxDelay Path 10.000ns -datapath_only

    Location             Delay type                Incr(ns)  Path(ns)    Netlist Resource(s)
  -------------------------------------------------------------------    -------------------
    SLICE_X104Y127                                    0.000     0.000 r  u_rgmii_bridge/fifo_generator_0_inst/U0/inst_fifo_gen/gconvfifo.rf/grf.rf/gntv_or_sync_fifo.gcx.clkx/wr_pntr_cdc_inst/src_gray_ff_reg[6]/C
    SLICE_X104Y127       FDRE (Prop_fdre_C_Q)         0.433     0.433 r  u_rgmii_bridge/fifo_generator_0_inst/U0/inst_fifo_gen/gconvfifo.rf/grf.rf/gntv_or_sync_fifo.gcx.clkx/wr_pntr_cdc_inst/src_gray_ff_reg[6]/Q
                         net (fo=1, routed)           0.346     0.779    u_rgmii_bridge/fifo_generator_0_inst/U0/inst_fifo_gen/gconvfifo.rf/grf.rf/gntv_or_sync_fifo.gcx.clkx/wr_pntr_cdc_inst/async_path[6]
    SLICE_X104Y126       FDRE                                         r  u_rgmii_bridge/fifo_generator_0_inst/U0/inst_fifo_gen/gconvfifo.rf/grf.rf/gntv_or_sync_fifo.gcx.clkx/wr_pntr_cdc_inst/dest_graysync_ff_reg[0][6]/D
  -------------------------------------------------------------------    -------------------

                         max delay                   10.000    10.000    
    SLICE_X104Y126       FDRE (Setup_fdre_C_D)       -0.031     9.969    u_rgmii_bridge/fifo_generator_0_inst/U0/inst_fifo_gen/gconvfifo.rf/grf.rf/gntv_or_sync_fifo.gcx.clkx/wr_pntr_cdc_inst/dest_graysync_ff_reg[0][6]
  -------------------------------------------------------------------
                         required time                          9.969    
                         arrival time                          -0.779    
  -------------------------------------------------------------------
                         slack                                  9.190    

Slack (MET) :             9.196ns  (required time - arrival time)
  Source:                 u_rgmii_bridge/fifo_generator_0_inst/U0/inst_fifo_gen/gconvfifo.rf/grf.rf/gntv_or_sync_fifo.gcx.clkx/wr_pntr_cdc_inst/src_gray_ff_reg[2]/C
                            (rising edge-triggered cell FDRE clocked by clk_out2_clk_wiz_0  {rise@0.000ns fall@5.000ns period=10.000ns})
  Destination:            u_rgmii_bridge/fifo_generator_0_inst/U0/inst_fifo_gen/gconvfifo.rf/grf.rf/gntv_or_sync_fifo.gcx.clkx/wr_pntr_cdc_inst/dest_graysync_ff_reg[0][2]/D
                            (rising edge-triggered cell FDRE clocked by clk_out3_clk_wiz_0  {rise@0.000ns fall@4.000ns period=8.000ns})
  Path Group:             clk_out3_clk_wiz_0
  Path Type:              Setup (Max at Slow Process Corner)
  Requirement:            10.000ns  (MaxDelay Path 10.000ns)
  Data Path Delay:        0.773ns  (logic 0.433ns (55.985%)  route 0.340ns (44.015%))
  Logic Levels:           0  
  Timing Exception:       MaxDelay Path 10.000ns -datapath_only

    Location             Delay type                Incr(ns)  Path(ns)    Netlist Resource(s)
  -------------------------------------------------------------------    -------------------
    SLICE_X104Y127                                    0.000     0.000 r  u_rgmii_bridge/fifo_generator_0_inst/U0/inst_fifo_gen/gconvfifo.rf/grf.rf/gntv_or_sync_fifo.gcx.clkx/wr_pntr_cdc_inst/src_gray_ff_reg[2]/C
    SLICE_X104Y127       FDRE (Prop_fdre_C_Q)         0.433     0.433 r  u_rgmii_bridge/fifo_generator_0_inst/U0/inst_fifo_gen/gconvfifo.rf/grf.rf/gntv_or_sync_fifo.gcx.clkx/wr_pntr_cdc_inst/src_gray_ff_reg[2]/Q
                         net (fo=1, routed)           0.340     0.773    u_rgmii_bridge/fifo_generator_0_inst/U0/inst_fifo_gen/gconvfifo.rf/grf.rf/gntv_or_sync_fifo.gcx.clkx/wr_pntr_cdc_inst/async_path[2]
    SLICE_X104Y125       FDRE                                         r  u_rgmii_bridge/fifo_generator_0_inst/U0/inst_fifo_gen/gconvfifo.rf/grf.rf/gntv_or_sync_fifo.gcx.clkx/wr_pntr_cdc_inst/dest_graysync_ff_reg[0][2]/D
  -------------------------------------------------------------------    -------------------

                         max delay                   10.000    10.000    
    SLICE_X104Y125       FDRE (Setup_fdre_C_D)       -0.031     9.969    u_rgmii_bridge/fifo_generator_0_inst/U0/inst_fifo_gen/gconvfifo.rf/grf.rf/gntv_or_sync_fifo.gcx.clkx/wr_pntr_cdc_inst/dest_graysync_ff_reg[0][2]
  -------------------------------------------------------------------
                         required time                          9.969    
                         arrival time                          -0.773    
  -------------------------------------------------------------------
                         slack                                  9.196    





---------------------------------------------------------------------------------------------------
Path Group:  **async_default**
From Clock:  clk_out1_clk_wiz_0
  To Clock:  clk_out1_clk_wiz_0

Setup :            0  Failing Endpoints,  Worst Slack       15.968ns,  Total Violation        0.000ns
Hold  :            0  Failing Endpoints,  Worst Slack        0.735ns,  Total Violation        0.000ns
---------------------------------------------------------------------------------------------------


Max Delay Paths
--------------------------------------------------------------------------------------
Slack (MET) :             15.968ns  (required time - arrival time)
  Source:                 rst_sync2_50m_reg/C
                            (rising edge-triggered cell FDCE clocked by clk_out1_clk_wiz_0  {rise@0.000ns fall@10.000ns period=20.000ns})
  Destination:            u_nt39565d/oe1_reg/PRE
                            (recovery check against rising-edge clock clk_out1_clk_wiz_0  {rise@0.000ns fall@10.000ns period=20.000ns})
  Path Group:             **async_default**
  Path Type:              Recovery (Max at Slow Process Corner)
  Requirement:            20.000ns  (clk_out1_clk_wiz_0 rise@20.000ns - clk_out1_clk_wiz_0 rise@0.000ns)
  Data Path Delay:        3.601ns  (logic 0.538ns (14.940%)  route 3.063ns (85.060%))
  Logic Levels:           1  (LUT1=1)
  Clock Path Skew:        -0.037ns (DCD - SCD + CPR)
    Destination Clock Delay (DCD):    -1.240ns = ( 18.760 - 20.000 ) 
    Source Clock Delay      (SCD):    -0.808ns
    Clock Pessimism Removal (CPR):    0.396ns
  Clock Uncertainty:      0.102ns  ((TSJ^2 + DJ^2)^1/2) / 2 + PE
    Total System Jitter     (TSJ):    0.071ns
    Discrete Jitter          (DJ):    0.192ns
    Phase Error              (PE):    0.000ns

    Location             Delay type                Incr(ns)  Path(ns)    Netlist Resource(s)
  -------------------------------------------------------------------    -------------------
                         (clock clk_out1_clk_wiz_0 rise edge)
                                                      0.000     0.000 r  
    R4                                                0.000     0.000 r  sys_clk (IN)
                         net (fo=0)                   0.000     0.000    u_mmcm/inst/clk_in1
    R4                   IBUF (Prop_ibuf_I_O)         1.419     1.419 r  u_mmcm/inst/clkin1_ibufg/O
                         net (fo=1, routed)           1.065     2.484    u_mmcm/inst/clk_in1_clk_wiz_0
    MMCME2_ADV_X1Y2      MMCME2_ADV (Prop_mmcme2_adv_CLKIN1_CLKOUT0)
                                                     -6.273    -3.789 r  u_mmcm/inst/mmcm_adv_inst/CLKOUT0
                         net (fo=1, routed)           1.524    -2.265    u_mmcm/inst/clk_out1_clk_wiz_0
    BUFGCTRL_X0Y4        BUFG (Prop_bufg_I_O)         0.081    -2.184 r  u_mmcm/inst/clkout1_buf/O
                         net (fo=92, routed)          1.376    -0.808    gate_clk
    SLICE_X62Y172        FDCE                                         r  rst_sync2_50m_reg/C
  -------------------------------------------------------------------    -------------------
    SLICE_X62Y172        FDCE (Prop_fdce_C_Q)         0.433    -0.375 r  rst_sync2_50m_reg/Q
                         net (fo=1, routed)           0.546     0.172    u_nt39565d/O2[0]
    SLICE_X62Y172        LUT1 (Prop_lut1_I0_O)        0.105     0.277 f  u_nt39565d/FSM_onehot_state[9]_i_3/O
                         net (fo=90, routed)          2.517     2.794    u_nt39565d/rst_sync2_50m_reg
    SLICE_X42Y174        FDPE                                         f  u_nt39565d/oe1_reg/PRE
  -------------------------------------------------------------------    -------------------

                         (clock clk_out1_clk_wiz_0 rise edge)
                                                     20.000    20.000 r  
    R4                                                0.000    20.000 r  sys_clk (IN)
                         net (fo=0)                   0.000    20.000    u_mmcm/inst/clk_in1
    R4                   IBUF (Prop_ibuf_I_O)         1.353    21.353 r  u_mmcm/inst/clkin1_ibufg/O
                         net (fo=1, routed)           1.004    22.357    u_mmcm/inst/clk_in1_clk_wiz_0
    MMCME2_ADV_X1Y2      MMCME2_ADV (Prop_mmcme2_adv_CLKIN1_CLKOUT0)
                                                     -6.399    15.957 r  u_mmcm/inst/mmcm_adv_inst/CLKOUT0
                         net (fo=1, routed)           1.452    17.410    u_mmcm/inst/clk_out1_clk_wiz_0
    BUFGCTRL_X0Y4        BUFG (Prop_bufg_I_O)         0.077    17.487 r  u_mmcm/inst/clkout1_buf/O
                         net (fo=92, routed)          1.273    18.760    u_nt39565d/CLK
    SLICE_X42Y174        FDPE                                         r  u_nt39565d/oe1_reg/C
                         clock pessimism              0.396    19.155    
                         clock uncertainty           -0.102    19.053    
    SLICE_X42Y174        FDPE (Recov_fdpe_C_PRE)     -0.292    18.761    u_nt39565d/oe1_reg
  -------------------------------------------------------------------
                         required time                         18.761    
                         arrival time                          -2.794    
  -------------------------------------------------------------------
                         slack                                 15.968    

Slack (MET) :             15.968ns  (required time - arrival time)
  Source:                 rst_sync2_50m_reg/C
                            (rising edge-triggered cell FDCE clocked by clk_out1_clk_wiz_0  {rise@0.000ns fall@10.000ns period=20.000ns})
  Destination:            u_nt39565d/oe1_reg_lopt_replica/PRE
                            (recovery check against rising-edge clock clk_out1_clk_wiz_0  {rise@0.000ns fall@10.000ns period=20.000ns})
  Path Group:             **async_default**
  Path Type:              Recovery (Max at Slow Process Corner)
  Requirement:            20.000ns  (clk_out1_clk_wiz_0 rise@20.000ns - clk_out1_clk_wiz_0 rise@0.000ns)
  Data Path Delay:        3.601ns  (logic 0.538ns (14.940%)  route 3.063ns (85.060%))
  Logic Levels:           1  (LUT1=1)
  Clock Path Skew:        -0.037ns (DCD - SCD + CPR)
    Destination Clock Delay (DCD):    -1.240ns = ( 18.760 - 20.000 ) 
    Source Clock Delay      (SCD):    -0.808ns
    Clock Pessimism Removal (CPR):    0.396ns
  Clock Uncertainty:      0.102ns  ((TSJ^2 + DJ^2)^1/2) / 2 + PE
    Total System Jitter     (TSJ):    0.071ns
    Discrete Jitter          (DJ):    0.192ns
    Phase Error              (PE):    0.000ns

    Location             Delay type                Incr(ns)  Path(ns)    Netlist Resource(s)
  -------------------------------------------------------------------    -------------------
                         (clock clk_out1_clk_wiz_0 rise edge)
                                                      0.000     0.000 r  
    R4                                                0.000     0.000 r  sys_clk (IN)
                         net (fo=0)                   0.000     0.000    u_mmcm/inst/clk_in1
    R4                   IBUF (Prop_ibuf_I_O)         1.419     1.419 r  u_mmcm/inst/clkin1_ibufg/O
                         net (fo=1, routed)           1.065     2.484    u_mmcm/inst/clk_in1_clk_wiz_0
    MMCME2_ADV_X1Y2      MMCME2_ADV (Prop_mmcme2_adv_CLKIN1_CLKOUT0)
                                                     -6.273    -3.789 r  u_mmcm/inst/mmcm_adv_inst/CLKOUT0
                         net (fo=1, routed)           1.524    -2.265    u_mmcm/inst/clk_out1_clk_wiz_0
    BUFGCTRL_X0Y4        BUFG (Prop_bufg_I_O)         0.081    -2.184 r  u_mmcm/inst/clkout1_buf/O
                         net (fo=92, routed)          1.376    -0.808    gate_clk
    SLICE_X62Y172        FDCE                                         r  rst_sync2_50m_reg/C
  -------------------------------------------------------------------    -------------------
    SLICE_X62Y172        FDCE (Prop_fdce_C_Q)         0.433    -0.375 r  rst_sync2_50m_reg/Q
                         net (fo=1, routed)           0.546     0.172    u_nt39565d/O2[0]
    SLICE_X62Y172        LUT1 (Prop_lut1_I0_O)        0.105     0.277 f  u_nt39565d/FSM_onehot_state[9]_i_3/O
                         net (fo=90, routed)          2.517     2.794    u_nt39565d/rst_sync2_50m_reg
    SLICE_X42Y174        FDPE                                         f  u_nt39565d/oe1_reg_lopt_replica/PRE
  -------------------------------------------------------------------    -------------------

                         (clock clk_out1_clk_wiz_0 rise edge)
                                                     20.000    20.000 r  
    R4                                                0.000    20.000 r  sys_clk (IN)
                         net (fo=0)                   0.000    20.000    u_mmcm/inst/clk_in1
    R4                   IBUF (Prop_ibuf_I_O)         1.353    21.353 r  u_mmcm/inst/clkin1_ibufg/O
                         net (fo=1, routed)           1.004    22.357    u_mmcm/inst/clk_in1_clk_wiz_0
    MMCME2_ADV_X1Y2      MMCME2_ADV (Prop_mmcme2_adv_CLKIN1_CLKOUT0)
                                                     -6.399    15.957 r  u_mmcm/inst/mmcm_adv_inst/CLKOUT0
                         net (fo=1, routed)           1.452    17.410    u_mmcm/inst/clk_out1_clk_wiz_0
    BUFGCTRL_X0Y4        BUFG (Prop_bufg_I_O)         0.077    17.487 r  u_mmcm/inst/clkout1_buf/O
                         net (fo=92, routed)          1.273    18.760    u_nt39565d/CLK
    SLICE_X42Y174        FDPE                                         r  u_nt39565d/oe1_reg_lopt_replica/C
                         clock pessimism              0.396    19.155    
                         clock uncertainty           -0.102    19.053    
    SLICE_X42Y174        FDPE (Recov_fdpe_C_PRE)     -0.292    18.761    u_nt39565d/oe1_reg_lopt_replica
  -------------------------------------------------------------------
                         required time                         18.761    
                         arrival time                          -2.794    
  -------------------------------------------------------------------
                         slack                                 15.968    

Slack (MET) :             15.968ns  (required time - arrival time)
  Source:                 rst_sync2_50m_reg/C
                            (rising edge-triggered cell FDCE clocked by clk_out1_clk_wiz_0  {rise@0.000ns fall@10.000ns period=20.000ns})
  Destination:            u_nt39565d/oe1_reg_lopt_replica_2/PRE
                            (recovery check against rising-edge clock clk_out1_clk_wiz_0  {rise@0.000ns fall@10.000ns period=20.000ns})
  Path Group:             **async_default**
  Path Type:              Recovery (Max at Slow Process Corner)
  Requirement:            20.000ns  (clk_out1_clk_wiz_0 rise@20.000ns - clk_out1_clk_wiz_0 rise@0.000ns)
  Data Path Delay:        3.601ns  (logic 0.538ns (14.940%)  route 3.063ns (85.060%))
  Logic Levels:           1  (LUT1=1)
  Clock Path Skew:        -0.037ns (DCD - SCD + CPR)
    Destination Clock Delay (DCD):    -1.240ns = ( 18.760 - 20.000 ) 
    Source Clock Delay      (SCD):    -0.808ns
    Clock Pessimism Removal (CPR):    0.396ns
  Clock Uncertainty:      0.102ns  ((TSJ^2 + DJ^2)^1/2) / 2 + PE
    Total System Jitter     (TSJ):    0.071ns
    Discrete Jitter          (DJ):    0.192ns
    Phase Error              (PE):    0.000ns

    Location             Delay type                Incr(ns)  Path(ns)    Netlist Resource(s)
  -------------------------------------------------------------------    -------------------
                         (clock clk_out1_clk_wiz_0 rise edge)
                                                      0.000     0.000 r  
    R4                                                0.000     0.000 r  sys_clk (IN)
                         net (fo=0)                   0.000     0.000    u_mmcm/inst/clk_in1
    R4                   IBUF (Prop_ibuf_I_O)         1.419     1.419 r  u_mmcm/inst/clkin1_ibufg/O
                         net (fo=1, routed)           1.065     2.484    u_mmcm/inst/clk_in1_clk_wiz_0
    MMCME2_ADV_X1Y2      MMCME2_ADV (Prop_mmcme2_adv_CLKIN1_CLKOUT0)
                                                     -6.273    -3.789 r  u_mmcm/inst/mmcm_adv_inst/CLKOUT0
                         net (fo=1, routed)           1.524    -2.265    u_mmcm/inst/clk_out1_clk_wiz_0
    BUFGCTRL_X0Y4        BUFG (Prop_bufg_I_O)         0.081    -2.184 r  u_mmcm/inst/clkout1_buf/O
                         net (fo=92, routed)          1.376    -0.808    gate_clk
    SLICE_X62Y172        FDCE                                         r  rst_sync2_50m_reg/C
  -------------------------------------------------------------------    -------------------
    SLICE_X62Y172        FDCE (Prop_fdce_C_Q)         0.433    -0.375 r  rst_sync2_50m_reg/Q
                         net (fo=1, routed)           0.546     0.172    u_nt39565d/O2[0]
    SLICE_X62Y172        LUT1 (Prop_lut1_I0_O)        0.105     0.277 f  u_nt39565d/FSM_onehot_state[9]_i_3/O
                         net (fo=90, routed)          2.517     2.794    u_nt39565d/rst_sync2_50m_reg
    SLICE_X42Y174        FDPE                                         f  u_nt39565d/oe1_reg_lopt_replica_2/PRE
  -------------------------------------------------------------------    -------------------

                         (clock clk_out1_clk_wiz_0 rise edge)
                                                     20.000    20.000 r  
    R4                                                0.000    20.000 r  sys_clk (IN)
                         net (fo=0)                   0.000    20.000    u_mmcm/inst/clk_in1
    R4                   IBUF (Prop_ibuf_I_O)         1.353    21.353 r  u_mmcm/inst/clkin1_ibufg/O
                         net (fo=1, routed)           1.004    22.357    u_mmcm/inst/clk_in1_clk_wiz_0
    MMCME2_ADV_X1Y2      MMCME2_ADV (Prop_mmcme2_adv_CLKIN1_CLKOUT0)
                                                     -6.399    15.957 r  u_mmcm/inst/mmcm_adv_inst/CLKOUT0
                         net (fo=1, routed)           1.452    17.410    u_mmcm/inst/clk_out1_clk_wiz_0
    BUFGCTRL_X0Y4        BUFG (Prop_bufg_I_O)         0.077    17.487 r  u_mmcm/inst/clkout1_buf/O
                         net (fo=92, routed)          1.273    18.760    u_nt39565d/CLK
    SLICE_X42Y174        FDPE                                         r  u_nt39565d/oe1_reg_lopt_replica_2/C
                         clock pessimism              0.396    19.155    
                         clock uncertainty           -0.102    19.053    
    SLICE_X42Y174        FDPE (Recov_fdpe_C_PRE)     -0.292    18.761    u_nt39565d/oe1_reg_lopt_replica_2
  -------------------------------------------------------------------
                         required time                         18.761    
                         arrival time                          -2.794    
  -------------------------------------------------------------------
                         slack                                 15.968    

Slack (MET) :             15.968ns  (required time - arrival time)
  Source:                 rst_sync2_50m_reg/C
                            (rising edge-triggered cell FDCE clocked by clk_out1_clk_wiz_0  {rise@0.000ns fall@10.000ns period=20.000ns})
  Destination:            u_nt39565d/oe1_reg_lopt_replica_3/PRE
                            (recovery check against rising-edge clock clk_out1_clk_wiz_0  {rise@0.000ns fall@10.000ns period=20.000ns})
  Path Group:             **async_default**
  Path Type:              Recovery (Max at Slow Process Corner)
  Requirement:            20.000ns  (clk_out1_clk_wiz_0 rise@20.000ns - clk_out1_clk_wiz_0 rise@0.000ns)
  Data Path Delay:        3.601ns  (logic 0.538ns (14.940%)  route 3.063ns (85.060%))
  Logic Levels:           1  (LUT1=1)
  Clock Path Skew:        -0.037ns (DCD - SCD + CPR)
    Destination Clock Delay (DCD):    -1.240ns = ( 18.760 - 20.000 ) 
    Source Clock Delay      (SCD):    -0.808ns
    Clock Pessimism Removal (CPR):    0.396ns
  Clock Uncertainty:      0.102ns  ((TSJ^2 + DJ^2)^1/2) / 2 + PE
    Total System Jitter     (TSJ):    0.071ns
    Discrete Jitter          (DJ):    0.192ns
    Phase Error              (PE):    0.000ns

    Location             Delay type                Incr(ns)  Path(ns)    Netlist Resource(s)
  -------------------------------------------------------------------    -------------------
                         (clock clk_out1_clk_wiz_0 rise edge)
                                                      0.000     0.000 r  
    R4                                                0.000     0.000 r  sys_clk (IN)
                         net (fo=0)                   0.000     0.000    u_mmcm/inst/clk_in1
    R4                   IBUF (Prop_ibuf_I_O)         1.419     1.419 r  u_mmcm/inst/clkin1_ibufg/O
                         net (fo=1, routed)           1.065     2.484    u_mmcm/inst/clk_in1_clk_wiz_0
    MMCME2_ADV_X1Y2      MMCME2_ADV (Prop_mmcme2_adv_CLKIN1_CLKOUT0)
                                                     -6.273    -3.789 r  u_mmcm/inst/mmcm_adv_inst/CLKOUT0
                         net (fo=1, routed)           1.524    -2.265    u_mmcm/inst/clk_out1_clk_wiz_0
    BUFGCTRL_X0Y4        BUFG (Prop_bufg_I_O)         0.081    -2.184 r  u_mmcm/inst/clkout1_buf/O
                         net (fo=92, routed)          1.376    -0.808    gate_clk
    SLICE_X62Y172        FDCE                                         r  rst_sync2_50m_reg/C
  -------------------------------------------------------------------    -------------------
    SLICE_X62Y172        FDCE (Prop_fdce_C_Q)         0.433    -0.375 r  rst_sync2_50m_reg/Q
                         net (fo=1, routed)           0.546     0.172    u_nt39565d/O2[0]
    SLICE_X62Y172        LUT1 (Prop_lut1_I0_O)        0.105     0.277 f  u_nt39565d/FSM_onehot_state[9]_i_3/O
                         net (fo=90, routed)          2.517     2.794    u_nt39565d/rst_sync2_50m_reg
    SLICE_X42Y174        FDPE                                         f  u_nt39565d/oe1_reg_lopt_replica_3/PRE
  -------------------------------------------------------------------    -------------------

                         (clock clk_out1_clk_wiz_0 rise edge)
                                                     20.000    20.000 r  
    R4                                                0.000    20.000 r  sys_clk (IN)
                         net (fo=0)                   0.000    20.000    u_mmcm/inst/clk_in1
    R4                   IBUF (Prop_ibuf_I_O)         1.353    21.353 r  u_mmcm/inst/clkin1_ibufg/O
                         net (fo=1, routed)           1.004    22.357    u_mmcm/inst/clk_in1_clk_wiz_0
    MMCME2_ADV_X1Y2      MMCME2_ADV (Prop_mmcme2_adv_CLKIN1_CLKOUT0)
                                                     -6.399    15.957 r  u_mmcm/inst/mmcm_adv_inst/CLKOUT0
                         net (fo=1, routed)           1.452    17.410    u_mmcm/inst/clk_out1_clk_wiz_0
    BUFGCTRL_X0Y4        BUFG (Prop_bufg_I_O)         0.077    17.487 r  u_mmcm/inst/clkout1_buf/O
                         net (fo=92, routed)          1.273    18.760    u_nt39565d/CLK
    SLICE_X42Y174        FDPE                                         r  u_nt39565d/oe1_reg_lopt_replica_3/C
                         clock pessimism              0.396    19.155    
                         clock uncertainty           -0.102    19.053    
    SLICE_X42Y174        FDPE (Recov_fdpe_C_PRE)     -0.292    18.761    u_nt39565d/oe1_reg_lopt_replica_3
  -------------------------------------------------------------------
                         required time                         18.761    
                         arrival time                          -2.794    
  -------------------------------------------------------------------
                         slack                                 15.968    

Slack (MET) :             16.148ns  (required time - arrival time)
  Source:                 rst_sync2_50m_reg/C
                            (rising edge-triggered cell FDCE clocked by clk_out1_clk_wiz_0  {rise@0.000ns fall@10.000ns period=20.000ns})
  Destination:            u_nt39565d/cnt_reg[5]/CLR
                            (recovery check against rising-edge clock clk_out1_clk_wiz_0  {rise@0.000ns fall@10.000ns period=20.000ns})
  Path Group:             **async_default**
  Path Type:              Recovery (Max at Slow Process Corner)
  Requirement:            20.000ns  (clk_out1_clk_wiz_0 rise@20.000ns - clk_out1_clk_wiz_0 rise@0.000ns)
  Data Path Delay:        3.456ns  (logic 0.538ns (15.568%)  route 2.918ns (84.432%))
  Logic Levels:           1  (LUT1=1)
  Clock Path Skew:        -0.036ns (DCD - SCD + CPR)
    Destination Clock Delay (DCD):    -1.239ns = ( 18.761 - 20.000 ) 
    Source Clock Delay      (SCD):    -0.808ns
    Clock Pessimism Removal (CPR):    0.396ns
  Clock Uncertainty:      0.102ns  ((TSJ^2 + DJ^2)^1/2) / 2 + PE
    Total System Jitter     (TSJ):    0.071ns
    Discrete Jitter          (DJ):    0.192ns
    Phase Error              (PE):    0.000ns

    Location             Delay type                Incr(ns)  Path(ns)    Netlist Resource(s)
  -------------------------------------------------------------------    -------------------
                         (clock clk_out1_clk_wiz_0 rise edge)
                                                      0.000     0.000 r  
    R4                                                0.000     0.000 r  sys_clk (IN)
                         net (fo=0)                   0.000     0.000    u_mmcm/inst/clk_in1
    R4                   IBUF (Prop_ibuf_I_O)         1.419     1.419 r  u_mmcm/inst/clkin1_ibufg/O
                         net (fo=1, routed)           1.065     2.484    u_mmcm/inst/clk_in1_clk_wiz_0
    MMCME2_ADV_X1Y2      MMCME2_ADV (Prop_mmcme2_adv_CLKIN1_CLKOUT0)
                                                     -6.273    -3.789 r  u_mmcm/inst/mmcm_adv_inst/CLKOUT0
                         net (fo=1, routed)           1.524    -2.265    u_mmcm/inst/clk_out1_clk_wiz_0
    BUFGCTRL_X0Y4        BUFG (Prop_bufg_I_O)         0.081    -2.184 r  u_mmcm/inst/clkout1_buf/O
                         net (fo=92, routed)          1.376    -0.808    gate_clk
    SLICE_X62Y172        FDCE                                         r  rst_sync2_50m_reg/C
  -------------------------------------------------------------------    -------------------
    SLICE_X62Y172        FDCE (Prop_fdce_C_Q)         0.433    -0.375 r  rst_sync2_50m_reg/Q
                         net (fo=1, routed)           0.546     0.172    u_nt39565d/O2[0]
    SLICE_X62Y172        LUT1 (Prop_lut1_I0_O)        0.105     0.277 f  u_nt39565d/FSM_onehot_state[9]_i_3/O
                         net (fo=90, routed)          2.371     2.648    u_nt39565d/rst_sync2_50m_reg
    SLICE_X46Y176        FDCE                                         f  u_nt39565d/cnt_reg[5]/CLR
  -------------------------------------------------------------------    -------------------

                         (clock clk_out1_clk_wiz_0 rise edge)
                                                     20.000    20.000 r  
    R4                                                0.000    20.000 r  sys_clk (IN)
                         net (fo=0)                   0.000    20.000    u_mmcm/inst/clk_in1
    R4                   IBUF (Prop_ibuf_I_O)         1.353    21.353 r  u_mmcm/inst/clkin1_ibufg/O
                         net (fo=1, routed)           1.004    22.357    u_mmcm/inst/clk_in1_clk_wiz_0
    MMCME2_ADV_X1Y2      MMCME2_ADV (Prop_mmcme2_adv_CLKIN1_CLKOUT0)
                                                     -6.399    15.957 r  u_mmcm/inst/mmcm_adv_inst/CLKOUT0
                         net (fo=1, routed)           1.452    17.410    u_mmcm/inst/clk_out1_clk_wiz_0
    BUFGCTRL_X0Y4        BUFG (Prop_bufg_I_O)         0.077    17.487 r  u_mmcm/inst/clkout1_buf/O
                         net (fo=92, routed)          1.274    18.761    u_nt39565d/CLK
    SLICE_X46Y176        FDCE                                         r  u_nt39565d/cnt_reg[5]/C
                         clock pessimism              0.396    19.156    
                         clock uncertainty           -0.102    19.054    
    SLICE_X46Y176        FDCE (Recov_fdce_C_CLR)     -0.258    18.796    u_nt39565d/cnt_reg[5]
  -------------------------------------------------------------------
                         required time                         18.796    
                         arrival time                          -2.648    
  -------------------------------------------------------------------
                         slack                                 16.148    

Slack (MET) :             16.148ns  (required time - arrival time)
  Source:                 rst_sync2_50m_reg/C
                            (rising edge-triggered cell FDCE clocked by clk_out1_clk_wiz_0  {rise@0.000ns fall@10.000ns period=20.000ns})
  Destination:            u_nt39565d/cnt_reg[6]/CLR
                            (recovery check against rising-edge clock clk_out1_clk_wiz_0  {rise@0.000ns fall@10.000ns period=20.000ns})
  Path Group:             **async_default**
  Path Type:              Recovery (Max at Slow Process Corner)
  Requirement:            20.000ns  (clk_out1_clk_wiz_0 rise@20.000ns - clk_out1_clk_wiz_0 rise@0.000ns)
  Data Path Delay:        3.456ns  (logic 0.538ns (15.568%)  route 2.918ns (84.432%))
  Logic Levels:           1  (LUT1=1)
  Clock Path Skew:        -0.036ns (DCD - SCD + CPR)
    Destination Clock Delay (DCD):    -1.239ns = ( 18.761 - 20.000 ) 
    Source Clock Delay      (SCD):    -0.808ns
    Clock Pessimism Removal (CPR):    0.396ns
  Clock Uncertainty:      0.102ns  ((TSJ^2 + DJ^2)^1/2) / 2 + PE
    Total System Jitter     (TSJ):    0.071ns
    Discrete Jitter          (DJ):    0.192ns
    Phase Error              (PE):    0.000ns

    Location             Delay type                Incr(ns)  Path(ns)    Netlist Resource(s)
  -------------------------------------------------------------------    -------------------
                         (clock clk_out1_clk_wiz_0 rise edge)
                                                      0.000     0.000 r  
    R4                                                0.000     0.000 r  sys_clk (IN)
                         net (fo=0)                   0.000     0.000    u_mmcm/inst/clk_in1
    R4                   IBUF (Prop_ibuf_I_O)         1.419     1.419 r  u_mmcm/inst/clkin1_ibufg/O
                         net (fo=1, routed)           1.065     2.484    u_mmcm/inst/clk_in1_clk_wiz_0
    MMCME2_ADV_X1Y2      MMCME2_ADV (Prop_mmcme2_adv_CLKIN1_CLKOUT0)
                                                     -6.273    -3.789 r  u_mmcm/inst/mmcm_adv_inst/CLKOUT0
                         net (fo=1, routed)           1.524    -2.265    u_mmcm/inst/clk_out1_clk_wiz_0
    BUFGCTRL_X0Y4        BUFG (Prop_bufg_I_O)         0.081    -2.184 r  u_mmcm/inst/clkout1_buf/O
                         net (fo=92, routed)          1.376    -0.808    gate_clk
    SLICE_X62Y172        FDCE                                         r  rst_sync2_50m_reg/C
  -------------------------------------------------------------------    -------------------
    SLICE_X62Y172        FDCE (Prop_fdce_C_Q)         0.433    -0.375 r  rst_sync2_50m_reg/Q
                         net (fo=1, routed)           0.546     0.172    u_nt39565d/O2[0]
    SLICE_X62Y172        LUT1 (Prop_lut1_I0_O)        0.105     0.277 f  u_nt39565d/FSM_onehot_state[9]_i_3/O
                         net (fo=90, routed)          2.371     2.648    u_nt39565d/rst_sync2_50m_reg
    SLICE_X46Y176        FDCE                                         f  u_nt39565d/cnt_reg[6]/CLR
  -------------------------------------------------------------------    -------------------

                         (clock clk_out1_clk_wiz_0 rise edge)
                                                     20.000    20.000 r  
    R4                                                0.000    20.000 r  sys_clk (IN)
                         net (fo=0)                   0.000    20.000    u_mmcm/inst/clk_in1
    R4                   IBUF (Prop_ibuf_I_O)         1.353    21.353 r  u_mmcm/inst/clkin1_ibufg/O
                         net (fo=1, routed)           1.004    22.357    u_mmcm/inst/clk_in1_clk_wiz_0
    MMCME2_ADV_X1Y2      MMCME2_ADV (Prop_mmcme2_adv_CLKIN1_CLKOUT0)
                                                     -6.399    15.957 r  u_mmcm/inst/mmcm_adv_inst/CLKOUT0
                         net (fo=1, routed)           1.452    17.410    u_mmcm/inst/clk_out1_clk_wiz_0
    BUFGCTRL_X0Y4        BUFG (Prop_bufg_I_O)         0.077    17.487 r  u_mmcm/inst/clkout1_buf/O
                         net (fo=92, routed)          1.274    18.761    u_nt39565d/CLK
    SLICE_X46Y176        FDCE                                         r  u_nt39565d/cnt_reg[6]/C
                         clock pessimism              0.396    19.156    
                         clock uncertainty           -0.102    19.054    
    SLICE_X46Y176        FDCE (Recov_fdce_C_CLR)     -0.258    18.796    u_nt39565d/cnt_reg[6]
  -------------------------------------------------------------------
                         required time                         18.796    
                         arrival time                          -2.648    
  -------------------------------------------------------------------
                         slack                                 16.148    

Slack (MET) :             16.148ns  (required time - arrival time)
  Source:                 rst_sync2_50m_reg/C
                            (rising edge-triggered cell FDCE clocked by clk_out1_clk_wiz_0  {rise@0.000ns fall@10.000ns period=20.000ns})
  Destination:            u_nt39565d/cnt_reg[7]/CLR
                            (recovery check against rising-edge clock clk_out1_clk_wiz_0  {rise@0.000ns fall@10.000ns period=20.000ns})
  Path Group:             **async_default**
  Path Type:              Recovery (Max at Slow Process Corner)
  Requirement:            20.000ns  (clk_out1_clk_wiz_0 rise@20.000ns - clk_out1_clk_wiz_0 rise@0.000ns)
  Data Path Delay:        3.456ns  (logic 0.538ns (15.568%)  route 2.918ns (84.432%))
  Logic Levels:           1  (LUT1=1)
  Clock Path Skew:        -0.036ns (DCD - SCD + CPR)
    Destination Clock Delay (DCD):    -1.239ns = ( 18.761 - 20.000 ) 
    Source Clock Delay      (SCD):    -0.808ns
    Clock Pessimism Removal (CPR):    0.396ns
  Clock Uncertainty:      0.102ns  ((TSJ^2 + DJ^2)^1/2) / 2 + PE
    Total System Jitter     (TSJ):    0.071ns
    Discrete Jitter          (DJ):    0.192ns
    Phase Error              (PE):    0.000ns

    Location             Delay type                Incr(ns)  Path(ns)    Netlist Resource(s)
  -------------------------------------------------------------------    -------------------
                         (clock clk_out1_clk_wiz_0 rise edge)
                                                      0.000     0.000 r  
    R4                                                0.000     0.000 r  sys_clk (IN)
                         net (fo=0)                   0.000     0.000    u_mmcm/inst/clk_in1
    R4                   IBUF (Prop_ibuf_I_O)         1.419     1.419 r  u_mmcm/inst/clkin1_ibufg/O
                         net (fo=1, routed)           1.065     2.484    u_mmcm/inst/clk_in1_clk_wiz_0
    MMCME2_ADV_X1Y2      MMCME2_ADV (Prop_mmcme2_adv_CLKIN1_CLKOUT0)
                                                     -6.273    -3.789 r  u_mmcm/inst/mmcm_adv_inst/CLKOUT0
                         net (fo=1, routed)           1.524    -2.265    u_mmcm/inst/clk_out1_clk_wiz_0
    BUFGCTRL_X0Y4        BUFG (Prop_bufg_I_O)         0.081    -2.184 r  u_mmcm/inst/clkout1_buf/O
                         net (fo=92, routed)          1.376    -0.808    gate_clk
    SLICE_X62Y172        FDCE                                         r  rst_sync2_50m_reg/C
  -------------------------------------------------------------------    -------------------
    SLICE_X62Y172        FDCE (Prop_fdce_C_Q)         0.433    -0.375 r  rst_sync2_50m_reg/Q
                         net (fo=1, routed)           0.546     0.172    u_nt39565d/O2[0]
    SLICE_X62Y172        LUT1 (Prop_lut1_I0_O)        0.105     0.277 f  u_nt39565d/FSM_onehot_state[9]_i_3/O
                         net (fo=90, routed)          2.371     2.648    u_nt39565d/rst_sync2_50m_reg
    SLICE_X46Y176        FDCE                                         f  u_nt39565d/cnt_reg[7]/CLR
  -------------------------------------------------------------------    -------------------

                         (clock clk_out1_clk_wiz_0 rise edge)
                                                     20.000    20.000 r  
    R4                                                0.000    20.000 r  sys_clk (IN)
                         net (fo=0)                   0.000    20.000    u_mmcm/inst/clk_in1
    R4                   IBUF (Prop_ibuf_I_O)         1.353    21.353 r  u_mmcm/inst/clkin1_ibufg/O
                         net (fo=1, routed)           1.004    22.357    u_mmcm/inst/clk_in1_clk_wiz_0
    MMCME2_ADV_X1Y2      MMCME2_ADV (Prop_mmcme2_adv_CLKIN1_CLKOUT0)
                                                     -6.399    15.957 r  u_mmcm/inst/mmcm_adv_inst/CLKOUT0
                         net (fo=1, routed)           1.452    17.410    u_mmcm/inst/clk_out1_clk_wiz_0
    BUFGCTRL_X0Y4        BUFG (Prop_bufg_I_O)         0.077    17.487 r  u_mmcm/inst/clkout1_buf/O
                         net (fo=92, routed)          1.274    18.761    u_nt39565d/CLK
    SLICE_X46Y176        FDCE                                         r  u_nt39565d/cnt_reg[7]/C
                         clock pessimism              0.396    19.156    
                         clock uncertainty           -0.102    19.054    
    SLICE_X46Y176        FDCE (Recov_fdce_C_CLR)     -0.258    18.796    u_nt39565d/cnt_reg[7]
  -------------------------------------------------------------------
                         required time                         18.796    
                         arrival time                          -2.648    
  -------------------------------------------------------------------
                         slack                                 16.148    

Slack (MET) :             16.148ns  (required time - arrival time)
  Source:                 rst_sync2_50m_reg/C
                            (rising edge-triggered cell FDCE clocked by clk_out1_clk_wiz_0  {rise@0.000ns fall@10.000ns period=20.000ns})
  Destination:            u_nt39565d/cnt_reg[8]/CLR
                            (recovery check against rising-edge clock clk_out1_clk_wiz_0  {rise@0.000ns fall@10.000ns period=20.000ns})
  Path Group:             **async_default**
  Path Type:              Recovery (Max at Slow Process Corner)
  Requirement:            20.000ns  (clk_out1_clk_wiz_0 rise@20.000ns - clk_out1_clk_wiz_0 rise@0.000ns)
  Data Path Delay:        3.456ns  (logic 0.538ns (15.568%)  route 2.918ns (84.432%))
  Logic Levels:           1  (LUT1=1)
  Clock Path Skew:        -0.036ns (DCD - SCD + CPR)
    Destination Clock Delay (DCD):    -1.239ns = ( 18.761 - 20.000 ) 
    Source Clock Delay      (SCD):    -0.808ns
    Clock Pessimism Removal (CPR):    0.396ns
  Clock Uncertainty:      0.102ns  ((TSJ^2 + DJ^2)^1/2) / 2 + PE
    Total System Jitter     (TSJ):    0.071ns
    Discrete Jitter          (DJ):    0.192ns
    Phase Error              (PE):    0.000ns

    Location             Delay type                Incr(ns)  Path(ns)    Netlist Resource(s)
  -------------------------------------------------------------------    -------------------
                         (clock clk_out1_clk_wiz_0 rise edge)
                                                      0.000     0.000 r  
    R4                                                0.000     0.000 r  sys_clk (IN)
                         net (fo=0)                   0.000     0.000    u_mmcm/inst/clk_in1
    R4                   IBUF (Prop_ibuf_I_O)         1.419     1.419 r  u_mmcm/inst/clkin1_ibufg/O
                         net (fo=1, routed)           1.065     2.484    u_mmcm/inst/clk_in1_clk_wiz_0
    MMCME2_ADV_X1Y2      MMCME2_ADV (Prop_mmcme2_adv_CLKIN1_CLKOUT0)
                                                     -6.273    -3.789 r  u_mmcm/inst/mmcm_adv_inst/CLKOUT0
                         net (fo=1, routed)           1.524    -2.265    u_mmcm/inst/clk_out1_clk_wiz_0
    BUFGCTRL_X0Y4        BUFG (Prop_bufg_I_O)         0.081    -2.184 r  u_mmcm/inst/clkout1_buf/O
                         net (fo=92, routed)          1.376    -0.808    gate_clk
    SLICE_X62Y172        FDCE                                         r  rst_sync2_50m_reg/C
  -------------------------------------------------------------------    -------------------
    SLICE_X62Y172        FDCE (Prop_fdce_C_Q)         0.433    -0.375 r  rst_sync2_50m_reg/Q
                         net (fo=1, routed)           0.546     0.172    u_nt39565d/O2[0]
    SLICE_X62Y172        LUT1 (Prop_lut1_I0_O)        0.105     0.277 f  u_nt39565d/FSM_onehot_state[9]_i_3/O
                         net (fo=90, routed)          2.371     2.648    u_nt39565d/rst_sync2_50m_reg
    SLICE_X46Y176        FDCE                                         f  u_nt39565d/cnt_reg[8]/CLR
  -------------------------------------------------------------------    -------------------

                         (clock clk_out1_clk_wiz_0 rise edge)
                                                     20.000    20.000 r  
    R4                                                0.000    20.000 r  sys_clk (IN)
                         net (fo=0)                   0.000    20.000    u_mmcm/inst/clk_in1
    R4                   IBUF (Prop_ibuf_I_O)         1.353    21.353 r  u_mmcm/inst/clkin1_ibufg/O
                         net (fo=1, routed)           1.004    22.357    u_mmcm/inst/clk_in1_clk_wiz_0
    MMCME2_ADV_X1Y2      MMCME2_ADV (Prop_mmcme2_adv_CLKIN1_CLKOUT0)
                                                     -6.399    15.957 r  u_mmcm/inst/mmcm_adv_inst/CLKOUT0
                         net (fo=1, routed)           1.452    17.410    u_mmcm/inst/clk_out1_clk_wiz_0
    BUFGCTRL_X0Y4        BUFG (Prop_bufg_I_O)         0.077    17.487 r  u_mmcm/inst/clkout1_buf/O
                         net (fo=92, routed)          1.274    18.761    u_nt39565d/CLK
    SLICE_X46Y176        FDCE                                         r  u_nt39565d/cnt_reg[8]/C
                         clock pessimism              0.396    19.156    
                         clock uncertainty           -0.102    19.054    
    SLICE_X46Y176        FDCE (Recov_fdce_C_CLR)     -0.258    18.796    u_nt39565d/cnt_reg[8]
  -------------------------------------------------------------------
                         required time                         18.796    
                         arrival time                          -2.648    
  -------------------------------------------------------------------
                         slack                                 16.148    

Slack (MET) :             16.257ns  (required time - arrival time)
  Source:                 rst_sync2_50m_reg/C
                            (rising edge-triggered cell FDCE clocked by clk_out1_clk_wiz_0  {rise@0.000ns fall@10.000ns period=20.000ns})
  Destination:            u_nt39565d/cpv_reg/CLR
                            (recovery check against rising-edge clock clk_out1_clk_wiz_0  {rise@0.000ns fall@10.000ns period=20.000ns})
  Path Group:             **async_default**
  Path Type:              Recovery (Max at Slow Process Corner)
  Requirement:            20.000ns  (clk_out1_clk_wiz_0 rise@20.000ns - clk_out1_clk_wiz_0 rise@0.000ns)
  Data Path Delay:        3.345ns  (logic 0.538ns (16.082%)  route 2.807ns (83.918%))
  Logic Levels:           1  (LUT1=1)
  Clock Path Skew:        -0.037ns (DCD - SCD + CPR)
    Destination Clock Delay (DCD):    -1.240ns = ( 18.760 - 20.000 ) 
    Source Clock Delay      (SCD):    -0.808ns
    Clock Pessimism Removal (CPR):    0.396ns
  Clock Uncertainty:      0.102ns  ((TSJ^2 + DJ^2)^1/2) / 2 + PE
    Total System Jitter     (TSJ):    0.071ns
    Discrete Jitter          (DJ):    0.192ns
    Phase Error              (PE):    0.000ns

    Location             Delay type                Incr(ns)  Path(ns)    Netlist Resource(s)
  -------------------------------------------------------------------    -------------------
                         (clock clk_out1_clk_wiz_0 rise edge)
                                                      0.000     0.000 r  
    R4                                                0.000     0.000 r  sys_clk (IN)
                         net (fo=0)                   0.000     0.000    u_mmcm/inst/clk_in1
    R4                   IBUF (Prop_ibuf_I_O)         1.419     1.419 r  u_mmcm/inst/clkin1_ibufg/O
                         net (fo=1, routed)           1.065     2.484    u_mmcm/inst/clk_in1_clk_wiz_0
    MMCME2_ADV_X1Y2      MMCME2_ADV (Prop_mmcme2_adv_CLKIN1_CLKOUT0)
                                                     -6.273    -3.789 r  u_mmcm/inst/mmcm_adv_inst/CLKOUT0
                         net (fo=1, routed)           1.524    -2.265    u_mmcm/inst/clk_out1_clk_wiz_0
    BUFGCTRL_X0Y4        BUFG (Prop_bufg_I_O)         0.081    -2.184 r  u_mmcm/inst/clkout1_buf/O
                         net (fo=92, routed)          1.376    -0.808    gate_clk
    SLICE_X62Y172        FDCE                                         r  rst_sync2_50m_reg/C
  -------------------------------------------------------------------    -------------------
    SLICE_X62Y172        FDCE (Prop_fdce_C_Q)         0.433    -0.375 r  rst_sync2_50m_reg/Q
                         net (fo=1, routed)           0.546     0.172    u_nt39565d/O2[0]
    SLICE_X62Y172        LUT1 (Prop_lut1_I0_O)        0.105     0.277 f  u_nt39565d/FSM_onehot_state[9]_i_3/O
                         net (fo=90, routed)          2.261     2.538    u_nt39565d/rst_sync2_50m_reg
    SLICE_X42Y175        FDCE                                         f  u_nt39565d/cpv_reg/CLR
  -------------------------------------------------------------------    -------------------

                         (clock clk_out1_clk_wiz_0 rise edge)
                                                     20.000    20.000 r  
    R4                                                0.000    20.000 r  sys_clk (IN)
                         net (fo=0)                   0.000    20.000    u_mmcm/inst/clk_in1
    R4                   IBUF (Prop_ibuf_I_O)         1.353    21.353 r  u_mmcm/inst/clkin1_ibufg/O
                         net (fo=1, routed)           1.004    22.357    u_mmcm/inst/clk_in1_clk_wiz_0
    MMCME2_ADV_X1Y2      MMCME2_ADV (Prop_mmcme2_adv_CLKIN1_CLKOUT0)
                                                     -6.399    15.957 r  u_mmcm/inst/mmcm_adv_inst/CLKOUT0
                         net (fo=1, routed)           1.452    17.410    u_mmcm/inst/clk_out1_clk_wiz_0
    BUFGCTRL_X0Y4        BUFG (Prop_bufg_I_O)         0.077    17.487 r  u_mmcm/inst/clkout1_buf/O
                         net (fo=92, routed)          1.273    18.760    u_nt39565d/CLK
    SLICE_X42Y175        FDCE                                         r  u_nt39565d/cpv_reg/C
                         clock pessimism              0.396    19.155    
                         clock uncertainty           -0.102    19.053    
    SLICE_X42Y175        FDCE (Recov_fdce_C_CLR)     -0.258    18.795    u_nt39565d/cpv_reg
  -------------------------------------------------------------------
                         required time                         18.795    
                         arrival time                          -2.538    
  -------------------------------------------------------------------
                         slack                                 16.257    

Slack (MET) :             16.257ns  (required time - arrival time)
  Source:                 rst_sync2_50m_reg/C
                            (rising edge-triggered cell FDCE clocked by clk_out1_clk_wiz_0  {rise@0.000ns fall@10.000ns period=20.000ns})
  Destination:            u_nt39565d/cpv_reg_lopt_replica/CLR
                            (recovery check against rising-edge clock clk_out1_clk_wiz_0  {rise@0.000ns fall@10.000ns period=20.000ns})
  Path Group:             **async_default**
  Path Type:              Recovery (Max at Slow Process Corner)
  Requirement:            20.000ns  (clk_out1_clk_wiz_0 rise@20.000ns - clk_out1_clk_wiz_0 rise@0.000ns)
  Data Path Delay:        3.345ns  (logic 0.538ns (16.082%)  route 2.807ns (83.918%))
  Logic Levels:           1  (LUT1=1)
  Clock Path Skew:        -0.037ns (DCD - SCD + CPR)
    Destination Clock Delay (DCD):    -1.240ns = ( 18.760 - 20.000 ) 
    Source Clock Delay      (SCD):    -0.808ns
    Clock Pessimism Removal (CPR):    0.396ns
  Clock Uncertainty:      0.102ns  ((TSJ^2 + DJ^2)^1/2) / 2 + PE
    Total System Jitter     (TSJ):    0.071ns
    Discrete Jitter          (DJ):    0.192ns
    Phase Error              (PE):    0.000ns

    Location             Delay type                Incr(ns)  Path(ns)    Netlist Resource(s)
  -------------------------------------------------------------------    -------------------
                         (clock clk_out1_clk_wiz_0 rise edge)
                                                      0.000     0.000 r  
    R4                                                0.000     0.000 r  sys_clk (IN)
                         net (fo=0)                   0.000     0.000    u_mmcm/inst/clk_in1
    R4                   IBUF (Prop_ibuf_I_O)         1.419     1.419 r  u_mmcm/inst/clkin1_ibufg/O
                         net (fo=1, routed)           1.065     2.484    u_mmcm/inst/clk_in1_clk_wiz_0
    MMCME2_ADV_X1Y2      MMCME2_ADV (Prop_mmcme2_adv_CLKIN1_CLKOUT0)
                                                     -6.273    -3.789 r  u_mmcm/inst/mmcm_adv_inst/CLKOUT0
                         net (fo=1, routed)           1.524    -2.265    u_mmcm/inst/clk_out1_clk_wiz_0
    BUFGCTRL_X0Y4        BUFG (Prop_bufg_I_O)         0.081    -2.184 r  u_mmcm/inst/clkout1_buf/O
                         net (fo=92, routed)          1.376    -0.808    gate_clk
    SLICE_X62Y172        FDCE                                         r  rst_sync2_50m_reg/C
  -------------------------------------------------------------------    -------------------
    SLICE_X62Y172        FDCE (Prop_fdce_C_Q)         0.433    -0.375 r  rst_sync2_50m_reg/Q
                         net (fo=1, routed)           0.546     0.172    u_nt39565d/O2[0]
    SLICE_X62Y172        LUT1 (Prop_lut1_I0_O)        0.105     0.277 f  u_nt39565d/FSM_onehot_state[9]_i_3/O
                         net (fo=90, routed)          2.261     2.538    u_nt39565d/rst_sync2_50m_reg
    SLICE_X42Y175        FDCE                                         f  u_nt39565d/cpv_reg_lopt_replica/CLR
  -------------------------------------------------------------------    -------------------

                         (clock clk_out1_clk_wiz_0 rise edge)
                                                     20.000    20.000 r  
    R4                                                0.000    20.000 r  sys_clk (IN)
                         net (fo=0)                   0.000    20.000    u_mmcm/inst/clk_in1
    R4                   IBUF (Prop_ibuf_I_O)         1.353    21.353 r  u_mmcm/inst/clkin1_ibufg/O
                         net (fo=1, routed)           1.004    22.357    u_mmcm/inst/clk_in1_clk_wiz_0
    MMCME2_ADV_X1Y2      MMCME2_ADV (Prop_mmcme2_adv_CLKIN1_CLKOUT0)
                                                     -6.399    15.957 r  u_mmcm/inst/mmcm_adv_inst/CLKOUT0
                         net (fo=1, routed)           1.452    17.410    u_mmcm/inst/clk_out1_clk_wiz_0
    BUFGCTRL_X0Y4        BUFG (Prop_bufg_I_O)         0.077    17.487 r  u_mmcm/inst/clkout1_buf/O
                         net (fo=92, routed)          1.273    18.760    u_nt39565d/CLK
    SLICE_X42Y175        FDCE                                         r  u_nt39565d/cpv_reg_lopt_replica/C
                         clock pessimism              0.396    19.155    
                         clock uncertainty           -0.102    19.053    
    SLICE_X42Y175        FDCE (Recov_fdce_C_CLR)     -0.258    18.795    u_nt39565d/cpv_reg_lopt_replica
  -------------------------------------------------------------------
                         required time                         18.795    
                         arrival time                          -2.538    
  -------------------------------------------------------------------
                         slack                                 16.257    





Min Delay Paths
--------------------------------------------------------------------------------------
Slack (MET) :             0.735ns  (arrival time - required time)
  Source:                 rst_sync2_50m_reg/C
                            (rising edge-triggered cell FDCE clocked by clk_out1_clk_wiz_0  {rise@0.000ns fall@10.000ns period=20.000ns})
  Destination:            u_nt39565d/stv1_reg/CLR
                            (removal check against rising-edge clock clk_out1_clk_wiz_0  {rise@0.000ns fall@10.000ns period=20.000ns})
  Path Group:             **async_default**
  Path Type:              Removal (Min at Fast Process Corner)
  Requirement:            0.000ns  (clk_out1_clk_wiz_0 rise@0.000ns - clk_out1_clk_wiz_0 rise@0.000ns)
  Data Path Delay:        0.704ns  (logic 0.209ns (29.687%)  route 0.495ns (70.313%))
  Logic Levels:           1  (LUT1=1)
  Clock Path Skew:        0.036ns (DCD - SCD - CPR)
    Destination Clock Delay (DCD):    -0.962ns
    Source Clock Delay      (SCD):    -0.718ns
    Clock Pessimism Removal (CPR):    -0.280ns

    Location             Delay type                Incr(ns)  Path(ns)    Netlist Resource(s)
  -------------------------------------------------------------------    -------------------
                         (clock clk_out1_clk_wiz_0 rise edge)
                                                      0.000     0.000 r  
    R4                                                0.000     0.000 r  sys_clk (IN)
                         net (fo=0)                   0.000     0.000    u_mmcm/inst/clk_in1
    R4                   IBUF (Prop_ibuf_I_O)         0.256     0.256 r  u_mmcm/inst/clkin1_ibufg/O
                         net (fo=1, routed)           0.440     0.696    u_mmcm/inst/clk_in1_clk_wiz_0
    MMCME2_ADV_X1Y2      MMCME2_ADV (Prop_mmcme2_adv_CLKIN1_CLKOUT0)
                                                     -2.540    -1.844 r  u_mmcm/inst/mmcm_adv_inst/CLKOUT0
                         net (fo=1, routed)           0.531    -1.313    u_mmcm/inst/clk_out1_clk_wiz_0
    BUFGCTRL_X0Y4        BUFG (Prop_bufg_I_O)         0.026    -1.287 r  u_mmcm/inst/clkout1_buf/O
                         net (fo=92, routed)          0.569    -0.718    gate_clk
    SLICE_X62Y172        FDCE                                         r  rst_sync2_50m_reg/C
  -------------------------------------------------------------------    -------------------
    SLICE_X62Y172        FDCE (Prop_fdce_C_Q)         0.164    -0.554 r  rst_sync2_50m_reg/Q
                         net (fo=1, routed)           0.222    -0.332    u_nt39565d/O2[0]
    SLICE_X62Y172        LUT1 (Prop_lut1_I0_O)        0.045    -0.287 f  u_nt39565d/FSM_onehot_state[9]_i_3/O
                         net (fo=90, routed)          0.273    -0.014    u_nt39565d/rst_sync2_50m_reg
    SLICE_X60Y172        FDCE                                         f  u_nt39565d/stv1_reg/CLR
  -------------------------------------------------------------------    -------------------

                         (clock clk_out1_clk_wiz_0 rise edge)
                                                      0.000     0.000 r  
    R4                                                0.000     0.000 r  sys_clk (IN)
                         net (fo=0)                   0.000     0.000    u_mmcm/inst/clk_in1
    R4                   IBUF (Prop_ibuf_I_O)         0.444     0.444 r  u_mmcm/inst/clkin1_ibufg/O
                         net (fo=1, routed)           0.480     0.924    u_mmcm/inst/clk_in1_clk_wiz_0
    MMCME2_ADV_X1Y2      MMCME2_ADV (Prop_mmcme2_adv_CLKIN1_CLKOUT0)
                                                     -3.332    -2.409 r  u_mmcm/inst/mmcm_adv_inst/CLKOUT0
                         net (fo=1, routed)           0.579    -1.830    u_mmcm/inst/clk_out1_clk_wiz_0
    BUFGCTRL_X0Y4        BUFG (Prop_bufg_I_O)         0.029    -1.801 r  u_mmcm/inst/clkout1_buf/O
                         net (fo=92, routed)          0.838    -0.962    u_nt39565d/CLK
    SLICE_X60Y172        FDCE                                         r  u_nt39565d/stv1_reg/C
                         clock pessimism              0.280    -0.682    
    SLICE_X60Y172        FDCE (Remov_fdce_C_CLR)     -0.067    -0.749    u_nt39565d/stv1_reg
  -------------------------------------------------------------------
                         required time                          0.749    
                         arrival time                          -0.014    
  -------------------------------------------------------------------
                         slack                                  0.735    

Slack (MET) :             0.760ns  (arrival time - required time)
  Source:                 rst_sync2_50m_reg/C
                            (rising edge-triggered cell FDCE clocked by clk_out1_clk_wiz_0  {rise@0.000ns fall@10.000ns period=20.000ns})
  Destination:            gap_cnt_reg[1]/CLR
                            (removal check against rising-edge clock clk_out1_clk_wiz_0  {rise@0.000ns fall@10.000ns period=20.000ns})
  Path Group:             **async_default**
  Path Type:              Removal (Min at Fast Process Corner)
  Requirement:            0.000ns  (clk_out1_clk_wiz_0 rise@0.000ns - clk_out1_clk_wiz_0 rise@0.000ns)
  Data Path Delay:        0.704ns  (logic 0.209ns (29.687%)  route 0.495ns (70.313%))
  Logic Levels:           1  (LUT1=1)
  Clock Path Skew:        0.036ns (DCD - SCD - CPR)
    Destination Clock Delay (DCD):    -0.962ns
    Source Clock Delay      (SCD):    -0.718ns
    Clock Pessimism Removal (CPR):    -0.280ns

    Location             Delay type                Incr(ns)  Path(ns)    Netlist Resource(s)
  -------------------------------------------------------------------    -------------------
                         (clock clk_out1_clk_wiz_0 rise edge)
                                                      0.000     0.000 r  
    R4                                                0.000     0.000 r  sys_clk (IN)
                         net (fo=0)                   0.000     0.000    u_mmcm/inst/clk_in1
    R4                   IBUF (Prop_ibuf_I_O)         0.256     0.256 r  u_mmcm/inst/clkin1_ibufg/O
                         net (fo=1, routed)           0.440     0.696    u_mmcm/inst/clk_in1_clk_wiz_0
    MMCME2_ADV_X1Y2      MMCME2_ADV (Prop_mmcme2_adv_CLKIN1_CLKOUT0)
                                                     -2.540    -1.844 r  u_mmcm/inst/mmcm_adv_inst/CLKOUT0
                         net (fo=1, routed)           0.531    -1.313    u_mmcm/inst/clk_out1_clk_wiz_0
    BUFGCTRL_X0Y4        BUFG (Prop_bufg_I_O)         0.026    -1.287 r  u_mmcm/inst/clkout1_buf/O
                         net (fo=92, routed)          0.569    -0.718    gate_clk
    SLICE_X62Y172        FDCE                                         r  rst_sync2_50m_reg/C
  -------------------------------------------------------------------    -------------------
    SLICE_X62Y172        FDCE (Prop_fdce_C_Q)         0.164    -0.554 r  rst_sync2_50m_reg/Q
                         net (fo=1, routed)           0.222    -0.332    u_nt39565d/O2[0]
    SLICE_X62Y172        LUT1 (Prop_lut1_I0_O)        0.045    -0.287 f  u_nt39565d/FSM_onehot_state[9]_i_3/O
                         net (fo=90, routed)          0.273    -0.014    u_nt39565d_n_0
    SLICE_X61Y172        FDCE                                         f  gap_cnt_reg[1]/CLR
  -------------------------------------------------------------------    -------------------

                         (clock clk_out1_clk_wiz_0 rise edge)
                                                      0.000     0.000 r  
    R4                                                0.000     0.000 r  sys_clk (IN)
                         net (fo=0)                   0.000     0.000    u_mmcm/inst/clk_in1
    R4                   IBUF (Prop_ibuf_I_O)         0.444     0.444 r  u_mmcm/inst/clkin1_ibufg/O
                         net (fo=1, routed)           0.480     0.924    u_mmcm/inst/clk_in1_clk_wiz_0
    MMCME2_ADV_X1Y2      MMCME2_ADV (Prop_mmcme2_adv_CLKIN1_CLKOUT0)
                                                     -3.332    -2.409 r  u_mmcm/inst/mmcm_adv_inst/CLKOUT0
                         net (fo=1, routed)           0.579    -1.830    u_mmcm/inst/clk_out1_clk_wiz_0
    BUFGCTRL_X0Y4        BUFG (Prop_bufg_I_O)         0.029    -1.801 r  u_mmcm/inst/clkout1_buf/O
                         net (fo=92, routed)          0.838    -0.962    gate_clk
    SLICE_X61Y172        FDCE                                         r  gap_cnt_reg[1]/C
                         clock pessimism              0.280    -0.682    
    SLICE_X61Y172        FDCE (Remov_fdce_C_CLR)     -0.092    -0.774    gap_cnt_reg[1]
  -------------------------------------------------------------------
                         required time                          0.774    
                         arrival time                          -0.014    
  -------------------------------------------------------------------
                         slack                                  0.760    

Slack (MET) :             0.760ns  (arrival time - required time)
  Source:                 rst_sync2_50m_reg/C
                            (rising edge-triggered cell FDCE clocked by clk_out1_clk_wiz_0  {rise@0.000ns fall@10.000ns period=20.000ns})
  Destination:            gap_cnt_reg[2]/CLR
                            (removal check against rising-edge clock clk_out1_clk_wiz_0  {rise@0.000ns fall@10.000ns period=20.000ns})
  Path Group:             **async_default**
  Path Type:              Removal (Min at Fast Process Corner)
  Requirement:            0.000ns  (clk_out1_clk_wiz_0 rise@0.000ns - clk_out1_clk_wiz_0 rise@0.000ns)
  Data Path Delay:        0.704ns  (logic 0.209ns (29.687%)  route 0.495ns (70.313%))
  Logic Levels:           1  (LUT1=1)
  Clock Path Skew:        0.036ns (DCD - SCD - CPR)
    Destination Clock Delay (DCD):    -0.962ns
    Source Clock Delay      (SCD):    -0.718ns
    Clock Pessimism Removal (CPR):    -0.280ns

    Location             Delay type                Incr(ns)  Path(ns)    Netlist Resource(s)
  -------------------------------------------------------------------    -------------------
                         (clock clk_out1_clk_wiz_0 rise edge)
                                                      0.000     0.000 r  
    R4                                                0.000     0.000 r  sys_clk (IN)
                         net (fo=0)                   0.000     0.000    u_mmcm/inst/clk_in1
    R4                   IBUF (Prop_ibuf_I_O)         0.256     0.256 r  u_mmcm/inst/clkin1_ibufg/O
                         net (fo=1, routed)           0.440     0.696    u_mmcm/inst/clk_in1_clk_wiz_0
    MMCME2_ADV_X1Y2      MMCME2_ADV (Prop_mmcme2_adv_CLKIN1_CLKOUT0)
                                                     -2.540    -1.844 r  u_mmcm/inst/mmcm_adv_inst/CLKOUT0
                         net (fo=1, routed)           0.531    -1.313    u_mmcm/inst/clk_out1_clk_wiz_0
    BUFGCTRL_X0Y4        BUFG (Prop_bufg_I_O)         0.026    -1.287 r  u_mmcm/inst/clkout1_buf/O
                         net (fo=92, routed)          0.569    -0.718    gate_clk
    SLICE_X62Y172        FDCE                                         r  rst_sync2_50m_reg/C
  -------------------------------------------------------------------    -------------------
    SLICE_X62Y172        FDCE (Prop_fdce_C_Q)         0.164    -0.554 r  rst_sync2_50m_reg/Q
                         net (fo=1, routed)           0.222    -0.332    u_nt39565d/O2[0]
    SLICE_X62Y172        LUT1 (Prop_lut1_I0_O)        0.045    -0.287 f  u_nt39565d/FSM_onehot_state[9]_i_3/O
                         net (fo=90, routed)          0.273    -0.014    u_nt39565d_n_0
    SLICE_X61Y172        FDCE                                         f  gap_cnt_reg[2]/CLR
  -------------------------------------------------------------------    -------------------

                         (clock clk_out1_clk_wiz_0 rise edge)
                                                      0.000     0.000 r  
    R4                                                0.000     0.000 r  sys_clk (IN)
                         net (fo=0)                   0.000     0.000    u_mmcm/inst/clk_in1
    R4                   IBUF (Prop_ibuf_I_O)         0.444     0.444 r  u_mmcm/inst/clkin1_ibufg/O
                         net (fo=1, routed)           0.480     0.924    u_mmcm/inst/clk_in1_clk_wiz_0
    MMCME2_ADV_X1Y2      MMCME2_ADV (Prop_mmcme2_adv_CLKIN1_CLKOUT0)
                                                     -3.332    -2.409 r  u_mmcm/inst/mmcm_adv_inst/CLKOUT0
                         net (fo=1, routed)           0.579    -1.830    u_mmcm/inst/clk_out1_clk_wiz_0
    BUFGCTRL_X0Y4        BUFG (Prop_bufg_I_O)         0.029    -1.801 r  u_mmcm/inst/clkout1_buf/O
                         net (fo=92, routed)          0.838    -0.962    gate_clk
    SLICE_X61Y172        FDCE                                         r  gap_cnt_reg[2]/C
                         clock pessimism              0.280    -0.682    
    SLICE_X61Y172        FDCE (Remov_fdce_C_CLR)     -0.092    -0.774    gap_cnt_reg[2]
  -------------------------------------------------------------------
                         required time                          0.774    
                         arrival time                          -0.014    
  -------------------------------------------------------------------
                         slack                                  0.760    

Slack (MET) :             0.760ns  (arrival time - required time)
  Source:                 rst_sync2_50m_reg/C
                            (rising edge-triggered cell FDCE clocked by clk_out1_clk_wiz_0  {rise@0.000ns fall@10.000ns period=20.000ns})
  Destination:            gap_cnt_reg[3]/CLR
                            (removal check against rising-edge clock clk_out1_clk_wiz_0  {rise@0.000ns fall@10.000ns period=20.000ns})
  Path Group:             **async_default**
  Path Type:              Removal (Min at Fast Process Corner)
  Requirement:            0.000ns  (clk_out1_clk_wiz_0 rise@0.000ns - clk_out1_clk_wiz_0 rise@0.000ns)
  Data Path Delay:        0.704ns  (logic 0.209ns (29.687%)  route 0.495ns (70.313%))
  Logic Levels:           1  (LUT1=1)
  Clock Path Skew:        0.036ns (DCD - SCD - CPR)
    Destination Clock Delay (DCD):    -0.962ns
    Source Clock Delay      (SCD):    -0.718ns
    Clock Pessimism Removal (CPR):    -0.280ns

    Location             Delay type                Incr(ns)  Path(ns)    Netlist Resource(s)
  -------------------------------------------------------------------    -------------------
                         (clock clk_out1_clk_wiz_0 rise edge)
                                                      0.000     0.000 r  
    R4                                                0.000     0.000 r  sys_clk (IN)
                         net (fo=0)                   0.000     0.000    u_mmcm/inst/clk_in1
    R4                   IBUF (Prop_ibuf_I_O)         0.256     0.256 r  u_mmcm/inst/clkin1_ibufg/O
                         net (fo=1, routed)           0.440     0.696    u_mmcm/inst/clk_in1_clk_wiz_0
    MMCME2_ADV_X1Y2      MMCME2_ADV (Prop_mmcme2_adv_CLKIN1_CLKOUT0)
                                                     -2.540    -1.844 r  u_mmcm/inst/mmcm_adv_inst/CLKOUT0
                         net (fo=1, routed)           0.531    -1.313    u_mmcm/inst/clk_out1_clk_wiz_0
    BUFGCTRL_X0Y4        BUFG (Prop_bufg_I_O)         0.026    -1.287 r  u_mmcm/inst/clkout1_buf/O
                         net (fo=92, routed)          0.569    -0.718    gate_clk
    SLICE_X62Y172        FDCE                                         r  rst_sync2_50m_reg/C
  -------------------------------------------------------------------    -------------------
    SLICE_X62Y172        FDCE (Prop_fdce_C_Q)         0.164    -0.554 r  rst_sync2_50m_reg/Q
                         net (fo=1, routed)           0.222    -0.332    u_nt39565d/O2[0]
    SLICE_X62Y172        LUT1 (Prop_lut1_I0_O)        0.045    -0.287 f  u_nt39565d/FSM_onehot_state[9]_i_3/O
                         net (fo=90, routed)          0.273    -0.014    u_nt39565d_n_0
    SLICE_X61Y172        FDCE                                         f  gap_cnt_reg[3]/CLR
  -------------------------------------------------------------------    -------------------

                         (clock clk_out1_clk_wiz_0 rise edge)
                                                      0.000     0.000 r  
    R4                                                0.000     0.000 r  sys_clk (IN)
                         net (fo=0)                   0.000     0.000    u_mmcm/inst/clk_in1
    R4                   IBUF (Prop_ibuf_I_O)         0.444     0.444 r  u_mmcm/inst/clkin1_ibufg/O
                         net (fo=1, routed)           0.480     0.924    u_mmcm/inst/clk_in1_clk_wiz_0
    MMCME2_ADV_X1Y2      MMCME2_ADV (Prop_mmcme2_adv_CLKIN1_CLKOUT0)
                                                     -3.332    -2.409 r  u_mmcm/inst/mmcm_adv_inst/CLKOUT0
                         net (fo=1, routed)           0.579    -1.830    u_mmcm/inst/clk_out1_clk_wiz_0
    BUFGCTRL_X0Y4        BUFG (Prop_bufg_I_O)         0.029    -1.801 r  u_mmcm/inst/clkout1_buf/O
                         net (fo=92, routed)          0.838    -0.962    gate_clk
    SLICE_X61Y172        FDCE                                         r  gap_cnt_reg[3]/C
                         clock pessimism              0.280    -0.682    
    SLICE_X61Y172        FDCE (Remov_fdce_C_CLR)     -0.092    -0.774    gap_cnt_reg[3]
  -------------------------------------------------------------------
                         required time                          0.774    
                         arrival time                          -0.014    
  -------------------------------------------------------------------
                         slack                                  0.760    

Slack (MET) :             0.760ns  (arrival time - required time)
  Source:                 rst_sync2_50m_reg/C
                            (rising edge-triggered cell FDCE clocked by clk_out1_clk_wiz_0  {rise@0.000ns fall@10.000ns period=20.000ns})
  Destination:            gap_cnt_reg[4]/CLR
                            (removal check against rising-edge clock clk_out1_clk_wiz_0  {rise@0.000ns fall@10.000ns period=20.000ns})
  Path Group:             **async_default**
  Path Type:              Removal (Min at Fast Process Corner)
  Requirement:            0.000ns  (clk_out1_clk_wiz_0 rise@0.000ns - clk_out1_clk_wiz_0 rise@0.000ns)
  Data Path Delay:        0.704ns  (logic 0.209ns (29.687%)  route 0.495ns (70.313%))
  Logic Levels:           1  (LUT1=1)
  Clock Path Skew:        0.036ns (DCD - SCD - CPR)
    Destination Clock Delay (DCD):    -0.962ns
    Source Clock Delay      (SCD):    -0.718ns
    Clock Pessimism Removal (CPR):    -0.280ns

    Location             Delay type                Incr(ns)  Path(ns)    Netlist Resource(s)
  -------------------------------------------------------------------    -------------------
                         (clock clk_out1_clk_wiz_0 rise edge)
                                                      0.000     0.000 r  
    R4                                                0.000     0.000 r  sys_clk (IN)
                         net (fo=0)                   0.000     0.000    u_mmcm/inst/clk_in1
    R4                   IBUF (Prop_ibuf_I_O)         0.256     0.256 r  u_mmcm/inst/clkin1_ibufg/O
                         net (fo=1, routed)           0.440     0.696    u_mmcm/inst/clk_in1_clk_wiz_0
    MMCME2_ADV_X1Y2      MMCME2_ADV (Prop_mmcme2_adv_CLKIN1_CLKOUT0)
                                                     -2.540    -1.844 r  u_mmcm/inst/mmcm_adv_inst/CLKOUT0
                         net (fo=1, routed)           0.531    -1.313    u_mmcm/inst/clk_out1_clk_wiz_0
    BUFGCTRL_X0Y4        BUFG (Prop_bufg_I_O)         0.026    -1.287 r  u_mmcm/inst/clkout1_buf/O
                         net (fo=92, routed)          0.569    -0.718    gate_clk
    SLICE_X62Y172        FDCE                                         r  rst_sync2_50m_reg/C
  -------------------------------------------------------------------    -------------------
    SLICE_X62Y172        FDCE (Prop_fdce_C_Q)         0.164    -0.554 r  rst_sync2_50m_reg/Q
                         net (fo=1, routed)           0.222    -0.332    u_nt39565d/O2[0]
    SLICE_X62Y172        LUT1 (Prop_lut1_I0_O)        0.045    -0.287 f  u_nt39565d/FSM_onehot_state[9]_i_3/O
                         net (fo=90, routed)          0.273    -0.014    u_nt39565d_n_0
    SLICE_X61Y172        FDCE                                         f  gap_cnt_reg[4]/CLR
  -------------------------------------------------------------------    -------------------

                         (clock clk_out1_clk_wiz_0 rise edge)
                                                      0.000     0.000 r  
    R4                                                0.000     0.000 r  sys_clk (IN)
                         net (fo=0)                   0.000     0.000    u_mmcm/inst/clk_in1
    R4                   IBUF (Prop_ibuf_I_O)         0.444     0.444 r  u_mmcm/inst/clkin1_ibufg/O
                         net (fo=1, routed)           0.480     0.924    u_mmcm/inst/clk_in1_clk_wiz_0
    MMCME2_ADV_X1Y2      MMCME2_ADV (Prop_mmcme2_adv_CLKIN1_CLKOUT0)
                                                     -3.332    -2.409 r  u_mmcm/inst/mmcm_adv_inst/CLKOUT0
                         net (fo=1, routed)           0.579    -1.830    u_mmcm/inst/clk_out1_clk_wiz_0
    BUFGCTRL_X0Y4        BUFG (Prop_bufg_I_O)         0.029    -1.801 r  u_mmcm/inst/clkout1_buf/O
                         net (fo=92, routed)          0.838    -0.962    gate_clk
    SLICE_X61Y172        FDCE                                         r  gap_cnt_reg[4]/C
                         clock pessimism              0.280    -0.682    
    SLICE_X61Y172        FDCE (Remov_fdce_C_CLR)     -0.092    -0.774    gap_cnt_reg[4]
  -------------------------------------------------------------------
                         required time                          0.774    
                         arrival time                          -0.014    
  -------------------------------------------------------------------
                         slack                                  0.760    

Slack (MET) :             0.760ns  (arrival time - required time)
  Source:                 rst_sync2_50m_reg/C
                            (rising edge-triggered cell FDCE clocked by clk_out1_clk_wiz_0  {rise@0.000ns fall@10.000ns period=20.000ns})
  Destination:            gap_cnt_reg[5]/CLR
                            (removal check against rising-edge clock clk_out1_clk_wiz_0  {rise@0.000ns fall@10.000ns period=20.000ns})
  Path Group:             **async_default**
  Path Type:              Removal (Min at Fast Process Corner)
  Requirement:            0.000ns  (clk_out1_clk_wiz_0 rise@0.000ns - clk_out1_clk_wiz_0 rise@0.000ns)
  Data Path Delay:        0.704ns  (logic 0.209ns (29.687%)  route 0.495ns (70.313%))
  Logic Levels:           1  (LUT1=1)
  Clock Path Skew:        0.036ns (DCD - SCD - CPR)
    Destination Clock Delay (DCD):    -0.962ns
    Source Clock Delay      (SCD):    -0.718ns
    Clock Pessimism Removal (CPR):    -0.280ns

    Location             Delay type                Incr(ns)  Path(ns)    Netlist Resource(s)
  -------------------------------------------------------------------    -------------------
                         (clock clk_out1_clk_wiz_0 rise edge)
                                                      0.000     0.000 r  
    R4                                                0.000     0.000 r  sys_clk (IN)
                         net (fo=0)                   0.000     0.000    u_mmcm/inst/clk_in1
    R4                   IBUF (Prop_ibuf_I_O)         0.256     0.256 r  u_mmcm/inst/clkin1_ibufg/O
                         net (fo=1, routed)           0.440     0.696    u_mmcm/inst/clk_in1_clk_wiz_0
    MMCME2_ADV_X1Y2      MMCME2_ADV (Prop_mmcme2_adv_CLKIN1_CLKOUT0)
                                                     -2.540    -1.844 r  u_mmcm/inst/mmcm_adv_inst/CLKOUT0
                         net (fo=1, routed)           0.531    -1.313    u_mmcm/inst/clk_out1_clk_wiz_0
    BUFGCTRL_X0Y4        BUFG (Prop_bufg_I_O)         0.026    -1.287 r  u_mmcm/inst/clkout1_buf/O
                         net (fo=92, routed)          0.569    -0.718    gate_clk
    SLICE_X62Y172        FDCE                                         r  rst_sync2_50m_reg/C
  -------------------------------------------------------------------    -------------------
    SLICE_X62Y172        FDCE (Prop_fdce_C_Q)         0.164    -0.554 r  rst_sync2_50m_reg/Q
                         net (fo=1, routed)           0.222    -0.332    u_nt39565d/O2[0]
    SLICE_X62Y172        LUT1 (Prop_lut1_I0_O)        0.045    -0.287 f  u_nt39565d/FSM_onehot_state[9]_i_3/O
                         net (fo=90, routed)          0.273    -0.014    u_nt39565d_n_0
    SLICE_X61Y172        FDCE                                         f  gap_cnt_reg[5]/CLR
  -------------------------------------------------------------------    -------------------

                         (clock clk_out1_clk_wiz_0 rise edge)
                                                      0.000     0.000 r  
    R4                                                0.000     0.000 r  sys_clk (IN)
                         net (fo=0)                   0.000     0.000    u_mmcm/inst/clk_in1
    R4                   IBUF (Prop_ibuf_I_O)         0.444     0.444 r  u_mmcm/inst/clkin1_ibufg/O
                         net (fo=1, routed)           0.480     0.924    u_mmcm/inst/clk_in1_clk_wiz_0
    MMCME2_ADV_X1Y2      MMCME2_ADV (Prop_mmcme2_adv_CLKIN1_CLKOUT0)
                                                     -3.332    -2.409 r  u_mmcm/inst/mmcm_adv_inst/CLKOUT0
                         net (fo=1, routed)           0.579    -1.830    u_mmcm/inst/clk_out1_clk_wiz_0
    BUFGCTRL_X0Y4        BUFG (Prop_bufg_I_O)         0.029    -1.801 r  u_mmcm/inst/clkout1_buf/O
                         net (fo=92, routed)          0.838    -0.962    gate_clk
    SLICE_X61Y172        FDCE                                         r  gap_cnt_reg[5]/C
                         clock pessimism              0.280    -0.682    
    SLICE_X61Y172        FDCE (Remov_fdce_C_CLR)     -0.092    -0.774    gap_cnt_reg[5]
  -------------------------------------------------------------------
                         required time                          0.774    
                         arrival time                          -0.014    
  -------------------------------------------------------------------
                         slack                                  0.760    

Slack (MET) :             0.792ns  (arrival time - required time)
  Source:                 rst_sync2_50m_reg/C
                            (rising edge-triggered cell FDCE clocked by clk_out1_clk_wiz_0  {rise@0.000ns fall@10.000ns period=20.000ns})
  Destination:            gap_cnt_reg[0]/CLR
                            (removal check against rising-edge clock clk_out1_clk_wiz_0  {rise@0.000ns fall@10.000ns period=20.000ns})
  Path Group:             **async_default**
  Path Type:              Removal (Min at Fast Process Corner)
  Requirement:            0.000ns  (clk_out1_clk_wiz_0 rise@0.000ns - clk_out1_clk_wiz_0 rise@0.000ns)
  Data Path Delay:        0.734ns  (logic 0.209ns (28.477%)  route 0.525ns (71.523%))
  Logic Levels:           1  (LUT1=1)
  Clock Path Skew:        0.034ns (DCD - SCD - CPR)
    Destination Clock Delay (DCD):    -0.964ns
    Source Clock Delay      (SCD):    -0.718ns
    Clock Pessimism Removal (CPR):    -0.280ns

    Location             Delay type                Incr(ns)  Path(ns)    Netlist Resource(s)
  -------------------------------------------------------------------    -------------------
                         (clock clk_out1_clk_wiz_0 rise edge)
                                                      0.000     0.000 r  
    R4                                                0.000     0.000 r  sys_clk (IN)
                         net (fo=0)                   0.000     0.000    u_mmcm/inst/clk_in1
    R4                   IBUF (Prop_ibuf_I_O)         0.256     0.256 r  u_mmcm/inst/clkin1_ibufg/O
                         net (fo=1, routed)           0.440     0.696    u_mmcm/inst/clk_in1_clk_wiz_0
    MMCME2_ADV_X1Y2      MMCME2_ADV (Prop_mmcme2_adv_CLKIN1_CLKOUT0)
                                                     -2.540    -1.844 r  u_mmcm/inst/mmcm_adv_inst/CLKOUT0
                         net (fo=1, routed)           0.531    -1.313    u_mmcm/inst/clk_out1_clk_wiz_0
    BUFGCTRL_X0Y4        BUFG (Prop_bufg_I_O)         0.026    -1.287 r  u_mmcm/inst/clkout1_buf/O
                         net (fo=92, routed)          0.569    -0.718    gate_clk
    SLICE_X62Y172        FDCE                                         r  rst_sync2_50m_reg/C
  -------------------------------------------------------------------    -------------------
    SLICE_X62Y172        FDCE (Prop_fdce_C_Q)         0.164    -0.554 r  rst_sync2_50m_reg/Q
                         net (fo=1, routed)           0.222    -0.332    u_nt39565d/O2[0]
    SLICE_X62Y172        LUT1 (Prop_lut1_I0_O)        0.045    -0.287 f  u_nt39565d/FSM_onehot_state[9]_i_3/O
                         net (fo=90, routed)          0.302     0.016    u_nt39565d_n_0
    SLICE_X59Y173        FDCE                                         f  gap_cnt_reg[0]/CLR
  -------------------------------------------------------------------    -------------------

                         (clock clk_out1_clk_wiz_0 rise edge)
                                                      0.000     0.000 r  
    R4                                                0.000     0.000 r  sys_clk (IN)
                         net (fo=0)                   0.000     0.000    u_mmcm/inst/clk_in1
    R4                   IBUF (Prop_ibuf_I_O)         0.444     0.444 r  u_mmcm/inst/clkin1_ibufg/O
                         net (fo=1, routed)           0.480     0.924    u_mmcm/inst/clk_in1_clk_wiz_0
    MMCME2_ADV_X1Y2      MMCME2_ADV (Prop_mmcme2_adv_CLKIN1_CLKOUT0)
                                                     -3.332    -2.409 r  u_mmcm/inst/mmcm_adv_inst/CLKOUT0
                         net (fo=1, routed)           0.579    -1.830    u_mmcm/inst/clk_out1_clk_wiz_0
    BUFGCTRL_X0Y4        BUFG (Prop_bufg_I_O)         0.029    -1.801 r  u_mmcm/inst/clkout1_buf/O
                         net (fo=92, routed)          0.836    -0.964    gate_clk
    SLICE_X59Y173        FDCE                                         r  gap_cnt_reg[0]/C
                         clock pessimism              0.280    -0.684    
    SLICE_X59Y173        FDCE (Remov_fdce_C_CLR)     -0.092    -0.776    gap_cnt_reg[0]
  -------------------------------------------------------------------
                         required time                          0.776    
                         arrival time                           0.016    
  -------------------------------------------------------------------
                         slack                                  0.792    

Slack (MET) :             0.792ns  (arrival time - required time)
  Source:                 rst_sync2_50m_reg/C
                            (rising edge-triggered cell FDCE clocked by clk_out1_clk_wiz_0  {rise@0.000ns fall@10.000ns period=20.000ns})
  Destination:            gap_cnt_reg[7]/CLR
                            (removal check against rising-edge clock clk_out1_clk_wiz_0  {rise@0.000ns fall@10.000ns period=20.000ns})
  Path Group:             **async_default**
  Path Type:              Removal (Min at Fast Process Corner)
  Requirement:            0.000ns  (clk_out1_clk_wiz_0 rise@0.000ns - clk_out1_clk_wiz_0 rise@0.000ns)
  Data Path Delay:        0.734ns  (logic 0.209ns (28.477%)  route 0.525ns (71.523%))
  Logic Levels:           1  (LUT1=1)
  Clock Path Skew:        0.034ns (DCD - SCD - CPR)
    Destination Clock Delay (DCD):    -0.964ns
    Source Clock Delay      (SCD):    -0.718ns
    Clock Pessimism Removal (CPR):    -0.280ns

    Location             Delay type                Incr(ns)  Path(ns)    Netlist Resource(s)
  -------------------------------------------------------------------    -------------------
                         (clock clk_out1_clk_wiz_0 rise edge)
                                                      0.000     0.000 r  
    R4                                                0.000     0.000 r  sys_clk (IN)
                         net (fo=0)                   0.000     0.000    u_mmcm/inst/clk_in1
    R4                   IBUF (Prop_ibuf_I_O)         0.256     0.256 r  u_mmcm/inst/clkin1_ibufg/O
                         net (fo=1, routed)           0.440     0.696    u_mmcm/inst/clk_in1_clk_wiz_0
    MMCME2_ADV_X1Y2      MMCME2_ADV (Prop_mmcme2_adv_CLKIN1_CLKOUT0)
                                                     -2.540    -1.844 r  u_mmcm/inst/mmcm_adv_inst/CLKOUT0
                         net (fo=1, routed)           0.531    -1.313    u_mmcm/inst/clk_out1_clk_wiz_0
    BUFGCTRL_X0Y4        BUFG (Prop_bufg_I_O)         0.026    -1.287 r  u_mmcm/inst/clkout1_buf/O
                         net (fo=92, routed)          0.569    -0.718    gate_clk
    SLICE_X62Y172        FDCE                                         r  rst_sync2_50m_reg/C
  -------------------------------------------------------------------    -------------------
    SLICE_X62Y172        FDCE (Prop_fdce_C_Q)         0.164    -0.554 r  rst_sync2_50m_reg/Q
                         net (fo=1, routed)           0.222    -0.332    u_nt39565d/O2[0]
    SLICE_X62Y172        LUT1 (Prop_lut1_I0_O)        0.045    -0.287 f  u_nt39565d/FSM_onehot_state[9]_i_3/O
                         net (fo=90, routed)          0.302     0.016    u_nt39565d_n_0
    SLICE_X59Y173        FDCE                                         f  gap_cnt_reg[7]/CLR
  -------------------------------------------------------------------    -------------------

                         (clock clk_out1_clk_wiz_0 rise edge)
                                                      0.000     0.000 r  
    R4                                                0.000     0.000 r  sys_clk (IN)
                         net (fo=0)                   0.000     0.000    u_mmcm/inst/clk_in1
    R4                   IBUF (Prop_ibuf_I_O)         0.444     0.444 r  u_mmcm/inst/clkin1_ibufg/O
                         net (fo=1, routed)           0.480     0.924    u_mmcm/inst/clk_in1_clk_wiz_0
    MMCME2_ADV_X1Y2      MMCME2_ADV (Prop_mmcme2_adv_CLKIN1_CLKOUT0)
                                                     -3.332    -2.409 r  u_mmcm/inst/mmcm_adv_inst/CLKOUT0
                         net (fo=1, routed)           0.579    -1.830    u_mmcm/inst/clk_out1_clk_wiz_0
    BUFGCTRL_X0Y4        BUFG (Prop_bufg_I_O)         0.029    -1.801 r  u_mmcm/inst/clkout1_buf/O
                         net (fo=92, routed)          0.836    -0.964    gate_clk
    SLICE_X59Y173        FDCE                                         r  gap_cnt_reg[7]/C
                         clock pessimism              0.280    -0.684    
    SLICE_X59Y173        FDCE (Remov_fdce_C_CLR)     -0.092    -0.776    gap_cnt_reg[7]
  -------------------------------------------------------------------
                         required time                          0.776    
                         arrival time                           0.016    
  -------------------------------------------------------------------
                         slack                                  0.792    

Slack (MET) :             0.814ns  (arrival time - required time)
  Source:                 rst_sync2_50m_reg/C
                            (rising edge-triggered cell FDCE clocked by clk_out1_clk_wiz_0  {rise@0.000ns fall@10.000ns period=20.000ns})
  Destination:            gap_cnt_reg[10]/CLR
                            (removal check against rising-edge clock clk_out1_clk_wiz_0  {rise@0.000ns fall@10.000ns period=20.000ns})
  Path Group:             **async_default**
  Path Type:              Removal (Min at Fast Process Corner)
  Requirement:            0.000ns  (clk_out1_clk_wiz_0 rise@0.000ns - clk_out1_clk_wiz_0 rise@0.000ns)
  Data Path Delay:        0.755ns  (logic 0.209ns (27.681%)  route 0.546ns (72.319%))
  Logic Levels:           1  (LUT1=1)
  Clock Path Skew:        0.033ns (DCD - SCD - CPR)
    Destination Clock Delay (DCD):    -0.965ns
    Source Clock Delay      (SCD):    -0.718ns
    Clock Pessimism Removal (CPR):    -0.280ns

    Location             Delay type                Incr(ns)  Path(ns)    Netlist Resource(s)
  -------------------------------------------------------------------    -------------------
                         (clock clk_out1_clk_wiz_0 rise edge)
                                                      0.000     0.000 r  
    R4                                                0.000     0.000 r  sys_clk (IN)
                         net (fo=0)                   0.000     0.000    u_mmcm/inst/clk_in1
    R4                   IBUF (Prop_ibuf_I_O)         0.256     0.256 r  u_mmcm/inst/clkin1_ibufg/O
                         net (fo=1, routed)           0.440     0.696    u_mmcm/inst/clk_in1_clk_wiz_0
    MMCME2_ADV_X1Y2      MMCME2_ADV (Prop_mmcme2_adv_CLKIN1_CLKOUT0)
                                                     -2.540    -1.844 r  u_mmcm/inst/mmcm_adv_inst/CLKOUT0
                         net (fo=1, routed)           0.531    -1.313    u_mmcm/inst/clk_out1_clk_wiz_0
    BUFGCTRL_X0Y4        BUFG (Prop_bufg_I_O)         0.026    -1.287 r  u_mmcm/inst/clkout1_buf/O
                         net (fo=92, routed)          0.569    -0.718    gate_clk
    SLICE_X62Y172        FDCE                                         r  rst_sync2_50m_reg/C
  -------------------------------------------------------------------    -------------------
    SLICE_X62Y172        FDCE (Prop_fdce_C_Q)         0.164    -0.554 r  rst_sync2_50m_reg/Q
                         net (fo=1, routed)           0.222    -0.332    u_nt39565d/O2[0]
    SLICE_X62Y172        LUT1 (Prop_lut1_I0_O)        0.045    -0.287 f  u_nt39565d/FSM_onehot_state[9]_i_3/O
                         net (fo=90, routed)          0.324     0.037    u_nt39565d_n_0
    SLICE_X61Y174        FDCE                                         f  gap_cnt_reg[10]/CLR
  -------------------------------------------------------------------    -------------------

                         (clock clk_out1_clk_wiz_0 rise edge)
                                                      0.000     0.000 r  
    R4                                                0.000     0.000 r  sys_clk (IN)
                         net (fo=0)                   0.000     0.000    u_mmcm/inst/clk_in1
    R4                   IBUF (Prop_ibuf_I_O)         0.444     0.444 r  u_mmcm/inst/clkin1_ibufg/O
                         net (fo=1, routed)           0.480     0.924    u_mmcm/inst/clk_in1_clk_wiz_0
    MMCME2_ADV_X1Y2      MMCME2_ADV (Prop_mmcme2_adv_CLKIN1_CLKOUT0)
                                                     -3.332    -2.409 r  u_mmcm/inst/mmcm_adv_inst/CLKOUT0
                         net (fo=1, routed)           0.579    -1.830    u_mmcm/inst/clk_out1_clk_wiz_0
    BUFGCTRL_X0Y4        BUFG (Prop_bufg_I_O)         0.029    -1.801 r  u_mmcm/inst/clkout1_buf/O
                         net (fo=92, routed)          0.836    -0.965    gate_clk
    SLICE_X61Y174        FDCE                                         r  gap_cnt_reg[10]/C
                         clock pessimism              0.280    -0.685    
    SLICE_X61Y174        FDCE (Remov_fdce_C_CLR)     -0.092    -0.777    gap_cnt_reg[10]
  -------------------------------------------------------------------
                         required time                          0.777    
                         arrival time                           0.037    
  -------------------------------------------------------------------
                         slack                                  0.814    

Slack (MET) :             0.814ns  (arrival time - required time)
  Source:                 rst_sync2_50m_reg/C
                            (rising edge-triggered cell FDCE clocked by clk_out1_clk_wiz_0  {rise@0.000ns fall@10.000ns period=20.000ns})
  Destination:            gap_cnt_reg[11]/CLR
                            (removal check against rising-edge clock clk_out1_clk_wiz_0  {rise@0.000ns fall@10.000ns period=20.000ns})
  Path Group:             **async_default**
  Path Type:              Removal (Min at Fast Process Corner)
  Requirement:            0.000ns  (clk_out1_clk_wiz_0 rise@0.000ns - clk_out1_clk_wiz_0 rise@0.000ns)
  Data Path Delay:        0.755ns  (logic 0.209ns (27.681%)  route 0.546ns (72.319%))
  Logic Levels:           1  (LUT1=1)
  Clock Path Skew:        0.033ns (DCD - SCD - CPR)
    Destination Clock Delay (DCD):    -0.965ns
    Source Clock Delay      (SCD):    -0.718ns
    Clock Pessimism Removal (CPR):    -0.280ns

    Location             Delay type                Incr(ns)  Path(ns)    Netlist Resource(s)
  -------------------------------------------------------------------    -------------------
                         (clock clk_out1_clk_wiz_0 rise edge)
                                                      0.000     0.000 r  
    R4                                                0.000     0.000 r  sys_clk (IN)
                         net (fo=0)                   0.000     0.000    u_mmcm/inst/clk_in1
    R4                   IBUF (Prop_ibuf_I_O)         0.256     0.256 r  u_mmcm/inst/clkin1_ibufg/O
                         net (fo=1, routed)           0.440     0.696    u_mmcm/inst/clk_in1_clk_wiz_0
    MMCME2_ADV_X1Y2      MMCME2_ADV (Prop_mmcme2_adv_CLKIN1_CLKOUT0)
                                                     -2.540    -1.844 r  u_mmcm/inst/mmcm_adv_inst/CLKOUT0
                         net (fo=1, routed)           0.531    -1.313    u_mmcm/inst/clk_out1_clk_wiz_0
    BUFGCTRL_X0Y4        BUFG (Prop_bufg_I_O)         0.026    -1.287 r  u_mmcm/inst/clkout1_buf/O
                         net (fo=92, routed)          0.569    -0.718    gate_clk
    SLICE_X62Y172        FDCE                                         r  rst_sync2_50m_reg/C
  -------------------------------------------------------------------    -------------------
    SLICE_X62Y172        FDCE (Prop_fdce_C_Q)         0.164    -0.554 r  rst_sync2_50m_reg/Q
                         net (fo=1, routed)           0.222    -0.332    u_nt39565d/O2[0]
    SLICE_X62Y172        LUT1 (Prop_lut1_I0_O)        0.045    -0.287 f  u_nt39565d/FSM_onehot_state[9]_i_3/O
                         net (fo=90, routed)          0.324     0.037    u_nt39565d_n_0
    SLICE_X61Y174        FDCE                                         f  gap_cnt_reg[11]/CLR
  -------------------------------------------------------------------    -------------------

                         (clock clk_out1_clk_wiz_0 rise edge)
                                                      0.000     0.000 r  
    R4                                                0.000     0.000 r  sys_clk (IN)
                         net (fo=0)                   0.000     0.000    u_mmcm/inst/clk_in1
    R4                   IBUF (Prop_ibuf_I_O)         0.444     0.444 r  u_mmcm/inst/clkin1_ibufg/O
                         net (fo=1, routed)           0.480     0.924    u_mmcm/inst/clk_in1_clk_wiz_0
    MMCME2_ADV_X1Y2      MMCME2_ADV (Prop_mmcme2_adv_CLKIN1_CLKOUT0)
                                                     -3.332    -2.409 r  u_mmcm/inst/mmcm_adv_inst/CLKOUT0
                         net (fo=1, routed)           0.579    -1.830    u_mmcm/inst/clk_out1_clk_wiz_0
    BUFGCTRL_X0Y4        BUFG (Prop_bufg_I_O)         0.029    -1.801 r  u_mmcm/inst/clkout1_buf/O
                         net (fo=92, routed)          0.836    -0.965    gate_clk
    SLICE_X61Y174        FDCE                                         r  gap_cnt_reg[11]/C
                         clock pessimism              0.280    -0.685    
    SLICE_X61Y174        FDCE (Remov_fdce_C_CLR)     -0.092    -0.777    gap_cnt_reg[11]
  -------------------------------------------------------------------
                         required time                          0.777    
                         arrival time                           0.037    
  -------------------------------------------------------------------
                         slack                                  0.814    





---------------------------------------------------------------------------------------------------
Path Group:  **async_default**
From Clock:  clk_out2_clk_wiz_0
  To Clock:  clk_out2_clk_wiz_0

Setup :            0  Failing Endpoints,  Worst Slack        3.242ns,  Total Violation        0.000ns
Hold  :            0  Failing Endpoints,  Worst Slack        0.337ns,  Total Violation        0.000ns
---------------------------------------------------------------------------------------------------


Max Delay Paths
--------------------------------------------------------------------------------------
Slack (MET) :             3.242ns  (required time - arrival time)
  Source:                 rst_sync2_100m_reg/C
                            (rising edge-triggered cell FDCE clocked by clk_out2_clk_wiz_0  {rise@0.000ns fall@5.000ns period=10.000ns})
  Destination:            u_data_rx_dual/u_panel0/mute_cnt_reg[1]/CLR
                            (recovery check against rising-edge clock clk_out2_clk_wiz_0  {rise@0.000ns fall@5.000ns period=10.000ns})
  Path Group:             **async_default**
  Path Type:              Recovery (Max at Slow Process Corner)
  Requirement:            10.000ns  (clk_out2_clk_wiz_0 rise@10.000ns - clk_out2_clk_wiz_0 rise@0.000ns)
  Data Path Delay:        6.309ns  (logic 0.538ns (8.527%)  route 5.771ns (91.473%))
  Logic Levels:           1  (LUT1=1)
  Clock Path Skew:        -0.029ns (DCD - SCD + CPR)
    Destination Clock Delay (DCD):    -1.233ns = ( 8.767 - 10.000 ) 
    Source Clock Delay      (SCD):    -0.809ns
    Clock Pessimism Removal (CPR):    0.396ns
  Clock Uncertainty:      0.088ns  ((TSJ^2 + DJ^2)^1/2) / 2 + PE
    Total System Jitter     (TSJ):    0.071ns
    Discrete Jitter          (DJ):    0.162ns
    Phase Error              (PE):    0.000ns

    Location             Delay type                Incr(ns)  Path(ns)    Netlist Resource(s)
  -------------------------------------------------------------------    -------------------
                         (clock clk_out2_clk_wiz_0 rise edge)
                                                      0.000     0.000 r  
    R4                                                0.000     0.000 r  sys_clk (IN)
                         net (fo=0)                   0.000     0.000    u_mmcm/inst/clk_in1
    R4                   IBUF (Prop_ibuf_I_O)         1.419     1.419 r  u_mmcm/inst/clkin1_ibufg/O
                         net (fo=1, routed)           1.065     2.484    u_mmcm/inst/clk_in1_clk_wiz_0
    MMCME2_ADV_X1Y2      MMCME2_ADV (Prop_mmcme2_adv_CLKIN1_CLKOUT1)
                                                     -6.273    -3.789 r  u_mmcm/inst/mmcm_adv_inst/CLKOUT1
                         net (fo=1, routed)           1.524    -2.265    u_mmcm/inst/clk_out2_clk_wiz_0
    BUFGCTRL_X0Y0        BUFG (Prop_bufg_I_O)         0.081    -2.184 r  u_mmcm/inst/clkout2_buf/O
                         net (fo=2629, routed)        1.375    -0.809    clk_100m
    SLICE_X66Y170        FDCE                                         r  rst_sync2_100m_reg/C
  -------------------------------------------------------------------    -------------------
    SLICE_X66Y170        FDCE (Prop_fdce_C_Q)         0.433    -0.376 r  rst_sync2_100m_reg/Q
                         net (fo=6, routed)           1.759     1.384    u_data_rx_dual/u_panel1/AR[0]
    SLICE_X98Y160        LUT1 (Prop_lut1_I0_O)        0.105     1.489 f  u_data_rx_dual/u_panel1/state[2]_i_2__0/O
                         net (fo=380, routed)         4.012     5.501    u_data_rx_dual/u_panel0/cap_done_tgl_sys_d2_reg_0
    SLICE_X49Y181        FDCE                                         f  u_data_rx_dual/u_panel0/mute_cnt_reg[1]/CLR
  -------------------------------------------------------------------    -------------------

                         (clock clk_out2_clk_wiz_0 rise edge)
                                                     10.000    10.000 r  
    R4                                                0.000    10.000 r  sys_clk (IN)
                         net (fo=0)                   0.000    10.000    u_mmcm/inst/clk_in1
    R4                   IBUF (Prop_ibuf_I_O)         1.353    11.353 r  u_mmcm/inst/clkin1_ibufg/O
                         net (fo=1, routed)           1.004    12.357    u_mmcm/inst/clk_in1_clk_wiz_0
    MMCME2_ADV_X1Y2      MMCME2_ADV (Prop_mmcme2_adv_CLKIN1_CLKOUT1)
                                                     -6.399     5.957 r  u_mmcm/inst/mmcm_adv_inst/CLKOUT1
                         net (fo=1, routed)           1.452     7.410    u_mmcm/inst/clk_out2_clk_wiz_0
    BUFGCTRL_X0Y0        BUFG (Prop_bufg_I_O)         0.077     7.487 r  u_mmcm/inst/clkout2_buf/O
                         net (fo=2629, routed)        1.280     8.767    u_data_rx_dual/u_panel0/clk_out2
    SLICE_X49Y181        FDCE                                         r  u_data_rx_dual/u_panel0/mute_cnt_reg[1]/C
                         clock pessimism              0.396     9.162    
                         clock uncertainty           -0.088     9.074    
    SLICE_X49Y181        FDCE (Recov_fdce_C_CLR)     -0.331     8.743    u_data_rx_dual/u_panel0/mute_cnt_reg[1]
  -------------------------------------------------------------------
                         required time                          8.743    
                         arrival time                          -5.501    
  -------------------------------------------------------------------
                         slack                                  3.242    

Slack (MET) :             3.281ns  (required time - arrival time)
  Source:                 rst_sync2_100m_reg/C
                            (rising edge-triggered cell FDCE clocked by clk_out2_clk_wiz_0  {rise@0.000ns fall@5.000ns period=10.000ns})
  Destination:            u_data_rx_dual/u_panel0/mute_cnt_reg[3]/CLR
                            (recovery check against rising-edge clock clk_out2_clk_wiz_0  {rise@0.000ns fall@5.000ns period=10.000ns})
  Path Group:             **async_default**
  Path Type:              Recovery (Max at Slow Process Corner)
  Requirement:            10.000ns  (clk_out2_clk_wiz_0 rise@10.000ns - clk_out2_clk_wiz_0 rise@0.000ns)
  Data Path Delay:        6.309ns  (logic 0.538ns (8.527%)  route 5.771ns (91.473%))
  Logic Levels:           1  (LUT1=1)
  Clock Path Skew:        -0.029ns (DCD - SCD + CPR)
    Destination Clock Delay (DCD):    -1.233ns = ( 8.767 - 10.000 ) 
    Source Clock Delay      (SCD):    -0.809ns
    Clock Pessimism Removal (CPR):    0.396ns
  Clock Uncertainty:      0.088ns  ((TSJ^2 + DJ^2)^1/2) / 2 + PE
    Total System Jitter     (TSJ):    0.071ns
    Discrete Jitter          (DJ):    0.162ns
    Phase Error              (PE):    0.000ns

    Location             Delay type                Incr(ns)  Path(ns)    Netlist Resource(s)
  -------------------------------------------------------------------    -------------------
                         (clock clk_out2_clk_wiz_0 rise edge)
                                                      0.000     0.000 r  
    R4                                                0.000     0.000 r  sys_clk (IN)
                         net (fo=0)                   0.000     0.000    u_mmcm/inst/clk_in1
    R4                   IBUF (Prop_ibuf_I_O)         1.419     1.419 r  u_mmcm/inst/clkin1_ibufg/O
                         net (fo=1, routed)           1.065     2.484    u_mmcm/inst/clk_in1_clk_wiz_0
    MMCME2_ADV_X1Y2      MMCME2_ADV (Prop_mmcme2_adv_CLKIN1_CLKOUT1)
                                                     -6.273    -3.789 r  u_mmcm/inst/mmcm_adv_inst/CLKOUT1
                         net (fo=1, routed)           1.524    -2.265    u_mmcm/inst/clk_out2_clk_wiz_0
    BUFGCTRL_X0Y0        BUFG (Prop_bufg_I_O)         0.081    -2.184 r  u_mmcm/inst/clkout2_buf/O
                         net (fo=2629, routed)        1.375    -0.809    clk_100m
    SLICE_X66Y170        FDCE                                         r  rst_sync2_100m_reg/C
  -------------------------------------------------------------------    -------------------
    SLICE_X66Y170        FDCE (Prop_fdce_C_Q)         0.433    -0.376 r  rst_sync2_100m_reg/Q
                         net (fo=6, routed)           1.759     1.384    u_data_rx_dual/u_panel1/AR[0]
    SLICE_X98Y160        LUT1 (Prop_lut1_I0_O)        0.105     1.489 f  u_data_rx_dual/u_panel1/state[2]_i_2__0/O
                         net (fo=380, routed)         4.012     5.501    u_data_rx_dual/u_panel0/cap_done_tgl_sys_d2_reg_0
    SLICE_X48Y181        FDCE                                         f  u_data_rx_dual/u_panel0/mute_cnt_reg[3]/CLR
  -------------------------------------------------------------------    -------------------

                         (clock clk_out2_clk_wiz_0 rise edge)
                                                     10.000    10.000 r  
    R4                                                0.000    10.000 r  sys_clk (IN)
                         net (fo=0)                   0.000    10.000    u_mmcm/inst/clk_in1
    R4                   IBUF (Prop_ibuf_I_O)         1.353    11.353 r  u_mmcm/inst/clkin1_ibufg/O
                         net (fo=1, routed)           1.004    12.357    u_mmcm/inst/clk_in1_clk_wiz_0
    MMCME2_ADV_X1Y2      MMCME2_ADV (Prop_mmcme2_adv_CLKIN1_CLKOUT1)
                                                     -6.399     5.957 r  u_mmcm/inst/mmcm_adv_inst/CLKOUT1
                         net (fo=1, routed)           1.452     7.410    u_mmcm/inst/clk_out2_clk_wiz_0
    BUFGCTRL_X0Y0        BUFG (Prop_bufg_I_O)         0.077     7.487 r  u_mmcm/inst/clkout2_buf/O
                         net (fo=2629, routed)        1.280     8.767    u_data_rx_dual/u_panel0/clk_out2
    SLICE_X48Y181        FDCE                                         r  u_data_rx_dual/u_panel0/mute_cnt_reg[3]/C
                         clock pessimism              0.396     9.162    
                         clock uncertainty           -0.088     9.074    
    SLICE_X48Y181        FDCE (Recov_fdce_C_CLR)     -0.292     8.782    u_data_rx_dual/u_panel0/mute_cnt_reg[3]
  -------------------------------------------------------------------
                         required time                          8.782    
                         arrival time                          -5.501    
  -------------------------------------------------------------------
                         slack                                  3.281    

Slack (MET) :             3.282ns  (required time - arrival time)
  Source:                 rst_sync2_100m_reg/C
                            (rising edge-triggered cell FDCE clocked by clk_out2_clk_wiz_0  {rise@0.000ns fall@5.000ns period=10.000ns})
  Destination:            u_data_rx_dual/u_panel0/burst_cnt_reg[6]/CLR
                            (recovery check against rising-edge clock clk_out2_clk_wiz_0  {rise@0.000ns fall@5.000ns period=10.000ns})
  Path Group:             **async_default**
  Path Type:              Recovery (Max at Slow Process Corner)
  Requirement:            10.000ns  (clk_out2_clk_wiz_0 rise@10.000ns - clk_out2_clk_wiz_0 rise@0.000ns)
  Data Path Delay:        6.308ns  (logic 0.538ns (8.529%)  route 5.770ns (91.471%))
  Logic Levels:           1  (LUT1=1)
  Clock Path Skew:        -0.030ns (DCD - SCD + CPR)
    Destination Clock Delay (DCD):    -1.234ns = ( 8.766 - 10.000 ) 
    Source Clock Delay      (SCD):    -0.809ns
    Clock Pessimism Removal (CPR):    0.396ns
  Clock Uncertainty:      0.088ns  ((TSJ^2 + DJ^2)^1/2) / 2 + PE
    Total System Jitter     (TSJ):    0.071ns
    Discrete Jitter          (DJ):    0.162ns
    Phase Error              (PE):    0.000ns

    Location             Delay type                Incr(ns)  Path(ns)    Netlist Resource(s)
  -------------------------------------------------------------------    -------------------
                         (clock clk_out2_clk_wiz_0 rise edge)
                                                      0.000     0.000 r  
    R4                                                0.000     0.000 r  sys_clk (IN)
                         net (fo=0)                   0.000     0.000    u_mmcm/inst/clk_in1
    R4                   IBUF (Prop_ibuf_I_O)         1.419     1.419 r  u_mmcm/inst/clkin1_ibufg/O
                         net (fo=1, routed)           1.065     2.484    u_mmcm/inst/clk_in1_clk_wiz_0
    MMCME2_ADV_X1Y2      MMCME2_ADV (Prop_mmcme2_adv_CLKIN1_CLKOUT1)
                                                     -6.273    -3.789 r  u_mmcm/inst/mmcm_adv_inst/CLKOUT1
                         net (fo=1, routed)           1.524    -2.265    u_mmcm/inst/clk_out2_clk_wiz_0
    BUFGCTRL_X0Y0        BUFG (Prop_bufg_I_O)         0.081    -2.184 r  u_mmcm/inst/clkout2_buf/O
                         net (fo=2629, routed)        1.375    -0.809    clk_100m
    SLICE_X66Y170        FDCE                                         r  rst_sync2_100m_reg/C
  -------------------------------------------------------------------    -------------------
    SLICE_X66Y170        FDCE (Prop_fdce_C_Q)         0.433    -0.376 r  rst_sync2_100m_reg/Q
                         net (fo=6, routed)           1.759     1.384    u_data_rx_dual/u_panel1/AR[0]
    SLICE_X98Y160        LUT1 (Prop_lut1_I0_O)        0.105     1.489 f  u_data_rx_dual/u_panel1/state[2]_i_2__0/O
                         net (fo=380, routed)         4.011     5.499    u_data_rx_dual/u_panel0/cap_done_tgl_sys_d2_reg_0
    SLICE_X46Y180        FDCE                                         f  u_data_rx_dual/u_panel0/burst_cnt_reg[6]/CLR
  -------------------------------------------------------------------    -------------------

                         (clock clk_out2_clk_wiz_0 rise edge)
                                                     10.000    10.000 r  
    R4                                                0.000    10.000 r  sys_clk (IN)
                         net (fo=0)                   0.000    10.000    u_mmcm/inst/clk_in1
    R4                   IBUF (Prop_ibuf_I_O)         1.353    11.353 r  u_mmcm/inst/clkin1_ibufg/O
                         net (fo=1, routed)           1.004    12.357    u_mmcm/inst/clk_in1_clk_wiz_0
    MMCME2_ADV_X1Y2      MMCME2_ADV (Prop_mmcme2_adv_CLKIN1_CLKOUT1)
                                                     -6.399     5.957 r  u_mmcm/inst/mmcm_adv_inst/CLKOUT1
                         net (fo=1, routed)           1.452     7.410    u_mmcm/inst/clk_out2_clk_wiz_0
    BUFGCTRL_X0Y0        BUFG (Prop_bufg_I_O)         0.077     7.487 r  u_mmcm/inst/clkout2_buf/O
                         net (fo=2629, routed)        1.279     8.766    u_data_rx_dual/u_panel0/clk_out2
    SLICE_X46Y180        FDCE                                         r  u_data_rx_dual/u_panel0/burst_cnt_reg[6]/C
                         clock pessimism              0.396     9.161    
                         clock uncertainty           -0.088     9.073    
    SLICE_X46Y180        FDCE (Recov_fdce_C_CLR)     -0.292     8.781    u_data_rx_dual/u_panel0/burst_cnt_reg[6]
  -------------------------------------------------------------------
                         required time                          8.781    
                         arrival time                          -5.499    
  -------------------------------------------------------------------
                         slack                                  3.282    

Slack (MET) :             3.292ns  (required time - arrival time)
  Source:                 rst_sync2_100m_reg/C
                            (rising edge-triggered cell FDCE clocked by clk_out2_clk_wiz_0  {rise@0.000ns fall@5.000ns period=10.000ns})
  Destination:            cfg_delay_cnt_reg[0]/CLR
                            (recovery check against rising-edge clock clk_out2_clk_wiz_0  {rise@0.000ns fall@5.000ns period=10.000ns})
  Path Group:             **async_default**
  Path Type:              Recovery (Max at Slow Process Corner)
  Requirement:            10.000ns  (clk_out2_clk_wiz_0 rise@10.000ns - clk_out2_clk_wiz_0 rise@0.000ns)
  Data Path Delay:        6.337ns  (logic 0.538ns (8.490%)  route 5.799ns (91.510%))
  Logic Levels:           1  (LUT1=1)
  Clock Path Skew:        0.048ns (DCD - SCD + CPR)
    Destination Clock Delay (DCD):    -1.156ns = ( 8.844 - 10.000 ) 
    Source Clock Delay      (SCD):    -0.809ns
    Clock Pessimism Removal (CPR):    0.396ns
  Clock Uncertainty:      0.088ns  ((TSJ^2 + DJ^2)^1/2) / 2 + PE
    Total System Jitter     (TSJ):    0.071ns
    Discrete Jitter          (DJ):    0.162ns
    Phase Error              (PE):    0.000ns

    Location             Delay type                Incr(ns)  Path(ns)    Netlist Resource(s)
  -------------------------------------------------------------------    -------------------
                         (clock clk_out2_clk_wiz_0 rise edge)
                                                      0.000     0.000 r  
    R4                                                0.000     0.000 r  sys_clk (IN)
                         net (fo=0)                   0.000     0.000    u_mmcm/inst/clk_in1
    R4                   IBUF (Prop_ibuf_I_O)         1.419     1.419 r  u_mmcm/inst/clkin1_ibufg/O
                         net (fo=1, routed)           1.065     2.484    u_mmcm/inst/clk_in1_clk_wiz_0
    MMCME2_ADV_X1Y2      MMCME2_ADV (Prop_mmcme2_adv_CLKIN1_CLKOUT1)
                                                     -6.273    -3.789 r  u_mmcm/inst/mmcm_adv_inst/CLKOUT1
                         net (fo=1, routed)           1.524    -2.265    u_mmcm/inst/clk_out2_clk_wiz_0
    BUFGCTRL_X0Y0        BUFG (Prop_bufg_I_O)         0.081    -2.184 r  u_mmcm/inst/clkout2_buf/O
                         net (fo=2629, routed)        1.375    -0.809    clk_100m
    SLICE_X66Y170        FDCE                                         r  rst_sync2_100m_reg/C
  -------------------------------------------------------------------    -------------------
    SLICE_X66Y170        FDCE (Prop_fdce_C_Q)         0.433    -0.376 r  rst_sync2_100m_reg/Q
                         net (fo=6, routed)           1.759     1.384    u_data_rx_dual/u_panel1/AR[0]
    SLICE_X98Y160        LUT1 (Prop_lut1_I0_O)        0.105     1.489 f  u_data_rx_dual/u_panel1/state[2]_i_2__0/O
                         net (fo=380, routed)         4.040     5.528    u_data_rx_dual_n_3
    SLICE_X38Y163        FDCE                                         f  cfg_delay_cnt_reg[0]/CLR
  -------------------------------------------------------------------    -------------------

                         (clock clk_out2_clk_wiz_0 rise edge)
                                                     10.000    10.000 r  
    R4                                                0.000    10.000 r  sys_clk (IN)
                         net (fo=0)                   0.000    10.000    u_mmcm/inst/clk_in1
    R4                   IBUF (Prop_ibuf_I_O)         1.353    11.353 r  u_mmcm/inst/clkin1_ibufg/O
                         net (fo=1, routed)           1.004    12.357    u_mmcm/inst/clk_in1_clk_wiz_0
    MMCME2_ADV_X1Y2      MMCME2_ADV (Prop_mmcme2_adv_CLKIN1_CLKOUT1)
                                                     -6.399     5.957 r  u_mmcm/inst/mmcm_adv_inst/CLKOUT1
                         net (fo=1, routed)           1.452     7.410    u_mmcm/inst/clk_out2_clk_wiz_0
    BUFGCTRL_X0Y0        BUFG (Prop_bufg_I_O)         0.077     7.487 r  u_mmcm/inst/clkout2_buf/O
                         net (fo=2629, routed)        1.357     8.844    clk_100m
    SLICE_X38Y163        FDCE                                         r  cfg_delay_cnt_reg[0]/C
                         clock pessimism              0.396     9.239    
                         clock uncertainty           -0.088     9.151    
    SLICE_X38Y163        FDCE (Recov_fdce_C_CLR)     -0.331     8.820    cfg_delay_cnt_reg[0]
  -------------------------------------------------------------------
                         required time                          8.820    
                         arrival time                          -5.528    
  -------------------------------------------------------------------
                         slack                                  3.292    

Slack (MET) :             3.292ns  (required time - arrival time)
  Source:                 rst_sync2_100m_reg/C
                            (rising edge-triggered cell FDCE clocked by clk_out2_clk_wiz_0  {rise@0.000ns fall@5.000ns period=10.000ns})
  Destination:            cfg_delay_cnt_reg[1]/CLR
                            (recovery check against rising-edge clock clk_out2_clk_wiz_0  {rise@0.000ns fall@5.000ns period=10.000ns})
  Path Group:             **async_default**
  Path Type:              Recovery (Max at Slow Process Corner)
  Requirement:            10.000ns  (clk_out2_clk_wiz_0 rise@10.000ns - clk_out2_clk_wiz_0 rise@0.000ns)
  Data Path Delay:        6.337ns  (logic 0.538ns (8.490%)  route 5.799ns (91.510%))
  Logic Levels:           1  (LUT1=1)
  Clock Path Skew:        0.048ns (DCD - SCD + CPR)
    Destination Clock Delay (DCD):    -1.156ns = ( 8.844 - 10.000 ) 
    Source Clock Delay      (SCD):    -0.809ns
    Clock Pessimism Removal (CPR):    0.396ns
  Clock Uncertainty:      0.088ns  ((TSJ^2 + DJ^2)^1/2) / 2 + PE
    Total System Jitter     (TSJ):    0.071ns
    Discrete Jitter          (DJ):    0.162ns
    Phase Error              (PE):    0.000ns

    Location             Delay type                Incr(ns)  Path(ns)    Netlist Resource(s)
  -------------------------------------------------------------------    -------------------
                         (clock clk_out2_clk_wiz_0 rise edge)
                                                      0.000     0.000 r  
    R4                                                0.000     0.000 r  sys_clk (IN)
                         net (fo=0)                   0.000     0.000    u_mmcm/inst/clk_in1
    R4                   IBUF (Prop_ibuf_I_O)         1.419     1.419 r  u_mmcm/inst/clkin1_ibufg/O
                         net (fo=1, routed)           1.065     2.484    u_mmcm/inst/clk_in1_clk_wiz_0
    MMCME2_ADV_X1Y2      MMCME2_ADV (Prop_mmcme2_adv_CLKIN1_CLKOUT1)
                                                     -6.273    -3.789 r  u_mmcm/inst/mmcm_adv_inst/CLKOUT1
                         net (fo=1, routed)           1.524    -2.265    u_mmcm/inst/clk_out2_clk_wiz_0
    BUFGCTRL_X0Y0        BUFG (Prop_bufg_I_O)         0.081    -2.184 r  u_mmcm/inst/clkout2_buf/O
                         net (fo=2629, routed)        1.375    -0.809    clk_100m
    SLICE_X66Y170        FDCE                                         r  rst_sync2_100m_reg/C
  -------------------------------------------------------------------    -------------------
    SLICE_X66Y170        FDCE (Prop_fdce_C_Q)         0.433    -0.376 r  rst_sync2_100m_reg/Q
                         net (fo=6, routed)           1.759     1.384    u_data_rx_dual/u_panel1/AR[0]
    SLICE_X98Y160        LUT1 (Prop_lut1_I0_O)        0.105     1.489 f  u_data_rx_dual/u_panel1/state[2]_i_2__0/O
                         net (fo=380, routed)         4.040     5.528    u_data_rx_dual_n_3
    SLICE_X38Y163        FDCE                                         f  cfg_delay_cnt_reg[1]/CLR
  -------------------------------------------------------------------    -------------------

                         (clock clk_out2_clk_wiz_0 rise edge)
                                                     10.000    10.000 r  
    R4                                                0.000    10.000 r  sys_clk (IN)
                         net (fo=0)                   0.000    10.000    u_mmcm/inst/clk_in1
    R4                   IBUF (Prop_ibuf_I_O)         1.353    11.353 r  u_mmcm/inst/clkin1_ibufg/O
                         net (fo=1, routed)           1.004    12.357    u_mmcm/inst/clk_in1_clk_wiz_0
    MMCME2_ADV_X1Y2      MMCME2_ADV (Prop_mmcme2_adv_CLKIN1_CLKOUT1)
                                                     -6.399     5.957 r  u_mmcm/inst/mmcm_adv_inst/CLKOUT1
                         net (fo=1, routed)           1.452     7.410    u_mmcm/inst/clk_out2_clk_wiz_0
    BUFGCTRL_X0Y0        BUFG (Prop_bufg_I_O)         0.077     7.487 r  u_mmcm/inst/clkout2_buf/O
                         net (fo=2629, routed)        1.357     8.844    clk_100m
    SLICE_X38Y163        FDCE                                         r  cfg_delay_cnt_reg[1]/C
                         clock pessimism              0.396     9.239    
                         clock uncertainty           -0.088     9.151    
    SLICE_X38Y163        FDCE (Recov_fdce_C_CLR)     -0.331     8.820    cfg_delay_cnt_reg[1]
  -------------------------------------------------------------------
                         required time                          8.820    
                         arrival time                          -5.528    
  -------------------------------------------------------------------
                         slack                                  3.292    

Slack (MET) :             3.292ns  (required time - arrival time)
  Source:                 rst_sync2_100m_reg/C
                            (rising edge-triggered cell FDCE clocked by clk_out2_clk_wiz_0  {rise@0.000ns fall@5.000ns period=10.000ns})
  Destination:            cfg_delay_cnt_reg[2]/CLR
                            (recovery check against rising-edge clock clk_out2_clk_wiz_0  {rise@0.000ns fall@5.000ns period=10.000ns})
  Path Group:             **async_default**
  Path Type:              Recovery (Max at Slow Process Corner)
  Requirement:            10.000ns  (clk_out2_clk_wiz_0 rise@10.000ns - clk_out2_clk_wiz_0 rise@0.000ns)
  Data Path Delay:        6.337ns  (logic 0.538ns (8.490%)  route 5.799ns (91.510%))
  Logic Levels:           1  (LUT1=1)
  Clock Path Skew:        0.048ns (DCD - SCD + CPR)
    Destination Clock Delay (DCD):    -1.156ns = ( 8.844 - 10.000 ) 
    Source Clock Delay      (SCD):    -0.809ns
    Clock Pessimism Removal (CPR):    0.396ns
  Clock Uncertainty:      0.088ns  ((TSJ^2 + DJ^2)^1/2) / 2 + PE
    Total System Jitter     (TSJ):    0.071ns
    Discrete Jitter          (DJ):    0.162ns
    Phase Error              (PE):    0.000ns

    Location             Delay type                Incr(ns)  Path(ns)    Netlist Resource(s)
  -------------------------------------------------------------------    -------------------
                         (clock clk_out2_clk_wiz_0 rise edge)
                                                      0.000     0.000 r  
    R4                                                0.000     0.000 r  sys_clk (IN)
                         net (fo=0)                   0.000     0.000    u_mmcm/inst/clk_in1
    R4                   IBUF (Prop_ibuf_I_O)         1.419     1.419 r  u_mmcm/inst/clkin1_ibufg/O
                         net (fo=1, routed)           1.065     2.484    u_mmcm/inst/clk_in1_clk_wiz_0
    MMCME2_ADV_X1Y2      MMCME2_ADV (Prop_mmcme2_adv_CLKIN1_CLKOUT1)
                                                     -6.273    -3.789 r  u_mmcm/inst/mmcm_adv_inst/CLKOUT1
                         net (fo=1, routed)           1.524    -2.265    u_mmcm/inst/clk_out2_clk_wiz_0
    BUFGCTRL_X0Y0        BUFG (Prop_bufg_I_O)         0.081    -2.184 r  u_mmcm/inst/clkout2_buf/O
                         net (fo=2629, routed)        1.375    -0.809    clk_100m
    SLICE_X66Y170        FDCE                                         r  rst_sync2_100m_reg/C
  -------------------------------------------------------------------    -------------------
    SLICE_X66Y170        FDCE (Prop_fdce_C_Q)         0.433    -0.376 r  rst_sync2_100m_reg/Q
                         net (fo=6, routed)           1.759     1.384    u_data_rx_dual/u_panel1/AR[0]
    SLICE_X98Y160        LUT1 (Prop_lut1_I0_O)        0.105     1.489 f  u_data_rx_dual/u_panel1/state[2]_i_2__0/O
                         net (fo=380, routed)         4.040     5.528    u_data_rx_dual_n_3
    SLICE_X38Y163        FDCE                                         f  cfg_delay_cnt_reg[2]/CLR
  -------------------------------------------------------------------    -------------------

                         (clock clk_out2_clk_wiz_0 rise edge)
                                                     10.000    10.000 r  
    R4                                                0.000    10.000 r  sys_clk (IN)
                         net (fo=0)                   0.000    10.000    u_mmcm/inst/clk_in1
    R4                   IBUF (Prop_ibuf_I_O)         1.353    11.353 r  u_mmcm/inst/clkin1_ibufg/O
                         net (fo=1, routed)           1.004    12.357    u_mmcm/inst/clk_in1_clk_wiz_0
    MMCME2_ADV_X1Y2      MMCME2_ADV (Prop_mmcme2_adv_CLKIN1_CLKOUT1)
                                                     -6.399     5.957 r  u_mmcm/inst/mmcm_adv_inst/CLKOUT1
                         net (fo=1, routed)           1.452     7.410    u_mmcm/inst/clk_out2_clk_wiz_0
    BUFGCTRL_X0Y0        BUFG (Prop_bufg_I_O)         0.077     7.487 r  u_mmcm/inst/clkout2_buf/O
                         net (fo=2629, routed)        1.357     8.844    clk_100m
    SLICE_X38Y163        FDCE                                         r  cfg_delay_cnt_reg[2]/C
                         clock pessimism              0.396     9.239    
                         clock uncertainty           -0.088     9.151    
    SLICE_X38Y163        FDCE (Recov_fdce_C_CLR)     -0.331     8.820    cfg_delay_cnt_reg[2]
  -------------------------------------------------------------------
                         required time                          8.820    
                         arrival time                          -5.528    
  -------------------------------------------------------------------
                         slack                                  3.292    

Slack (MET) :             3.292ns  (required time - arrival time)
  Source:                 rst_sync2_100m_reg/C
                            (rising edge-triggered cell FDCE clocked by clk_out2_clk_wiz_0  {rise@0.000ns fall@5.000ns period=10.000ns})
  Destination:            cfg_delay_cnt_reg[3]/CLR
                            (recovery check against rising-edge clock clk_out2_clk_wiz_0  {rise@0.000ns fall@5.000ns period=10.000ns})
  Path Group:             **async_default**
  Path Type:              Recovery (Max at Slow Process Corner)
  Requirement:            10.000ns  (clk_out2_clk_wiz_0 rise@10.000ns - clk_out2_clk_wiz_0 rise@0.000ns)
  Data Path Delay:        6.337ns  (logic 0.538ns (8.490%)  route 5.799ns (91.510%))
  Logic Levels:           1  (LUT1=1)
  Clock Path Skew:        0.048ns (DCD - SCD + CPR)
    Destination Clock Delay (DCD):    -1.156ns = ( 8.844 - 10.000 ) 
    Source Clock Delay      (SCD):    -0.809ns
    Clock Pessimism Removal (CPR):    0.396ns
  Clock Uncertainty:      0.088ns  ((TSJ^2 + DJ^2)^1/2) / 2 + PE
    Total System Jitter     (TSJ):    0.071ns
    Discrete Jitter          (DJ):    0.162ns
    Phase Error              (PE):    0.000ns

    Location             Delay type                Incr(ns)  Path(ns)    Netlist Resource(s)
  -------------------------------------------------------------------    -------------------
                         (clock clk_out2_clk_wiz_0 rise edge)
                                                      0.000     0.000 r  
    R4                                                0.000     0.000 r  sys_clk (IN)
                         net (fo=0)                   0.000     0.000    u_mmcm/inst/clk_in1
    R4                   IBUF (Prop_ibuf_I_O)         1.419     1.419 r  u_mmcm/inst/clkin1_ibufg/O
                         net (fo=1, routed)           1.065     2.484    u_mmcm/inst/clk_in1_clk_wiz_0
    MMCME2_ADV_X1Y2      MMCME2_ADV (Prop_mmcme2_adv_CLKIN1_CLKOUT1)
                                                     -6.273    -3.789 r  u_mmcm/inst/mmcm_adv_inst/CLKOUT1
                         net (fo=1, routed)           1.524    -2.265    u_mmcm/inst/clk_out2_clk_wiz_0
    BUFGCTRL_X0Y0        BUFG (Prop_bufg_I_O)         0.081    -2.184 r  u_mmcm/inst/clkout2_buf/O
                         net (fo=2629, routed)        1.375    -0.809    clk_100m
    SLICE_X66Y170        FDCE                                         r  rst_sync2_100m_reg/C
  -------------------------------------------------------------------    -------------------
    SLICE_X66Y170        FDCE (Prop_fdce_C_Q)         0.433    -0.376 r  rst_sync2_100m_reg/Q
                         net (fo=6, routed)           1.759     1.384    u_data_rx_dual/u_panel1/AR[0]
    SLICE_X98Y160        LUT1 (Prop_lut1_I0_O)        0.105     1.489 f  u_data_rx_dual/u_panel1/state[2]_i_2__0/O
                         net (fo=380, routed)         4.040     5.528    u_data_rx_dual_n_3
    SLICE_X38Y163        FDCE                                         f  cfg_delay_cnt_reg[3]/CLR
  -------------------------------------------------------------------    -------------------

                         (clock clk_out2_clk_wiz_0 rise edge)
                                                     10.000    10.000 r  
    R4                                                0.000    10.000 r  sys_clk (IN)
                         net (fo=0)                   0.000    10.000    u_mmcm/inst/clk_in1
    R4                   IBUF (Prop_ibuf_I_O)         1.353    11.353 r  u_mmcm/inst/clkin1_ibufg/O
                         net (fo=1, routed)           1.004    12.357    u_mmcm/inst/clk_in1_clk_wiz_0
    MMCME2_ADV_X1Y2      MMCME2_ADV (Prop_mmcme2_adv_CLKIN1_CLKOUT1)
                                                     -6.399     5.957 r  u_mmcm/inst/mmcm_adv_inst/CLKOUT1
                         net (fo=1, routed)           1.452     7.410    u_mmcm/inst/clk_out2_clk_wiz_0
    BUFGCTRL_X0Y0        BUFG (Prop_bufg_I_O)         0.077     7.487 r  u_mmcm/inst/clkout2_buf/O
                         net (fo=2629, routed)        1.357     8.844    clk_100m
    SLICE_X38Y163        FDCE                                         r  cfg_delay_cnt_reg[3]/C
                         clock pessimism              0.396     9.239    
                         clock uncertainty           -0.088     9.151    
    SLICE_X38Y163        FDCE (Recov_fdce_C_CLR)     -0.331     8.820    cfg_delay_cnt_reg[3]
  -------------------------------------------------------------------
                         required time                          8.820    
                         arrival time                          -5.528    
  -------------------------------------------------------------------
                         slack                                  3.292    

Slack (MET) :             3.315ns  (required time - arrival time)
  Source:                 rst_sync2_100m_reg/C
                            (rising edge-triggered cell FDCE clocked by clk_out2_clk_wiz_0  {rise@0.000ns fall@5.000ns period=10.000ns})
  Destination:            u_data_rx_dual/u_panel0/mute_cnt_reg[0]/CLR
                            (recovery check against rising-edge clock clk_out2_clk_wiz_0  {rise@0.000ns fall@5.000ns period=10.000ns})
  Path Group:             **async_default**
  Path Type:              Recovery (Max at Slow Process Corner)
  Requirement:            10.000ns  (clk_out2_clk_wiz_0 rise@10.000ns - clk_out2_clk_wiz_0 rise@0.000ns)
  Data Path Delay:        6.309ns  (logic 0.538ns (8.527%)  route 5.771ns (91.473%))
  Logic Levels:           1  (LUT1=1)
  Clock Path Skew:        -0.029ns (DCD - SCD + CPR)
    Destination Clock Delay (DCD):    -1.233ns = ( 8.767 - 10.000 ) 
    Source Clock Delay      (SCD):    -0.809ns
    Clock Pessimism Removal (CPR):    0.396ns
  Clock Uncertainty:      0.088ns  ((TSJ^2 + DJ^2)^1/2) / 2 + PE
    Total System Jitter     (TSJ):    0.071ns
    Discrete Jitter          (DJ):    0.162ns
    Phase Error              (PE):    0.000ns

    Location             Delay type                Incr(ns)  Path(ns)    Netlist Resource(s)
  -------------------------------------------------------------------    -------------------
                         (clock clk_out2_clk_wiz_0 rise edge)
                                                      0.000     0.000 r  
    R4                                                0.000     0.000 r  sys_clk (IN)
                         net (fo=0)                   0.000     0.000    u_mmcm/inst/clk_in1
    R4                   IBUF (Prop_ibuf_I_O)         1.419     1.419 r  u_mmcm/inst/clkin1_ibufg/O
                         net (fo=1, routed)           1.065     2.484    u_mmcm/inst/clk_in1_clk_wiz_0
    MMCME2_ADV_X1Y2      MMCME2_ADV (Prop_mmcme2_adv_CLKIN1_CLKOUT1)
                                                     -6.273    -3.789 r  u_mmcm/inst/mmcm_adv_inst/CLKOUT1
                         net (fo=1, routed)           1.524    -2.265    u_mmcm/inst/clk_out2_clk_wiz_0
    BUFGCTRL_X0Y0        BUFG (Prop_bufg_I_O)         0.081    -2.184 r  u_mmcm/inst/clkout2_buf/O
                         net (fo=2629, routed)        1.375    -0.809    clk_100m
    SLICE_X66Y170        FDCE                                         r  rst_sync2_100m_reg/C
  -------------------------------------------------------------------    -------------------
    SLICE_X66Y170        FDCE (Prop_fdce_C_Q)         0.433    -0.376 r  rst_sync2_100m_reg/Q
                         net (fo=6, routed)           1.759     1.384    u_data_rx_dual/u_panel1/AR[0]
    SLICE_X98Y160        LUT1 (Prop_lut1_I0_O)        0.105     1.489 f  u_data_rx_dual/u_panel1/state[2]_i_2__0/O
                         net (fo=380, routed)         4.012     5.501    u_data_rx_dual/u_panel0/cap_done_tgl_sys_d2_reg_0
    SLICE_X48Y181        FDCE                                         f  u_data_rx_dual/u_panel0/mute_cnt_reg[0]/CLR
  -------------------------------------------------------------------    -------------------

                         (clock clk_out2_clk_wiz_0 rise edge)
                                                     10.000    10.000 r  
    R4                                                0.000    10.000 r  sys_clk (IN)
                         net (fo=0)                   0.000    10.000    u_mmcm/inst/clk_in1
    R4                   IBUF (Prop_ibuf_I_O)         1.353    11.353 r  u_mmcm/inst/clkin1_ibufg/O
                         net (fo=1, routed)           1.004    12.357    u_mmcm/inst/clk_in1_clk_wiz_0
    MMCME2_ADV_X1Y2      MMCME2_ADV (Prop_mmcme2_adv_CLKIN1_CLKOUT1)
                                                     -6.399     5.957 r  u_mmcm/inst/mmcm_adv_inst/CLKOUT1
                         net (fo=1, routed)           1.452     7.410    u_mmcm/inst/clk_out2_clk_wiz_0
    BUFGCTRL_X0Y0        BUFG (Prop_bufg_I_O)         0.077     7.487 r  u_mmcm/inst/clkout2_buf/O
                         net (fo=2629, routed)        1.280     8.767    u_data_rx_dual/u_panel0/clk_out2
    SLICE_X48Y181        FDCE                                         r  u_data_rx_dual/u_panel0/mute_cnt_reg[0]/C
                         clock pessimism              0.396     9.162    
                         clock uncertainty           -0.088     9.074    
    SLICE_X48Y181        FDCE (Recov_fdce_C_CLR)     -0.258     8.816    u_data_rx_dual/u_panel0/mute_cnt_reg[0]
  -------------------------------------------------------------------
                         required time                          8.816    
                         arrival time                          -5.501    
  -------------------------------------------------------------------
                         slack                                  3.315    

Slack (MET) :             3.315ns  (required time - arrival time)
  Source:                 rst_sync2_100m_reg/C
                            (rising edge-triggered cell FDCE clocked by clk_out2_clk_wiz_0  {rise@0.000ns fall@5.000ns period=10.000ns})
  Destination:            u_data_rx_dual/u_panel0/mute_cnt_reg[2]/CLR
                            (recovery check against rising-edge clock clk_out2_clk_wiz_0  {rise@0.000ns fall@5.000ns period=10.000ns})
  Path Group:             **async_default**
  Path Type:              Recovery (Max at Slow Process Corner)
  Requirement:            10.000ns  (clk_out2_clk_wiz_0 rise@10.000ns - clk_out2_clk_wiz_0 rise@0.000ns)
  Data Path Delay:        6.309ns  (logic 0.538ns (8.527%)  route 5.771ns (91.473%))
  Logic Levels:           1  (LUT1=1)
  Clock Path Skew:        -0.029ns (DCD - SCD + CPR)
    Destination Clock Delay (DCD):    -1.233ns = ( 8.767 - 10.000 ) 
    Source Clock Delay      (SCD):    -0.809ns
    Clock Pessimism Removal (CPR):    0.396ns
  Clock Uncertainty:      0.088ns  ((TSJ^2 + DJ^2)^1/2) / 2 + PE
    Total System Jitter     (TSJ):    0.071ns
    Discrete Jitter          (DJ):    0.162ns
    Phase Error              (PE):    0.000ns

    Location             Delay type                Incr(ns)  Path(ns)    Netlist Resource(s)
  -------------------------------------------------------------------    -------------------
                         (clock clk_out2_clk_wiz_0 rise edge)
                                                      0.000     0.000 r  
    R4                                                0.000     0.000 r  sys_clk (IN)
                         net (fo=0)                   0.000     0.000    u_mmcm/inst/clk_in1
    R4                   IBUF (Prop_ibuf_I_O)         1.419     1.419 r  u_mmcm/inst/clkin1_ibufg/O
                         net (fo=1, routed)           1.065     2.484    u_mmcm/inst/clk_in1_clk_wiz_0
    MMCME2_ADV_X1Y2      MMCME2_ADV (Prop_mmcme2_adv_CLKIN1_CLKOUT1)
                                                     -6.273    -3.789 r  u_mmcm/inst/mmcm_adv_inst/CLKOUT1
                         net (fo=1, routed)           1.524    -2.265    u_mmcm/inst/clk_out2_clk_wiz_0
    BUFGCTRL_X0Y0        BUFG (Prop_bufg_I_O)         0.081    -2.184 r  u_mmcm/inst/clkout2_buf/O
                         net (fo=2629, routed)        1.375    -0.809    clk_100m
    SLICE_X66Y170        FDCE                                         r  rst_sync2_100m_reg/C
  -------------------------------------------------------------------    -------------------
    SLICE_X66Y170        FDCE (Prop_fdce_C_Q)         0.433    -0.376 r  rst_sync2_100m_reg/Q
                         net (fo=6, routed)           1.759     1.384    u_data_rx_dual/u_panel1/AR[0]
    SLICE_X98Y160        LUT1 (Prop_lut1_I0_O)        0.105     1.489 f  u_data_rx_dual/u_panel1/state[2]_i_2__0/O
                         net (fo=380, routed)         4.012     5.501    u_data_rx_dual/u_panel0/cap_done_tgl_sys_d2_reg_0
    SLICE_X48Y181        FDCE                                         f  u_data_rx_dual/u_panel0/mute_cnt_reg[2]/CLR
  -------------------------------------------------------------------    -------------------

                         (clock clk_out2_clk_wiz_0 rise edge)
                                                     10.000    10.000 r  
    R4                                                0.000    10.000 r  sys_clk (IN)
                         net (fo=0)                   0.000    10.000    u_mmcm/inst/clk_in1
    R4                   IBUF (Prop_ibuf_I_O)         1.353    11.353 r  u_mmcm/inst/clkin1_ibufg/O
                         net (fo=1, routed)           1.004    12.357    u_mmcm/inst/clk_in1_clk_wiz_0
    MMCME2_ADV_X1Y2      MMCME2_ADV (Prop_mmcme2_adv_CLKIN1_CLKOUT1)
                                                     -6.399     5.957 r  u_mmcm/inst/mmcm_adv_inst/CLKOUT1
                         net (fo=1, routed)           1.452     7.410    u_mmcm/inst/clk_out2_clk_wiz_0
    BUFGCTRL_X0Y0        BUFG (Prop_bufg_I_O)         0.077     7.487 r  u_mmcm/inst/clkout2_buf/O
                         net (fo=2629, routed)        1.280     8.767    u_data_rx_dual/u_panel0/clk_out2
    SLICE_X48Y181        FDCE                                         r  u_data_rx_dual/u_panel0/mute_cnt_reg[2]/C
                         clock pessimism              0.396     9.162    
                         clock uncertainty           -0.088     9.074    
    SLICE_X48Y181        FDCE (Recov_fdce_C_CLR)     -0.258     8.816    u_data_rx_dual/u_panel0/mute_cnt_reg[2]
  -------------------------------------------------------------------
                         required time                          8.816    
                         arrival time                          -5.501    
  -------------------------------------------------------------------
                         slack                                  3.315    

Slack (MET) :             3.315ns  (required time - arrival time)
  Source:                 rst_sync2_100m_reg/C
                            (rising edge-triggered cell FDCE clocked by clk_out2_clk_wiz_0  {rise@0.000ns fall@5.000ns period=10.000ns})
  Destination:            u_data_rx_dual/u_panel0/mute_cnt_reg[4]/CLR
                            (recovery check against rising-edge clock clk_out2_clk_wiz_0  {rise@0.000ns fall@5.000ns period=10.000ns})
  Path Group:             **async_default**
  Path Type:              Recovery (Max at Slow Process Corner)
  Requirement:            10.000ns  (clk_out2_clk_wiz_0 rise@10.000ns - clk_out2_clk_wiz_0 rise@0.000ns)
  Data Path Delay:        6.309ns  (logic 0.538ns (8.527%)  route 5.771ns (91.473%))
  Logic Levels:           1  (LUT1=1)
  Clock Path Skew:        -0.029ns (DCD - SCD + CPR)
    Destination Clock Delay (DCD):    -1.233ns = ( 8.767 - 10.000 ) 
    Source Clock Delay      (SCD):    -0.809ns
    Clock Pessimism Removal (CPR):    0.396ns
  Clock Uncertainty:      0.088ns  ((TSJ^2 + DJ^2)^1/2) / 2 + PE
    Total System Jitter     (TSJ):    0.071ns
    Discrete Jitter          (DJ):    0.162ns
    Phase Error              (PE):    0.000ns

    Location             Delay type                Incr(ns)  Path(ns)    Netlist Resource(s)
  -------------------------------------------------------------------    -------------------
                         (clock clk_out2_clk_wiz_0 rise edge)
                                                      0.000     0.000 r  
    R4                                                0.000     0.000 r  sys_clk (IN)
                         net (fo=0)                   0.000     0.000    u_mmcm/inst/clk_in1
    R4                   IBUF (Prop_ibuf_I_O)         1.419     1.419 r  u_mmcm/inst/clkin1_ibufg/O
                         net (fo=1, routed)           1.065     2.484    u_mmcm/inst/clk_in1_clk_wiz_0
    MMCME2_ADV_X1Y2      MMCME2_ADV (Prop_mmcme2_adv_CLKIN1_CLKOUT1)
                                                     -6.273    -3.789 r  u_mmcm/inst/mmcm_adv_inst/CLKOUT1
                         net (fo=1, routed)           1.524    -2.265    u_mmcm/inst/clk_out2_clk_wiz_0
    BUFGCTRL_X0Y0        BUFG (Prop_bufg_I_O)         0.081    -2.184 r  u_mmcm/inst/clkout2_buf/O
                         net (fo=2629, routed)        1.375    -0.809    clk_100m
    SLICE_X66Y170        FDCE                                         r  rst_sync2_100m_reg/C
  -------------------------------------------------------------------    -------------------
    SLICE_X66Y170        FDCE (Prop_fdce_C_Q)         0.433    -0.376 r  rst_sync2_100m_reg/Q
                         net (fo=6, routed)           1.759     1.384    u_data_rx_dual/u_panel1/AR[0]
    SLICE_X98Y160        LUT1 (Prop_lut1_I0_O)        0.105     1.489 f  u_data_rx_dual/u_panel1/state[2]_i_2__0/O
                         net (fo=380, routed)         4.012     5.501    u_data_rx_dual/u_panel0/cap_done_tgl_sys_d2_reg_0
    SLICE_X48Y181        FDCE                                         f  u_data_rx_dual/u_panel0/mute_cnt_reg[4]/CLR
  -------------------------------------------------------------------    -------------------

                         (clock clk_out2_clk_wiz_0 rise edge)
                                                     10.000    10.000 r  
    R4                                                0.000    10.000 r  sys_clk (IN)
                         net (fo=0)                   0.000    10.000    u_mmcm/inst/clk_in1
    R4                   IBUF (Prop_ibuf_I_O)         1.353    11.353 r  u_mmcm/inst/clkin1_ibufg/O
                         net (fo=1, routed)           1.004    12.357    u_mmcm/inst/clk_in1_clk_wiz_0
    MMCME2_ADV_X1Y2      MMCME2_ADV (Prop_mmcme2_adv_CLKIN1_CLKOUT1)
                                                     -6.399     5.957 r  u_mmcm/inst/mmcm_adv_inst/CLKOUT1
                         net (fo=1, routed)           1.452     7.410    u_mmcm/inst/clk_out2_clk_wiz_0
    BUFGCTRL_X0Y0        BUFG (Prop_bufg_I_O)         0.077     7.487 r  u_mmcm/inst/clkout2_buf/O
                         net (fo=2629, routed)        1.280     8.767    u_data_rx_dual/u_panel0/clk_out2
    SLICE_X48Y181        FDCE                                         r  u_data_rx_dual/u_panel0/mute_cnt_reg[4]/C
                         clock pessimism              0.396     9.162    
                         clock uncertainty           -0.088     9.074    
    SLICE_X48Y181        FDCE (Recov_fdce_C_CLR)     -0.258     8.816    u_data_rx_dual/u_panel0/mute_cnt_reg[4]
  -------------------------------------------------------------------
                         required time                          8.816    
                         arrival time                          -5.501    
  -------------------------------------------------------------------
                         slack                                  3.315    





Min Delay Paths
--------------------------------------------------------------------------------------
Slack (MET) :             0.337ns  (arrival time - required time)
  Source:                 dbg_hub/inst/BSCANID.u_xsdbm_id/CORE_XSDB.UUT_MASTER/U_ICON_INTERFACE/U_CMD6_RD/U_RD_FIFO/SUBCORE_FIFO.xsdbm_v3_0_0_rdfifo_inst/inst_fifo_gen/gconvfifo.rf/grf.rf/rstblk/ngwrdrst.grst.g7serrst.wr_rst_reg_reg[1]/C
                            (rising edge-triggered cell FDPE clocked by clk_out2_clk_wiz_0  {rise@0.000ns fall@5.000ns period=10.000ns})
  Destination:            dbg_hub/inst/BSCANID.u_xsdbm_id/CORE_XSDB.UUT_MASTER/U_ICON_INTERFACE/U_CMD6_RD/U_RD_FIFO/SUBCORE_FIFO.xsdbm_v3_0_0_rdfifo_inst/inst_fifo_gen/gconvfifo.rf/grf.rf/gntv_or_sync_fifo.gl0.wr/wpntr/gic0.gc0.count_reg[0]/CLR
                            (removal check against rising-edge clock clk_out2_clk_wiz_0  {rise@0.000ns fall@5.000ns period=10.000ns})
  Path Group:             **async_default**
  Path Type:              Removal (Min at Fast Process Corner)
  Requirement:            0.000ns  (clk_out2_clk_wiz_0 rise@0.000ns - clk_out2_clk_wiz_0 rise@0.000ns)
  Data Path Delay:        0.283ns  (logic 0.141ns (49.857%)  route 0.142ns (50.143%))
  Logic Levels:           0  
  Clock Path Skew:        0.038ns (DCD - SCD - CPR)
    Destination Clock Delay (DCD):    -0.954ns
    Source Clock Delay      (SCD):    -0.712ns
    Clock Pessimism Removal (CPR):    -0.280ns

    Location             Delay type                Incr(ns)  Path(ns)    Netlist Resource(s)
  -------------------------------------------------------------------    -------------------
                         (clock clk_out2_clk_wiz_0 rise edge)
                                                      0.000     0.000 r  
    R4                                                0.000     0.000 r  sys_clk (IN)
                         net (fo=0)                   0.000     0.000    u_mmcm/inst/clk_in1
    R4                   IBUF (Prop_ibuf_I_O)         0.256     0.256 r  u_mmcm/inst/clkin1_ibufg/O
                         net (fo=1, routed)           0.440     0.696    u_mmcm/inst/clk_in1_clk_wiz_0
    MMCME2_ADV_X1Y2      MMCME2_ADV (Prop_mmcme2_adv_CLKIN1_CLKOUT1)
                                                     -2.540    -1.844 r  u_mmcm/inst/mmcm_adv_inst/CLKOUT1
                         net (fo=1, routed)           0.531    -1.313    u_mmcm/inst/clk_out2_clk_wiz_0
    BUFGCTRL_X0Y0        BUFG (Prop_bufg_I_O)         0.026    -1.287 r  u_mmcm/inst/clkout2_buf/O
                         net (fo=2629, routed)        0.575    -0.712    dbg_hub/inst/BSCANID.u_xsdbm_id/CORE_XSDB.UUT_MASTER/U_ICON_INTERFACE/U_CMD6_RD/U_RD_FIFO/SUBCORE_FIFO.xsdbm_v3_0_0_rdfifo_inst/inst_fifo_gen/gconvfifo.rf/grf.rf/rstblk/wr_clk
    SLICE_X71Y155        FDPE                                         r  dbg_hub/inst/BSCANID.u_xsdbm_id/CORE_XSDB.UUT_MASTER/U_ICON_INTERFACE/U_CMD6_RD/U_RD_FIFO/SUBCORE_FIFO.xsdbm_v3_0_0_rdfifo_inst/inst_fifo_gen/gconvfifo.rf/grf.rf/rstblk/ngwrdrst.grst.g7serrst.wr_rst_reg_reg[1]/C
  -------------------------------------------------------------------    -------------------
    SLICE_X71Y155        FDPE (Prop_fdpe_C_Q)         0.141    -0.571 f  dbg_hub/inst/BSCANID.u_xsdbm_id/CORE_XSDB.UUT_MASTER/U_ICON_INTERFACE/U_CMD6_RD/U_RD_FIFO/SUBCORE_FIFO.xsdbm_v3_0_0_rdfifo_inst/inst_fifo_gen/gconvfifo.rf/grf.rf/rstblk/ngwrdrst.grst.g7serrst.wr_rst_reg_reg[1]/Q
                         net (fo=12, routed)          0.142    -0.429    dbg_hub/inst/BSCANID.u_xsdbm_id/CORE_XSDB.UUT_MASTER/U_ICON_INTERFACE/U_CMD6_RD/U_RD_FIFO/SUBCORE_FIFO.xsdbm_v3_0_0_rdfifo_inst/inst_fifo_gen/gconvfifo.rf/grf.rf/gntv_or_sync_fifo.gl0.wr/wpntr/gic0.gc0.count_reg[0]_0[0]
    SLICE_X69Y155        FDCE                                         f  dbg_hub/inst/BSCANID.u_xsdbm_id/CORE_XSDB.UUT_MASTER/U_ICON_INTERFACE/U_CMD6_RD/U_RD_FIFO/SUBCORE_FIFO.xsdbm_v3_0_0_rdfifo_inst/inst_fifo_gen/gconvfifo.rf/grf.rf/gntv_or_sync_fifo.gl0.wr/wpntr/gic0.gc0.count_reg[0]/CLR
  -------------------------------------------------------------------    -------------------

                         (clock clk_out2_clk_wiz_0 rise edge)
                                                      0.000     0.000 r  
    R4                                                0.000     0.000 r  sys_clk (IN)
                         net (fo=0)                   0.000     0.000    u_mmcm/inst/clk_in1
    R4                   IBUF (Prop_ibuf_I_O)         0.444     0.444 r  u_mmcm/inst/clkin1_ibufg/O
                         net (fo=1, routed)           0.480     0.924    u_mmcm/inst/clk_in1_clk_wiz_0
    MMCME2_ADV_X1Y2      MMCME2_ADV (Prop_mmcme2_adv_CLKIN1_CLKOUT1)
                                                     -3.332    -2.409 r  u_mmcm/inst/mmcm_adv_inst/CLKOUT1
                         net (fo=1, routed)           0.579    -1.830    u_mmcm/inst/clk_out2_clk_wiz_0
    BUFGCTRL_X0Y0        BUFG (Prop_bufg_I_O)         0.029    -1.801 r  u_mmcm/inst/clkout2_buf/O
                         net (fo=2629, routed)        0.846    -0.954    dbg_hub/inst/BSCANID.u_xsdbm_id/CORE_XSDB.UUT_MASTER/U_ICON_INTERFACE/U_CMD6_RD/U_RD_FIFO/SUBCORE_FIFO.xsdbm_v3_0_0_rdfifo_inst/inst_fifo_gen/gconvfifo.rf/grf.rf/gntv_or_sync_fifo.gl0.wr/wpntr/wr_clk
    SLICE_X69Y155        FDCE                                         r  dbg_hub/inst/BSCANID.u_xsdbm_id/CORE_XSDB.UUT_MASTER/U_ICON_INTERFACE/U_CMD6_RD/U_RD_FIFO/SUBCORE_FIFO.xsdbm_v3_0_0_rdfifo_inst/inst_fifo_gen/gconvfifo.rf/grf.rf/gntv_or_sync_fifo.gl0.wr/wpntr/gic0.gc0.count_reg[0]/C
                         clock pessimism              0.280    -0.674    
    SLICE_X69Y155        FDCE (Remov_fdce_C_CLR)     -0.092    -0.766    dbg_hub/inst/BSCANID.u_xsdbm_id/CORE_XSDB.UUT_MASTER/U_ICON_INTERFACE/U_CMD6_RD/U_RD_FIFO/SUBCORE_FIFO.xsdbm_v3_0_0_rdfifo_inst/inst_fifo_gen/gconvfifo.rf/grf.rf/gntv_or_sync_fifo.gl0.wr/wpntr/gic0.gc0.count_reg[0]
  -------------------------------------------------------------------
                         required time                          0.766    
                         arrival time                          -0.429    
  -------------------------------------------------------------------
                         slack                                  0.337    

Slack (MET) :             0.340ns  (arrival time - required time)
  Source:                 dbg_hub/inst/BSCANID.u_xsdbm_id/CORE_XSDB.UUT_MASTER/U_ICON_INTERFACE/U_CMD6_RD/U_RD_FIFO/SUBCORE_FIFO.xsdbm_v3_0_0_rdfifo_inst/inst_fifo_gen/gconvfifo.rf/grf.rf/rstblk/ngwrdrst.grst.g7serrst.wr_rst_reg_reg[1]/C
                            (rising edge-triggered cell FDPE clocked by clk_out2_clk_wiz_0  {rise@0.000ns fall@5.000ns period=10.000ns})
  Destination:            dbg_hub/inst/BSCANID.u_xsdbm_id/CORE_XSDB.UUT_MASTER/U_ICON_INTERFACE/U_CMD6_RD/U_RD_FIFO/SUBCORE_FIFO.xsdbm_v3_0_0_rdfifo_inst/inst_fifo_gen/gconvfifo.rf/grf.rf/gntv_or_sync_fifo.gl0.wr/wpntr/gic0.gc0.count_d1_reg[0]/PRE
                            (removal check against rising-edge clock clk_out2_clk_wiz_0  {rise@0.000ns fall@5.000ns period=10.000ns})
  Path Group:             **async_default**
  Path Type:              Removal (Min at Fast Process Corner)
  Requirement:            0.000ns  (clk_out2_clk_wiz_0 rise@0.000ns - clk_out2_clk_wiz_0 rise@0.000ns)
  Data Path Delay:        0.283ns  (logic 0.141ns (49.857%)  route 0.142ns (50.143%))
  Logic Levels:           0  
  Clock Path Skew:        0.038ns (DCD - SCD - CPR)
    Destination Clock Delay (DCD):    -0.954ns
    Source Clock Delay      (SCD):    -0.712ns
    Clock Pessimism Removal (CPR):    -0.280ns

    Location             Delay type                Incr(ns)  Path(ns)    Netlist Resource(s)
  -------------------------------------------------------------------    -------------------
                         (clock clk_out2_clk_wiz_0 rise edge)
                                                      0.000     0.000 r  
    R4                                                0.000     0.000 r  sys_clk (IN)
                         net (fo=0)                   0.000     0.000    u_mmcm/inst/clk_in1
    R4                   IBUF (Prop_ibuf_I_O)         0.256     0.256 r  u_mmcm/inst/clkin1_ibufg/O
                         net (fo=1, routed)           0.440     0.696    u_mmcm/inst/clk_in1_clk_wiz_0
    MMCME2_ADV_X1Y2      MMCME2_ADV (Prop_mmcme2_adv_CLKIN1_CLKOUT1)
                                                     -2.540    -1.844 r  u_mmcm/inst/mmcm_adv_inst/CLKOUT1
                         net (fo=1, routed)           0.531    -1.313    u_mmcm/inst/clk_out2_clk_wiz_0
    BUFGCTRL_X0Y0        BUFG (Prop_bufg_I_O)         0.026    -1.287 r  u_mmcm/inst/clkout2_buf/O
                         net (fo=2629, routed)        0.575    -0.712    dbg_hub/inst/BSCANID.u_xsdbm_id/CORE_XSDB.UUT_MASTER/U_ICON_INTERFACE/U_CMD6_RD/U_RD_FIFO/SUBCORE_FIFO.xsdbm_v3_0_0_rdfifo_inst/inst_fifo_gen/gconvfifo.rf/grf.rf/rstblk/wr_clk
    SLICE_X71Y155        FDPE                                         r  dbg_hub/inst/BSCANID.u_xsdbm_id/CORE_XSDB.UUT_MASTER/U_ICON_INTERFACE/U_CMD6_RD/U_RD_FIFO/SUBCORE_FIFO.xsdbm_v3_0_0_rdfifo_inst/inst_fifo_gen/gconvfifo.rf/grf.rf/rstblk/ngwrdrst.grst.g7serrst.wr_rst_reg_reg[1]/C
  -------------------------------------------------------------------    -------------------
    SLICE_X71Y155        FDPE (Prop_fdpe_C_Q)         0.141    -0.571 f  dbg_hub/inst/BSCANID.u_xsdbm_id/CORE_XSDB.UUT_MASTER/U_ICON_INTERFACE/U_CMD6_RD/U_RD_FIFO/SUBCORE_FIFO.xsdbm_v3_0_0_rdfifo_inst/inst_fifo_gen/gconvfifo.rf/grf.rf/rstblk/ngwrdrst.grst.g7serrst.wr_rst_reg_reg[1]/Q
                         net (fo=12, routed)          0.142    -0.429    dbg_hub/inst/BSCANID.u_xsdbm_id/CORE_XSDB.UUT_MASTER/U_ICON_INTERFACE/U_CMD6_RD/U_RD_FIFO/SUBCORE_FIFO.xsdbm_v3_0_0_rdfifo_inst/inst_fifo_gen/gconvfifo.rf/grf.rf/gntv_or_sync_fifo.gl0.wr/wpntr/gic0.gc0.count_reg[0]_0[0]
    SLICE_X69Y155        FDPE                                         f  dbg_hub/inst/BSCANID.u_xsdbm_id/CORE_XSDB.UUT_MASTER/U_ICON_INTERFACE/U_CMD6_RD/U_RD_FIFO/SUBCORE_FIFO.xsdbm_v3_0_0_rdfifo_inst/inst_fifo_gen/gconvfifo.rf/grf.rf/gntv_or_sync_fifo.gl0.wr/wpntr/gic0.gc0.count_d1_reg[0]/PRE
  -------------------------------------------------------------------    -------------------

                         (clock clk_out2_clk_wiz_0 rise edge)
                                                      0.000     0.000 r  
    R4                                                0.000     0.000 r  sys_clk (IN)
                         net (fo=0)                   0.000     0.000    u_mmcm/inst/clk_in1
    R4                   IBUF (Prop_ibuf_I_O)         0.444     0.444 r  u_mmcm/inst/clkin1_ibufg/O
                         net (fo=1, routed)           0.480     0.924    u_mmcm/inst/clk_in1_clk_wiz_0
    MMCME2_ADV_X1Y2      MMCME2_ADV (Prop_mmcme2_adv_CLKIN1_CLKOUT1)
                                                     -3.332    -2.409 r  u_mmcm/inst/mmcm_adv_inst/CLKOUT1
                         net (fo=1, routed)           0.579    -1.830    u_mmcm/inst/clk_out2_clk_wiz_0
    BUFGCTRL_X0Y0        BUFG (Prop_bufg_I_O)         0.029    -1.801 r  u_mmcm/inst/clkout2_buf/O
                         net (fo=2629, routed)        0.846    -0.954    dbg_hub/inst/BSCANID.u_xsdbm_id/CORE_XSDB.UUT_MASTER/U_ICON_INTERFACE/U_CMD6_RD/U_RD_FIFO/SUBCORE_FIFO.xsdbm_v3_0_0_rdfifo_inst/inst_fifo_gen/gconvfifo.rf/grf.rf/gntv_or_sync_fifo.gl0.wr/wpntr/wr_clk
    SLICE_X69Y155        FDPE                                         r  dbg_hub/inst/BSCANID.u_xsdbm_id/CORE_XSDB.UUT_MASTER/U_ICON_INTERFACE/U_CMD6_RD/U_RD_FIFO/SUBCORE_FIFO.xsdbm_v3_0_0_rdfifo_inst/inst_fifo_gen/gconvfifo.rf/grf.rf/gntv_or_sync_fifo.gl0.wr/wpntr/gic0.gc0.count_d1_reg[0]/C
                         clock pessimism              0.280    -0.674    
    SLICE_X69Y155        FDPE (Remov_fdpe_C_PRE)     -0.095    -0.769    dbg_hub/inst/BSCANID.u_xsdbm_id/CORE_XSDB.UUT_MASTER/U_ICON_INTERFACE/U_CMD6_RD/U_RD_FIFO/SUBCORE_FIFO.xsdbm_v3_0_0_rdfifo_inst/inst_fifo_gen/gconvfifo.rf/grf.rf/gntv_or_sync_fifo.gl0.wr/wpntr/gic0.gc0.count_d1_reg[0]
  -------------------------------------------------------------------
                         required time                          0.769    
                         arrival time                          -0.429    
  -------------------------------------------------------------------
                         slack                                  0.340    

Slack (MET) :             0.340ns  (arrival time - required time)
  Source:                 dbg_hub/inst/BSCANID.u_xsdbm_id/CORE_XSDB.UUT_MASTER/U_ICON_INTERFACE/U_CMD6_RD/U_RD_FIFO/SUBCORE_FIFO.xsdbm_v3_0_0_rdfifo_inst/inst_fifo_gen/gconvfifo.rf/grf.rf/rstblk/ngwrdrst.grst.g7serrst.wr_rst_reg_reg[1]/C
                            (rising edge-triggered cell FDPE clocked by clk_out2_clk_wiz_0  {rise@0.000ns fall@5.000ns period=10.000ns})
  Destination:            dbg_hub/inst/BSCANID.u_xsdbm_id/CORE_XSDB.UUT_MASTER/U_ICON_INTERFACE/U_CMD6_RD/U_RD_FIFO/SUBCORE_FIFO.xsdbm_v3_0_0_rdfifo_inst/inst_fifo_gen/gconvfifo.rf/grf.rf/gntv_or_sync_fifo.gl0.wr/wpntr/gic0.gc0.count_reg[1]/PRE
                            (removal check against rising-edge clock clk_out2_clk_wiz_0  {rise@0.000ns fall@5.000ns period=10.000ns})
  Path Group:             **async_default**
  Path Type:              Removal (Min at Fast Process Corner)
  Requirement:            0.000ns  (clk_out2_clk_wiz_0 rise@0.000ns - clk_out2_clk_wiz_0 rise@0.000ns)
  Data Path Delay:        0.283ns  (logic 0.141ns (49.857%)  route 0.142ns (50.143%))
  Logic Levels:           0  
  Clock Path Skew:        0.038ns (DCD - SCD - CPR)
    Destination Clock Delay (DCD):    -0.954ns
    Source Clock Delay      (SCD):    -0.712ns
    Clock Pessimism Removal (CPR):    -0.280ns

    Location             Delay type                Incr(ns)  Path(ns)    Netlist Resource(s)
  -------------------------------------------------------------------    -------------------
                         (clock clk_out2_clk_wiz_0 rise edge)
                                                      0.000     0.000 r  
    R4                                                0.000     0.000 r  sys_clk (IN)
                         net (fo=0)                   0.000     0.000    u_mmcm/inst/clk_in1
    R4                   IBUF (Prop_ibuf_I_O)         0.256     0.256 r  u_mmcm/inst/clkin1_ibufg/O
                         net (fo=1, routed)           0.440     0.696    u_mmcm/inst/clk_in1_clk_wiz_0
    MMCME2_ADV_X1Y2      MMCME2_ADV (Prop_mmcme2_adv_CLKIN1_CLKOUT1)
                                                     -2.540    -1.844 r  u_mmcm/inst/mmcm_adv_inst/CLKOUT1
                         net (fo=1, routed)           0.531    -1.313    u_mmcm/inst/clk_out2_clk_wiz_0
    BUFGCTRL_X0Y0        BUFG (Prop_bufg_I_O)         0.026    -1.287 r  u_mmcm/inst/clkout2_buf/O
                         net (fo=2629, routed)        0.575    -0.712    dbg_hub/inst/BSCANID.u_xsdbm_id/CORE_XSDB.UUT_MASTER/U_ICON_INTERFACE/U_CMD6_RD/U_RD_FIFO/SUBCORE_FIFO.xsdbm_v3_0_0_rdfifo_inst/inst_fifo_gen/gconvfifo.rf/grf.rf/rstblk/wr_clk
    SLICE_X71Y155        FDPE                                         r  dbg_hub/inst/BSCANID.u_xsdbm_id/CORE_XSDB.UUT_MASTER/U_ICON_INTERFACE/U_CMD6_RD/U_RD_FIFO/SUBCORE_FIFO.xsdbm_v3_0_0_rdfifo_inst/inst_fifo_gen/gconvfifo.rf/grf.rf/rstblk/ngwrdrst.grst.g7serrst.wr_rst_reg_reg[1]/C
  -------------------------------------------------------------------    -------------------
    SLICE_X71Y155        FDPE (Prop_fdpe_C_Q)         0.141    -0.571 f  dbg_hub/inst/BSCANID.u_xsdbm_id/CORE_XSDB.UUT_MASTER/U_ICON_INTERFACE/U_CMD6_RD/U_RD_FIFO/SUBCORE_FIFO.xsdbm_v3_0_0_rdfifo_inst/inst_fifo_gen/gconvfifo.rf/grf.rf/rstblk/ngwrdrst.grst.g7serrst.wr_rst_reg_reg[1]/Q
                         net (fo=12, routed)          0.142    -0.429    dbg_hub/inst/BSCANID.u_xsdbm_id/CORE_XSDB.UUT_MASTER/U_ICON_INTERFACE/U_CMD6_RD/U_RD_FIFO/SUBCORE_FIFO.xsdbm_v3_0_0_rdfifo_inst/inst_fifo_gen/gconvfifo.rf/grf.rf/gntv_or_sync_fifo.gl0.wr/wpntr/gic0.gc0.count_reg[0]_0[0]
    SLICE_X69Y155        FDPE                                         f  dbg_hub/inst/BSCANID.u_xsdbm_id/CORE_XSDB.UUT_MASTER/U_ICON_INTERFACE/U_CMD6_RD/U_RD_FIFO/SUBCORE_FIFO.xsdbm_v3_0_0_rdfifo_inst/inst_fifo_gen/gconvfifo.rf/grf.rf/gntv_or_sync_fifo.gl0.wr/wpntr/gic0.gc0.count_reg[1]/PRE
  -------------------------------------------------------------------    -------------------

                         (clock clk_out2_clk_wiz_0 rise edge)
                                                      0.000     0.000 r  
    R4                                                0.000     0.000 r  sys_clk (IN)
                         net (fo=0)                   0.000     0.000    u_mmcm/inst/clk_in1
    R4                   IBUF (Prop_ibuf_I_O)         0.444     0.444 r  u_mmcm/inst/clkin1_ibufg/O
                         net (fo=1, routed)           0.480     0.924    u_mmcm/inst/clk_in1_clk_wiz_0
    MMCME2_ADV_X1Y2      MMCME2_ADV (Prop_mmcme2_adv_CLKIN1_CLKOUT1)
                                                     -3.332    -2.409 r  u_mmcm/inst/mmcm_adv_inst/CLKOUT1
                         net (fo=1, routed)           0.579    -1.830    u_mmcm/inst/clk_out2_clk_wiz_0
    BUFGCTRL_X0Y0        BUFG (Prop_bufg_I_O)         0.029    -1.801 r  u_mmcm/inst/clkout2_buf/O
                         net (fo=2629, routed)        0.846    -0.954    dbg_hub/inst/BSCANID.u_xsdbm_id/CORE_XSDB.UUT_MASTER/U_ICON_INTERFACE/U_CMD6_RD/U_RD_FIFO/SUBCORE_FIFO.xsdbm_v3_0_0_rdfifo_inst/inst_fifo_gen/gconvfifo.rf/grf.rf/gntv_or_sync_fifo.gl0.wr/wpntr/wr_clk
    SLICE_X69Y155        FDPE                                         r  dbg_hub/inst/BSCANID.u_xsdbm_id/CORE_XSDB.UUT_MASTER/U_ICON_INTERFACE/U_CMD6_RD/U_RD_FIFO/SUBCORE_FIFO.xsdbm_v3_0_0_rdfifo_inst/inst_fifo_gen/gconvfifo.rf/grf.rf/gntv_or_sync_fifo.gl0.wr/wpntr/gic0.gc0.count_reg[1]/C
                         clock pessimism              0.280    -0.674    
    SLICE_X69Y155        FDPE (Remov_fdpe_C_PRE)     -0.095    -0.769    dbg_hub/inst/BSCANID.u_xsdbm_id/CORE_XSDB.UUT_MASTER/U_ICON_INTERFACE/U_CMD6_RD/U_RD_FIFO/SUBCORE_FIFO.xsdbm_v3_0_0_rdfifo_inst/inst_fifo_gen/gconvfifo.rf/grf.rf/gntv_or_sync_fifo.gl0.wr/wpntr/gic0.gc0.count_reg[1]
  -------------------------------------------------------------------
                         required time                          0.769    
                         arrival time                          -0.429    
  -------------------------------------------------------------------
                         slack                                  0.340    

Slack (MET) :             0.365ns  (arrival time - required time)
  Source:                 dbg_hub/inst/BSCANID.u_xsdbm_id/CORE_XSDB.UUT_MASTER/U_ICON_INTERFACE/U_CMD6_RD/U_RD_FIFO/SUBCORE_FIFO.xsdbm_v3_0_0_rdfifo_inst/inst_fifo_gen/gconvfifo.rf/grf.rf/rstblk/ngwrdrst.grst.g7serrst.wr_rst_reg_reg[1]/C
                            (rising edge-triggered cell FDPE clocked by clk_out2_clk_wiz_0  {rise@0.000ns fall@5.000ns period=10.000ns})
  Destination:            dbg_hub/inst/BSCANID.u_xsdbm_id/CORE_XSDB.UUT_MASTER/U_ICON_INTERFACE/U_CMD6_RD/U_RD_FIFO/SUBCORE_FIFO.xsdbm_v3_0_0_rdfifo_inst/inst_fifo_gen/gconvfifo.rf/grf.rf/gntv_or_sync_fifo.gl0.wr/wpntr/gic0.gc0.count_d1_reg[1]/CLR
                            (removal check against rising-edge clock clk_out2_clk_wiz_0  {rise@0.000ns fall@5.000ns period=10.000ns})
  Path Group:             **async_default**
  Path Type:              Removal (Min at Fast Process Corner)
  Requirement:            0.000ns  (clk_out2_clk_wiz_0 rise@0.000ns - clk_out2_clk_wiz_0 rise@0.000ns)
  Data Path Delay:        0.336ns  (logic 0.141ns (41.936%)  route 0.195ns (58.064%))
  Logic Levels:           0  
  Clock Path Skew:        0.038ns (DCD - SCD - CPR)
    Destination Clock Delay (DCD):    -0.954ns
    Source Clock Delay      (SCD):    -0.712ns
    Clock Pessimism Removal (CPR):    -0.280ns

    Location             Delay type                Incr(ns)  Path(ns)    Netlist Resource(s)
  -------------------------------------------------------------------    -------------------
                         (clock clk_out2_clk_wiz_0 rise edge)
                                                      0.000     0.000 r  
    R4                                                0.000     0.000 r  sys_clk (IN)
                         net (fo=0)                   0.000     0.000    u_mmcm/inst/clk_in1
    R4                   IBUF (Prop_ibuf_I_O)         0.256     0.256 r  u_mmcm/inst/clkin1_ibufg/O
                         net (fo=1, routed)           0.440     0.696    u_mmcm/inst/clk_in1_clk_wiz_0
    MMCME2_ADV_X1Y2      MMCME2_ADV (Prop_mmcme2_adv_CLKIN1_CLKOUT1)
                                                     -2.540    -1.844 r  u_mmcm/inst/mmcm_adv_inst/CLKOUT1
                         net (fo=1, routed)           0.531    -1.313    u_mmcm/inst/clk_out2_clk_wiz_0
    BUFGCTRL_X0Y0        BUFG (Prop_bufg_I_O)         0.026    -1.287 r  u_mmcm/inst/clkout2_buf/O
                         net (fo=2629, routed)        0.575    -0.712    dbg_hub/inst/BSCANID.u_xsdbm_id/CORE_XSDB.UUT_MASTER/U_ICON_INTERFACE/U_CMD6_RD/U_RD_FIFO/SUBCORE_FIFO.xsdbm_v3_0_0_rdfifo_inst/inst_fifo_gen/gconvfifo.rf/grf.rf/rstblk/wr_clk
    SLICE_X71Y155        FDPE                                         r  dbg_hub/inst/BSCANID.u_xsdbm_id/CORE_XSDB.UUT_MASTER/U_ICON_INTERFACE/U_CMD6_RD/U_RD_FIFO/SUBCORE_FIFO.xsdbm_v3_0_0_rdfifo_inst/inst_fifo_gen/gconvfifo.rf/grf.rf/rstblk/ngwrdrst.grst.g7serrst.wr_rst_reg_reg[1]/C
  -------------------------------------------------------------------    -------------------
    SLICE_X71Y155        FDPE (Prop_fdpe_C_Q)         0.141    -0.571 f  dbg_hub/inst/BSCANID.u_xsdbm_id/CORE_XSDB.UUT_MASTER/U_ICON_INTERFACE/U_CMD6_RD/U_RD_FIFO/SUBCORE_FIFO.xsdbm_v3_0_0_rdfifo_inst/inst_fifo_gen/gconvfifo.rf/grf.rf/rstblk/ngwrdrst.grst.g7serrst.wr_rst_reg_reg[1]/Q
                         net (fo=12, routed)          0.195    -0.376    dbg_hub/inst/BSCANID.u_xsdbm_id/CORE_XSDB.UUT_MASTER/U_ICON_INTERFACE/U_CMD6_RD/U_RD_FIFO/SUBCORE_FIFO.xsdbm_v3_0_0_rdfifo_inst/inst_fifo_gen/gconvfifo.rf/grf.rf/gntv_or_sync_fifo.gl0.wr/wpntr/gic0.gc0.count_reg[0]_0[0]
    SLICE_X68Y154        FDCE                                         f  dbg_hub/inst/BSCANID.u_xsdbm_id/CORE_XSDB.UUT_MASTER/U_ICON_INTERFACE/U_CMD6_RD/U_RD_FIFO/SUBCORE_FIFO.xsdbm_v3_0_0_rdfifo_inst/inst_fifo_gen/gconvfifo.rf/grf.rf/gntv_or_sync_fifo.gl0.wr/wpntr/gic0.gc0.count_d1_reg[1]/CLR
  -------------------------------------------------------------------    -------------------

                         (clock clk_out2_clk_wiz_0 rise edge)
                                                      0.000     0.000 r  
    R4                                                0.000     0.000 r  sys_clk (IN)
                         net (fo=0)                   0.000     0.000    u_mmcm/inst/clk_in1
    R4                   IBUF (Prop_ibuf_I_O)         0.444     0.444 r  u_mmcm/inst/clkin1_ibufg/O
                         net (fo=1, routed)           0.480     0.924    u_mmcm/inst/clk_in1_clk_wiz_0
    MMCME2_ADV_X1Y2      MMCME2_ADV (Prop_mmcme2_adv_CLKIN1_CLKOUT1)
                                                     -3.332    -2.409 r  u_mmcm/inst/mmcm_adv_inst/CLKOUT1
                         net (fo=1, routed)           0.579    -1.830    u_mmcm/inst/clk_out2_clk_wiz_0
    BUFGCTRL_X0Y0        BUFG (Prop_bufg_I_O)         0.029    -1.801 r  u_mmcm/inst/clkout2_buf/O
                         net (fo=2629, routed)        0.846    -0.954    dbg_hub/inst/BSCANID.u_xsdbm_id/CORE_XSDB.UUT_MASTER/U_ICON_INTERFACE/U_CMD6_RD/U_RD_FIFO/SUBCORE_FIFO.xsdbm_v3_0_0_rdfifo_inst/inst_fifo_gen/gconvfifo.rf/grf.rf/gntv_or_sync_fifo.gl0.wr/wpntr/wr_clk
    SLICE_X68Y154        FDCE                                         r  dbg_hub/inst/BSCANID.u_xsdbm_id/CORE_XSDB.UUT_MASTER/U_ICON_INTERFACE/U_CMD6_RD/U_RD_FIFO/SUBCORE_FIFO.xsdbm_v3_0_0_rdfifo_inst/inst_fifo_gen/gconvfifo.rf/grf.rf/gntv_or_sync_fifo.gl0.wr/wpntr/gic0.gc0.count_d1_reg[1]/C
                         clock pessimism              0.280    -0.674    
    SLICE_X68Y154        FDCE (Remov_fdce_C_CLR)     -0.067    -0.741    dbg_hub/inst/BSCANID.u_xsdbm_id/CORE_XSDB.UUT_MASTER/U_ICON_INTERFACE/U_CMD6_RD/U_RD_FIFO/SUBCORE_FIFO.xsdbm_v3_0_0_rdfifo_inst/inst_fifo_gen/gconvfifo.rf/grf.rf/gntv_or_sync_fifo.gl0.wr/wpntr/gic0.gc0.count_d1_reg[1]
  -------------------------------------------------------------------
                         required time                          0.741    
                         arrival time                          -0.376    
  -------------------------------------------------------------------
                         slack                                  0.365    

Slack (MET) :             0.365ns  (arrival time - required time)
  Source:                 dbg_hub/inst/BSCANID.u_xsdbm_id/CORE_XSDB.UUT_MASTER/U_ICON_INTERFACE/U_CMD6_RD/U_RD_FIFO/SUBCORE_FIFO.xsdbm_v3_0_0_rdfifo_inst/inst_fifo_gen/gconvfifo.rf/grf.rf/rstblk/ngwrdrst.grst.g7serrst.wr_rst_reg_reg[1]/C
                            (rising edge-triggered cell FDPE clocked by clk_out2_clk_wiz_0  {rise@0.000ns fall@5.000ns period=10.000ns})
  Destination:            dbg_hub/inst/BSCANID.u_xsdbm_id/CORE_XSDB.UUT_MASTER/U_ICON_INTERFACE/U_CMD6_RD/U_RD_FIFO/SUBCORE_FIFO.xsdbm_v3_0_0_rdfifo_inst/inst_fifo_gen/gconvfifo.rf/grf.rf/gntv_or_sync_fifo.gl0.wr/wpntr/gic0.gc0.count_d1_reg[2]/CLR
                            (removal check against rising-edge clock clk_out2_clk_wiz_0  {rise@0.000ns fall@5.000ns period=10.000ns})
  Path Group:             **async_default**
  Path Type:              Removal (Min at Fast Process Corner)
  Requirement:            0.000ns  (clk_out2_clk_wiz_0 rise@0.000ns - clk_out2_clk_wiz_0 rise@0.000ns)
  Data Path Delay:        0.336ns  (logic 0.141ns (41.936%)  route 0.195ns (58.064%))
  Logic Levels:           0  
  Clock Path Skew:        0.038ns (DCD - SCD - CPR)
    Destination Clock Delay (DCD):    -0.954ns
    Source Clock Delay      (SCD):    -0.712ns
    Clock Pessimism Removal (CPR):    -0.280ns

    Location             Delay type                Incr(ns)  Path(ns)    Netlist Resource(s)
  -------------------------------------------------------------------    -------------------
                         (clock clk_out2_clk_wiz_0 rise edge)
                                                      0.000     0.000 r  
    R4                                                0.000     0.000 r  sys_clk (IN)
                         net (fo=0)                   0.000     0.000    u_mmcm/inst/clk_in1
    R4                   IBUF (Prop_ibuf_I_O)         0.256     0.256 r  u_mmcm/inst/clkin1_ibufg/O
                         net (fo=1, routed)           0.440     0.696    u_mmcm/inst/clk_in1_clk_wiz_0
    MMCME2_ADV_X1Y2      MMCME2_ADV (Prop_mmcme2_adv_CLKIN1_CLKOUT1)
                                                     -2.540    -1.844 r  u_mmcm/inst/mmcm_adv_inst/CLKOUT1
                         net (fo=1, routed)           0.531    -1.313    u_mmcm/inst/clk_out2_clk_wiz_0
    BUFGCTRL_X0Y0        BUFG (Prop_bufg_I_O)         0.026    -1.287 r  u_mmcm/inst/clkout2_buf/O
                         net (fo=2629, routed)        0.575    -0.712    dbg_hub/inst/BSCANID.u_xsdbm_id/CORE_XSDB.UUT_MASTER/U_ICON_INTERFACE/U_CMD6_RD/U_RD_FIFO/SUBCORE_FIFO.xsdbm_v3_0_0_rdfifo_inst/inst_fifo_gen/gconvfifo.rf/grf.rf/rstblk/wr_clk
    SLICE_X71Y155        FDPE                                         r  dbg_hub/inst/BSCANID.u_xsdbm_id/CORE_XSDB.UUT_MASTER/U_ICON_INTERFACE/U_CMD6_RD/U_RD_FIFO/SUBCORE_FIFO.xsdbm_v3_0_0_rdfifo_inst/inst_fifo_gen/gconvfifo.rf/grf.rf/rstblk/ngwrdrst.grst.g7serrst.wr_rst_reg_reg[1]/C
  -------------------------------------------------------------------    -------------------
    SLICE_X71Y155        FDPE (Prop_fdpe_C_Q)         0.141    -0.571 f  dbg_hub/inst/BSCANID.u_xsdbm_id/CORE_XSDB.UUT_MASTER/U_ICON_INTERFACE/U_CMD6_RD/U_RD_FIFO/SUBCORE_FIFO.xsdbm_v3_0_0_rdfifo_inst/inst_fifo_gen/gconvfifo.rf/grf.rf/rstblk/ngwrdrst.grst.g7serrst.wr_rst_reg_reg[1]/Q
                         net (fo=12, routed)          0.195    -0.376    dbg_hub/inst/BSCANID.u_xsdbm_id/CORE_XSDB.UUT_MASTER/U_ICON_INTERFACE/U_CMD6_RD/U_RD_FIFO/SUBCORE_FIFO.xsdbm_v3_0_0_rdfifo_inst/inst_fifo_gen/gconvfifo.rf/grf.rf/gntv_or_sync_fifo.gl0.wr/wpntr/gic0.gc0.count_reg[0]_0[0]
    SLICE_X68Y154        FDCE                                         f  dbg_hub/inst/BSCANID.u_xsdbm_id/CORE_XSDB.UUT_MASTER/U_ICON_INTERFACE/U_CMD6_RD/U_RD_FIFO/SUBCORE_FIFO.xsdbm_v3_0_0_rdfifo_inst/inst_fifo_gen/gconvfifo.rf/grf.rf/gntv_or_sync_fifo.gl0.wr/wpntr/gic0.gc0.count_d1_reg[2]/CLR
  -------------------------------------------------------------------    -------------------

                         (clock clk_out2_clk_wiz_0 rise edge)
                                                      0.000     0.000 r  
    R4                                                0.000     0.000 r  sys_clk (IN)
                         net (fo=0)                   0.000     0.000    u_mmcm/inst/clk_in1
    R4                   IBUF (Prop_ibuf_I_O)         0.444     0.444 r  u_mmcm/inst/clkin1_ibufg/O
                         net (fo=1, routed)           0.480     0.924    u_mmcm/inst/clk_in1_clk_wiz_0
    MMCME2_ADV_X1Y2      MMCME2_ADV (Prop_mmcme2_adv_CLKIN1_CLKOUT1)
                                                     -3.332    -2.409 r  u_mmcm/inst/mmcm_adv_inst/CLKOUT1
                         net (fo=1, routed)           0.579    -1.830    u_mmcm/inst/clk_out2_clk_wiz_0
    BUFGCTRL_X0Y0        BUFG (Prop_bufg_I_O)         0.029    -1.801 r  u_mmcm/inst/clkout2_buf/O
                         net (fo=2629, routed)        0.846    -0.954    dbg_hub/inst/BSCANID.u_xsdbm_id/CORE_XSDB.UUT_MASTER/U_ICON_INTERFACE/U_CMD6_RD/U_RD_FIFO/SUBCORE_FIFO.xsdbm_v3_0_0_rdfifo_inst/inst_fifo_gen/gconvfifo.rf/grf.rf/gntv_or_sync_fifo.gl0.wr/wpntr/wr_clk
    SLICE_X68Y154        FDCE                                         r  dbg_hub/inst/BSCANID.u_xsdbm_id/CORE_XSDB.UUT_MASTER/U_ICON_INTERFACE/U_CMD6_RD/U_RD_FIFO/SUBCORE_FIFO.xsdbm_v3_0_0_rdfifo_inst/inst_fifo_gen/gconvfifo.rf/grf.rf/gntv_or_sync_fifo.gl0.wr/wpntr/gic0.gc0.count_d1_reg[2]/C
                         clock pessimism              0.280    -0.674    
    SLICE_X68Y154        FDCE (Remov_fdce_C_CLR)     -0.067    -0.741    dbg_hub/inst/BSCANID.u_xsdbm_id/CORE_XSDB.UUT_MASTER/U_ICON_INTERFACE/U_CMD6_RD/U_RD_FIFO/SUBCORE_FIFO.xsdbm_v3_0_0_rdfifo_inst/inst_fifo_gen/gconvfifo.rf/grf.rf/gntv_or_sync_fifo.gl0.wr/wpntr/gic0.gc0.count_d1_reg[2]
  -------------------------------------------------------------------
                         required time                          0.741    
                         arrival time                          -0.376    
  -------------------------------------------------------------------
                         slack                                  0.365    

Slack (MET) :             0.365ns  (arrival time - required time)
  Source:                 dbg_hub/inst/BSCANID.u_xsdbm_id/CORE_XSDB.UUT_MASTER/U_ICON_INTERFACE/U_CMD6_RD/U_RD_FIFO/SUBCORE_FIFO.xsdbm_v3_0_0_rdfifo_inst/inst_fifo_gen/gconvfifo.rf/grf.rf/rstblk/ngwrdrst.grst.g7serrst.wr_rst_reg_reg[1]/C
                            (rising edge-triggered cell FDPE clocked by clk_out2_clk_wiz_0  {rise@0.000ns fall@5.000ns period=10.000ns})
  Destination:            dbg_hub/inst/BSCANID.u_xsdbm_id/CORE_XSDB.UUT_MASTER/U_ICON_INTERFACE/U_CMD6_RD/U_RD_FIFO/SUBCORE_FIFO.xsdbm_v3_0_0_rdfifo_inst/inst_fifo_gen/gconvfifo.rf/grf.rf/gntv_or_sync_fifo.gl0.wr/wpntr/gic0.gc0.count_d1_reg[3]/CLR
                            (removal check against rising-edge clock clk_out2_clk_wiz_0  {rise@0.000ns fall@5.000ns period=10.000ns})
  Path Group:             **async_default**
  Path Type:              Removal (Min at Fast Process Corner)
  Requirement:            0.000ns  (clk_out2_clk_wiz_0 rise@0.000ns - clk_out2_clk_wiz_0 rise@0.000ns)
  Data Path Delay:        0.336ns  (logic 0.141ns (41.936%)  route 0.195ns (58.064%))
  Logic Levels:           0  
  Clock Path Skew:        0.038ns (DCD - SCD - CPR)
    Destination Clock Delay (DCD):    -0.954ns
    Source Clock Delay      (SCD):    -0.712ns
    Clock Pessimism Removal (CPR):    -0.280ns

    Location             Delay type                Incr(ns)  Path(ns)    Netlist Resource(s)
  -------------------------------------------------------------------    -------------------
                         (clock clk_out2_clk_wiz_0 rise edge)
                                                      0.000     0.000 r  
    R4                                                0.000     0.000 r  sys_clk (IN)
                         net (fo=0)                   0.000     0.000    u_mmcm/inst/clk_in1
    R4                   IBUF (Prop_ibuf_I_O)         0.256     0.256 r  u_mmcm/inst/clkin1_ibufg/O
                         net (fo=1, routed)           0.440     0.696    u_mmcm/inst/clk_in1_clk_wiz_0
    MMCME2_ADV_X1Y2      MMCME2_ADV (Prop_mmcme2_adv_CLKIN1_CLKOUT1)
                                                     -2.540    -1.844 r  u_mmcm/inst/mmcm_adv_inst/CLKOUT1
                         net (fo=1, routed)           0.531    -1.313    u_mmcm/inst/clk_out2_clk_wiz_0
    BUFGCTRL_X0Y0        BUFG (Prop_bufg_I_O)         0.026    -1.287 r  u_mmcm/inst/clkout2_buf/O
                         net (fo=2629, routed)        0.575    -0.712    dbg_hub/inst/BSCANID.u_xsdbm_id/CORE_XSDB.UUT_MASTER/U_ICON_INTERFACE/U_CMD6_RD/U_RD_FIFO/SUBCORE_FIFO.xsdbm_v3_0_0_rdfifo_inst/inst_fifo_gen/gconvfifo.rf/grf.rf/rstblk/wr_clk
    SLICE_X71Y155        FDPE                                         r  dbg_hub/inst/BSCANID.u_xsdbm_id/CORE_XSDB.UUT_MASTER/U_ICON_INTERFACE/U_CMD6_RD/U_RD_FIFO/SUBCORE_FIFO.xsdbm_v3_0_0_rdfifo_inst/inst_fifo_gen/gconvfifo.rf/grf.rf/rstblk/ngwrdrst.grst.g7serrst.wr_rst_reg_reg[1]/C
  -------------------------------------------------------------------    -------------------
    SLICE_X71Y155        FDPE (Prop_fdpe_C_Q)         0.141    -0.571 f  dbg_hub/inst/BSCANID.u_xsdbm_id/CORE_XSDB.UUT_MASTER/U_ICON_INTERFACE/U_CMD6_RD/U_RD_FIFO/SUBCORE_FIFO.xsdbm_v3_0_0_rdfifo_inst/inst_fifo_gen/gconvfifo.rf/grf.rf/rstblk/ngwrdrst.grst.g7serrst.wr_rst_reg_reg[1]/Q
                         net (fo=12, routed)          0.195    -0.376    dbg_hub/inst/BSCANID.u_xsdbm_id/CORE_XSDB.UUT_MASTER/U_ICON_INTERFACE/U_CMD6_RD/U_RD_FIFO/SUBCORE_FIFO.xsdbm_v3_0_0_rdfifo_inst/inst_fifo_gen/gconvfifo.rf/grf.rf/gntv_or_sync_fifo.gl0.wr/wpntr/gic0.gc0.count_reg[0]_0[0]
    SLICE_X68Y154        FDCE                                         f  dbg_hub/inst/BSCANID.u_xsdbm_id/CORE_XSDB.UUT_MASTER/U_ICON_INTERFACE/U_CMD6_RD/U_RD_FIFO/SUBCORE_FIFO.xsdbm_v3_0_0_rdfifo_inst/inst_fifo_gen/gconvfifo.rf/grf.rf/gntv_or_sync_fifo.gl0.wr/wpntr/gic0.gc0.count_d1_reg[3]/CLR
  -------------------------------------------------------------------    -------------------

                         (clock clk_out2_clk_wiz_0 rise edge)
                                                      0.000     0.000 r  
    R4                                                0.000     0.000 r  sys_clk (IN)
                         net (fo=0)                   0.000     0.000    u_mmcm/inst/clk_in1
    R4                   IBUF (Prop_ibuf_I_O)         0.444     0.444 r  u_mmcm/inst/clkin1_ibufg/O
                         net (fo=1, routed)           0.480     0.924    u_mmcm/inst/clk_in1_clk_wiz_0
    MMCME2_ADV_X1Y2      MMCME2_ADV (Prop_mmcme2_adv_CLKIN1_CLKOUT1)
                                                     -3.332    -2.409 r  u_mmcm/inst/mmcm_adv_inst/CLKOUT1
                         net (fo=1, routed)           0.579    -1.830    u_mmcm/inst/clk_out2_clk_wiz_0
    BUFGCTRL_X0Y0        BUFG (Prop_bufg_I_O)         0.029    -1.801 r  u_mmcm/inst/clkout2_buf/O
                         net (fo=2629, routed)        0.846    -0.954    dbg_hub/inst/BSCANID.u_xsdbm_id/CORE_XSDB.UUT_MASTER/U_ICON_INTERFACE/U_CMD6_RD/U_RD_FIFO/SUBCORE_FIFO.xsdbm_v3_0_0_rdfifo_inst/inst_fifo_gen/gconvfifo.rf/grf.rf/gntv_or_sync_fifo.gl0.wr/wpntr/wr_clk
    SLICE_X68Y154        FDCE                                         r  dbg_hub/inst/BSCANID.u_xsdbm_id/CORE_XSDB.UUT_MASTER/U_ICON_INTERFACE/U_CMD6_RD/U_RD_FIFO/SUBCORE_FIFO.xsdbm_v3_0_0_rdfifo_inst/inst_fifo_gen/gconvfifo.rf/grf.rf/gntv_or_sync_fifo.gl0.wr/wpntr/gic0.gc0.count_d1_reg[3]/C
                         clock pessimism              0.280    -0.674    
    SLICE_X68Y154        FDCE (Remov_fdce_C_CLR)     -0.067    -0.741    dbg_hub/inst/BSCANID.u_xsdbm_id/CORE_XSDB.UUT_MASTER/U_ICON_INTERFACE/U_CMD6_RD/U_RD_FIFO/SUBCORE_FIFO.xsdbm_v3_0_0_rdfifo_inst/inst_fifo_gen/gconvfifo.rf/grf.rf/gntv_or_sync_fifo.gl0.wr/wpntr/gic0.gc0.count_d1_reg[3]
  -------------------------------------------------------------------
                         required time                          0.741    
                         arrival time                          -0.376    
  -------------------------------------------------------------------
                         slack                                  0.365    

Slack (MET) :             0.365ns  (arrival time - required time)
  Source:                 dbg_hub/inst/BSCANID.u_xsdbm_id/CORE_XSDB.UUT_MASTER/U_ICON_INTERFACE/U_CMD6_RD/U_RD_FIFO/SUBCORE_FIFO.xsdbm_v3_0_0_rdfifo_inst/inst_fifo_gen/gconvfifo.rf/grf.rf/rstblk/ngwrdrst.grst.g7serrst.wr_rst_reg_reg[1]/C
                            (rising edge-triggered cell FDPE clocked by clk_out2_clk_wiz_0  {rise@0.000ns fall@5.000ns period=10.000ns})
  Destination:            dbg_hub/inst/BSCANID.u_xsdbm_id/CORE_XSDB.UUT_MASTER/U_ICON_INTERFACE/U_CMD6_RD/U_RD_FIFO/SUBCORE_FIFO.xsdbm_v3_0_0_rdfifo_inst/inst_fifo_gen/gconvfifo.rf/grf.rf/gntv_or_sync_fifo.gl0.wr/wpntr/gic0.gc0.count_d2_reg[0]/CLR
                            (removal check against rising-edge clock clk_out2_clk_wiz_0  {rise@0.000ns fall@5.000ns period=10.000ns})
  Path Group:             **async_default**
  Path Type:              Removal (Min at Fast Process Corner)
  Requirement:            0.000ns  (clk_out2_clk_wiz_0 rise@0.000ns - clk_out2_clk_wiz_0 rise@0.000ns)
  Data Path Delay:        0.336ns  (logic 0.141ns (41.936%)  route 0.195ns (58.064%))
  Logic Levels:           0  
  Clock Path Skew:        0.038ns (DCD - SCD - CPR)
    Destination Clock Delay (DCD):    -0.954ns
    Source Clock Delay      (SCD):    -0.712ns
    Clock Pessimism Removal (CPR):    -0.280ns

    Location             Delay type                Incr(ns)  Path(ns)    Netlist Resource(s)
  -------------------------------------------------------------------    -------------------
                         (clock clk_out2_clk_wiz_0 rise edge)
                                                      0.000     0.000 r  
    R4                                                0.000     0.000 r  sys_clk (IN)
                         net (fo=0)                   0.000     0.000    u_mmcm/inst/clk_in1
    R4                   IBUF (Prop_ibuf_I_O)         0.256     0.256 r  u_mmcm/inst/clkin1_ibufg/O
                         net (fo=1, routed)           0.440     0.696    u_mmcm/inst/clk_in1_clk_wiz_0
    MMCME2_ADV_X1Y2      MMCME2_ADV (Prop_mmcme2_adv_CLKIN1_CLKOUT1)
                                                     -2.540    -1.844 r  u_mmcm/inst/mmcm_adv_inst/CLKOUT1
                         net (fo=1, routed)           0.531    -1.313    u_mmcm/inst/clk_out2_clk_wiz_0
    BUFGCTRL_X0Y0        BUFG (Prop_bufg_I_O)         0.026    -1.287 r  u_mmcm/inst/clkout2_buf/O
                         net (fo=2629, routed)        0.575    -0.712    dbg_hub/inst/BSCANID.u_xsdbm_id/CORE_XSDB.UUT_MASTER/U_ICON_INTERFACE/U_CMD6_RD/U_RD_FIFO/SUBCORE_FIFO.xsdbm_v3_0_0_rdfifo_inst/inst_fifo_gen/gconvfifo.rf/grf.rf/rstblk/wr_clk
    SLICE_X71Y155        FDPE                                         r  dbg_hub/inst/BSCANID.u_xsdbm_id/CORE_XSDB.UUT_MASTER/U_ICON_INTERFACE/U_CMD6_RD/U_RD_FIFO/SUBCORE_FIFO.xsdbm_v3_0_0_rdfifo_inst/inst_fifo_gen/gconvfifo.rf/grf.rf/rstblk/ngwrdrst.grst.g7serrst.wr_rst_reg_reg[1]/C
  -------------------------------------------------------------------    -------------------
    SLICE_X71Y155        FDPE (Prop_fdpe_C_Q)         0.141    -0.571 f  dbg_hub/inst/BSCANID.u_xsdbm_id/CORE_XSDB.UUT_MASTER/U_ICON_INTERFACE/U_CMD6_RD/U_RD_FIFO/SUBCORE_FIFO.xsdbm_v3_0_0_rdfifo_inst/inst_fifo_gen/gconvfifo.rf/grf.rf/rstblk/ngwrdrst.grst.g7serrst.wr_rst_reg_reg[1]/Q
                         net (fo=12, routed)          0.195    -0.376    dbg_hub/inst/BSCANID.u_xsdbm_id/CORE_XSDB.UUT_MASTER/U_ICON_INTERFACE/U_CMD6_RD/U_RD_FIFO/SUBCORE_FIFO.xsdbm_v3_0_0_rdfifo_inst/inst_fifo_gen/gconvfifo.rf/grf.rf/gntv_or_sync_fifo.gl0.wr/wpntr/gic0.gc0.count_reg[0]_0[0]
    SLICE_X68Y154        FDCE                                         f  dbg_hub/inst/BSCANID.u_xsdbm_id/CORE_XSDB.UUT_MASTER/U_ICON_INTERFACE/U_CMD6_RD/U_RD_FIFO/SUBCORE_FIFO.xsdbm_v3_0_0_rdfifo_inst/inst_fifo_gen/gconvfifo.rf/grf.rf/gntv_or_sync_fifo.gl0.wr/wpntr/gic0.gc0.count_d2_reg[0]/CLR
  -------------------------------------------------------------------    -------------------

                         (clock clk_out2_clk_wiz_0 rise edge)
                                                      0.000     0.000 r  
    R4                                                0.000     0.000 r  sys_clk (IN)
                         net (fo=0)                   0.000     0.000    u_mmcm/inst/clk_in1
    R4                   IBUF (Prop_ibuf_I_O)         0.444     0.444 r  u_mmcm/inst/clkin1_ibufg/O
                         net (fo=1, routed)           0.480     0.924    u_mmcm/inst/clk_in1_clk_wiz_0
    MMCME2_ADV_X1Y2      MMCME2_ADV (Prop_mmcme2_adv_CLKIN1_CLKOUT1)
                                                     -3.332    -2.409 r  u_mmcm/inst/mmcm_adv_inst/CLKOUT1
                         net (fo=1, routed)           0.579    -1.830    u_mmcm/inst/clk_out2_clk_wiz_0
    BUFGCTRL_X0Y0        BUFG (Prop_bufg_I_O)         0.029    -1.801 r  u_mmcm/inst/clkout2_buf/O
                         net (fo=2629, routed)        0.846    -0.954    dbg_hub/inst/BSCANID.u_xsdbm_id/CORE_XSDB.UUT_MASTER/U_ICON_INTERFACE/U_CMD6_RD/U_RD_FIFO/SUBCORE_FIFO.xsdbm_v3_0_0_rdfifo_inst/inst_fifo_gen/gconvfifo.rf/grf.rf/gntv_or_sync_fifo.gl0.wr/wpntr/wr_clk
    SLICE_X68Y154        FDCE                                         r  dbg_hub/inst/BSCANID.u_xsdbm_id/CORE_XSDB.UUT_MASTER/U_ICON_INTERFACE/U_CMD6_RD/U_RD_FIFO/SUBCORE_FIFO.xsdbm_v3_0_0_rdfifo_inst/inst_fifo_gen/gconvfifo.rf/grf.rf/gntv_or_sync_fifo.gl0.wr/wpntr/gic0.gc0.count_d2_reg[0]/C
                         clock pessimism              0.280    -0.674    
    SLICE_X68Y154        FDCE (Remov_fdce_C_CLR)     -0.067    -0.741    dbg_hub/inst/BSCANID.u_xsdbm_id/CORE_XSDB.UUT_MASTER/U_ICON_INTERFACE/U_CMD6_RD/U_RD_FIFO/SUBCORE_FIFO.xsdbm_v3_0_0_rdfifo_inst/inst_fifo_gen/gconvfifo.rf/grf.rf/gntv_or_sync_fifo.gl0.wr/wpntr/gic0.gc0.count_d2_reg[0]
  -------------------------------------------------------------------
                         required time                          0.741    
                         arrival time                          -0.376    
  -------------------------------------------------------------------
                         slack                                  0.365    

Slack (MET) :             0.365ns  (arrival time - required time)
  Source:                 dbg_hub/inst/BSCANID.u_xsdbm_id/CORE_XSDB.UUT_MASTER/U_ICON_INTERFACE/U_CMD6_RD/U_RD_FIFO/SUBCORE_FIFO.xsdbm_v3_0_0_rdfifo_inst/inst_fifo_gen/gconvfifo.rf/grf.rf/rstblk/ngwrdrst.grst.g7serrst.wr_rst_reg_reg[1]/C
                            (rising edge-triggered cell FDPE clocked by clk_out2_clk_wiz_0  {rise@0.000ns fall@5.000ns period=10.000ns})
  Destination:            dbg_hub/inst/BSCANID.u_xsdbm_id/CORE_XSDB.UUT_MASTER/U_ICON_INTERFACE/U_CMD6_RD/U_RD_FIFO/SUBCORE_FIFO.xsdbm_v3_0_0_rdfifo_inst/inst_fifo_gen/gconvfifo.rf/grf.rf/gntv_or_sync_fifo.gl0.wr/wpntr/gic0.gc0.count_d2_reg[2]/CLR
                            (removal check against rising-edge clock clk_out2_clk_wiz_0  {rise@0.000ns fall@5.000ns period=10.000ns})
  Path Group:             **async_default**
  Path Type:              Removal (Min at Fast Process Corner)
  Requirement:            0.000ns  (clk_out2_clk_wiz_0 rise@0.000ns - clk_out2_clk_wiz_0 rise@0.000ns)
  Data Path Delay:        0.336ns  (logic 0.141ns (41.936%)  route 0.195ns (58.064%))
  Logic Levels:           0  
  Clock Path Skew:        0.038ns (DCD - SCD - CPR)
    Destination Clock Delay (DCD):    -0.954ns
    Source Clock Delay      (SCD):    -0.712ns
    Clock Pessimism Removal (CPR):    -0.280ns

    Location             Delay type                Incr(ns)  Path(ns)    Netlist Resource(s)
  -------------------------------------------------------------------    -------------------
                         (clock clk_out2_clk_wiz_0 rise edge)
                                                      0.000     0.000 r  
    R4                                                0.000     0.000 r  sys_clk (IN)
                         net (fo=0)                   0.000     0.000    u_mmcm/inst/clk_in1
    R4                   IBUF (Prop_ibuf_I_O)         0.256     0.256 r  u_mmcm/inst/clkin1_ibufg/O
                         net (fo=1, routed)           0.440     0.696    u_mmcm/inst/clk_in1_clk_wiz_0
    MMCME2_ADV_X1Y2      MMCME2_ADV (Prop_mmcme2_adv_CLKIN1_CLKOUT1)
                                                     -2.540    -1.844 r  u_mmcm/inst/mmcm_adv_inst/CLKOUT1
                         net (fo=1, routed)           0.531    -1.313    u_mmcm/inst/clk_out2_clk_wiz_0
    BUFGCTRL_X0Y0        BUFG (Prop_bufg_I_O)         0.026    -1.287 r  u_mmcm/inst/clkout2_buf/O
                         net (fo=2629, routed)        0.575    -0.712    dbg_hub/inst/BSCANID.u_xsdbm_id/CORE_XSDB.UUT_MASTER/U_ICON_INTERFACE/U_CMD6_RD/U_RD_FIFO/SUBCORE_FIFO.xsdbm_v3_0_0_rdfifo_inst/inst_fifo_gen/gconvfifo.rf/grf.rf/rstblk/wr_clk
    SLICE_X71Y155        FDPE                                         r  dbg_hub/inst/BSCANID.u_xsdbm_id/CORE_XSDB.UUT_MASTER/U_ICON_INTERFACE/U_CMD6_RD/U_RD_FIFO/SUBCORE_FIFO.xsdbm_v3_0_0_rdfifo_inst/inst_fifo_gen/gconvfifo.rf/grf.rf/rstblk/ngwrdrst.grst.g7serrst.wr_rst_reg_reg[1]/C
  -------------------------------------------------------------------    -------------------
    SLICE_X71Y155        FDPE (Prop_fdpe_C_Q)         0.141    -0.571 f  dbg_hub/inst/BSCANID.u_xsdbm_id/CORE_XSDB.UUT_MASTER/U_ICON_INTERFACE/U_CMD6_RD/U_RD_FIFO/SUBCORE_FIFO.xsdbm_v3_0_0_rdfifo_inst/inst_fifo_gen/gconvfifo.rf/grf.rf/rstblk/ngwrdrst.grst.g7serrst.wr_rst_reg_reg[1]/Q
                         net (fo=12, routed)          0.195    -0.376    dbg_hub/inst/BSCANID.u_xsdbm_id/CORE_XSDB.UUT_MASTER/U_ICON_INTERFACE/U_CMD6_RD/U_RD_FIFO/SUBCORE_FIFO.xsdbm_v3_0_0_rdfifo_inst/inst_fifo_gen/gconvfifo.rf/grf.rf/gntv_or_sync_fifo.gl0.wr/wpntr/gic0.gc0.count_reg[0]_0[0]
    SLICE_X68Y154        FDCE                                         f  dbg_hub/inst/BSCANID.u_xsdbm_id/CORE_XSDB.UUT_MASTER/U_ICON_INTERFACE/U_CMD6_RD/U_RD_FIFO/SUBCORE_FIFO.xsdbm_v3_0_0_rdfifo_inst/inst_fifo_gen/gconvfifo.rf/grf.rf/gntv_or_sync_fifo.gl0.wr/wpntr/gic0.gc0.count_d2_reg[2]/CLR
  -------------------------------------------------------------------    -------------------

                         (clock clk_out2_clk_wiz_0 rise edge)
                                                      0.000     0.000 r  
    R4                                                0.000     0.000 r  sys_clk (IN)
                         net (fo=0)                   0.000     0.000    u_mmcm/inst/clk_in1
    R4                   IBUF (Prop_ibuf_I_O)         0.444     0.444 r  u_mmcm/inst/clkin1_ibufg/O
                         net (fo=1, routed)           0.480     0.924    u_mmcm/inst/clk_in1_clk_wiz_0
    MMCME2_ADV_X1Y2      MMCME2_ADV (Prop_mmcme2_adv_CLKIN1_CLKOUT1)
                                                     -3.332    -2.409 r  u_mmcm/inst/mmcm_adv_inst/CLKOUT1
                         net (fo=1, routed)           0.579    -1.830    u_mmcm/inst/clk_out2_clk_wiz_0
    BUFGCTRL_X0Y0        BUFG (Prop_bufg_I_O)         0.029    -1.801 r  u_mmcm/inst/clkout2_buf/O
                         net (fo=2629, routed)        0.846    -0.954    dbg_hub/inst/BSCANID.u_xsdbm_id/CORE_XSDB.UUT_MASTER/U_ICON_INTERFACE/U_CMD6_RD/U_RD_FIFO/SUBCORE_FIFO.xsdbm_v3_0_0_rdfifo_inst/inst_fifo_gen/gconvfifo.rf/grf.rf/gntv_or_sync_fifo.gl0.wr/wpntr/wr_clk
    SLICE_X68Y154        FDCE                                         r  dbg_hub/inst/BSCANID.u_xsdbm_id/CORE_XSDB.UUT_MASTER/U_ICON_INTERFACE/U_CMD6_RD/U_RD_FIFO/SUBCORE_FIFO.xsdbm_v3_0_0_rdfifo_inst/inst_fifo_gen/gconvfifo.rf/grf.rf/gntv_or_sync_fifo.gl0.wr/wpntr/gic0.gc0.count_d2_reg[2]/C
                         clock pessimism              0.280    -0.674    
    SLICE_X68Y154        FDCE (Remov_fdce_C_CLR)     -0.067    -0.741    dbg_hub/inst/BSCANID.u_xsdbm_id/CORE_XSDB.UUT_MASTER/U_ICON_INTERFACE/U_CMD6_RD/U_RD_FIFO/SUBCORE_FIFO.xsdbm_v3_0_0_rdfifo_inst/inst_fifo_gen/gconvfifo.rf/grf.rf/gntv_or_sync_fifo.gl0.wr/wpntr/gic0.gc0.count_d2_reg[2]
  -------------------------------------------------------------------
                         required time                          0.741    
                         arrival time                          -0.376    
  -------------------------------------------------------------------
                         slack                                  0.365    

Slack (MET) :             0.365ns  (arrival time - required time)
  Source:                 dbg_hub/inst/BSCANID.u_xsdbm_id/CORE_XSDB.UUT_MASTER/U_ICON_INTERFACE/U_CMD6_RD/U_RD_FIFO/SUBCORE_FIFO.xsdbm_v3_0_0_rdfifo_inst/inst_fifo_gen/gconvfifo.rf/grf.rf/rstblk/ngwrdrst.grst.g7serrst.wr_rst_reg_reg[1]/C
                            (rising edge-triggered cell FDPE clocked by clk_out2_clk_wiz_0  {rise@0.000ns fall@5.000ns period=10.000ns})
  Destination:            dbg_hub/inst/BSCANID.u_xsdbm_id/CORE_XSDB.UUT_MASTER/U_ICON_INTERFACE/U_CMD6_RD/U_RD_FIFO/SUBCORE_FIFO.xsdbm_v3_0_0_rdfifo_inst/inst_fifo_gen/gconvfifo.rf/grf.rf/gntv_or_sync_fifo.gl0.wr/wpntr/gic0.gc0.count_d2_reg[3]/CLR
                            (removal check against rising-edge clock clk_out2_clk_wiz_0  {rise@0.000ns fall@5.000ns period=10.000ns})
  Path Group:             **async_default**
  Path Type:              Removal (Min at Fast Process Corner)
  Requirement:            0.000ns  (clk_out2_clk_wiz_0 rise@0.000ns - clk_out2_clk_wiz_0 rise@0.000ns)
  Data Path Delay:        0.336ns  (logic 0.141ns (41.936%)  route 0.195ns (58.064%))
  Logic Levels:           0  
  Clock Path Skew:        0.038ns (DCD - SCD - CPR)
    Destination Clock Delay (DCD):    -0.954ns
    Source Clock Delay      (SCD):    -0.712ns
    Clock Pessimism Removal (CPR):    -0.280ns

    Location             Delay type                Incr(ns)  Path(ns)    Netlist Resource(s)
  -------------------------------------------------------------------    -------------------
                         (clock clk_out2_clk_wiz_0 rise edge)
                                                      0.000     0.000 r  
    R4                                                0.000     0.000 r  sys_clk (IN)
                         net (fo=0)                   0.000     0.000    u_mmcm/inst/clk_in1
    R4                   IBUF (Prop_ibuf_I_O)         0.256     0.256 r  u_mmcm/inst/clkin1_ibufg/O
                         net (fo=1, routed)           0.440     0.696    u_mmcm/inst/clk_in1_clk_wiz_0
    MMCME2_ADV_X1Y2      MMCME2_ADV (Prop_mmcme2_adv_CLKIN1_CLKOUT1)
                                                     -2.540    -1.844 r  u_mmcm/inst/mmcm_adv_inst/CLKOUT1
                         net (fo=1, routed)           0.531    -1.313    u_mmcm/inst/clk_out2_clk_wiz_0
    BUFGCTRL_X0Y0        BUFG (Prop_bufg_I_O)         0.026    -1.287 r  u_mmcm/inst/clkout2_buf/O
                         net (fo=2629, routed)        0.575    -0.712    dbg_hub/inst/BSCANID.u_xsdbm_id/CORE_XSDB.UUT_MASTER/U_ICON_INTERFACE/U_CMD6_RD/U_RD_FIFO/SUBCORE_FIFO.xsdbm_v3_0_0_rdfifo_inst/inst_fifo_gen/gconvfifo.rf/grf.rf/rstblk/wr_clk
    SLICE_X71Y155        FDPE                                         r  dbg_hub/inst/BSCANID.u_xsdbm_id/CORE_XSDB.UUT_MASTER/U_ICON_INTERFACE/U_CMD6_RD/U_RD_FIFO/SUBCORE_FIFO.xsdbm_v3_0_0_rdfifo_inst/inst_fifo_gen/gconvfifo.rf/grf.rf/rstblk/ngwrdrst.grst.g7serrst.wr_rst_reg_reg[1]/C
  -------------------------------------------------------------------    -------------------
    SLICE_X71Y155        FDPE (Prop_fdpe_C_Q)         0.141    -0.571 f  dbg_hub/inst/BSCANID.u_xsdbm_id/CORE_XSDB.UUT_MASTER/U_ICON_INTERFACE/U_CMD6_RD/U_RD_FIFO/SUBCORE_FIFO.xsdbm_v3_0_0_rdfifo_inst/inst_fifo_gen/gconvfifo.rf/grf.rf/rstblk/ngwrdrst.grst.g7serrst.wr_rst_reg_reg[1]/Q
                         net (fo=12, routed)          0.195    -0.376    dbg_hub/inst/BSCANID.u_xsdbm_id/CORE_XSDB.UUT_MASTER/U_ICON_INTERFACE/U_CMD6_RD/U_RD_FIFO/SUBCORE_FIFO.xsdbm_v3_0_0_rdfifo_inst/inst_fifo_gen/gconvfifo.rf/grf.rf/gntv_or_sync_fifo.gl0.wr/wpntr/gic0.gc0.count_reg[0]_0[0]
    SLICE_X68Y154        FDCE                                         f  dbg_hub/inst/BSCANID.u_xsdbm_id/CORE_XSDB.UUT_MASTER/U_ICON_INTERFACE/U_CMD6_RD/U_RD_FIFO/SUBCORE_FIFO.xsdbm_v3_0_0_rdfifo_inst/inst_fifo_gen/gconvfifo.rf/grf.rf/gntv_or_sync_fifo.gl0.wr/wpntr/gic0.gc0.count_d2_reg[3]/CLR
  -------------------------------------------------------------------    -------------------

                         (clock clk_out2_clk_wiz_0 rise edge)
                                                      0.000     0.000 r  
    R4                                                0.000     0.000 r  sys_clk (IN)
                         net (fo=0)                   0.000     0.000    u_mmcm/inst/clk_in1
    R4                   IBUF (Prop_ibuf_I_O)         0.444     0.444 r  u_mmcm/inst/clkin1_ibufg/O
                         net (fo=1, routed)           0.480     0.924    u_mmcm/inst/clk_in1_clk_wiz_0
    MMCME2_ADV_X1Y2      MMCME2_ADV (Prop_mmcme2_adv_CLKIN1_CLKOUT1)
                                                     -3.332    -2.409 r  u_mmcm/inst/mmcm_adv_inst/CLKOUT1
                         net (fo=1, routed)           0.579    -1.830    u_mmcm/inst/clk_out2_clk_wiz_0
    BUFGCTRL_X0Y0        BUFG (Prop_bufg_I_O)         0.029    -1.801 r  u_mmcm/inst/clkout2_buf/O
                         net (fo=2629, routed)        0.846    -0.954    dbg_hub/inst/BSCANID.u_xsdbm_id/CORE_XSDB.UUT_MASTER/U_ICON_INTERFACE/U_CMD6_RD/U_RD_FIFO/SUBCORE_FIFO.xsdbm_v3_0_0_rdfifo_inst/inst_fifo_gen/gconvfifo.rf/grf.rf/gntv_or_sync_fifo.gl0.wr/wpntr/wr_clk
    SLICE_X68Y154        FDCE                                         r  dbg_hub/inst/BSCANID.u_xsdbm_id/CORE_XSDB.UUT_MASTER/U_ICON_INTERFACE/U_CMD6_RD/U_RD_FIFO/SUBCORE_FIFO.xsdbm_v3_0_0_rdfifo_inst/inst_fifo_gen/gconvfifo.rf/grf.rf/gntv_or_sync_fifo.gl0.wr/wpntr/gic0.gc0.count_d2_reg[3]/C
                         clock pessimism              0.280    -0.674    
    SLICE_X68Y154        FDCE (Remov_fdce_C_CLR)     -0.067    -0.741    dbg_hub/inst/BSCANID.u_xsdbm_id/CORE_XSDB.UUT_MASTER/U_ICON_INTERFACE/U_CMD6_RD/U_RD_FIFO/SUBCORE_FIFO.xsdbm_v3_0_0_rdfifo_inst/inst_fifo_gen/gconvfifo.rf/grf.rf/gntv_or_sync_fifo.gl0.wr/wpntr/gic0.gc0.count_d2_reg[3]
  -------------------------------------------------------------------
                         required time                          0.741    
                         arrival time                          -0.376    
  -------------------------------------------------------------------
                         slack                                  0.365    

Slack (MET) :             0.365ns  (arrival time - required time)
  Source:                 dbg_hub/inst/BSCANID.u_xsdbm_id/CORE_XSDB.UUT_MASTER/U_ICON_INTERFACE/U_CMD6_RD/U_RD_FIFO/SUBCORE_FIFO.xsdbm_v3_0_0_rdfifo_inst/inst_fifo_gen/gconvfifo.rf/grf.rf/rstblk/ngwrdrst.grst.g7serrst.wr_rst_reg_reg[1]/C
                            (rising edge-triggered cell FDPE clocked by clk_out2_clk_wiz_0  {rise@0.000ns fall@5.000ns period=10.000ns})
  Destination:            dbg_hub/inst/BSCANID.u_xsdbm_id/CORE_XSDB.UUT_MASTER/U_ICON_INTERFACE/U_CMD6_RD/U_RD_FIFO/SUBCORE_FIFO.xsdbm_v3_0_0_rdfifo_inst/inst_fifo_gen/gconvfifo.rf/grf.rf/gntv_or_sync_fifo.gl0.wr/wpntr/gic0.gc0.count_reg[2]/CLR
                            (removal check against rising-edge clock clk_out2_clk_wiz_0  {rise@0.000ns fall@5.000ns period=10.000ns})
  Path Group:             **async_default**
  Path Type:              Removal (Min at Fast Process Corner)
  Requirement:            0.000ns  (clk_out2_clk_wiz_0 rise@0.000ns - clk_out2_clk_wiz_0 rise@0.000ns)
  Data Path Delay:        0.336ns  (logic 0.141ns (41.936%)  route 0.195ns (58.064%))
  Logic Levels:           0  
  Clock Path Skew:        0.038ns (DCD - SCD - CPR)
    Destination Clock Delay (DCD):    -0.954ns
    Source Clock Delay      (SCD):    -0.712ns
    Clock Pessimism Removal (CPR):    -0.280ns

    Location             Delay type                Incr(ns)  Path(ns)    Netlist Resource(s)
  -------------------------------------------------------------------    -------------------
                         (clock clk_out2_clk_wiz_0 rise edge)
                                                      0.000     0.000 r  
    R4                                                0.000     0.000 r  sys_clk (IN)
                         net (fo=0)                   0.000     0.000    u_mmcm/inst/clk_in1
    R4                   IBUF (Prop_ibuf_I_O)         0.256     0.256 r  u_mmcm/inst/clkin1_ibufg/O
                         net (fo=1, routed)           0.440     0.696    u_mmcm/inst/clk_in1_clk_wiz_0
    MMCME2_ADV_X1Y2      MMCME2_ADV (Prop_mmcme2_adv_CLKIN1_CLKOUT1)
                                                     -2.540    -1.844 r  u_mmcm/inst/mmcm_adv_inst/CLKOUT1
                         net (fo=1, routed)           0.531    -1.313    u_mmcm/inst/clk_out2_clk_wiz_0
    BUFGCTRL_X0Y0        BUFG (Prop_bufg_I_O)         0.026    -1.287 r  u_mmcm/inst/clkout2_buf/O
                         net (fo=2629, routed)        0.575    -0.712    dbg_hub/inst/BSCANID.u_xsdbm_id/CORE_XSDB.UUT_MASTER/U_ICON_INTERFACE/U_CMD6_RD/U_RD_FIFO/SUBCORE_FIFO.xsdbm_v3_0_0_rdfifo_inst/inst_fifo_gen/gconvfifo.rf/grf.rf/rstblk/wr_clk
    SLICE_X71Y155        FDPE                                         r  dbg_hub/inst/BSCANID.u_xsdbm_id/CORE_XSDB.UUT_MASTER/U_ICON_INTERFACE/U_CMD6_RD/U_RD_FIFO/SUBCORE_FIFO.xsdbm_v3_0_0_rdfifo_inst/inst_fifo_gen/gconvfifo.rf/grf.rf/rstblk/ngwrdrst.grst.g7serrst.wr_rst_reg_reg[1]/C
  -------------------------------------------------------------------    -------------------
    SLICE_X71Y155        FDPE (Prop_fdpe_C_Q)         0.141    -0.571 f  dbg_hub/inst/BSCANID.u_xsdbm_id/CORE_XSDB.UUT_MASTER/U_ICON_INTERFACE/U_CMD6_RD/U_RD_FIFO/SUBCORE_FIFO.xsdbm_v3_0_0_rdfifo_inst/inst_fifo_gen/gconvfifo.rf/grf.rf/rstblk/ngwrdrst.grst.g7serrst.wr_rst_reg_reg[1]/Q
                         net (fo=12, routed)          0.195    -0.376    dbg_hub/inst/BSCANID.u_xsdbm_id/CORE_XSDB.UUT_MASTER/U_ICON_INTERFACE/U_CMD6_RD/U_RD_FIFO/SUBCORE_FIFO.xsdbm_v3_0_0_rdfifo_inst/inst_fifo_gen/gconvfifo.rf/grf.rf/gntv_or_sync_fifo.gl0.wr/wpntr/gic0.gc0.count_reg[0]_0[0]
    SLICE_X68Y154        FDCE                                         f  dbg_hub/inst/BSCANID.u_xsdbm_id/CORE_XSDB.UUT_MASTER/U_ICON_INTERFACE/U_CMD6_RD/U_RD_FIFO/SUBCORE_FIFO.xsdbm_v3_0_0_rdfifo_inst/inst_fifo_gen/gconvfifo.rf/grf.rf/gntv_or_sync_fifo.gl0.wr/wpntr/gic0.gc0.count_reg[2]/CLR
  -------------------------------------------------------------------    -------------------

                         (clock clk_out2_clk_wiz_0 rise edge)
                                                      0.000     0.000 r  
    R4                                                0.000     0.000 r  sys_clk (IN)
                         net (fo=0)                   0.000     0.000    u_mmcm/inst/clk_in1
    R4                   IBUF (Prop_ibuf_I_O)         0.444     0.444 r  u_mmcm/inst/clkin1_ibufg/O
                         net (fo=1, routed)           0.480     0.924    u_mmcm/inst/clk_in1_clk_wiz_0
    MMCME2_ADV_X1Y2      MMCME2_ADV (Prop_mmcme2_adv_CLKIN1_CLKOUT1)
                                                     -3.332    -2.409 r  u_mmcm/inst/mmcm_adv_inst/CLKOUT1
                         net (fo=1, routed)           0.579    -1.830    u_mmcm/inst/clk_out2_clk_wiz_0
    BUFGCTRL_X0Y0        BUFG (Prop_bufg_I_O)         0.029    -1.801 r  u_mmcm/inst/clkout2_buf/O
                         net (fo=2629, routed)        0.846    -0.954    dbg_hub/inst/BSCANID.u_xsdbm_id/CORE_XSDB.UUT_MASTER/U_ICON_INTERFACE/U_CMD6_RD/U_RD_FIFO/SUBCORE_FIFO.xsdbm_v3_0_0_rdfifo_inst/inst_fifo_gen/gconvfifo.rf/grf.rf/gntv_or_sync_fifo.gl0.wr/wpntr/wr_clk
    SLICE_X68Y154        FDCE                                         r  dbg_hub/inst/BSCANID.u_xsdbm_id/CORE_XSDB.UUT_MASTER/U_ICON_INTERFACE/U_CMD6_RD/U_RD_FIFO/SUBCORE_FIFO.xsdbm_v3_0_0_rdfifo_inst/inst_fifo_gen/gconvfifo.rf/grf.rf/gntv_or_sync_fifo.gl0.wr/wpntr/gic0.gc0.count_reg[2]/C
                         clock pessimism              0.280    -0.674    
    SLICE_X68Y154        FDCE (Remov_fdce_C_CLR)     -0.067    -0.741    dbg_hub/inst/BSCANID.u_xsdbm_id/CORE_XSDB.UUT_MASTER/U_ICON_INTERFACE/U_CMD6_RD/U_RD_FIFO/SUBCORE_FIFO.xsdbm_v3_0_0_rdfifo_inst/inst_fifo_gen/gconvfifo.rf/grf.rf/gntv_or_sync_fifo.gl0.wr/wpntr/gic0.gc0.count_reg[2]
  -------------------------------------------------------------------
                         required time                          0.741    
                         arrival time                          -0.376    
  -------------------------------------------------------------------
                         slack                                  0.365    





---------------------------------------------------------------------------------------------------
Path Group:  **async_default**
From Clock:  dbg_hub/inst/BSCANID.u_xsdbm_id/SWITCH_N_EXT_BSCAN.bscan_inst/SERIES7_BSCAN.bscan_inst/TCK
  To Clock:  dbg_hub/inst/BSCANID.u_xsdbm_id/SWITCH_N_EXT_BSCAN.bscan_inst/SERIES7_BSCAN.bscan_inst/TCK

Setup :            0  Failing Endpoints,  Worst Slack       29.015ns,  Total Violation        0.000ns
Hold  :            0  Failing Endpoints,  Worst Slack        0.355ns,  Total Violation        0.000ns
---------------------------------------------------------------------------------------------------


Max Delay Paths
--------------------------------------------------------------------------------------
Slack (MET) :             29.015ns  (required time - arrival time)
  Source:                 dbg_hub/inst/BSCANID.u_xsdbm_id/SWITCH_N_EXT_BSCAN.bscan_switch/portno_reg[3]/C
                            (rising edge-triggered cell FDRE clocked by dbg_hub/inst/BSCANID.u_xsdbm_id/SWITCH_N_EXT_BSCAN.bscan_inst/SERIES7_BSCAN.bscan_inst/TCK  {rise@0.000ns fall@16.500ns period=33.000ns})
  Destination:            dbg_hub/inst/BSCANID.u_xsdbm_id/CORE_XSDB.U_ICON/U_CMD/iTARGET_reg[11]/CLR
                            (recovery check against rising-edge clock dbg_hub/inst/BSCANID.u_xsdbm_id/SWITCH_N_EXT_BSCAN.bscan_inst/SERIES7_BSCAN.bscan_inst/TCK  {rise@0.000ns fall@16.500ns period=33.000ns})
  Path Group:             **async_default**
  Path Type:              Recovery (Max at Slow Process Corner)
  Requirement:            33.000ns  (dbg_hub/inst/BSCANID.u_xsdbm_id/SWITCH_N_EXT_BSCAN.bscan_inst/SERIES7_BSCAN.bscan_inst/TCK rise@33.000ns - dbg_hub/inst/BSCANID.u_xsdbm_id/SWITCH_N_EXT_BSCAN.bscan_inst/SERIES7_BSCAN.bscan_inst/TCK rise@0.000ns)
  Data Path Delay:        3.573ns  (logic 0.999ns (27.964%)  route 2.574ns (72.036%))
  Logic Levels:           3  (LUT1=1 LUT4=1 LUT6=1)
  Clock Path Skew:        -0.046ns (DCD - SCD + CPR)
    Destination Clock Delay (DCD):    3.600ns = ( 36.600 - 33.000 ) 
    Source Clock Delay      (SCD):    4.056ns
    Clock Pessimism Removal (CPR):    0.410ns
  Clock Uncertainty:      0.035ns  ((TSJ^2 + TIJ^2)^1/2 + DJ) / 2 + PE
    Total System Jitter     (TSJ):    0.071ns
    Total Input Jitter      (TIJ):    0.000ns
    Discrete Jitter          (DJ):    0.000ns
    Phase Error              (PE):    0.000ns

    Location             Delay type                Incr(ns)  Path(ns)    Netlist Resource(s)
  -------------------------------------------------------------------    -------------------
                         (clock dbg_hub/inst/BSCANID.u_xsdbm_id/SWITCH_N_EXT_BSCAN.bscan_inst/SERIES7_BSCAN.bscan_inst/TCK rise edge)
                                                      0.000     0.000 r  
    BSCAN_X0Y0           BSCANE2                      0.000     0.000 r  dbg_hub/inst/BSCANID.u_xsdbm_id/SWITCH_N_EXT_BSCAN.bscan_inst/SERIES7_BSCAN.bscan_inst/TCK
                         net (fo=1, routed)           2.565     2.565    dbg_hub/inst/BSCANID.u_xsdbm_id/tck_bs
    BUFGCTRL_X0Y3        BUFG (Prop_bufg_I_O)         0.081     2.646 r  dbg_hub/inst/BSCANID.u_xsdbm_id/SWITCH_N_EXT_BSCAN.u_bufg_icon_tck/O
                         net (fo=482, routed)         1.411     4.056    dbg_hub/inst/BSCANID.u_xsdbm_id/SWITCH_N_EXT_BSCAN.bscan_switch/s_bscan_tck
    SLICE_X52Y142        FDRE                                         r  dbg_hub/inst/BSCANID.u_xsdbm_id/SWITCH_N_EXT_BSCAN.bscan_switch/portno_reg[3]/C
  -------------------------------------------------------------------    -------------------
    SLICE_X52Y142        FDRE (Prop_fdre_C_Q)         0.398     4.454 f  dbg_hub/inst/BSCANID.u_xsdbm_id/SWITCH_N_EXT_BSCAN.bscan_switch/portno_reg[3]/Q
                         net (fo=1, routed)           0.906     5.361    dbg_hub/inst/BSCANID.u_xsdbm_id/SWITCH_N_EXT_BSCAN.bscan_switch/portno[3]
    SLICE_X52Y142        LUT6 (Prop_lut6_I0_O)        0.232     5.593 f  dbg_hub/inst/BSCANID.u_xsdbm_id/SWITCH_N_EXT_BSCAN.bscan_switch/m_bscan_drck[0]_INST_0_i_1/O
                         net (fo=5, routed)           0.342     5.934    dbg_hub/inst/BSCANID.u_xsdbm_id/SWITCH_N_EXT_BSCAN.bscan_switch/m_bscan_drck[0]_INST_0_i_1_n_0
    SLICE_X52Y143        LUT4 (Prop_lut4_I3_O)        0.105     6.039 r  dbg_hub/inst/BSCANID.u_xsdbm_id/SWITCH_N_EXT_BSCAN.bscan_switch/m_bscan_sel[0]_INST_0/O
                         net (fo=2, routed)           0.534     6.574    dbg_hub/inst/BSCANID.u_xsdbm_id/CORE_XSDB.U_ICON/U_CMD/iTARGET_reg[6]_0
    SLICE_X52Y144        LUT1 (Prop_lut1_I0_O)        0.264     6.838 f  dbg_hub/inst/BSCANID.u_xsdbm_id/CORE_XSDB.U_ICON/U_CMD/iTARGET[15]_i_2/O
                         net (fo=10, routed)          0.791     7.629    dbg_hub/inst/BSCANID.u_xsdbm_id/CORE_XSDB.U_ICON/U_CMD/iSEL_n
    SLICE_X58Y146        FDCE                                         f  dbg_hub/inst/BSCANID.u_xsdbm_id/CORE_XSDB.U_ICON/U_CMD/iTARGET_reg[11]/CLR
  -------------------------------------------------------------------    -------------------

                         (clock dbg_hub/inst/BSCANID.u_xsdbm_id/SWITCH_N_EXT_BSCAN.bscan_inst/SERIES7_BSCAN.bscan_inst/TCK rise edge)
                                                     33.000    33.000 r  
    BSCAN_X0Y0           BSCANE2                      0.000    33.000 r  dbg_hub/inst/BSCANID.u_xsdbm_id/SWITCH_N_EXT_BSCAN.bscan_inst/SERIES7_BSCAN.bscan_inst/TCK
                         net (fo=1, routed)           2.225    35.225    dbg_hub/inst/BSCANID.u_xsdbm_id/tck_bs
    BUFGCTRL_X0Y3        BUFG (Prop_bufg_I_O)         0.077    35.302 r  dbg_hub/inst/BSCANID.u_xsdbm_id/SWITCH_N_EXT_BSCAN.u_bufg_icon_tck/O
                         net (fo=482, routed)         1.299    36.600    dbg_hub/inst/BSCANID.u_xsdbm_id/CORE_XSDB.U_ICON/U_CMD/m_bscan_tck[0]
    SLICE_X58Y146        FDCE                                         r  dbg_hub/inst/BSCANID.u_xsdbm_id/CORE_XSDB.U_ICON/U_CMD/iTARGET_reg[11]/C
                         clock pessimism              0.410    37.010    
                         clock uncertainty           -0.035    36.975    
    SLICE_X58Y146        FDCE (Recov_fdce_C_CLR)     -0.331    36.644    dbg_hub/inst/BSCANID.u_xsdbm_id/CORE_XSDB.U_ICON/U_CMD/iTARGET_reg[11]
  -------------------------------------------------------------------
                         required time                         36.644    
                         arrival time                          -7.629    
  -------------------------------------------------------------------
                         slack                                 29.015    

Slack (MET) :             29.015ns  (required time - arrival time)
  Source:                 dbg_hub/inst/BSCANID.u_xsdbm_id/SWITCH_N_EXT_BSCAN.bscan_switch/portno_reg[3]/C
                            (rising edge-triggered cell FDRE clocked by dbg_hub/inst/BSCANID.u_xsdbm_id/SWITCH_N_EXT_BSCAN.bscan_inst/SERIES7_BSCAN.bscan_inst/TCK  {rise@0.000ns fall@16.500ns period=33.000ns})
  Destination:            dbg_hub/inst/BSCANID.u_xsdbm_id/CORE_XSDB.U_ICON/U_CMD/iTARGET_reg[12]/CLR
                            (recovery check against rising-edge clock dbg_hub/inst/BSCANID.u_xsdbm_id/SWITCH_N_EXT_BSCAN.bscan_inst/SERIES7_BSCAN.bscan_inst/TCK  {rise@0.000ns fall@16.500ns period=33.000ns})
  Path Group:             **async_default**
  Path Type:              Recovery (Max at Slow Process Corner)
  Requirement:            33.000ns  (dbg_hub/inst/BSCANID.u_xsdbm_id/SWITCH_N_EXT_BSCAN.bscan_inst/SERIES7_BSCAN.bscan_inst/TCK rise@33.000ns - dbg_hub/inst/BSCANID.u_xsdbm_id/SWITCH_N_EXT_BSCAN.bscan_inst/SERIES7_BSCAN.bscan_inst/TCK rise@0.000ns)
  Data Path Delay:        3.573ns  (logic 0.999ns (27.964%)  route 2.574ns (72.036%))
  Logic Levels:           3  (LUT1=1 LUT4=1 LUT6=1)
  Clock Path Skew:        -0.046ns (DCD - SCD + CPR)
    Destination Clock Delay (DCD):    3.600ns = ( 36.600 - 33.000 ) 
    Source Clock Delay      (SCD):    4.056ns
    Clock Pessimism Removal (CPR):    0.410ns
  Clock Uncertainty:      0.035ns  ((TSJ^2 + TIJ^2)^1/2 + DJ) / 2 + PE
    Total System Jitter     (TSJ):    0.071ns
    Total Input Jitter      (TIJ):    0.000ns
    Discrete Jitter          (DJ):    0.000ns
    Phase Error              (PE):    0.000ns

    Location             Delay type                Incr(ns)  Path(ns)    Netlist Resource(s)
  -------------------------------------------------------------------    -------------------
                         (clock dbg_hub/inst/BSCANID.u_xsdbm_id/SWITCH_N_EXT_BSCAN.bscan_inst/SERIES7_BSCAN.bscan_inst/TCK rise edge)
                                                      0.000     0.000 r  
    BSCAN_X0Y0           BSCANE2                      0.000     0.000 r  dbg_hub/inst/BSCANID.u_xsdbm_id/SWITCH_N_EXT_BSCAN.bscan_inst/SERIES7_BSCAN.bscan_inst/TCK
                         net (fo=1, routed)           2.565     2.565    dbg_hub/inst/BSCANID.u_xsdbm_id/tck_bs
    BUFGCTRL_X0Y3        BUFG (Prop_bufg_I_O)         0.081     2.646 r  dbg_hub/inst/BSCANID.u_xsdbm_id/SWITCH_N_EXT_BSCAN.u_bufg_icon_tck/O
                         net (fo=482, routed)         1.411     4.056    dbg_hub/inst/BSCANID.u_xsdbm_id/SWITCH_N_EXT_BSCAN.bscan_switch/s_bscan_tck
    SLICE_X52Y142        FDRE                                         r  dbg_hub/inst/BSCANID.u_xsdbm_id/SWITCH_N_EXT_BSCAN.bscan_switch/portno_reg[3]/C
  -------------------------------------------------------------------    -------------------
    SLICE_X52Y142        FDRE (Prop_fdre_C_Q)         0.398     4.454 f  dbg_hub/inst/BSCANID.u_xsdbm_id/SWITCH_N_EXT_BSCAN.bscan_switch/portno_reg[3]/Q
                         net (fo=1, routed)           0.906     5.361    dbg_hub/inst/BSCANID.u_xsdbm_id/SWITCH_N_EXT_BSCAN.bscan_switch/portno[3]
    SLICE_X52Y142        LUT6 (Prop_lut6_I0_O)        0.232     5.593 f  dbg_hub/inst/BSCANID.u_xsdbm_id/SWITCH_N_EXT_BSCAN.bscan_switch/m_bscan_drck[0]_INST_0_i_1/O
                         net (fo=5, routed)           0.342     5.934    dbg_hub/inst/BSCANID.u_xsdbm_id/SWITCH_N_EXT_BSCAN.bscan_switch/m_bscan_drck[0]_INST_0_i_1_n_0
    SLICE_X52Y143        LUT4 (Prop_lut4_I3_O)        0.105     6.039 r  dbg_hub/inst/BSCANID.u_xsdbm_id/SWITCH_N_EXT_BSCAN.bscan_switch/m_bscan_sel[0]_INST_0/O
                         net (fo=2, routed)           0.534     6.574    dbg_hub/inst/BSCANID.u_xsdbm_id/CORE_XSDB.U_ICON/U_CMD/iTARGET_reg[6]_0
    SLICE_X52Y144        LUT1 (Prop_lut1_I0_O)        0.264     6.838 f  dbg_hub/inst/BSCANID.u_xsdbm_id/CORE_XSDB.U_ICON/U_CMD/iTARGET[15]_i_2/O
                         net (fo=10, routed)          0.791     7.629    dbg_hub/inst/BSCANID.u_xsdbm_id/CORE_XSDB.U_ICON/U_CMD/iSEL_n
    SLICE_X58Y146        FDCE                                         f  dbg_hub/inst/BSCANID.u_xsdbm_id/CORE_XSDB.U_ICON/U_CMD/iTARGET_reg[12]/CLR
  -------------------------------------------------------------------    -------------------

                         (clock dbg_hub/inst/BSCANID.u_xsdbm_id/SWITCH_N_EXT_BSCAN.bscan_inst/SERIES7_BSCAN.bscan_inst/TCK rise edge)
                                                     33.000    33.000 r  
    BSCAN_X0Y0           BSCANE2                      0.000    33.000 r  dbg_hub/inst/BSCANID.u_xsdbm_id/SWITCH_N_EXT_BSCAN.bscan_inst/SERIES7_BSCAN.bscan_inst/TCK
                         net (fo=1, routed)           2.225    35.225    dbg_hub/inst/BSCANID.u_xsdbm_id/tck_bs
    BUFGCTRL_X0Y3        BUFG (Prop_bufg_I_O)         0.077    35.302 r  dbg_hub/inst/BSCANID.u_xsdbm_id/SWITCH_N_EXT_BSCAN.u_bufg_icon_tck/O
                         net (fo=482, routed)         1.299    36.600    dbg_hub/inst/BSCANID.u_xsdbm_id/CORE_XSDB.U_ICON/U_CMD/m_bscan_tck[0]
    SLICE_X58Y146        FDCE                                         r  dbg_hub/inst/BSCANID.u_xsdbm_id/CORE_XSDB.U_ICON/U_CMD/iTARGET_reg[12]/C
                         clock pessimism              0.410    37.010    
                         clock uncertainty           -0.035    36.975    
    SLICE_X58Y146        FDCE (Recov_fdce_C_CLR)     -0.331    36.644    dbg_hub/inst/BSCANID.u_xsdbm_id/CORE_XSDB.U_ICON/U_CMD/iTARGET_reg[12]
  -------------------------------------------------------------------
                         required time                         36.644    
                         arrival time                          -7.629    
  -------------------------------------------------------------------
                         slack                                 29.015    

Slack (MET) :             29.015ns  (required time - arrival time)
  Source:                 dbg_hub/inst/BSCANID.u_xsdbm_id/SWITCH_N_EXT_BSCAN.bscan_switch/portno_reg[3]/C
                            (rising edge-triggered cell FDRE clocked by dbg_hub/inst/BSCANID.u_xsdbm_id/SWITCH_N_EXT_BSCAN.bscan_inst/SERIES7_BSCAN.bscan_inst/TCK  {rise@0.000ns fall@16.500ns period=33.000ns})
  Destination:            dbg_hub/inst/BSCANID.u_xsdbm_id/CORE_XSDB.U_ICON/U_CMD/iTARGET_reg[13]/CLR
                            (recovery check against rising-edge clock dbg_hub/inst/BSCANID.u_xsdbm_id/SWITCH_N_EXT_BSCAN.bscan_inst/SERIES7_BSCAN.bscan_inst/TCK  {rise@0.000ns fall@16.500ns period=33.000ns})
  Path Group:             **async_default**
  Path Type:              Recovery (Max at Slow Process Corner)
  Requirement:            33.000ns  (dbg_hub/inst/BSCANID.u_xsdbm_id/SWITCH_N_EXT_BSCAN.bscan_inst/SERIES7_BSCAN.bscan_inst/TCK rise@33.000ns - dbg_hub/inst/BSCANID.u_xsdbm_id/SWITCH_N_EXT_BSCAN.bscan_inst/SERIES7_BSCAN.bscan_inst/TCK rise@0.000ns)
  Data Path Delay:        3.573ns  (logic 0.999ns (27.964%)  route 2.574ns (72.036%))
  Logic Levels:           3  (LUT1=1 LUT4=1 LUT6=1)
  Clock Path Skew:        -0.046ns (DCD - SCD + CPR)
    Destination Clock Delay (DCD):    3.600ns = ( 36.600 - 33.000 ) 
    Source Clock Delay      (SCD):    4.056ns
    Clock Pessimism Removal (CPR):    0.410ns
  Clock Uncertainty:      0.035ns  ((TSJ^2 + TIJ^2)^1/2 + DJ) / 2 + PE
    Total System Jitter     (TSJ):    0.071ns
    Total Input Jitter      (TIJ):    0.000ns
    Discrete Jitter          (DJ):    0.000ns
    Phase Error              (PE):    0.000ns

    Location             Delay type                Incr(ns)  Path(ns)    Netlist Resource(s)
  -------------------------------------------------------------------    -------------------
                         (clock dbg_hub/inst/BSCANID.u_xsdbm_id/SWITCH_N_EXT_BSCAN.bscan_inst/SERIES7_BSCAN.bscan_inst/TCK rise edge)
                                                      0.000     0.000 r  
    BSCAN_X0Y0           BSCANE2                      0.000     0.000 r  dbg_hub/inst/BSCANID.u_xsdbm_id/SWITCH_N_EXT_BSCAN.bscan_inst/SERIES7_BSCAN.bscan_inst/TCK
                         net (fo=1, routed)           2.565     2.565    dbg_hub/inst/BSCANID.u_xsdbm_id/tck_bs
    BUFGCTRL_X0Y3        BUFG (Prop_bufg_I_O)         0.081     2.646 r  dbg_hub/inst/BSCANID.u_xsdbm_id/SWITCH_N_EXT_BSCAN.u_bufg_icon_tck/O
                         net (fo=482, routed)         1.411     4.056    dbg_hub/inst/BSCANID.u_xsdbm_id/SWITCH_N_EXT_BSCAN.bscan_switch/s_bscan_tck
    SLICE_X52Y142        FDRE                                         r  dbg_hub/inst/BSCANID.u_xsdbm_id/SWITCH_N_EXT_BSCAN.bscan_switch/portno_reg[3]/C
  -------------------------------------------------------------------    -------------------
    SLICE_X52Y142        FDRE (Prop_fdre_C_Q)         0.398     4.454 f  dbg_hub/inst/BSCANID.u_xsdbm_id/SWITCH_N_EXT_BSCAN.bscan_switch/portno_reg[3]/Q
                         net (fo=1, routed)           0.906     5.361    dbg_hub/inst/BSCANID.u_xsdbm_id/SWITCH_N_EXT_BSCAN.bscan_switch/portno[3]
    SLICE_X52Y142        LUT6 (Prop_lut6_I0_O)        0.232     5.593 f  dbg_hub/inst/BSCANID.u_xsdbm_id/SWITCH_N_EXT_BSCAN.bscan_switch/m_bscan_drck[0]_INST_0_i_1/O
                         net (fo=5, routed)           0.342     5.934    dbg_hub/inst/BSCANID.u_xsdbm_id/SWITCH_N_EXT_BSCAN.bscan_switch/m_bscan_drck[0]_INST_0_i_1_n_0
    SLICE_X52Y143        LUT4 (Prop_lut4_I3_O)        0.105     6.039 r  dbg_hub/inst/BSCANID.u_xsdbm_id/SWITCH_N_EXT_BSCAN.bscan_switch/m_bscan_sel[0]_INST_0/O
                         net (fo=2, routed)           0.534     6.574    dbg_hub/inst/BSCANID.u_xsdbm_id/CORE_XSDB.U_ICON/U_CMD/iTARGET_reg[6]_0
    SLICE_X52Y144        LUT1 (Prop_lut1_I0_O)        0.264     6.838 f  dbg_hub/inst/BSCANID.u_xsdbm_id/CORE_XSDB.U_ICON/U_CMD/iTARGET[15]_i_2/O
                         net (fo=10, routed)          0.791     7.629    dbg_hub/inst/BSCANID.u_xsdbm_id/CORE_XSDB.U_ICON/U_CMD/iSEL_n
    SLICE_X58Y146        FDCE                                         f  dbg_hub/inst/BSCANID.u_xsdbm_id/CORE_XSDB.U_ICON/U_CMD/iTARGET_reg[13]/CLR
  -------------------------------------------------------------------    -------------------

                         (clock dbg_hub/inst/BSCANID.u_xsdbm_id/SWITCH_N_EXT_BSCAN.bscan_inst/SERIES7_BSCAN.bscan_inst/TCK rise edge)
                                                     33.000    33.000 r  
    BSCAN_X0Y0           BSCANE2                      0.000    33.000 r  dbg_hub/inst/BSCANID.u_xsdbm_id/SWITCH_N_EXT_BSCAN.bscan_inst/SERIES7_BSCAN.bscan_inst/TCK
                         net (fo=1, routed)           2.225    35.225    dbg_hub/inst/BSCANID.u_xsdbm_id/tck_bs
    BUFGCTRL_X0Y3        BUFG (Prop_bufg_I_O)         0.077    35.302 r  dbg_hub/inst/BSCANID.u_xsdbm_id/SWITCH_N_EXT_BSCAN.u_bufg_icon_tck/O
                         net (fo=482, routed)         1.299    36.600    dbg_hub/inst/BSCANID.u_xsdbm_id/CORE_XSDB.U_ICON/U_CMD/m_bscan_tck[0]
    SLICE_X58Y146        FDCE                                         r  dbg_hub/inst/BSCANID.u_xsdbm_id/CORE_XSDB.U_ICON/U_CMD/iTARGET_reg[13]/C
                         clock pessimism              0.410    37.010    
                         clock uncertainty           -0.035    36.975    
    SLICE_X58Y146        FDCE (Recov_fdce_C_CLR)     -0.331    36.644    dbg_hub/inst/BSCANID.u_xsdbm_id/CORE_XSDB.U_ICON/U_CMD/iTARGET_reg[13]
  -------------------------------------------------------------------
                         required time                         36.644    
                         arrival time                          -7.629    
  -------------------------------------------------------------------
                         slack                                 29.015    

Slack (MET) :             29.015ns  (required time - arrival time)
  Source:                 dbg_hub/inst/BSCANID.u_xsdbm_id/SWITCH_N_EXT_BSCAN.bscan_switch/portno_reg[3]/C
                            (rising edge-triggered cell FDRE clocked by dbg_hub/inst/BSCANID.u_xsdbm_id/SWITCH_N_EXT_BSCAN.bscan_inst/SERIES7_BSCAN.bscan_inst/TCK  {rise@0.000ns fall@16.500ns period=33.000ns})
  Destination:            dbg_hub/inst/BSCANID.u_xsdbm_id/CORE_XSDB.U_ICON/U_CMD/iTARGET_reg[14]/CLR
                            (recovery check against rising-edge clock dbg_hub/inst/BSCANID.u_xsdbm_id/SWITCH_N_EXT_BSCAN.bscan_inst/SERIES7_BSCAN.bscan_inst/TCK  {rise@0.000ns fall@16.500ns period=33.000ns})
  Path Group:             **async_default**
  Path Type:              Recovery (Max at Slow Process Corner)
  Requirement:            33.000ns  (dbg_hub/inst/BSCANID.u_xsdbm_id/SWITCH_N_EXT_BSCAN.bscan_inst/SERIES7_BSCAN.bscan_inst/TCK rise@33.000ns - dbg_hub/inst/BSCANID.u_xsdbm_id/SWITCH_N_EXT_BSCAN.bscan_inst/SERIES7_BSCAN.bscan_inst/TCK rise@0.000ns)
  Data Path Delay:        3.573ns  (logic 0.999ns (27.964%)  route 2.574ns (72.036%))
  Logic Levels:           3  (LUT1=1 LUT4=1 LUT6=1)
  Clock Path Skew:        -0.046ns (DCD - SCD + CPR)
    Destination Clock Delay (DCD):    3.600ns = ( 36.600 - 33.000 ) 
    Source Clock Delay      (SCD):    4.056ns
    Clock Pessimism Removal (CPR):    0.410ns
  Clock Uncertainty:      0.035ns  ((TSJ^2 + TIJ^2)^1/2 + DJ) / 2 + PE
    Total System Jitter     (TSJ):    0.071ns
    Total Input Jitter      (TIJ):    0.000ns
    Discrete Jitter          (DJ):    0.000ns
    Phase Error              (PE):    0.000ns

    Location             Delay type                Incr(ns)  Path(ns)    Netlist Resource(s)
  -------------------------------------------------------------------    -------------------
                         (clock dbg_hub/inst/BSCANID.u_xsdbm_id/SWITCH_N_EXT_BSCAN.bscan_inst/SERIES7_BSCAN.bscan_inst/TCK rise edge)
                                                      0.000     0.000 r  
    BSCAN_X0Y0           BSCANE2                      0.000     0.000 r  dbg_hub/inst/BSCANID.u_xsdbm_id/SWITCH_N_EXT_BSCAN.bscan_inst/SERIES7_BSCAN.bscan_inst/TCK
                         net (fo=1, routed)           2.565     2.565    dbg_hub/inst/BSCANID.u_xsdbm_id/tck_bs
    BUFGCTRL_X0Y3        BUFG (Prop_bufg_I_O)         0.081     2.646 r  dbg_hub/inst/BSCANID.u_xsdbm_id/SWITCH_N_EXT_BSCAN.u_bufg_icon_tck/O
                         net (fo=482, routed)         1.411     4.056    dbg_hub/inst/BSCANID.u_xsdbm_id/SWITCH_N_EXT_BSCAN.bscan_switch/s_bscan_tck
    SLICE_X52Y142        FDRE                                         r  dbg_hub/inst/BSCANID.u_xsdbm_id/SWITCH_N_EXT_BSCAN.bscan_switch/portno_reg[3]/C
  -------------------------------------------------------------------    -------------------
    SLICE_X52Y142        FDRE (Prop_fdre_C_Q)         0.398     4.454 f  dbg_hub/inst/BSCANID.u_xsdbm_id/SWITCH_N_EXT_BSCAN.bscan_switch/portno_reg[3]/Q
                         net (fo=1, routed)           0.906     5.361    dbg_hub/inst/BSCANID.u_xsdbm_id/SWITCH_N_EXT_BSCAN.bscan_switch/portno[3]
    SLICE_X52Y142        LUT6 (Prop_lut6_I0_O)        0.232     5.593 f  dbg_hub/inst/BSCANID.u_xsdbm_id/SWITCH_N_EXT_BSCAN.bscan_switch/m_bscan_drck[0]_INST_0_i_1/O
                         net (fo=5, routed)           0.342     5.934    dbg_hub/inst/BSCANID.u_xsdbm_id/SWITCH_N_EXT_BSCAN.bscan_switch/m_bscan_drck[0]_INST_0_i_1_n_0
    SLICE_X52Y143        LUT4 (Prop_lut4_I3_O)        0.105     6.039 r  dbg_hub/inst/BSCANID.u_xsdbm_id/SWITCH_N_EXT_BSCAN.bscan_switch/m_bscan_sel[0]_INST_0/O
                         net (fo=2, routed)           0.534     6.574    dbg_hub/inst/BSCANID.u_xsdbm_id/CORE_XSDB.U_ICON/U_CMD/iTARGET_reg[6]_0
    SLICE_X52Y144        LUT1 (Prop_lut1_I0_O)        0.264     6.838 f  dbg_hub/inst/BSCANID.u_xsdbm_id/CORE_XSDB.U_ICON/U_CMD/iTARGET[15]_i_2/O
                         net (fo=10, routed)          0.791     7.629    dbg_hub/inst/BSCANID.u_xsdbm_id/CORE_XSDB.U_ICON/U_CMD/iSEL_n
    SLICE_X58Y146        FDCE                                         f  dbg_hub/inst/BSCANID.u_xsdbm_id/CORE_XSDB.U_ICON/U_CMD/iTARGET_reg[14]/CLR
  -------------------------------------------------------------------    -------------------

                         (clock dbg_hub/inst/BSCANID.u_xsdbm_id/SWITCH_N_EXT_BSCAN.bscan_inst/SERIES7_BSCAN.bscan_inst/TCK rise edge)
                                                     33.000    33.000 r  
    BSCAN_X0Y0           BSCANE2                      0.000    33.000 r  dbg_hub/inst/BSCANID.u_xsdbm_id/SWITCH_N_EXT_BSCAN.bscan_inst/SERIES7_BSCAN.bscan_inst/TCK
                         net (fo=1, routed)           2.225    35.225    dbg_hub/inst/BSCANID.u_xsdbm_id/tck_bs
    BUFGCTRL_X0Y3        BUFG (Prop_bufg_I_O)         0.077    35.302 r  dbg_hub/inst/BSCANID.u_xsdbm_id/SWITCH_N_EXT_BSCAN.u_bufg_icon_tck/O
                         net (fo=482, routed)         1.299    36.600    dbg_hub/inst/BSCANID.u_xsdbm_id/CORE_XSDB.U_ICON/U_CMD/m_bscan_tck[0]
    SLICE_X58Y146        FDCE                                         r  dbg_hub/inst/BSCANID.u_xsdbm_id/CORE_XSDB.U_ICON/U_CMD/iTARGET_reg[14]/C
                         clock pessimism              0.410    37.010    
                         clock uncertainty           -0.035    36.975    
    SLICE_X58Y146        FDCE (Recov_fdce_C_CLR)     -0.331    36.644    dbg_hub/inst/BSCANID.u_xsdbm_id/CORE_XSDB.U_ICON/U_CMD/iTARGET_reg[14]
  -------------------------------------------------------------------
                         required time                         36.644    
                         arrival time                          -7.629    
  -------------------------------------------------------------------
                         slack                                 29.015    

Slack (MET) :             29.015ns  (required time - arrival time)
  Source:                 dbg_hub/inst/BSCANID.u_xsdbm_id/SWITCH_N_EXT_BSCAN.bscan_switch/portno_reg[3]/C
                            (rising edge-triggered cell FDRE clocked by dbg_hub/inst/BSCANID.u_xsdbm_id/SWITCH_N_EXT_BSCAN.bscan_inst/SERIES7_BSCAN.bscan_inst/TCK  {rise@0.000ns fall@16.500ns period=33.000ns})
  Destination:            dbg_hub/inst/BSCANID.u_xsdbm_id/CORE_XSDB.U_ICON/U_CMD/iTARGET_reg[6]/CLR
                            (recovery check against rising-edge clock dbg_hub/inst/BSCANID.u_xsdbm_id/SWITCH_N_EXT_BSCAN.bscan_inst/SERIES7_BSCAN.bscan_inst/TCK  {rise@0.000ns fall@16.500ns period=33.000ns})
  Path Group:             **async_default**
  Path Type:              Recovery (Max at Slow Process Corner)
  Requirement:            33.000ns  (dbg_hub/inst/BSCANID.u_xsdbm_id/SWITCH_N_EXT_BSCAN.bscan_inst/SERIES7_BSCAN.bscan_inst/TCK rise@33.000ns - dbg_hub/inst/BSCANID.u_xsdbm_id/SWITCH_N_EXT_BSCAN.bscan_inst/SERIES7_BSCAN.bscan_inst/TCK rise@0.000ns)
  Data Path Delay:        3.573ns  (logic 0.999ns (27.964%)  route 2.574ns (72.036%))
  Logic Levels:           3  (LUT1=1 LUT4=1 LUT6=1)
  Clock Path Skew:        -0.046ns (DCD - SCD + CPR)
    Destination Clock Delay (DCD):    3.600ns = ( 36.600 - 33.000 ) 
    Source Clock Delay      (SCD):    4.056ns
    Clock Pessimism Removal (CPR):    0.410ns
  Clock Uncertainty:      0.035ns  ((TSJ^2 + TIJ^2)^1/2 + DJ) / 2 + PE
    Total System Jitter     (TSJ):    0.071ns
    Total Input Jitter      (TIJ):    0.000ns
    Discrete Jitter          (DJ):    0.000ns
    Phase Error              (PE):    0.000ns

    Location             Delay type                Incr(ns)  Path(ns)    Netlist Resource(s)
  -------------------------------------------------------------------    -------------------
                         (clock dbg_hub/inst/BSCANID.u_xsdbm_id/SWITCH_N_EXT_BSCAN.bscan_inst/SERIES7_BSCAN.bscan_inst/TCK rise edge)
                                                      0.000     0.000 r  
    BSCAN_X0Y0           BSCANE2                      0.000     0.000 r  dbg_hub/inst/BSCANID.u_xsdbm_id/SWITCH_N_EXT_BSCAN.bscan_inst/SERIES7_BSCAN.bscan_inst/TCK
                         net (fo=1, routed)           2.565     2.565    dbg_hub/inst/BSCANID.u_xsdbm_id/tck_bs
    BUFGCTRL_X0Y3        BUFG (Prop_bufg_I_O)         0.081     2.646 r  dbg_hub/inst/BSCANID.u_xsdbm_id/SWITCH_N_EXT_BSCAN.u_bufg_icon_tck/O
                         net (fo=482, routed)         1.411     4.056    dbg_hub/inst/BSCANID.u_xsdbm_id/SWITCH_N_EXT_BSCAN.bscan_switch/s_bscan_tck
    SLICE_X52Y142        FDRE                                         r  dbg_hub/inst/BSCANID.u_xsdbm_id/SWITCH_N_EXT_BSCAN.bscan_switch/portno_reg[3]/C
  -------------------------------------------------------------------    -------------------
    SLICE_X52Y142        FDRE (Prop_fdre_C_Q)         0.398     4.454 f  dbg_hub/inst/BSCANID.u_xsdbm_id/SWITCH_N_EXT_BSCAN.bscan_switch/portno_reg[3]/Q
                         net (fo=1, routed)           0.906     5.361    dbg_hub/inst/BSCANID.u_xsdbm_id/SWITCH_N_EXT_BSCAN.bscan_switch/portno[3]
    SLICE_X52Y142        LUT6 (Prop_lut6_I0_O)        0.232     5.593 f  dbg_hub/inst/BSCANID.u_xsdbm_id/SWITCH_N_EXT_BSCAN.bscan_switch/m_bscan_drck[0]_INST_0_i_1/O
                         net (fo=5, routed)           0.342     5.934    dbg_hub/inst/BSCANID.u_xsdbm_id/SWITCH_N_EXT_BSCAN.bscan_switch/m_bscan_drck[0]_INST_0_i_1_n_0
    SLICE_X52Y143        LUT4 (Prop_lut4_I3_O)        0.105     6.039 r  dbg_hub/inst/BSCANID.u_xsdbm_id/SWITCH_N_EXT_BSCAN.bscan_switch/m_bscan_sel[0]_INST_0/O
                         net (fo=2, routed)           0.534     6.574    dbg_hub/inst/BSCANID.u_xsdbm_id/CORE_XSDB.U_ICON/U_CMD/iTARGET_reg[6]_0
    SLICE_X52Y144        LUT1 (Prop_lut1_I0_O)        0.264     6.838 f  dbg_hub/inst/BSCANID.u_xsdbm_id/CORE_XSDB.U_ICON/U_CMD/iTARGET[15]_i_2/O
                         net (fo=10, routed)          0.791     7.629    dbg_hub/inst/BSCANID.u_xsdbm_id/CORE_XSDB.U_ICON/U_CMD/iSEL_n
    SLICE_X58Y146        FDCE                                         f  dbg_hub/inst/BSCANID.u_xsdbm_id/CORE_XSDB.U_ICON/U_CMD/iTARGET_reg[6]/CLR
  -------------------------------------------------------------------    -------------------

                         (clock dbg_hub/inst/BSCANID.u_xsdbm_id/SWITCH_N_EXT_BSCAN.bscan_inst/SERIES7_BSCAN.bscan_inst/TCK rise edge)
                                                     33.000    33.000 r  
    BSCAN_X0Y0           BSCANE2                      0.000    33.000 r  dbg_hub/inst/BSCANID.u_xsdbm_id/SWITCH_N_EXT_BSCAN.bscan_inst/SERIES7_BSCAN.bscan_inst/TCK
                         net (fo=1, routed)           2.225    35.225    dbg_hub/inst/BSCANID.u_xsdbm_id/tck_bs
    BUFGCTRL_X0Y3        BUFG (Prop_bufg_I_O)         0.077    35.302 r  dbg_hub/inst/BSCANID.u_xsdbm_id/SWITCH_N_EXT_BSCAN.u_bufg_icon_tck/O
                         net (fo=482, routed)         1.299    36.600    dbg_hub/inst/BSCANID.u_xsdbm_id/CORE_XSDB.U_ICON/U_CMD/m_bscan_tck[0]
    SLICE_X58Y146        FDCE                                         r  dbg_hub/inst/BSCANID.u_xsdbm_id/CORE_XSDB.U_ICON/U_CMD/iTARGET_reg[6]/C
                         clock pessimism              0.410    37.010    
                         clock uncertainty           -0.035    36.975    
    SLICE_X58Y146        FDCE (Recov_fdce_C_CLR)     -0.331    36.644    dbg_hub/inst/BSCANID.u_xsdbm_id/CORE_XSDB.U_ICON/U_CMD/iTARGET_reg[6]
  -------------------------------------------------------------------
                         required time                         36.644    
                         arrival time                          -7.629    
  -------------------------------------------------------------------
                         slack                                 29.015    

Slack (MET) :             29.015ns  (required time - arrival time)
  Source:                 dbg_hub/inst/BSCANID.u_xsdbm_id/SWITCH_N_EXT_BSCAN.bscan_switch/portno_reg[3]/C
                            (rising edge-triggered cell FDRE clocked by dbg_hub/inst/BSCANID.u_xsdbm_id/SWITCH_N_EXT_BSCAN.bscan_inst/SERIES7_BSCAN.bscan_inst/TCK  {rise@0.000ns fall@16.500ns period=33.000ns})
  Destination:            dbg_hub/inst/BSCANID.u_xsdbm_id/CORE_XSDB.U_ICON/U_CMD/iTARGET_reg[7]/CLR
                            (recovery check against rising-edge clock dbg_hub/inst/BSCANID.u_xsdbm_id/SWITCH_N_EXT_BSCAN.bscan_inst/SERIES7_BSCAN.bscan_inst/TCK  {rise@0.000ns fall@16.500ns period=33.000ns})
  Path Group:             **async_default**
  Path Type:              Recovery (Max at Slow Process Corner)
  Requirement:            33.000ns  (dbg_hub/inst/BSCANID.u_xsdbm_id/SWITCH_N_EXT_BSCAN.bscan_inst/SERIES7_BSCAN.bscan_inst/TCK rise@33.000ns - dbg_hub/inst/BSCANID.u_xsdbm_id/SWITCH_N_EXT_BSCAN.bscan_inst/SERIES7_BSCAN.bscan_inst/TCK rise@0.000ns)
  Data Path Delay:        3.573ns  (logic 0.999ns (27.964%)  route 2.574ns (72.036%))
  Logic Levels:           3  (LUT1=1 LUT4=1 LUT6=1)
  Clock Path Skew:        -0.046ns (DCD - SCD + CPR)
    Destination Clock Delay (DCD):    3.600ns = ( 36.600 - 33.000 ) 
    Source Clock Delay      (SCD):    4.056ns
    Clock Pessimism Removal (CPR):    0.410ns
  Clock Uncertainty:      0.035ns  ((TSJ^2 + TIJ^2)^1/2 + DJ) / 2 + PE
    Total System Jitter     (TSJ):    0.071ns
    Total Input Jitter      (TIJ):    0.000ns
    Discrete Jitter          (DJ):    0.000ns
    Phase Error              (PE):    0.000ns

    Location             Delay type                Incr(ns)  Path(ns)    Netlist Resource(s)
  -------------------------------------------------------------------    -------------------
                         (clock dbg_hub/inst/BSCANID.u_xsdbm_id/SWITCH_N_EXT_BSCAN.bscan_inst/SERIES7_BSCAN.bscan_inst/TCK rise edge)
                                                      0.000     0.000 r  
    BSCAN_X0Y0           BSCANE2                      0.000     0.000 r  dbg_hub/inst/BSCANID.u_xsdbm_id/SWITCH_N_EXT_BSCAN.bscan_inst/SERIES7_BSCAN.bscan_inst/TCK
                         net (fo=1, routed)           2.565     2.565    dbg_hub/inst/BSCANID.u_xsdbm_id/tck_bs
    BUFGCTRL_X0Y3        BUFG (Prop_bufg_I_O)         0.081     2.646 r  dbg_hub/inst/BSCANID.u_xsdbm_id/SWITCH_N_EXT_BSCAN.u_bufg_icon_tck/O
                         net (fo=482, routed)         1.411     4.056    dbg_hub/inst/BSCANID.u_xsdbm_id/SWITCH_N_EXT_BSCAN.bscan_switch/s_bscan_tck
    SLICE_X52Y142        FDRE                                         r  dbg_hub/inst/BSCANID.u_xsdbm_id/SWITCH_N_EXT_BSCAN.bscan_switch/portno_reg[3]/C
  -------------------------------------------------------------------    -------------------
    SLICE_X52Y142        FDRE (Prop_fdre_C_Q)         0.398     4.454 f  dbg_hub/inst/BSCANID.u_xsdbm_id/SWITCH_N_EXT_BSCAN.bscan_switch/portno_reg[3]/Q
                         net (fo=1, routed)           0.906     5.361    dbg_hub/inst/BSCANID.u_xsdbm_id/SWITCH_N_EXT_BSCAN.bscan_switch/portno[3]
    SLICE_X52Y142        LUT6 (Prop_lut6_I0_O)        0.232     5.593 f  dbg_hub/inst/BSCANID.u_xsdbm_id/SWITCH_N_EXT_BSCAN.bscan_switch/m_bscan_drck[0]_INST_0_i_1/O
                         net (fo=5, routed)           0.342     5.934    dbg_hub/inst/BSCANID.u_xsdbm_id/SWITCH_N_EXT_BSCAN.bscan_switch/m_bscan_drck[0]_INST_0_i_1_n_0
    SLICE_X52Y143        LUT4 (Prop_lut4_I3_O)        0.105     6.039 r  dbg_hub/inst/BSCANID.u_xsdbm_id/SWITCH_N_EXT_BSCAN.bscan_switch/m_bscan_sel[0]_INST_0/O
                         net (fo=2, routed)           0.534     6.574    dbg_hub/inst/BSCANID.u_xsdbm_id/CORE_XSDB.U_ICON/U_CMD/iTARGET_reg[6]_0
    SLICE_X52Y144        LUT1 (Prop_lut1_I0_O)        0.264     6.838 f  dbg_hub/inst/BSCANID.u_xsdbm_id/CORE_XSDB.U_ICON/U_CMD/iTARGET[15]_i_2/O
                         net (fo=10, routed)          0.791     7.629    dbg_hub/inst/BSCANID.u_xsdbm_id/CORE_XSDB.U_ICON/U_CMD/iSEL_n
    SLICE_X58Y146        FDCE                                         f  dbg_hub/inst/BSCANID.u_xsdbm_id/CORE_XSDB.U_ICON/U_CMD/iTARGET_reg[7]/CLR
  -------------------------------------------------------------------    -------------------

                         (clock dbg_hub/inst/BSCANID.u_xsdbm_id/SWITCH_N_EXT_BSCAN.bscan_inst/SERIES7_BSCAN.bscan_inst/TCK rise edge)
                                                     33.000    33.000 r  
    BSCAN_X0Y0           BSCANE2                      0.000    33.000 r  dbg_hub/inst/BSCANID.u_xsdbm_id/SWITCH_N_EXT_BSCAN.bscan_inst/SERIES7_BSCAN.bscan_inst/TCK
                         net (fo=1, routed)           2.225    35.225    dbg_hub/inst/BSCANID.u_xsdbm_id/tck_bs
    BUFGCTRL_X0Y3        BUFG (Prop_bufg_I_O)         0.077    35.302 r  dbg_hub/inst/BSCANID.u_xsdbm_id/SWITCH_N_EXT_BSCAN.u_bufg_icon_tck/O
                         net (fo=482, routed)         1.299    36.600    dbg_hub/inst/BSCANID.u_xsdbm_id/CORE_XSDB.U_ICON/U_CMD/m_bscan_tck[0]
    SLICE_X58Y146        FDCE                                         r  dbg_hub/inst/BSCANID.u_xsdbm_id/CORE_XSDB.U_ICON/U_CMD/iTARGET_reg[7]/C
                         clock pessimism              0.410    37.010    
                         clock uncertainty           -0.035    36.975    
    SLICE_X58Y146        FDCE (Recov_fdce_C_CLR)     -0.331    36.644    dbg_hub/inst/BSCANID.u_xsdbm_id/CORE_XSDB.U_ICON/U_CMD/iTARGET_reg[7]
  -------------------------------------------------------------------
                         required time                         36.644    
                         arrival time                          -7.629    
  -------------------------------------------------------------------
                         slack                                 29.015    

Slack (MET) :             29.015ns  (required time - arrival time)
  Source:                 dbg_hub/inst/BSCANID.u_xsdbm_id/SWITCH_N_EXT_BSCAN.bscan_switch/portno_reg[3]/C
                            (rising edge-triggered cell FDRE clocked by dbg_hub/inst/BSCANID.u_xsdbm_id/SWITCH_N_EXT_BSCAN.bscan_inst/SERIES7_BSCAN.bscan_inst/TCK  {rise@0.000ns fall@16.500ns period=33.000ns})
  Destination:            dbg_hub/inst/BSCANID.u_xsdbm_id/CORE_XSDB.U_ICON/U_CMD/iTARGET_reg[8]/CLR
                            (recovery check against rising-edge clock dbg_hub/inst/BSCANID.u_xsdbm_id/SWITCH_N_EXT_BSCAN.bscan_inst/SERIES7_BSCAN.bscan_inst/TCK  {rise@0.000ns fall@16.500ns period=33.000ns})
  Path Group:             **async_default**
  Path Type:              Recovery (Max at Slow Process Corner)
  Requirement:            33.000ns  (dbg_hub/inst/BSCANID.u_xsdbm_id/SWITCH_N_EXT_BSCAN.bscan_inst/SERIES7_BSCAN.bscan_inst/TCK rise@33.000ns - dbg_hub/inst/BSCANID.u_xsdbm_id/SWITCH_N_EXT_BSCAN.bscan_inst/SERIES7_BSCAN.bscan_inst/TCK rise@0.000ns)
  Data Path Delay:        3.573ns  (logic 0.999ns (27.964%)  route 2.574ns (72.036%))
  Logic Levels:           3  (LUT1=1 LUT4=1 LUT6=1)
  Clock Path Skew:        -0.046ns (DCD - SCD + CPR)
    Destination Clock Delay (DCD):    3.600ns = ( 36.600 - 33.000 ) 
    Source Clock Delay      (SCD):    4.056ns
    Clock Pessimism Removal (CPR):    0.410ns
  Clock Uncertainty:      0.035ns  ((TSJ^2 + TIJ^2)^1/2 + DJ) / 2 + PE
    Total System Jitter     (TSJ):    0.071ns
    Total Input Jitter      (TIJ):    0.000ns
    Discrete Jitter          (DJ):    0.000ns
    Phase Error              (PE):    0.000ns

    Location             Delay type                Incr(ns)  Path(ns)    Netlist Resource(s)
  -------------------------------------------------------------------    -------------------
                         (clock dbg_hub/inst/BSCANID.u_xsdbm_id/SWITCH_N_EXT_BSCAN.bscan_inst/SERIES7_BSCAN.bscan_inst/TCK rise edge)
                                                      0.000     0.000 r  
    BSCAN_X0Y0           BSCANE2                      0.000     0.000 r  dbg_hub/inst/BSCANID.u_xsdbm_id/SWITCH_N_EXT_BSCAN.bscan_inst/SERIES7_BSCAN.bscan_inst/TCK
                         net (fo=1, routed)           2.565     2.565    dbg_hub/inst/BSCANID.u_xsdbm_id/tck_bs
    BUFGCTRL_X0Y3        BUFG (Prop_bufg_I_O)         0.081     2.646 r  dbg_hub/inst/BSCANID.u_xsdbm_id/SWITCH_N_EXT_BSCAN.u_bufg_icon_tck/O
                         net (fo=482, routed)         1.411     4.056    dbg_hub/inst/BSCANID.u_xsdbm_id/SWITCH_N_EXT_BSCAN.bscan_switch/s_bscan_tck
    SLICE_X52Y142        FDRE                                         r  dbg_hub/inst/BSCANID.u_xsdbm_id/SWITCH_N_EXT_BSCAN.bscan_switch/portno_reg[3]/C
  -------------------------------------------------------------------    -------------------
    SLICE_X52Y142        FDRE (Prop_fdre_C_Q)         0.398     4.454 f  dbg_hub/inst/BSCANID.u_xsdbm_id/SWITCH_N_EXT_BSCAN.bscan_switch/portno_reg[3]/Q
                         net (fo=1, routed)           0.906     5.361    dbg_hub/inst/BSCANID.u_xsdbm_id/SWITCH_N_EXT_BSCAN.bscan_switch/portno[3]
    SLICE_X52Y142        LUT6 (Prop_lut6_I0_O)        0.232     5.593 f  dbg_hub/inst/BSCANID.u_xsdbm_id/SWITCH_N_EXT_BSCAN.bscan_switch/m_bscan_drck[0]_INST_0_i_1/O
                         net (fo=5, routed)           0.342     5.934    dbg_hub/inst/BSCANID.u_xsdbm_id/SWITCH_N_EXT_BSCAN.bscan_switch/m_bscan_drck[0]_INST_0_i_1_n_0
    SLICE_X52Y143        LUT4 (Prop_lut4_I3_O)        0.105     6.039 r  dbg_hub/inst/BSCANID.u_xsdbm_id/SWITCH_N_EXT_BSCAN.bscan_switch/m_bscan_sel[0]_INST_0/O
                         net (fo=2, routed)           0.534     6.574    dbg_hub/inst/BSCANID.u_xsdbm_id/CORE_XSDB.U_ICON/U_CMD/iTARGET_reg[6]_0
    SLICE_X52Y144        LUT1 (Prop_lut1_I0_O)        0.264     6.838 f  dbg_hub/inst/BSCANID.u_xsdbm_id/CORE_XSDB.U_ICON/U_CMD/iTARGET[15]_i_2/O
                         net (fo=10, routed)          0.791     7.629    dbg_hub/inst/BSCANID.u_xsdbm_id/CORE_XSDB.U_ICON/U_CMD/iSEL_n
    SLICE_X58Y146        FDCE                                         f  dbg_hub/inst/BSCANID.u_xsdbm_id/CORE_XSDB.U_ICON/U_CMD/iTARGET_reg[8]/CLR
  -------------------------------------------------------------------    -------------------

                         (clock dbg_hub/inst/BSCANID.u_xsdbm_id/SWITCH_N_EXT_BSCAN.bscan_inst/SERIES7_BSCAN.bscan_inst/TCK rise edge)
                                                     33.000    33.000 r  
    BSCAN_X0Y0           BSCANE2                      0.000    33.000 r  dbg_hub/inst/BSCANID.u_xsdbm_id/SWITCH_N_EXT_BSCAN.bscan_inst/SERIES7_BSCAN.bscan_inst/TCK
                         net (fo=1, routed)           2.225    35.225    dbg_hub/inst/BSCANID.u_xsdbm_id/tck_bs
    BUFGCTRL_X0Y3        BUFG (Prop_bufg_I_O)         0.077    35.302 r  dbg_hub/inst/BSCANID.u_xsdbm_id/SWITCH_N_EXT_BSCAN.u_bufg_icon_tck/O
                         net (fo=482, routed)         1.299    36.600    dbg_hub/inst/BSCANID.u_xsdbm_id/CORE_XSDB.U_ICON/U_CMD/m_bscan_tck[0]
    SLICE_X58Y146        FDCE                                         r  dbg_hub/inst/BSCANID.u_xsdbm_id/CORE_XSDB.U_ICON/U_CMD/iTARGET_reg[8]/C
                         clock pessimism              0.410    37.010    
                         clock uncertainty           -0.035    36.975    
    SLICE_X58Y146        FDCE (Recov_fdce_C_CLR)     -0.331    36.644    dbg_hub/inst/BSCANID.u_xsdbm_id/CORE_XSDB.U_ICON/U_CMD/iTARGET_reg[8]
  -------------------------------------------------------------------
                         required time                         36.644    
                         arrival time                          -7.629    
  -------------------------------------------------------------------
                         slack                                 29.015    

Slack (MET) :             29.340ns  (required time - arrival time)
  Source:                 dbg_hub/inst/BSCANID.u_xsdbm_id/SWITCH_N_EXT_BSCAN.bscan_switch/portno_reg[3]/C
                            (rising edge-triggered cell FDRE clocked by dbg_hub/inst/BSCANID.u_xsdbm_id/SWITCH_N_EXT_BSCAN.bscan_inst/SERIES7_BSCAN.bscan_inst/TCK  {rise@0.000ns fall@16.500ns period=33.000ns})
  Destination:            dbg_hub/inst/BSCANID.u_xsdbm_id/CORE_XSDB.U_ICON/U_CMD/iTARGET_reg[10]/CLR
                            (recovery check against rising-edge clock dbg_hub/inst/BSCANID.u_xsdbm_id/SWITCH_N_EXT_BSCAN.bscan_inst/SERIES7_BSCAN.bscan_inst/TCK  {rise@0.000ns fall@16.500ns period=33.000ns})
  Path Group:             **async_default**
  Path Type:              Recovery (Max at Slow Process Corner)
  Requirement:            33.000ns  (dbg_hub/inst/BSCANID.u_xsdbm_id/SWITCH_N_EXT_BSCAN.bscan_inst/SERIES7_BSCAN.bscan_inst/TCK rise@33.000ns - dbg_hub/inst/BSCANID.u_xsdbm_id/SWITCH_N_EXT_BSCAN.bscan_inst/SERIES7_BSCAN.bscan_inst/TCK rise@0.000ns)
  Data Path Delay:        3.323ns  (logic 0.999ns (30.064%)  route 2.324ns (69.936%))
  Logic Levels:           3  (LUT1=1 LUT4=1 LUT6=1)
  Clock Path Skew:        -0.044ns (DCD - SCD + CPR)
    Destination Clock Delay (DCD):    3.602ns = ( 36.602 - 33.000 ) 
    Source Clock Delay      (SCD):    4.056ns
    Clock Pessimism Removal (CPR):    0.410ns
  Clock Uncertainty:      0.035ns  ((TSJ^2 + TIJ^2)^1/2 + DJ) / 2 + PE
    Total System Jitter     (TSJ):    0.071ns
    Total Input Jitter      (TIJ):    0.000ns
    Discrete Jitter          (DJ):    0.000ns
    Phase Error              (PE):    0.000ns

    Location             Delay type                Incr(ns)  Path(ns)    Netlist Resource(s)
  -------------------------------------------------------------------    -------------------
                         (clock dbg_hub/inst/BSCANID.u_xsdbm_id/SWITCH_N_EXT_BSCAN.bscan_inst/SERIES7_BSCAN.bscan_inst/TCK rise edge)
                                                      0.000     0.000 r  
    BSCAN_X0Y0           BSCANE2                      0.000     0.000 r  dbg_hub/inst/BSCANID.u_xsdbm_id/SWITCH_N_EXT_BSCAN.bscan_inst/SERIES7_BSCAN.bscan_inst/TCK
                         net (fo=1, routed)           2.565     2.565    dbg_hub/inst/BSCANID.u_xsdbm_id/tck_bs
    BUFGCTRL_X0Y3        BUFG (Prop_bufg_I_O)         0.081     2.646 r  dbg_hub/inst/BSCANID.u_xsdbm_id/SWITCH_N_EXT_BSCAN.u_bufg_icon_tck/O
                         net (fo=482, routed)         1.411     4.056    dbg_hub/inst/BSCANID.u_xsdbm_id/SWITCH_N_EXT_BSCAN.bscan_switch/s_bscan_tck
    SLICE_X52Y142        FDRE                                         r  dbg_hub/inst/BSCANID.u_xsdbm_id/SWITCH_N_EXT_BSCAN.bscan_switch/portno_reg[3]/C
  -------------------------------------------------------------------    -------------------
    SLICE_X52Y142        FDRE (Prop_fdre_C_Q)         0.398     4.454 f  dbg_hub/inst/BSCANID.u_xsdbm_id/SWITCH_N_EXT_BSCAN.bscan_switch/portno_reg[3]/Q
                         net (fo=1, routed)           0.906     5.361    dbg_hub/inst/BSCANID.u_xsdbm_id/SWITCH_N_EXT_BSCAN.bscan_switch/portno[3]
    SLICE_X52Y142        LUT6 (Prop_lut6_I0_O)        0.232     5.593 f  dbg_hub/inst/BSCANID.u_xsdbm_id/SWITCH_N_EXT_BSCAN.bscan_switch/m_bscan_drck[0]_INST_0_i_1/O
                         net (fo=5, routed)           0.342     5.934    dbg_hub/inst/BSCANID.u_xsdbm_id/SWITCH_N_EXT_BSCAN.bscan_switch/m_bscan_drck[0]_INST_0_i_1_n_0
    SLICE_X52Y143        LUT4 (Prop_lut4_I3_O)        0.105     6.039 r  dbg_hub/inst/BSCANID.u_xsdbm_id/SWITCH_N_EXT_BSCAN.bscan_switch/m_bscan_sel[0]_INST_0/O
                         net (fo=2, routed)           0.534     6.574    dbg_hub/inst/BSCANID.u_xsdbm_id/CORE_XSDB.U_ICON/U_CMD/iTARGET_reg[6]_0
    SLICE_X52Y144        LUT1 (Prop_lut1_I0_O)        0.264     6.838 f  dbg_hub/inst/BSCANID.u_xsdbm_id/CORE_XSDB.U_ICON/U_CMD/iTARGET[15]_i_2/O
                         net (fo=10, routed)          0.541     7.379    dbg_hub/inst/BSCANID.u_xsdbm_id/CORE_XSDB.U_ICON/U_CMD/iSEL_n
    SLICE_X56Y146        FDCE                                         f  dbg_hub/inst/BSCANID.u_xsdbm_id/CORE_XSDB.U_ICON/U_CMD/iTARGET_reg[10]/CLR
  -------------------------------------------------------------------    -------------------

                         (clock dbg_hub/inst/BSCANID.u_xsdbm_id/SWITCH_N_EXT_BSCAN.bscan_inst/SERIES7_BSCAN.bscan_inst/TCK rise edge)
                                                     33.000    33.000 r  
    BSCAN_X0Y0           BSCANE2                      0.000    33.000 r  dbg_hub/inst/BSCANID.u_xsdbm_id/SWITCH_N_EXT_BSCAN.bscan_inst/SERIES7_BSCAN.bscan_inst/TCK
                         net (fo=1, routed)           2.225    35.225    dbg_hub/inst/BSCANID.u_xsdbm_id/tck_bs
    BUFGCTRL_X0Y3        BUFG (Prop_bufg_I_O)         0.077    35.302 r  dbg_hub/inst/BSCANID.u_xsdbm_id/SWITCH_N_EXT_BSCAN.u_bufg_icon_tck/O
                         net (fo=482, routed)         1.301    36.602    dbg_hub/inst/BSCANID.u_xsdbm_id/CORE_XSDB.U_ICON/U_CMD/m_bscan_tck[0]
    SLICE_X56Y146        FDCE                                         r  dbg_hub/inst/BSCANID.u_xsdbm_id/CORE_XSDB.U_ICON/U_CMD/iTARGET_reg[10]/C
                         clock pessimism              0.410    37.012    
                         clock uncertainty           -0.035    36.977    
    SLICE_X56Y146        FDCE (Recov_fdce_C_CLR)     -0.258    36.719    dbg_hub/inst/BSCANID.u_xsdbm_id/CORE_XSDB.U_ICON/U_CMD/iTARGET_reg[10]
  -------------------------------------------------------------------
                         required time                         36.719    
                         arrival time                          -7.379    
  -------------------------------------------------------------------
                         slack                                 29.340    

Slack (MET) :             29.340ns  (required time - arrival time)
  Source:                 dbg_hub/inst/BSCANID.u_xsdbm_id/SWITCH_N_EXT_BSCAN.bscan_switch/portno_reg[3]/C
                            (rising edge-triggered cell FDRE clocked by dbg_hub/inst/BSCANID.u_xsdbm_id/SWITCH_N_EXT_BSCAN.bscan_inst/SERIES7_BSCAN.bscan_inst/TCK  {rise@0.000ns fall@16.500ns period=33.000ns})
  Destination:            dbg_hub/inst/BSCANID.u_xsdbm_id/CORE_XSDB.U_ICON/U_CMD/iTARGET_reg[15]/CLR
                            (recovery check against rising-edge clock dbg_hub/inst/BSCANID.u_xsdbm_id/SWITCH_N_EXT_BSCAN.bscan_inst/SERIES7_BSCAN.bscan_inst/TCK  {rise@0.000ns fall@16.500ns period=33.000ns})
  Path Group:             **async_default**
  Path Type:              Recovery (Max at Slow Process Corner)
  Requirement:            33.000ns  (dbg_hub/inst/BSCANID.u_xsdbm_id/SWITCH_N_EXT_BSCAN.bscan_inst/SERIES7_BSCAN.bscan_inst/TCK rise@33.000ns - dbg_hub/inst/BSCANID.u_xsdbm_id/SWITCH_N_EXT_BSCAN.bscan_inst/SERIES7_BSCAN.bscan_inst/TCK rise@0.000ns)
  Data Path Delay:        3.323ns  (logic 0.999ns (30.064%)  route 2.324ns (69.936%))
  Logic Levels:           3  (LUT1=1 LUT4=1 LUT6=1)
  Clock Path Skew:        -0.044ns (DCD - SCD + CPR)
    Destination Clock Delay (DCD):    3.602ns = ( 36.602 - 33.000 ) 
    Source Clock Delay      (SCD):    4.056ns
    Clock Pessimism Removal (CPR):    0.410ns
  Clock Uncertainty:      0.035ns  ((TSJ^2 + TIJ^2)^1/2 + DJ) / 2 + PE
    Total System Jitter     (TSJ):    0.071ns
    Total Input Jitter      (TIJ):    0.000ns
    Discrete Jitter          (DJ):    0.000ns
    Phase Error              (PE):    0.000ns

    Location             Delay type                Incr(ns)  Path(ns)    Netlist Resource(s)
  -------------------------------------------------------------------    -------------------
                         (clock dbg_hub/inst/BSCANID.u_xsdbm_id/SWITCH_N_EXT_BSCAN.bscan_inst/SERIES7_BSCAN.bscan_inst/TCK rise edge)
                                                      0.000     0.000 r  
    BSCAN_X0Y0           BSCANE2                      0.000     0.000 r  dbg_hub/inst/BSCANID.u_xsdbm_id/SWITCH_N_EXT_BSCAN.bscan_inst/SERIES7_BSCAN.bscan_inst/TCK
                         net (fo=1, routed)           2.565     2.565    dbg_hub/inst/BSCANID.u_xsdbm_id/tck_bs
    BUFGCTRL_X0Y3        BUFG (Prop_bufg_I_O)         0.081     2.646 r  dbg_hub/inst/BSCANID.u_xsdbm_id/SWITCH_N_EXT_BSCAN.u_bufg_icon_tck/O
                         net (fo=482, routed)         1.411     4.056    dbg_hub/inst/BSCANID.u_xsdbm_id/SWITCH_N_EXT_BSCAN.bscan_switch/s_bscan_tck
    SLICE_X52Y142        FDRE                                         r  dbg_hub/inst/BSCANID.u_xsdbm_id/SWITCH_N_EXT_BSCAN.bscan_switch/portno_reg[3]/C
  -------------------------------------------------------------------    -------------------
    SLICE_X52Y142        FDRE (Prop_fdre_C_Q)         0.398     4.454 f  dbg_hub/inst/BSCANID.u_xsdbm_id/SWITCH_N_EXT_BSCAN.bscan_switch/portno_reg[3]/Q
                         net (fo=1, routed)           0.906     5.361    dbg_hub/inst/BSCANID.u_xsdbm_id/SWITCH_N_EXT_BSCAN.bscan_switch/portno[3]
    SLICE_X52Y142        LUT6 (Prop_lut6_I0_O)        0.232     5.593 f  dbg_hub/inst/BSCANID.u_xsdbm_id/SWITCH_N_EXT_BSCAN.bscan_switch/m_bscan_drck[0]_INST_0_i_1/O
                         net (fo=5, routed)           0.342     5.934    dbg_hub/inst/BSCANID.u_xsdbm_id/SWITCH_N_EXT_BSCAN.bscan_switch/m_bscan_drck[0]_INST_0_i_1_n_0
    SLICE_X52Y143        LUT4 (Prop_lut4_I3_O)        0.105     6.039 r  dbg_hub/inst/BSCANID.u_xsdbm_id/SWITCH_N_EXT_BSCAN.bscan_switch/m_bscan_sel[0]_INST_0/O
                         net (fo=2, routed)           0.534     6.574    dbg_hub/inst/BSCANID.u_xsdbm_id/CORE_XSDB.U_ICON/U_CMD/iTARGET_reg[6]_0
    SLICE_X52Y144        LUT1 (Prop_lut1_I0_O)        0.264     6.838 f  dbg_hub/inst/BSCANID.u_xsdbm_id/CORE_XSDB.U_ICON/U_CMD/iTARGET[15]_i_2/O
                         net (fo=10, routed)          0.541     7.379    dbg_hub/inst/BSCANID.u_xsdbm_id/CORE_XSDB.U_ICON/U_CMD/iSEL_n
    SLICE_X56Y146        FDCE                                         f  dbg_hub/inst/BSCANID.u_xsdbm_id/CORE_XSDB.U_ICON/U_CMD/iTARGET_reg[15]/CLR
  -------------------------------------------------------------------    -------------------

                         (clock dbg_hub/inst/BSCANID.u_xsdbm_id/SWITCH_N_EXT_BSCAN.bscan_inst/SERIES7_BSCAN.bscan_inst/TCK rise edge)
                                                     33.000    33.000 r  
    BSCAN_X0Y0           BSCANE2                      0.000    33.000 r  dbg_hub/inst/BSCANID.u_xsdbm_id/SWITCH_N_EXT_BSCAN.bscan_inst/SERIES7_BSCAN.bscan_inst/TCK
                         net (fo=1, routed)           2.225    35.225    dbg_hub/inst/BSCANID.u_xsdbm_id/tck_bs
    BUFGCTRL_X0Y3        BUFG (Prop_bufg_I_O)         0.077    35.302 r  dbg_hub/inst/BSCANID.u_xsdbm_id/SWITCH_N_EXT_BSCAN.u_bufg_icon_tck/O
                         net (fo=482, routed)         1.301    36.602    dbg_hub/inst/BSCANID.u_xsdbm_id/CORE_XSDB.U_ICON/U_CMD/m_bscan_tck[0]
    SLICE_X56Y146        FDCE                                         r  dbg_hub/inst/BSCANID.u_xsdbm_id/CORE_XSDB.U_ICON/U_CMD/iTARGET_reg[15]/C
                         clock pessimism              0.410    37.012    
                         clock uncertainty           -0.035    36.977    
    SLICE_X56Y146        FDCE (Recov_fdce_C_CLR)     -0.258    36.719    dbg_hub/inst/BSCANID.u_xsdbm_id/CORE_XSDB.U_ICON/U_CMD/iTARGET_reg[15]
  -------------------------------------------------------------------
                         required time                         36.719    
                         arrival time                          -7.379    
  -------------------------------------------------------------------
                         slack                                 29.340    

Slack (MET) :             29.340ns  (required time - arrival time)
  Source:                 dbg_hub/inst/BSCANID.u_xsdbm_id/SWITCH_N_EXT_BSCAN.bscan_switch/portno_reg[3]/C
                            (rising edge-triggered cell FDRE clocked by dbg_hub/inst/BSCANID.u_xsdbm_id/SWITCH_N_EXT_BSCAN.bscan_inst/SERIES7_BSCAN.bscan_inst/TCK  {rise@0.000ns fall@16.500ns period=33.000ns})
  Destination:            dbg_hub/inst/BSCANID.u_xsdbm_id/CORE_XSDB.U_ICON/U_CMD/iTARGET_reg[9]/CLR
                            (recovery check against rising-edge clock dbg_hub/inst/BSCANID.u_xsdbm_id/SWITCH_N_EXT_BSCAN.bscan_inst/SERIES7_BSCAN.bscan_inst/TCK  {rise@0.000ns fall@16.500ns period=33.000ns})
  Path Group:             **async_default**
  Path Type:              Recovery (Max at Slow Process Corner)
  Requirement:            33.000ns  (dbg_hub/inst/BSCANID.u_xsdbm_id/SWITCH_N_EXT_BSCAN.bscan_inst/SERIES7_BSCAN.bscan_inst/TCK rise@33.000ns - dbg_hub/inst/BSCANID.u_xsdbm_id/SWITCH_N_EXT_BSCAN.bscan_inst/SERIES7_BSCAN.bscan_inst/TCK rise@0.000ns)
  Data Path Delay:        3.323ns  (logic 0.999ns (30.064%)  route 2.324ns (69.936%))
  Logic Levels:           3  (LUT1=1 LUT4=1 LUT6=1)
  Clock Path Skew:        -0.044ns (DCD - SCD + CPR)
    Destination Clock Delay (DCD):    3.602ns = ( 36.602 - 33.000 ) 
    Source Clock Delay      (SCD):    4.056ns
    Clock Pessimism Removal (CPR):    0.410ns
  Clock Uncertainty:      0.035ns  ((TSJ^2 + TIJ^2)^1/2 + DJ) / 2 + PE
    Total System Jitter     (TSJ):    0.071ns
    Total Input Jitter      (TIJ):    0.000ns
    Discrete Jitter          (DJ):    0.000ns
    Phase Error              (PE):    0.000ns

    Location             Delay type                Incr(ns)  Path(ns)    Netlist Resource(s)
  -------------------------------------------------------------------    -------------------
                         (clock dbg_hub/inst/BSCANID.u_xsdbm_id/SWITCH_N_EXT_BSCAN.bscan_inst/SERIES7_BSCAN.bscan_inst/TCK rise edge)
                                                      0.000     0.000 r  
    BSCAN_X0Y0           BSCANE2                      0.000     0.000 r  dbg_hub/inst/BSCANID.u_xsdbm_id/SWITCH_N_EXT_BSCAN.bscan_inst/SERIES7_BSCAN.bscan_inst/TCK
                         net (fo=1, routed)           2.565     2.565    dbg_hub/inst/BSCANID.u_xsdbm_id/tck_bs
    BUFGCTRL_X0Y3        BUFG (Prop_bufg_I_O)         0.081     2.646 r  dbg_hub/inst/BSCANID.u_xsdbm_id/SWITCH_N_EXT_BSCAN.u_bufg_icon_tck/O
                         net (fo=482, routed)         1.411     4.056    dbg_hub/inst/BSCANID.u_xsdbm_id/SWITCH_N_EXT_BSCAN.bscan_switch/s_bscan_tck
    SLICE_X52Y142        FDRE                                         r  dbg_hub/inst/BSCANID.u_xsdbm_id/SWITCH_N_EXT_BSCAN.bscan_switch/portno_reg[3]/C
  -------------------------------------------------------------------    -------------------
    SLICE_X52Y142        FDRE (Prop_fdre_C_Q)         0.398     4.454 f  dbg_hub/inst/BSCANID.u_xsdbm_id/SWITCH_N_EXT_BSCAN.bscan_switch/portno_reg[3]/Q
                         net (fo=1, routed)           0.906     5.361    dbg_hub/inst/BSCANID.u_xsdbm_id/SWITCH_N_EXT_BSCAN.bscan_switch/portno[3]
    SLICE_X52Y142        LUT6 (Prop_lut6_I0_O)        0.232     5.593 f  dbg_hub/inst/BSCANID.u_xsdbm_id/SWITCH_N_EXT_BSCAN.bscan_switch/m_bscan_drck[0]_INST_0_i_1/O
                         net (fo=5, routed)           0.342     5.934    dbg_hub/inst/BSCANID.u_xsdbm_id/SWITCH_N_EXT_BSCAN.bscan_switch/m_bscan_drck[0]_INST_0_i_1_n_0
    SLICE_X52Y143        LUT4 (Prop_lut4_I3_O)        0.105     6.039 r  dbg_hub/inst/BSCANID.u_xsdbm_id/SWITCH_N_EXT_BSCAN.bscan_switch/m_bscan_sel[0]_INST_0/O
                         net (fo=2, routed)           0.534     6.574    dbg_hub/inst/BSCANID.u_xsdbm_id/CORE_XSDB.U_ICON/U_CMD/iTARGET_reg[6]_0
    SLICE_X52Y144        LUT1 (Prop_lut1_I0_O)        0.264     6.838 f  dbg_hub/inst/BSCANID.u_xsdbm_id/CORE_XSDB.U_ICON/U_CMD/iTARGET[15]_i_2/O
                         net (fo=10, routed)          0.541     7.379    dbg_hub/inst/BSCANID.u_xsdbm_id/CORE_XSDB.U_ICON/U_CMD/iSEL_n
    SLICE_X56Y146        FDCE                                         f  dbg_hub/inst/BSCANID.u_xsdbm_id/CORE_XSDB.U_ICON/U_CMD/iTARGET_reg[9]/CLR
  -------------------------------------------------------------------    -------------------

                         (clock dbg_hub/inst/BSCANID.u_xsdbm_id/SWITCH_N_EXT_BSCAN.bscan_inst/SERIES7_BSCAN.bscan_inst/TCK rise edge)
                                                     33.000    33.000 r  
    BSCAN_X0Y0           BSCANE2                      0.000    33.000 r  dbg_hub/inst/BSCANID.u_xsdbm_id/SWITCH_N_EXT_BSCAN.bscan_inst/SERIES7_BSCAN.bscan_inst/TCK
                         net (fo=1, routed)           2.225    35.225    dbg_hub/inst/BSCANID.u_xsdbm_id/tck_bs
    BUFGCTRL_X0Y3        BUFG (Prop_bufg_I_O)         0.077    35.302 r  dbg_hub/inst/BSCANID.u_xsdbm_id/SWITCH_N_EXT_BSCAN.u_bufg_icon_tck/O
                         net (fo=482, routed)         1.301    36.602    dbg_hub/inst/BSCANID.u_xsdbm_id/CORE_XSDB.U_ICON/U_CMD/m_bscan_tck[0]
    SLICE_X56Y146        FDCE                                         r  dbg_hub/inst/BSCANID.u_xsdbm_id/CORE_XSDB.U_ICON/U_CMD/iTARGET_reg[9]/C
                         clock pessimism              0.410    37.012    
                         clock uncertainty           -0.035    36.977    
    SLICE_X56Y146        FDCE (Recov_fdce_C_CLR)     -0.258    36.719    dbg_hub/inst/BSCANID.u_xsdbm_id/CORE_XSDB.U_ICON/U_CMD/iTARGET_reg[9]
  -------------------------------------------------------------------
                         required time                         36.719    
                         arrival time                          -7.379    
  -------------------------------------------------------------------
                         slack                                 29.340    





Min Delay Paths
--------------------------------------------------------------------------------------
Slack (MET) :             0.355ns  (arrival time - required time)
  Source:                 dbg_hub/inst/BSCANID.u_xsdbm_id/CORE_XSDB.UUT_MASTER/U_ICON_INTERFACE/U_CMD6_RD/U_RD_FIFO/SUBCORE_FIFO.xsdbm_v3_0_0_rdfifo_inst/inst_fifo_gen/gconvfifo.rf/grf.rf/rstblk/ngwrdrst.grst.g7serrst.rd_rst_reg_reg[2]/C
                            (rising edge-triggered cell FDPE clocked by dbg_hub/inst/BSCANID.u_xsdbm_id/SWITCH_N_EXT_BSCAN.bscan_inst/SERIES7_BSCAN.bscan_inst/TCK  {rise@0.000ns fall@16.500ns period=33.000ns})
  Destination:            dbg_hub/inst/BSCANID.u_xsdbm_id/CORE_XSDB.UUT_MASTER/U_ICON_INTERFACE/U_CMD6_RD/U_RD_FIFO/SUBCORE_FIFO.xsdbm_v3_0_0_rdfifo_inst/inst_fifo_gen/gconvfifo.rf/grf.rf/gntv_or_sync_fifo.gl0.rd/gr1.gr1_int.rfwft/gpregsm1.user_valid_reg/CLR
                            (removal check against rising-edge clock dbg_hub/inst/BSCANID.u_xsdbm_id/SWITCH_N_EXT_BSCAN.bscan_inst/SERIES7_BSCAN.bscan_inst/TCK  {rise@0.000ns fall@16.500ns period=33.000ns})
  Path Group:             **async_default**
  Path Type:              Removal (Min at Fast Process Corner)
  Requirement:            0.000ns  (dbg_hub/inst/BSCANID.u_xsdbm_id/SWITCH_N_EXT_BSCAN.bscan_inst/SERIES7_BSCAN.bscan_inst/TCK rise@0.000ns - dbg_hub/inst/BSCANID.u_xsdbm_id/SWITCH_N_EXT_BSCAN.bscan_inst/SERIES7_BSCAN.bscan_inst/TCK rise@0.000ns)
  Data Path Delay:        0.279ns  (logic 0.141ns (50.492%)  route 0.138ns (49.508%))
  Logic Levels:           0  
  Clock Path Skew:        0.016ns (DCD - SCD - CPR)
    Destination Clock Delay (DCD):    2.438ns
    Source Clock Delay      (SCD):    1.981ns
    Clock Pessimism Removal (CPR):    0.441ns

    Location             Delay type                Incr(ns)  Path(ns)    Netlist Resource(s)
  -------------------------------------------------------------------    -------------------
                         (clock dbg_hub/inst/BSCANID.u_xsdbm_id/SWITCH_N_EXT_BSCAN.bscan_inst/SERIES7_BSCAN.bscan_inst/TCK rise edge)
                                                      0.000     0.000 r  
    BSCAN_X0Y0           BSCANE2                      0.000     0.000 r  dbg_hub/inst/BSCANID.u_xsdbm_id/SWITCH_N_EXT_BSCAN.bscan_inst/SERIES7_BSCAN.bscan_inst/TCK
                         net (fo=1, routed)           1.378     1.378    dbg_hub/inst/BSCANID.u_xsdbm_id/tck_bs
    BUFGCTRL_X0Y3        BUFG (Prop_bufg_I_O)         0.026     1.404 r  dbg_hub/inst/BSCANID.u_xsdbm_id/SWITCH_N_EXT_BSCAN.u_bufg_icon_tck/O
                         net (fo=482, routed)         0.578     1.981    dbg_hub/inst/BSCANID.u_xsdbm_id/CORE_XSDB.UUT_MASTER/U_ICON_INTERFACE/U_CMD6_RD/U_RD_FIFO/SUBCORE_FIFO.xsdbm_v3_0_0_rdfifo_inst/inst_fifo_gen/gconvfifo.rf/grf.rf/rstblk/rd_clk
    SLICE_X65Y154        FDPE                                         r  dbg_hub/inst/BSCANID.u_xsdbm_id/CORE_XSDB.UUT_MASTER/U_ICON_INTERFACE/U_CMD6_RD/U_RD_FIFO/SUBCORE_FIFO.xsdbm_v3_0_0_rdfifo_inst/inst_fifo_gen/gconvfifo.rf/grf.rf/rstblk/ngwrdrst.grst.g7serrst.rd_rst_reg_reg[2]/C
  -------------------------------------------------------------------    -------------------
    SLICE_X65Y154        FDPE (Prop_fdpe_C_Q)         0.141     2.122 f  dbg_hub/inst/BSCANID.u_xsdbm_id/CORE_XSDB.UUT_MASTER/U_ICON_INTERFACE/U_CMD6_RD/U_RD_FIFO/SUBCORE_FIFO.xsdbm_v3_0_0_rdfifo_inst/inst_fifo_gen/gconvfifo.rf/grf.rf/rstblk/ngwrdrst.grst.g7serrst.rd_rst_reg_reg[2]/Q
                         net (fo=18, routed)          0.138     2.260    dbg_hub/inst/BSCANID.u_xsdbm_id/CORE_XSDB.UUT_MASTER/U_ICON_INTERFACE/U_CMD6_RD/U_RD_FIFO/SUBCORE_FIFO.xsdbm_v3_0_0_rdfifo_inst/inst_fifo_gen/gconvfifo.rf/grf.rf/gntv_or_sync_fifo.gl0.rd/gr1.gr1_int.rfwft/out[1]
    SLICE_X65Y153        FDCE                                         f  dbg_hub/inst/BSCANID.u_xsdbm_id/CORE_XSDB.UUT_MASTER/U_ICON_INTERFACE/U_CMD6_RD/U_RD_FIFO/SUBCORE_FIFO.xsdbm_v3_0_0_rdfifo_inst/inst_fifo_gen/gconvfifo.rf/grf.rf/gntv_or_sync_fifo.gl0.rd/gr1.gr1_int.rfwft/gpregsm1.user_valid_reg/CLR
  -------------------------------------------------------------------    -------------------

                         (clock dbg_hub/inst/BSCANID.u_xsdbm_id/SWITCH_N_EXT_BSCAN.bscan_inst/SERIES7_BSCAN.bscan_inst/TCK rise edge)
                                                      0.000     0.000 r  
    BSCAN_X0Y0           BSCANE2                      0.000     0.000 r  dbg_hub/inst/BSCANID.u_xsdbm_id/SWITCH_N_EXT_BSCAN.bscan_inst/SERIES7_BSCAN.bscan_inst/TCK
                         net (fo=1, routed)           1.561     1.561    dbg_hub/inst/BSCANID.u_xsdbm_id/tck_bs
    BUFGCTRL_X0Y3        BUFG (Prop_bufg_I_O)         0.029     1.590 r  dbg_hub/inst/BSCANID.u_xsdbm_id/SWITCH_N_EXT_BSCAN.u_bufg_icon_tck/O
                         net (fo=482, routed)         0.848     2.438    dbg_hub/inst/BSCANID.u_xsdbm_id/CORE_XSDB.UUT_MASTER/U_ICON_INTERFACE/U_CMD6_RD/U_RD_FIFO/SUBCORE_FIFO.xsdbm_v3_0_0_rdfifo_inst/inst_fifo_gen/gconvfifo.rf/grf.rf/gntv_or_sync_fifo.gl0.rd/gr1.gr1_int.rfwft/rd_clk
    SLICE_X65Y153        FDCE                                         r  dbg_hub/inst/BSCANID.u_xsdbm_id/CORE_XSDB.UUT_MASTER/U_ICON_INTERFACE/U_CMD6_RD/U_RD_FIFO/SUBCORE_FIFO.xsdbm_v3_0_0_rdfifo_inst/inst_fifo_gen/gconvfifo.rf/grf.rf/gntv_or_sync_fifo.gl0.rd/gr1.gr1_int.rfwft/gpregsm1.user_valid_reg/C
                         clock pessimism             -0.441     1.997    
    SLICE_X65Y153        FDCE (Remov_fdce_C_CLR)     -0.092     1.905    dbg_hub/inst/BSCANID.u_xsdbm_id/CORE_XSDB.UUT_MASTER/U_ICON_INTERFACE/U_CMD6_RD/U_RD_FIFO/SUBCORE_FIFO.xsdbm_v3_0_0_rdfifo_inst/inst_fifo_gen/gconvfifo.rf/grf.rf/gntv_or_sync_fifo.gl0.rd/gr1.gr1_int.rfwft/gpregsm1.user_valid_reg
  -------------------------------------------------------------------
                         required time                         -1.905    
                         arrival time                           2.260    
  -------------------------------------------------------------------
                         slack                                  0.355    

Slack (MET) :             0.358ns  (arrival time - required time)
  Source:                 dbg_hub/inst/BSCANID.u_xsdbm_id/CORE_XSDB.UUT_MASTER/U_ICON_INTERFACE/U_CMD6_RD/U_RD_FIFO/SUBCORE_FIFO.xsdbm_v3_0_0_rdfifo_inst/inst_fifo_gen/gconvfifo.rf/grf.rf/rstblk/ngwrdrst.grst.g7serrst.rd_rst_reg_reg[2]/C
                            (rising edge-triggered cell FDPE clocked by dbg_hub/inst/BSCANID.u_xsdbm_id/SWITCH_N_EXT_BSCAN.bscan_inst/SERIES7_BSCAN.bscan_inst/TCK  {rise@0.000ns fall@16.500ns period=33.000ns})
  Destination:            dbg_hub/inst/BSCANID.u_xsdbm_id/CORE_XSDB.UUT_MASTER/U_ICON_INTERFACE/U_CMD6_RD/U_RD_FIFO/SUBCORE_FIFO.xsdbm_v3_0_0_rdfifo_inst/inst_fifo_gen/gconvfifo.rf/grf.rf/gntv_or_sync_fifo.gl0.rd/gr1.gr1_int.rfwft/empty_fwft_fb_i_reg/PRE
                            (removal check against rising-edge clock dbg_hub/inst/BSCANID.u_xsdbm_id/SWITCH_N_EXT_BSCAN.bscan_inst/SERIES7_BSCAN.bscan_inst/TCK  {rise@0.000ns fall@16.500ns period=33.000ns})
  Path Group:             **async_default**
  Path Type:              Removal (Min at Fast Process Corner)
  Requirement:            0.000ns  (dbg_hub/inst/BSCANID.u_xsdbm_id/SWITCH_N_EXT_BSCAN.bscan_inst/SERIES7_BSCAN.bscan_inst/TCK rise@0.000ns - dbg_hub/inst/BSCANID.u_xsdbm_id/SWITCH_N_EXT_BSCAN.bscan_inst/SERIES7_BSCAN.bscan_inst/TCK rise@0.000ns)
  Data Path Delay:        0.279ns  (logic 0.141ns (50.492%)  route 0.138ns (49.508%))
  Logic Levels:           0  
  Clock Path Skew:        0.016ns (DCD - SCD - CPR)
    Destination Clock Delay (DCD):    2.438ns
    Source Clock Delay      (SCD):    1.981ns
    Clock Pessimism Removal (CPR):    0.441ns

    Location             Delay type                Incr(ns)  Path(ns)    Netlist Resource(s)
  -------------------------------------------------------------------    -------------------
                         (clock dbg_hub/inst/BSCANID.u_xsdbm_id/SWITCH_N_EXT_BSCAN.bscan_inst/SERIES7_BSCAN.bscan_inst/TCK rise edge)
                                                      0.000     0.000 r  
    BSCAN_X0Y0           BSCANE2                      0.000     0.000 r  dbg_hub/inst/BSCANID.u_xsdbm_id/SWITCH_N_EXT_BSCAN.bscan_inst/SERIES7_BSCAN.bscan_inst/TCK
                         net (fo=1, routed)           1.378     1.378    dbg_hub/inst/BSCANID.u_xsdbm_id/tck_bs
    BUFGCTRL_X0Y3        BUFG (Prop_bufg_I_O)         0.026     1.404 r  dbg_hub/inst/BSCANID.u_xsdbm_id/SWITCH_N_EXT_BSCAN.u_bufg_icon_tck/O
                         net (fo=482, routed)         0.578     1.981    dbg_hub/inst/BSCANID.u_xsdbm_id/CORE_XSDB.UUT_MASTER/U_ICON_INTERFACE/U_CMD6_RD/U_RD_FIFO/SUBCORE_FIFO.xsdbm_v3_0_0_rdfifo_inst/inst_fifo_gen/gconvfifo.rf/grf.rf/rstblk/rd_clk
    SLICE_X65Y154        FDPE                                         r  dbg_hub/inst/BSCANID.u_xsdbm_id/CORE_XSDB.UUT_MASTER/U_ICON_INTERFACE/U_CMD6_RD/U_RD_FIFO/SUBCORE_FIFO.xsdbm_v3_0_0_rdfifo_inst/inst_fifo_gen/gconvfifo.rf/grf.rf/rstblk/ngwrdrst.grst.g7serrst.rd_rst_reg_reg[2]/C
  -------------------------------------------------------------------    -------------------
    SLICE_X65Y154        FDPE (Prop_fdpe_C_Q)         0.141     2.122 f  dbg_hub/inst/BSCANID.u_xsdbm_id/CORE_XSDB.UUT_MASTER/U_ICON_INTERFACE/U_CMD6_RD/U_RD_FIFO/SUBCORE_FIFO.xsdbm_v3_0_0_rdfifo_inst/inst_fifo_gen/gconvfifo.rf/grf.rf/rstblk/ngwrdrst.grst.g7serrst.rd_rst_reg_reg[2]/Q
                         net (fo=18, routed)          0.138     2.260    dbg_hub/inst/BSCANID.u_xsdbm_id/CORE_XSDB.UUT_MASTER/U_ICON_INTERFACE/U_CMD6_RD/U_RD_FIFO/SUBCORE_FIFO.xsdbm_v3_0_0_rdfifo_inst/inst_fifo_gen/gconvfifo.rf/grf.rf/gntv_or_sync_fifo.gl0.rd/gr1.gr1_int.rfwft/out[1]
    SLICE_X65Y153        FDPE                                         f  dbg_hub/inst/BSCANID.u_xsdbm_id/CORE_XSDB.UUT_MASTER/U_ICON_INTERFACE/U_CMD6_RD/U_RD_FIFO/SUBCORE_FIFO.xsdbm_v3_0_0_rdfifo_inst/inst_fifo_gen/gconvfifo.rf/grf.rf/gntv_or_sync_fifo.gl0.rd/gr1.gr1_int.rfwft/empty_fwft_fb_i_reg/PRE
  -------------------------------------------------------------------    -------------------

                         (clock dbg_hub/inst/BSCANID.u_xsdbm_id/SWITCH_N_EXT_BSCAN.bscan_inst/SERIES7_BSCAN.bscan_inst/TCK rise edge)
                                                      0.000     0.000 r  
    BSCAN_X0Y0           BSCANE2                      0.000     0.000 r  dbg_hub/inst/BSCANID.u_xsdbm_id/SWITCH_N_EXT_BSCAN.bscan_inst/SERIES7_BSCAN.bscan_inst/TCK
                         net (fo=1, routed)           1.561     1.561    dbg_hub/inst/BSCANID.u_xsdbm_id/tck_bs
    BUFGCTRL_X0Y3        BUFG (Prop_bufg_I_O)         0.029     1.590 r  dbg_hub/inst/BSCANID.u_xsdbm_id/SWITCH_N_EXT_BSCAN.u_bufg_icon_tck/O
                         net (fo=482, routed)         0.848     2.438    dbg_hub/inst/BSCANID.u_xsdbm_id/CORE_XSDB.UUT_MASTER/U_ICON_INTERFACE/U_CMD6_RD/U_RD_FIFO/SUBCORE_FIFO.xsdbm_v3_0_0_rdfifo_inst/inst_fifo_gen/gconvfifo.rf/grf.rf/gntv_or_sync_fifo.gl0.rd/gr1.gr1_int.rfwft/rd_clk
    SLICE_X65Y153        FDPE                                         r  dbg_hub/inst/BSCANID.u_xsdbm_id/CORE_XSDB.UUT_MASTER/U_ICON_INTERFACE/U_CMD6_RD/U_RD_FIFO/SUBCORE_FIFO.xsdbm_v3_0_0_rdfifo_inst/inst_fifo_gen/gconvfifo.rf/grf.rf/gntv_or_sync_fifo.gl0.rd/gr1.gr1_int.rfwft/empty_fwft_fb_i_reg/C
                         clock pessimism             -0.441     1.997    
    SLICE_X65Y153        FDPE (Remov_fdpe_C_PRE)     -0.095     1.902    dbg_hub/inst/BSCANID.u_xsdbm_id/CORE_XSDB.UUT_MASTER/U_ICON_INTERFACE/U_CMD6_RD/U_RD_FIFO/SUBCORE_FIFO.xsdbm_v3_0_0_rdfifo_inst/inst_fifo_gen/gconvfifo.rf/grf.rf/gntv_or_sync_fifo.gl0.rd/gr1.gr1_int.rfwft/empty_fwft_fb_i_reg
  -------------------------------------------------------------------
                         required time                         -1.902    
                         arrival time                           2.260    
  -------------------------------------------------------------------
                         slack                                  0.358    

Slack (MET) :             0.358ns  (arrival time - required time)
  Source:                 dbg_hub/inst/BSCANID.u_xsdbm_id/CORE_XSDB.UUT_MASTER/U_ICON_INTERFACE/U_CMD6_RD/U_RD_FIFO/SUBCORE_FIFO.xsdbm_v3_0_0_rdfifo_inst/inst_fifo_gen/gconvfifo.rf/grf.rf/rstblk/ngwrdrst.grst.g7serrst.rd_rst_reg_reg[2]/C
                            (rising edge-triggered cell FDPE clocked by dbg_hub/inst/BSCANID.u_xsdbm_id/SWITCH_N_EXT_BSCAN.bscan_inst/SERIES7_BSCAN.bscan_inst/TCK  {rise@0.000ns fall@16.500ns period=33.000ns})
  Destination:            dbg_hub/inst/BSCANID.u_xsdbm_id/CORE_XSDB.UUT_MASTER/U_ICON_INTERFACE/U_CMD6_RD/U_RD_FIFO/SUBCORE_FIFO.xsdbm_v3_0_0_rdfifo_inst/inst_fifo_gen/gconvfifo.rf/grf.rf/gntv_or_sync_fifo.gl0.rd/gr1.gr1_int.rfwft/empty_fwft_i_reg/PRE
                            (removal check against rising-edge clock dbg_hub/inst/BSCANID.u_xsdbm_id/SWITCH_N_EXT_BSCAN.bscan_inst/SERIES7_BSCAN.bscan_inst/TCK  {rise@0.000ns fall@16.500ns period=33.000ns})
  Path Group:             **async_default**
  Path Type:              Removal (Min at Fast Process Corner)
  Requirement:            0.000ns  (dbg_hub/inst/BSCANID.u_xsdbm_id/SWITCH_N_EXT_BSCAN.bscan_inst/SERIES7_BSCAN.bscan_inst/TCK rise@0.000ns - dbg_hub/inst/BSCANID.u_xsdbm_id/SWITCH_N_EXT_BSCAN.bscan_inst/SERIES7_BSCAN.bscan_inst/TCK rise@0.000ns)
  Data Path Delay:        0.279ns  (logic 0.141ns (50.492%)  route 0.138ns (49.508%))
  Logic Levels:           0  
  Clock Path Skew:        0.016ns (DCD - SCD - CPR)
    Destination Clock Delay (DCD):    2.438ns
    Source Clock Delay      (SCD):    1.981ns
    Clock Pessimism Removal (CPR):    0.441ns

    Location             Delay type                Incr(ns)  Path(ns)    Netlist Resource(s)
  -------------------------------------------------------------------    -------------------
                         (clock dbg_hub/inst/BSCANID.u_xsdbm_id/SWITCH_N_EXT_BSCAN.bscan_inst/SERIES7_BSCAN.bscan_inst/TCK rise edge)
                                                      0.000     0.000 r  
    BSCAN_X0Y0           BSCANE2                      0.000     0.000 r  dbg_hub/inst/BSCANID.u_xsdbm_id/SWITCH_N_EXT_BSCAN.bscan_inst/SERIES7_BSCAN.bscan_inst/TCK
                         net (fo=1, routed)           1.378     1.378    dbg_hub/inst/BSCANID.u_xsdbm_id/tck_bs
    BUFGCTRL_X0Y3        BUFG (Prop_bufg_I_O)         0.026     1.404 r  dbg_hub/inst/BSCANID.u_xsdbm_id/SWITCH_N_EXT_BSCAN.u_bufg_icon_tck/O
                         net (fo=482, routed)         0.578     1.981    dbg_hub/inst/BSCANID.u_xsdbm_id/CORE_XSDB.UUT_MASTER/U_ICON_INTERFACE/U_CMD6_RD/U_RD_FIFO/SUBCORE_FIFO.xsdbm_v3_0_0_rdfifo_inst/inst_fifo_gen/gconvfifo.rf/grf.rf/rstblk/rd_clk
    SLICE_X65Y154        FDPE                                         r  dbg_hub/inst/BSCANID.u_xsdbm_id/CORE_XSDB.UUT_MASTER/U_ICON_INTERFACE/U_CMD6_RD/U_RD_FIFO/SUBCORE_FIFO.xsdbm_v3_0_0_rdfifo_inst/inst_fifo_gen/gconvfifo.rf/grf.rf/rstblk/ngwrdrst.grst.g7serrst.rd_rst_reg_reg[2]/C
  -------------------------------------------------------------------    -------------------
    SLICE_X65Y154        FDPE (Prop_fdpe_C_Q)         0.141     2.122 f  dbg_hub/inst/BSCANID.u_xsdbm_id/CORE_XSDB.UUT_MASTER/U_ICON_INTERFACE/U_CMD6_RD/U_RD_FIFO/SUBCORE_FIFO.xsdbm_v3_0_0_rdfifo_inst/inst_fifo_gen/gconvfifo.rf/grf.rf/rstblk/ngwrdrst.grst.g7serrst.rd_rst_reg_reg[2]/Q
                         net (fo=18, routed)          0.138     2.260    dbg_hub/inst/BSCANID.u_xsdbm_id/CORE_XSDB.UUT_MASTER/U_ICON_INTERFACE/U_CMD6_RD/U_RD_FIFO/SUBCORE_FIFO.xsdbm_v3_0_0_rdfifo_inst/inst_fifo_gen/gconvfifo.rf/grf.rf/gntv_or_sync_fifo.gl0.rd/gr1.gr1_int.rfwft/out[1]
    SLICE_X65Y153        FDPE                                         f  dbg_hub/inst/BSCANID.u_xsdbm_id/CORE_XSDB.UUT_MASTER/U_ICON_INTERFACE/U_CMD6_RD/U_RD_FIFO/SUBCORE_FIFO.xsdbm_v3_0_0_rdfifo_inst/inst_fifo_gen/gconvfifo.rf/grf.rf/gntv_or_sync_fifo.gl0.rd/gr1.gr1_int.rfwft/empty_fwft_i_reg/PRE
  -------------------------------------------------------------------    -------------------

                         (clock dbg_hub/inst/BSCANID.u_xsdbm_id/SWITCH_N_EXT_BSCAN.bscan_inst/SERIES7_BSCAN.bscan_inst/TCK rise edge)
                                                      0.000     0.000 r  
    BSCAN_X0Y0           BSCANE2                      0.000     0.000 r  dbg_hub/inst/BSCANID.u_xsdbm_id/SWITCH_N_EXT_BSCAN.bscan_inst/SERIES7_BSCAN.bscan_inst/TCK
                         net (fo=1, routed)           1.561     1.561    dbg_hub/inst/BSCANID.u_xsdbm_id/tck_bs
    BUFGCTRL_X0Y3        BUFG (Prop_bufg_I_O)         0.029     1.590 r  dbg_hub/inst/BSCANID.u_xsdbm_id/SWITCH_N_EXT_BSCAN.u_bufg_icon_tck/O
                         net (fo=482, routed)         0.848     2.438    dbg_hub/inst/BSCANID.u_xsdbm_id/CORE_XSDB.UUT_MASTER/U_ICON_INTERFACE/U_CMD6_RD/U_RD_FIFO/SUBCORE_FIFO.xsdbm_v3_0_0_rdfifo_inst/inst_fifo_gen/gconvfifo.rf/grf.rf/gntv_or_sync_fifo.gl0.rd/gr1.gr1_int.rfwft/rd_clk
    SLICE_X65Y153        FDPE                                         r  dbg_hub/inst/BSCANID.u_xsdbm_id/CORE_XSDB.UUT_MASTER/U_ICON_INTERFACE/U_CMD6_RD/U_RD_FIFO/SUBCORE_FIFO.xsdbm_v3_0_0_rdfifo_inst/inst_fifo_gen/gconvfifo.rf/grf.rf/gntv_or_sync_fifo.gl0.rd/gr1.gr1_int.rfwft/empty_fwft_i_reg/C
                         clock pessimism             -0.441     1.997    
    SLICE_X65Y153        FDPE (Remov_fdpe_C_PRE)     -0.095     1.902    dbg_hub/inst/BSCANID.u_xsdbm_id/CORE_XSDB.UUT_MASTER/U_ICON_INTERFACE/U_CMD6_RD/U_RD_FIFO/SUBCORE_FIFO.xsdbm_v3_0_0_rdfifo_inst/inst_fifo_gen/gconvfifo.rf/grf.rf/gntv_or_sync_fifo.gl0.rd/gr1.gr1_int.rfwft/empty_fwft_i_reg
  -------------------------------------------------------------------
                         required time                         -1.902    
                         arrival time                           2.260    
  -------------------------------------------------------------------
                         slack                                  0.358    

Slack (MET) :             0.358ns  (arrival time - required time)
  Source:                 dbg_hub/inst/BSCANID.u_xsdbm_id/CORE_XSDB.UUT_MASTER/U_ICON_INTERFACE/U_CMD6_RD/U_RD_FIFO/SUBCORE_FIFO.xsdbm_v3_0_0_rdfifo_inst/inst_fifo_gen/gconvfifo.rf/grf.rf/rstblk/ngwrdrst.grst.g7serrst.rd_rst_reg_reg[2]/C
                            (rising edge-triggered cell FDPE clocked by dbg_hub/inst/BSCANID.u_xsdbm_id/SWITCH_N_EXT_BSCAN.bscan_inst/SERIES7_BSCAN.bscan_inst/TCK  {rise@0.000ns fall@16.500ns period=33.000ns})
  Destination:            dbg_hub/inst/BSCANID.u_xsdbm_id/CORE_XSDB.UUT_MASTER/U_ICON_INTERFACE/U_CMD6_RD/U_RD_FIFO/SUBCORE_FIFO.xsdbm_v3_0_0_rdfifo_inst/inst_fifo_gen/gconvfifo.rf/grf.rf/gntv_or_sync_fifo.gl0.rd/gras.rsts/ram_empty_fb_i_reg/PRE
                            (removal check against rising-edge clock dbg_hub/inst/BSCANID.u_xsdbm_id/SWITCH_N_EXT_BSCAN.bscan_inst/SERIES7_BSCAN.bscan_inst/TCK  {rise@0.000ns fall@16.500ns period=33.000ns})
  Path Group:             **async_default**
  Path Type:              Removal (Min at Fast Process Corner)
  Requirement:            0.000ns  (dbg_hub/inst/BSCANID.u_xsdbm_id/SWITCH_N_EXT_BSCAN.bscan_inst/SERIES7_BSCAN.bscan_inst/TCK rise@0.000ns - dbg_hub/inst/BSCANID.u_xsdbm_id/SWITCH_N_EXT_BSCAN.bscan_inst/SERIES7_BSCAN.bscan_inst/TCK rise@0.000ns)
  Data Path Delay:        0.279ns  (logic 0.141ns (50.492%)  route 0.138ns (49.508%))
  Logic Levels:           0  
  Clock Path Skew:        0.016ns (DCD - SCD - CPR)
    Destination Clock Delay (DCD):    2.438ns
    Source Clock Delay      (SCD):    1.981ns
    Clock Pessimism Removal (CPR):    0.441ns

    Location             Delay type                Incr(ns)  Path(ns)    Netlist Resource(s)
  -------------------------------------------------------------------    -------------------
                         (clock dbg_hub/inst/BSCANID.u_xsdbm_id/SWITCH_N_EXT_BSCAN.bscan_inst/SERIES7_BSCAN.bscan_inst/TCK rise edge)
                                                      0.000     0.000 r  
    BSCAN_X0Y0           BSCANE2                      0.000     0.000 r  dbg_hub/inst/BSCANID.u_xsdbm_id/SWITCH_N_EXT_BSCAN.bscan_inst/SERIES7_BSCAN.bscan_inst/TCK
                         net (fo=1, routed)           1.378     1.378    dbg_hub/inst/BSCANID.u_xsdbm_id/tck_bs
    BUFGCTRL_X0Y3        BUFG (Prop_bufg_I_O)         0.026     1.404 r  dbg_hub/inst/BSCANID.u_xsdbm_id/SWITCH_N_EXT_BSCAN.u_bufg_icon_tck/O
                         net (fo=482, routed)         0.578     1.981    dbg_hub/inst/BSCANID.u_xsdbm_id/CORE_XSDB.UUT_MASTER/U_ICON_INTERFACE/U_CMD6_RD/U_RD_FIFO/SUBCORE_FIFO.xsdbm_v3_0_0_rdfifo_inst/inst_fifo_gen/gconvfifo.rf/grf.rf/rstblk/rd_clk
    SLICE_X65Y154        FDPE                                         r  dbg_hub/inst/BSCANID.u_xsdbm_id/CORE_XSDB.UUT_MASTER/U_ICON_INTERFACE/U_CMD6_RD/U_RD_FIFO/SUBCORE_FIFO.xsdbm_v3_0_0_rdfifo_inst/inst_fifo_gen/gconvfifo.rf/grf.rf/rstblk/ngwrdrst.grst.g7serrst.rd_rst_reg_reg[2]/C
  -------------------------------------------------------------------    -------------------
    SLICE_X65Y154        FDPE (Prop_fdpe_C_Q)         0.141     2.122 f  dbg_hub/inst/BSCANID.u_xsdbm_id/CORE_XSDB.UUT_MASTER/U_ICON_INTERFACE/U_CMD6_RD/U_RD_FIFO/SUBCORE_FIFO.xsdbm_v3_0_0_rdfifo_inst/inst_fifo_gen/gconvfifo.rf/grf.rf/rstblk/ngwrdrst.grst.g7serrst.rd_rst_reg_reg[2]/Q
                         net (fo=18, routed)          0.138     2.260    dbg_hub/inst/BSCANID.u_xsdbm_id/CORE_XSDB.UUT_MASTER/U_ICON_INTERFACE/U_CMD6_RD/U_RD_FIFO/SUBCORE_FIFO.xsdbm_v3_0_0_rdfifo_inst/inst_fifo_gen/gconvfifo.rf/grf.rf/gntv_or_sync_fifo.gl0.rd/gras.rsts/ram_empty_fb_i_reg_0[0]
    SLICE_X65Y153        FDPE                                         f  dbg_hub/inst/BSCANID.u_xsdbm_id/CORE_XSDB.UUT_MASTER/U_ICON_INTERFACE/U_CMD6_RD/U_RD_FIFO/SUBCORE_FIFO.xsdbm_v3_0_0_rdfifo_inst/inst_fifo_gen/gconvfifo.rf/grf.rf/gntv_or_sync_fifo.gl0.rd/gras.rsts/ram_empty_fb_i_reg/PRE
  -------------------------------------------------------------------    -------------------

                         (clock dbg_hub/inst/BSCANID.u_xsdbm_id/SWITCH_N_EXT_BSCAN.bscan_inst/SERIES7_BSCAN.bscan_inst/TCK rise edge)
                                                      0.000     0.000 r  
    BSCAN_X0Y0           BSCANE2                      0.000     0.000 r  dbg_hub/inst/BSCANID.u_xsdbm_id/SWITCH_N_EXT_BSCAN.bscan_inst/SERIES7_BSCAN.bscan_inst/TCK
                         net (fo=1, routed)           1.561     1.561    dbg_hub/inst/BSCANID.u_xsdbm_id/tck_bs
    BUFGCTRL_X0Y3        BUFG (Prop_bufg_I_O)         0.029     1.590 r  dbg_hub/inst/BSCANID.u_xsdbm_id/SWITCH_N_EXT_BSCAN.u_bufg_icon_tck/O
                         net (fo=482, routed)         0.848     2.438    dbg_hub/inst/BSCANID.u_xsdbm_id/CORE_XSDB.UUT_MASTER/U_ICON_INTERFACE/U_CMD6_RD/U_RD_FIFO/SUBCORE_FIFO.xsdbm_v3_0_0_rdfifo_inst/inst_fifo_gen/gconvfifo.rf/grf.rf/gntv_or_sync_fifo.gl0.rd/gras.rsts/rd_clk
    SLICE_X65Y153        FDPE                                         r  dbg_hub/inst/BSCANID.u_xsdbm_id/CORE_XSDB.UUT_MASTER/U_ICON_INTERFACE/U_CMD6_RD/U_RD_FIFO/SUBCORE_FIFO.xsdbm_v3_0_0_rdfifo_inst/inst_fifo_gen/gconvfifo.rf/grf.rf/gntv_or_sync_fifo.gl0.rd/gras.rsts/ram_empty_fb_i_reg/C
                         clock pessimism             -0.441     1.997    
    SLICE_X65Y153        FDPE (Remov_fdpe_C_PRE)     -0.095     1.902    dbg_hub/inst/BSCANID.u_xsdbm_id/CORE_XSDB.UUT_MASTER/U_ICON_INTERFACE/U_CMD6_RD/U_RD_FIFO/SUBCORE_FIFO.xsdbm_v3_0_0_rdfifo_inst/inst_fifo_gen/gconvfifo.rf/grf.rf/gntv_or_sync_fifo.gl0.rd/gras.rsts/ram_empty_fb_i_reg
  -------------------------------------------------------------------
                         required time                         -1.902    
                         arrival time                           2.260    
  -------------------------------------------------------------------
                         slack                                  0.358    

Slack (MET) :             0.358ns  (arrival time - required time)
  Source:                 dbg_hub/inst/BSCANID.u_xsdbm_id/CORE_XSDB.UUT_MASTER/U_ICON_INTERFACE/U_CMD6_RD/U_RD_FIFO/SUBCORE_FIFO.xsdbm_v3_0_0_rdfifo_inst/inst_fifo_gen/gconvfifo.rf/grf.rf/rstblk/ngwrdrst.grst.g7serrst.rd_rst_reg_reg[2]/C
                            (rising edge-triggered cell FDPE clocked by dbg_hub/inst/BSCANID.u_xsdbm_id/SWITCH_N_EXT_BSCAN.bscan_inst/SERIES7_BSCAN.bscan_inst/TCK  {rise@0.000ns fall@16.500ns period=33.000ns})
  Destination:            dbg_hub/inst/BSCANID.u_xsdbm_id/CORE_XSDB.UUT_MASTER/U_ICON_INTERFACE/U_CMD6_RD/U_RD_FIFO/SUBCORE_FIFO.xsdbm_v3_0_0_rdfifo_inst/inst_fifo_gen/gconvfifo.rf/grf.rf/gntv_or_sync_fifo.gl0.rd/gras.rsts/ram_empty_i_reg/PRE
                            (removal check against rising-edge clock dbg_hub/inst/BSCANID.u_xsdbm_id/SWITCH_N_EXT_BSCAN.bscan_inst/SERIES7_BSCAN.bscan_inst/TCK  {rise@0.000ns fall@16.500ns period=33.000ns})
  Path Group:             **async_default**
  Path Type:              Removal (Min at Fast Process Corner)
  Requirement:            0.000ns  (dbg_hub/inst/BSCANID.u_xsdbm_id/SWITCH_N_EXT_BSCAN.bscan_inst/SERIES7_BSCAN.bscan_inst/TCK rise@0.000ns - dbg_hub/inst/BSCANID.u_xsdbm_id/SWITCH_N_EXT_BSCAN.bscan_inst/SERIES7_BSCAN.bscan_inst/TCK rise@0.000ns)
  Data Path Delay:        0.279ns  (logic 0.141ns (50.492%)  route 0.138ns (49.508%))
  Logic Levels:           0  
  Clock Path Skew:        0.016ns (DCD - SCD - CPR)
    Destination Clock Delay (DCD):    2.438ns
    Source Clock Delay      (SCD):    1.981ns
    Clock Pessimism Removal (CPR):    0.441ns

    Location             Delay type                Incr(ns)  Path(ns)    Netlist Resource(s)
  -------------------------------------------------------------------    -------------------
                         (clock dbg_hub/inst/BSCANID.u_xsdbm_id/SWITCH_N_EXT_BSCAN.bscan_inst/SERIES7_BSCAN.bscan_inst/TCK rise edge)
                                                      0.000     0.000 r  
    BSCAN_X0Y0           BSCANE2                      0.000     0.000 r  dbg_hub/inst/BSCANID.u_xsdbm_id/SWITCH_N_EXT_BSCAN.bscan_inst/SERIES7_BSCAN.bscan_inst/TCK
                         net (fo=1, routed)           1.378     1.378    dbg_hub/inst/BSCANID.u_xsdbm_id/tck_bs
    BUFGCTRL_X0Y3        BUFG (Prop_bufg_I_O)         0.026     1.404 r  dbg_hub/inst/BSCANID.u_xsdbm_id/SWITCH_N_EXT_BSCAN.u_bufg_icon_tck/O
                         net (fo=482, routed)         0.578     1.981    dbg_hub/inst/BSCANID.u_xsdbm_id/CORE_XSDB.UUT_MASTER/U_ICON_INTERFACE/U_CMD6_RD/U_RD_FIFO/SUBCORE_FIFO.xsdbm_v3_0_0_rdfifo_inst/inst_fifo_gen/gconvfifo.rf/grf.rf/rstblk/rd_clk
    SLICE_X65Y154        FDPE                                         r  dbg_hub/inst/BSCANID.u_xsdbm_id/CORE_XSDB.UUT_MASTER/U_ICON_INTERFACE/U_CMD6_RD/U_RD_FIFO/SUBCORE_FIFO.xsdbm_v3_0_0_rdfifo_inst/inst_fifo_gen/gconvfifo.rf/grf.rf/rstblk/ngwrdrst.grst.g7serrst.rd_rst_reg_reg[2]/C
  -------------------------------------------------------------------    -------------------
    SLICE_X65Y154        FDPE (Prop_fdpe_C_Q)         0.141     2.122 f  dbg_hub/inst/BSCANID.u_xsdbm_id/CORE_XSDB.UUT_MASTER/U_ICON_INTERFACE/U_CMD6_RD/U_RD_FIFO/SUBCORE_FIFO.xsdbm_v3_0_0_rdfifo_inst/inst_fifo_gen/gconvfifo.rf/grf.rf/rstblk/ngwrdrst.grst.g7serrst.rd_rst_reg_reg[2]/Q
                         net (fo=18, routed)          0.138     2.260    dbg_hub/inst/BSCANID.u_xsdbm_id/CORE_XSDB.UUT_MASTER/U_ICON_INTERFACE/U_CMD6_RD/U_RD_FIFO/SUBCORE_FIFO.xsdbm_v3_0_0_rdfifo_inst/inst_fifo_gen/gconvfifo.rf/grf.rf/gntv_or_sync_fifo.gl0.rd/gras.rsts/ram_empty_fb_i_reg_0[0]
    SLICE_X65Y153        FDPE                                         f  dbg_hub/inst/BSCANID.u_xsdbm_id/CORE_XSDB.UUT_MASTER/U_ICON_INTERFACE/U_CMD6_RD/U_RD_FIFO/SUBCORE_FIFO.xsdbm_v3_0_0_rdfifo_inst/inst_fifo_gen/gconvfifo.rf/grf.rf/gntv_or_sync_fifo.gl0.rd/gras.rsts/ram_empty_i_reg/PRE
  -------------------------------------------------------------------    -------------------

                         (clock dbg_hub/inst/BSCANID.u_xsdbm_id/SWITCH_N_EXT_BSCAN.bscan_inst/SERIES7_BSCAN.bscan_inst/TCK rise edge)
                                                      0.000     0.000 r  
    BSCAN_X0Y0           BSCANE2                      0.000     0.000 r  dbg_hub/inst/BSCANID.u_xsdbm_id/SWITCH_N_EXT_BSCAN.bscan_inst/SERIES7_BSCAN.bscan_inst/TCK
                         net (fo=1, routed)           1.561     1.561    dbg_hub/inst/BSCANID.u_xsdbm_id/tck_bs
    BUFGCTRL_X0Y3        BUFG (Prop_bufg_I_O)         0.029     1.590 r  dbg_hub/inst/BSCANID.u_xsdbm_id/SWITCH_N_EXT_BSCAN.u_bufg_icon_tck/O
                         net (fo=482, routed)         0.848     2.438    dbg_hub/inst/BSCANID.u_xsdbm_id/CORE_XSDB.UUT_MASTER/U_ICON_INTERFACE/U_CMD6_RD/U_RD_FIFO/SUBCORE_FIFO.xsdbm_v3_0_0_rdfifo_inst/inst_fifo_gen/gconvfifo.rf/grf.rf/gntv_or_sync_fifo.gl0.rd/gras.rsts/rd_clk
    SLICE_X65Y153        FDPE                                         r  dbg_hub/inst/BSCANID.u_xsdbm_id/CORE_XSDB.UUT_MASTER/U_ICON_INTERFACE/U_CMD6_RD/U_RD_FIFO/SUBCORE_FIFO.xsdbm_v3_0_0_rdfifo_inst/inst_fifo_gen/gconvfifo.rf/grf.rf/gntv_or_sync_fifo.gl0.rd/gras.rsts/ram_empty_i_reg/C
                         clock pessimism             -0.441     1.997    
    SLICE_X65Y153        FDPE (Remov_fdpe_C_PRE)     -0.095     1.902    dbg_hub/inst/BSCANID.u_xsdbm_id/CORE_XSDB.UUT_MASTER/U_ICON_INTERFACE/U_CMD6_RD/U_RD_FIFO/SUBCORE_FIFO.xsdbm_v3_0_0_rdfifo_inst/inst_fifo_gen/gconvfifo.rf/grf.rf/gntv_or_sync_fifo.gl0.rd/gras.rsts/ram_empty_i_reg
  -------------------------------------------------------------------
                         required time                         -1.902    
                         arrival time                           2.260    
  -------------------------------------------------------------------
                         slack                                  0.358    

Slack (MET) :             0.366ns  (arrival time - required time)
  Source:                 dbg_hub/inst/BSCANID.u_xsdbm_id/CORE_XSDB.UUT_MASTER/U_ICON_INTERFACE/U_CMD6_RD/U_RD_FIFO/SUBCORE_FIFO.xsdbm_v3_0_0_rdfifo_inst/inst_fifo_gen/gconvfifo.rf/grf.rf/rstblk/ngwrdrst.grst.g7serrst.rd_rst_reg_reg[1]/C
                            (rising edge-triggered cell FDPE clocked by dbg_hub/inst/BSCANID.u_xsdbm_id/SWITCH_N_EXT_BSCAN.bscan_inst/SERIES7_BSCAN.bscan_inst/TCK  {rise@0.000ns fall@16.500ns period=33.000ns})
  Destination:            dbg_hub/inst/BSCANID.u_xsdbm_id/CORE_XSDB.UUT_MASTER/U_ICON_INTERFACE/U_CMD6_RD/U_RD_FIFO/SUBCORE_FIFO.xsdbm_v3_0_0_rdfifo_inst/inst_fifo_gen/gconvfifo.rf/grf.rf/gntv_or_sync_fifo.gcx.clkx/gnxpm_cdc.gsync_stage[1].rd_stg_inst/Q_reg_reg[0]/CLR
                            (removal check against rising-edge clock dbg_hub/inst/BSCANID.u_xsdbm_id/SWITCH_N_EXT_BSCAN.bscan_inst/SERIES7_BSCAN.bscan_inst/TCK  {rise@0.000ns fall@16.500ns period=33.000ns})
  Path Group:             **async_default**
  Path Type:              Removal (Min at Fast Process Corner)
  Requirement:            0.000ns  (dbg_hub/inst/BSCANID.u_xsdbm_id/SWITCH_N_EXT_BSCAN.bscan_inst/SERIES7_BSCAN.bscan_inst/TCK rise@0.000ns - dbg_hub/inst/BSCANID.u_xsdbm_id/SWITCH_N_EXT_BSCAN.bscan_inst/SERIES7_BSCAN.bscan_inst/TCK rise@0.000ns)
  Data Path Delay:        0.334ns  (logic 0.141ns (42.258%)  route 0.193ns (57.742%))
  Logic Levels:           0  
  Clock Path Skew:        0.035ns (DCD - SCD - CPR)
    Destination Clock Delay (DCD):    2.436ns
    Source Clock Delay      (SCD):    1.981ns
    Clock Pessimism Removal (CPR):    0.420ns

    Location             Delay type                Incr(ns)  Path(ns)    Netlist Resource(s)
  -------------------------------------------------------------------    -------------------
                         (clock dbg_hub/inst/BSCANID.u_xsdbm_id/SWITCH_N_EXT_BSCAN.bscan_inst/SERIES7_BSCAN.bscan_inst/TCK rise edge)
                                                      0.000     0.000 r  
    BSCAN_X0Y0           BSCANE2                      0.000     0.000 r  dbg_hub/inst/BSCANID.u_xsdbm_id/SWITCH_N_EXT_BSCAN.bscan_inst/SERIES7_BSCAN.bscan_inst/TCK
                         net (fo=1, routed)           1.378     1.378    dbg_hub/inst/BSCANID.u_xsdbm_id/tck_bs
    BUFGCTRL_X0Y3        BUFG (Prop_bufg_I_O)         0.026     1.404 r  dbg_hub/inst/BSCANID.u_xsdbm_id/SWITCH_N_EXT_BSCAN.u_bufg_icon_tck/O
                         net (fo=482, routed)         0.578     1.981    dbg_hub/inst/BSCANID.u_xsdbm_id/CORE_XSDB.UUT_MASTER/U_ICON_INTERFACE/U_CMD6_RD/U_RD_FIFO/SUBCORE_FIFO.xsdbm_v3_0_0_rdfifo_inst/inst_fifo_gen/gconvfifo.rf/grf.rf/rstblk/rd_clk
    SLICE_X65Y156        FDPE                                         r  dbg_hub/inst/BSCANID.u_xsdbm_id/CORE_XSDB.UUT_MASTER/U_ICON_INTERFACE/U_CMD6_RD/U_RD_FIFO/SUBCORE_FIFO.xsdbm_v3_0_0_rdfifo_inst/inst_fifo_gen/gconvfifo.rf/grf.rf/rstblk/ngwrdrst.grst.g7serrst.rd_rst_reg_reg[1]/C
  -------------------------------------------------------------------    -------------------
    SLICE_X65Y156        FDPE (Prop_fdpe_C_Q)         0.141     2.122 f  dbg_hub/inst/BSCANID.u_xsdbm_id/CORE_XSDB.UUT_MASTER/U_ICON_INTERFACE/U_CMD6_RD/U_RD_FIFO/SUBCORE_FIFO.xsdbm_v3_0_0_rdfifo_inst/inst_fifo_gen/gconvfifo.rf/grf.rf/rstblk/ngwrdrst.grst.g7serrst.rd_rst_reg_reg[1]/Q
                         net (fo=16, routed)          0.193     2.315    dbg_hub/inst/BSCANID.u_xsdbm_id/CORE_XSDB.UUT_MASTER/U_ICON_INTERFACE/U_CMD6_RD/U_RD_FIFO/SUBCORE_FIFO.xsdbm_v3_0_0_rdfifo_inst/inst_fifo_gen/gconvfifo.rf/grf.rf/gntv_or_sync_fifo.gcx.clkx/gnxpm_cdc.gsync_stage[1].rd_stg_inst/Q_reg_reg[0]_0[0]
    SLICE_X66Y156        FDCE                                         f  dbg_hub/inst/BSCANID.u_xsdbm_id/CORE_XSDB.UUT_MASTER/U_ICON_INTERFACE/U_CMD6_RD/U_RD_FIFO/SUBCORE_FIFO.xsdbm_v3_0_0_rdfifo_inst/inst_fifo_gen/gconvfifo.rf/grf.rf/gntv_or_sync_fifo.gcx.clkx/gnxpm_cdc.gsync_stage[1].rd_stg_inst/Q_reg_reg[0]/CLR
  -------------------------------------------------------------------    -------------------

                         (clock dbg_hub/inst/BSCANID.u_xsdbm_id/SWITCH_N_EXT_BSCAN.bscan_inst/SERIES7_BSCAN.bscan_inst/TCK rise edge)
                                                      0.000     0.000 r  
    BSCAN_X0Y0           BSCANE2                      0.000     0.000 r  dbg_hub/inst/BSCANID.u_xsdbm_id/SWITCH_N_EXT_BSCAN.bscan_inst/SERIES7_BSCAN.bscan_inst/TCK
                         net (fo=1, routed)           1.561     1.561    dbg_hub/inst/BSCANID.u_xsdbm_id/tck_bs
    BUFGCTRL_X0Y3        BUFG (Prop_bufg_I_O)         0.029     1.590 r  dbg_hub/inst/BSCANID.u_xsdbm_id/SWITCH_N_EXT_BSCAN.u_bufg_icon_tck/O
                         net (fo=482, routed)         0.846     2.436    dbg_hub/inst/BSCANID.u_xsdbm_id/CORE_XSDB.UUT_MASTER/U_ICON_INTERFACE/U_CMD6_RD/U_RD_FIFO/SUBCORE_FIFO.xsdbm_v3_0_0_rdfifo_inst/inst_fifo_gen/gconvfifo.rf/grf.rf/gntv_or_sync_fifo.gcx.clkx/gnxpm_cdc.gsync_stage[1].rd_stg_inst/rd_clk
    SLICE_X66Y156        FDCE                                         r  dbg_hub/inst/BSCANID.u_xsdbm_id/CORE_XSDB.UUT_MASTER/U_ICON_INTERFACE/U_CMD6_RD/U_RD_FIFO/SUBCORE_FIFO.xsdbm_v3_0_0_rdfifo_inst/inst_fifo_gen/gconvfifo.rf/grf.rf/gntv_or_sync_fifo.gcx.clkx/gnxpm_cdc.gsync_stage[1].rd_stg_inst/Q_reg_reg[0]/C
                         clock pessimism             -0.420     2.016    
    SLICE_X66Y156        FDCE (Remov_fdce_C_CLR)     -0.067     1.949    dbg_hub/inst/BSCANID.u_xsdbm_id/CORE_XSDB.UUT_MASTER/U_ICON_INTERFACE/U_CMD6_RD/U_RD_FIFO/SUBCORE_FIFO.xsdbm_v3_0_0_rdfifo_inst/inst_fifo_gen/gconvfifo.rf/grf.rf/gntv_or_sync_fifo.gcx.clkx/gnxpm_cdc.gsync_stage[1].rd_stg_inst/Q_reg_reg[0]
  -------------------------------------------------------------------
                         required time                         -1.949    
                         arrival time                           2.315    
  -------------------------------------------------------------------
                         slack                                  0.366    

Slack (MET) :             0.366ns  (arrival time - required time)
  Source:                 dbg_hub/inst/BSCANID.u_xsdbm_id/CORE_XSDB.UUT_MASTER/U_ICON_INTERFACE/U_CMD6_RD/U_RD_FIFO/SUBCORE_FIFO.xsdbm_v3_0_0_rdfifo_inst/inst_fifo_gen/gconvfifo.rf/grf.rf/rstblk/ngwrdrst.grst.g7serrst.rd_rst_reg_reg[1]/C
                            (rising edge-triggered cell FDPE clocked by dbg_hub/inst/BSCANID.u_xsdbm_id/SWITCH_N_EXT_BSCAN.bscan_inst/SERIES7_BSCAN.bscan_inst/TCK  {rise@0.000ns fall@16.500ns period=33.000ns})
  Destination:            dbg_hub/inst/BSCANID.u_xsdbm_id/CORE_XSDB.UUT_MASTER/U_ICON_INTERFACE/U_CMD6_RD/U_RD_FIFO/SUBCORE_FIFO.xsdbm_v3_0_0_rdfifo_inst/inst_fifo_gen/gconvfifo.rf/grf.rf/gntv_or_sync_fifo.gcx.clkx/gnxpm_cdc.gsync_stage[1].rd_stg_inst/Q_reg_reg[1]/CLR
                            (removal check against rising-edge clock dbg_hub/inst/BSCANID.u_xsdbm_id/SWITCH_N_EXT_BSCAN.bscan_inst/SERIES7_BSCAN.bscan_inst/TCK  {rise@0.000ns fall@16.500ns period=33.000ns})
  Path Group:             **async_default**
  Path Type:              Removal (Min at Fast Process Corner)
  Requirement:            0.000ns  (dbg_hub/inst/BSCANID.u_xsdbm_id/SWITCH_N_EXT_BSCAN.bscan_inst/SERIES7_BSCAN.bscan_inst/TCK rise@0.000ns - dbg_hub/inst/BSCANID.u_xsdbm_id/SWITCH_N_EXT_BSCAN.bscan_inst/SERIES7_BSCAN.bscan_inst/TCK rise@0.000ns)
  Data Path Delay:        0.334ns  (logic 0.141ns (42.258%)  route 0.193ns (57.742%))
  Logic Levels:           0  
  Clock Path Skew:        0.035ns (DCD - SCD - CPR)
    Destination Clock Delay (DCD):    2.436ns
    Source Clock Delay      (SCD):    1.981ns
    Clock Pessimism Removal (CPR):    0.420ns

    Location             Delay type                Incr(ns)  Path(ns)    Netlist Resource(s)
  -------------------------------------------------------------------    -------------------
                         (clock dbg_hub/inst/BSCANID.u_xsdbm_id/SWITCH_N_EXT_BSCAN.bscan_inst/SERIES7_BSCAN.bscan_inst/TCK rise edge)
                                                      0.000     0.000 r  
    BSCAN_X0Y0           BSCANE2                      0.000     0.000 r  dbg_hub/inst/BSCANID.u_xsdbm_id/SWITCH_N_EXT_BSCAN.bscan_inst/SERIES7_BSCAN.bscan_inst/TCK
                         net (fo=1, routed)           1.378     1.378    dbg_hub/inst/BSCANID.u_xsdbm_id/tck_bs
    BUFGCTRL_X0Y3        BUFG (Prop_bufg_I_O)         0.026     1.404 r  dbg_hub/inst/BSCANID.u_xsdbm_id/SWITCH_N_EXT_BSCAN.u_bufg_icon_tck/O
                         net (fo=482, routed)         0.578     1.981    dbg_hub/inst/BSCANID.u_xsdbm_id/CORE_XSDB.UUT_MASTER/U_ICON_INTERFACE/U_CMD6_RD/U_RD_FIFO/SUBCORE_FIFO.xsdbm_v3_0_0_rdfifo_inst/inst_fifo_gen/gconvfifo.rf/grf.rf/rstblk/rd_clk
    SLICE_X65Y156        FDPE                                         r  dbg_hub/inst/BSCANID.u_xsdbm_id/CORE_XSDB.UUT_MASTER/U_ICON_INTERFACE/U_CMD6_RD/U_RD_FIFO/SUBCORE_FIFO.xsdbm_v3_0_0_rdfifo_inst/inst_fifo_gen/gconvfifo.rf/grf.rf/rstblk/ngwrdrst.grst.g7serrst.rd_rst_reg_reg[1]/C
  -------------------------------------------------------------------    -------------------
    SLICE_X65Y156        FDPE (Prop_fdpe_C_Q)         0.141     2.122 f  dbg_hub/inst/BSCANID.u_xsdbm_id/CORE_XSDB.UUT_MASTER/U_ICON_INTERFACE/U_CMD6_RD/U_RD_FIFO/SUBCORE_FIFO.xsdbm_v3_0_0_rdfifo_inst/inst_fifo_gen/gconvfifo.rf/grf.rf/rstblk/ngwrdrst.grst.g7serrst.rd_rst_reg_reg[1]/Q
                         net (fo=16, routed)          0.193     2.315    dbg_hub/inst/BSCANID.u_xsdbm_id/CORE_XSDB.UUT_MASTER/U_ICON_INTERFACE/U_CMD6_RD/U_RD_FIFO/SUBCORE_FIFO.xsdbm_v3_0_0_rdfifo_inst/inst_fifo_gen/gconvfifo.rf/grf.rf/gntv_or_sync_fifo.gcx.clkx/gnxpm_cdc.gsync_stage[1].rd_stg_inst/Q_reg_reg[0]_0[0]
    SLICE_X66Y156        FDCE                                         f  dbg_hub/inst/BSCANID.u_xsdbm_id/CORE_XSDB.UUT_MASTER/U_ICON_INTERFACE/U_CMD6_RD/U_RD_FIFO/SUBCORE_FIFO.xsdbm_v3_0_0_rdfifo_inst/inst_fifo_gen/gconvfifo.rf/grf.rf/gntv_or_sync_fifo.gcx.clkx/gnxpm_cdc.gsync_stage[1].rd_stg_inst/Q_reg_reg[1]/CLR
  -------------------------------------------------------------------    -------------------

                         (clock dbg_hub/inst/BSCANID.u_xsdbm_id/SWITCH_N_EXT_BSCAN.bscan_inst/SERIES7_BSCAN.bscan_inst/TCK rise edge)
                                                      0.000     0.000 r  
    BSCAN_X0Y0           BSCANE2                      0.000     0.000 r  dbg_hub/inst/BSCANID.u_xsdbm_id/SWITCH_N_EXT_BSCAN.bscan_inst/SERIES7_BSCAN.bscan_inst/TCK
                         net (fo=1, routed)           1.561     1.561    dbg_hub/inst/BSCANID.u_xsdbm_id/tck_bs
    BUFGCTRL_X0Y3        BUFG (Prop_bufg_I_O)         0.029     1.590 r  dbg_hub/inst/BSCANID.u_xsdbm_id/SWITCH_N_EXT_BSCAN.u_bufg_icon_tck/O
                         net (fo=482, routed)         0.846     2.436    dbg_hub/inst/BSCANID.u_xsdbm_id/CORE_XSDB.UUT_MASTER/U_ICON_INTERFACE/U_CMD6_RD/U_RD_FIFO/SUBCORE_FIFO.xsdbm_v3_0_0_rdfifo_inst/inst_fifo_gen/gconvfifo.rf/grf.rf/gntv_or_sync_fifo.gcx.clkx/gnxpm_cdc.gsync_stage[1].rd_stg_inst/rd_clk
    SLICE_X66Y156        FDCE                                         r  dbg_hub/inst/BSCANID.u_xsdbm_id/CORE_XSDB.UUT_MASTER/U_ICON_INTERFACE/U_CMD6_RD/U_RD_FIFO/SUBCORE_FIFO.xsdbm_v3_0_0_rdfifo_inst/inst_fifo_gen/gconvfifo.rf/grf.rf/gntv_or_sync_fifo.gcx.clkx/gnxpm_cdc.gsync_stage[1].rd_stg_inst/Q_reg_reg[1]/C
                         clock pessimism             -0.420     2.016    
    SLICE_X66Y156        FDCE (Remov_fdce_C_CLR)     -0.067     1.949    dbg_hub/inst/BSCANID.u_xsdbm_id/CORE_XSDB.UUT_MASTER/U_ICON_INTERFACE/U_CMD6_RD/U_RD_FIFO/SUBCORE_FIFO.xsdbm_v3_0_0_rdfifo_inst/inst_fifo_gen/gconvfifo.rf/grf.rf/gntv_or_sync_fifo.gcx.clkx/gnxpm_cdc.gsync_stage[1].rd_stg_inst/Q_reg_reg[1]
  -------------------------------------------------------------------
                         required time                         -1.949    
                         arrival time                           2.315    
  -------------------------------------------------------------------
                         slack                                  0.366    

Slack (MET) :             0.366ns  (arrival time - required time)
  Source:                 dbg_hub/inst/BSCANID.u_xsdbm_id/CORE_XSDB.UUT_MASTER/U_ICON_INTERFACE/U_CMD6_RD/U_RD_FIFO/SUBCORE_FIFO.xsdbm_v3_0_0_rdfifo_inst/inst_fifo_gen/gconvfifo.rf/grf.rf/rstblk/ngwrdrst.grst.g7serrst.rd_rst_reg_reg[1]/C
                            (rising edge-triggered cell FDPE clocked by dbg_hub/inst/BSCANID.u_xsdbm_id/SWITCH_N_EXT_BSCAN.bscan_inst/SERIES7_BSCAN.bscan_inst/TCK  {rise@0.000ns fall@16.500ns period=33.000ns})
  Destination:            dbg_hub/inst/BSCANID.u_xsdbm_id/CORE_XSDB.UUT_MASTER/U_ICON_INTERFACE/U_CMD6_RD/U_RD_FIFO/SUBCORE_FIFO.xsdbm_v3_0_0_rdfifo_inst/inst_fifo_gen/gconvfifo.rf/grf.rf/gntv_or_sync_fifo.gcx.clkx/gnxpm_cdc.gsync_stage[1].rd_stg_inst/Q_reg_reg[2]/CLR
                            (removal check against rising-edge clock dbg_hub/inst/BSCANID.u_xsdbm_id/SWITCH_N_EXT_BSCAN.bscan_inst/SERIES7_BSCAN.bscan_inst/TCK  {rise@0.000ns fall@16.500ns period=33.000ns})
  Path Group:             **async_default**
  Path Type:              Removal (Min at Fast Process Corner)
  Requirement:            0.000ns  (dbg_hub/inst/BSCANID.u_xsdbm_id/SWITCH_N_EXT_BSCAN.bscan_inst/SERIES7_BSCAN.bscan_inst/TCK rise@0.000ns - dbg_hub/inst/BSCANID.u_xsdbm_id/SWITCH_N_EXT_BSCAN.bscan_inst/SERIES7_BSCAN.bscan_inst/TCK rise@0.000ns)
  Data Path Delay:        0.334ns  (logic 0.141ns (42.258%)  route 0.193ns (57.742%))
  Logic Levels:           0  
  Clock Path Skew:        0.035ns (DCD - SCD - CPR)
    Destination Clock Delay (DCD):    2.436ns
    Source Clock Delay      (SCD):    1.981ns
    Clock Pessimism Removal (CPR):    0.420ns

    Location             Delay type                Incr(ns)  Path(ns)    Netlist Resource(s)
  -------------------------------------------------------------------    -------------------
                         (clock dbg_hub/inst/BSCANID.u_xsdbm_id/SWITCH_N_EXT_BSCAN.bscan_inst/SERIES7_BSCAN.bscan_inst/TCK rise edge)
                                                      0.000     0.000 r  
    BSCAN_X0Y0           BSCANE2                      0.000     0.000 r  dbg_hub/inst/BSCANID.u_xsdbm_id/SWITCH_N_EXT_BSCAN.bscan_inst/SERIES7_BSCAN.bscan_inst/TCK
                         net (fo=1, routed)           1.378     1.378    dbg_hub/inst/BSCANID.u_xsdbm_id/tck_bs
    BUFGCTRL_X0Y3        BUFG (Prop_bufg_I_O)         0.026     1.404 r  dbg_hub/inst/BSCANID.u_xsdbm_id/SWITCH_N_EXT_BSCAN.u_bufg_icon_tck/O
                         net (fo=482, routed)         0.578     1.981    dbg_hub/inst/BSCANID.u_xsdbm_id/CORE_XSDB.UUT_MASTER/U_ICON_INTERFACE/U_CMD6_RD/U_RD_FIFO/SUBCORE_FIFO.xsdbm_v3_0_0_rdfifo_inst/inst_fifo_gen/gconvfifo.rf/grf.rf/rstblk/rd_clk
    SLICE_X65Y156        FDPE                                         r  dbg_hub/inst/BSCANID.u_xsdbm_id/CORE_XSDB.UUT_MASTER/U_ICON_INTERFACE/U_CMD6_RD/U_RD_FIFO/SUBCORE_FIFO.xsdbm_v3_0_0_rdfifo_inst/inst_fifo_gen/gconvfifo.rf/grf.rf/rstblk/ngwrdrst.grst.g7serrst.rd_rst_reg_reg[1]/C
  -------------------------------------------------------------------    -------------------
    SLICE_X65Y156        FDPE (Prop_fdpe_C_Q)         0.141     2.122 f  dbg_hub/inst/BSCANID.u_xsdbm_id/CORE_XSDB.UUT_MASTER/U_ICON_INTERFACE/U_CMD6_RD/U_RD_FIFO/SUBCORE_FIFO.xsdbm_v3_0_0_rdfifo_inst/inst_fifo_gen/gconvfifo.rf/grf.rf/rstblk/ngwrdrst.grst.g7serrst.rd_rst_reg_reg[1]/Q
                         net (fo=16, routed)          0.193     2.315    dbg_hub/inst/BSCANID.u_xsdbm_id/CORE_XSDB.UUT_MASTER/U_ICON_INTERFACE/U_CMD6_RD/U_RD_FIFO/SUBCORE_FIFO.xsdbm_v3_0_0_rdfifo_inst/inst_fifo_gen/gconvfifo.rf/grf.rf/gntv_or_sync_fifo.gcx.clkx/gnxpm_cdc.gsync_stage[1].rd_stg_inst/Q_reg_reg[0]_0[0]
    SLICE_X66Y156        FDCE                                         f  dbg_hub/inst/BSCANID.u_xsdbm_id/CORE_XSDB.UUT_MASTER/U_ICON_INTERFACE/U_CMD6_RD/U_RD_FIFO/SUBCORE_FIFO.xsdbm_v3_0_0_rdfifo_inst/inst_fifo_gen/gconvfifo.rf/grf.rf/gntv_or_sync_fifo.gcx.clkx/gnxpm_cdc.gsync_stage[1].rd_stg_inst/Q_reg_reg[2]/CLR
  -------------------------------------------------------------------    -------------------

                         (clock dbg_hub/inst/BSCANID.u_xsdbm_id/SWITCH_N_EXT_BSCAN.bscan_inst/SERIES7_BSCAN.bscan_inst/TCK rise edge)
                                                      0.000     0.000 r  
    BSCAN_X0Y0           BSCANE2                      0.000     0.000 r  dbg_hub/inst/BSCANID.u_xsdbm_id/SWITCH_N_EXT_BSCAN.bscan_inst/SERIES7_BSCAN.bscan_inst/TCK
                         net (fo=1, routed)           1.561     1.561    dbg_hub/inst/BSCANID.u_xsdbm_id/tck_bs
    BUFGCTRL_X0Y3        BUFG (Prop_bufg_I_O)         0.029     1.590 r  dbg_hub/inst/BSCANID.u_xsdbm_id/SWITCH_N_EXT_BSCAN.u_bufg_icon_tck/O
                         net (fo=482, routed)         0.846     2.436    dbg_hub/inst/BSCANID.u_xsdbm_id/CORE_XSDB.UUT_MASTER/U_ICON_INTERFACE/U_CMD6_RD/U_RD_FIFO/SUBCORE_FIFO.xsdbm_v3_0_0_rdfifo_inst/inst_fifo_gen/gconvfifo.rf/grf.rf/gntv_or_sync_fifo.gcx.clkx/gnxpm_cdc.gsync_stage[1].rd_stg_inst/rd_clk
    SLICE_X66Y156        FDCE                                         r  dbg_hub/inst/BSCANID.u_xsdbm_id/CORE_XSDB.UUT_MASTER/U_ICON_INTERFACE/U_CMD6_RD/U_RD_FIFO/SUBCORE_FIFO.xsdbm_v3_0_0_rdfifo_inst/inst_fifo_gen/gconvfifo.rf/grf.rf/gntv_or_sync_fifo.gcx.clkx/gnxpm_cdc.gsync_stage[1].rd_stg_inst/Q_reg_reg[2]/C
                         clock pessimism             -0.420     2.016    
    SLICE_X66Y156        FDCE (Remov_fdce_C_CLR)     -0.067     1.949    dbg_hub/inst/BSCANID.u_xsdbm_id/CORE_XSDB.UUT_MASTER/U_ICON_INTERFACE/U_CMD6_RD/U_RD_FIFO/SUBCORE_FIFO.xsdbm_v3_0_0_rdfifo_inst/inst_fifo_gen/gconvfifo.rf/grf.rf/gntv_or_sync_fifo.gcx.clkx/gnxpm_cdc.gsync_stage[1].rd_stg_inst/Q_reg_reg[2]
  -------------------------------------------------------------------
                         required time                         -1.949    
                         arrival time                           2.315    
  -------------------------------------------------------------------
                         slack                                  0.366    

Slack (MET) :             0.366ns  (arrival time - required time)
  Source:                 dbg_hub/inst/BSCANID.u_xsdbm_id/CORE_XSDB.UUT_MASTER/U_ICON_INTERFACE/U_CMD6_RD/U_RD_FIFO/SUBCORE_FIFO.xsdbm_v3_0_0_rdfifo_inst/inst_fifo_gen/gconvfifo.rf/grf.rf/rstblk/ngwrdrst.grst.g7serrst.rd_rst_reg_reg[1]/C
                            (rising edge-triggered cell FDPE clocked by dbg_hub/inst/BSCANID.u_xsdbm_id/SWITCH_N_EXT_BSCAN.bscan_inst/SERIES7_BSCAN.bscan_inst/TCK  {rise@0.000ns fall@16.500ns period=33.000ns})
  Destination:            dbg_hub/inst/BSCANID.u_xsdbm_id/CORE_XSDB.UUT_MASTER/U_ICON_INTERFACE/U_CMD6_RD/U_RD_FIFO/SUBCORE_FIFO.xsdbm_v3_0_0_rdfifo_inst/inst_fifo_gen/gconvfifo.rf/grf.rf/gntv_or_sync_fifo.gcx.clkx/gnxpm_cdc.gsync_stage[2].rd_stg_inst/Q_reg_reg[0]/CLR
                            (removal check against rising-edge clock dbg_hub/inst/BSCANID.u_xsdbm_id/SWITCH_N_EXT_BSCAN.bscan_inst/SERIES7_BSCAN.bscan_inst/TCK  {rise@0.000ns fall@16.500ns period=33.000ns})
  Path Group:             **async_default**
  Path Type:              Removal (Min at Fast Process Corner)
  Requirement:            0.000ns  (dbg_hub/inst/BSCANID.u_xsdbm_id/SWITCH_N_EXT_BSCAN.bscan_inst/SERIES7_BSCAN.bscan_inst/TCK rise@0.000ns - dbg_hub/inst/BSCANID.u_xsdbm_id/SWITCH_N_EXT_BSCAN.bscan_inst/SERIES7_BSCAN.bscan_inst/TCK rise@0.000ns)
  Data Path Delay:        0.334ns  (logic 0.141ns (42.258%)  route 0.193ns (57.742%))
  Logic Levels:           0  
  Clock Path Skew:        0.035ns (DCD - SCD - CPR)
    Destination Clock Delay (DCD):    2.436ns
    Source Clock Delay      (SCD):    1.981ns
    Clock Pessimism Removal (CPR):    0.420ns

    Location             Delay type                Incr(ns)  Path(ns)    Netlist Resource(s)
  -------------------------------------------------------------------    -------------------
                         (clock dbg_hub/inst/BSCANID.u_xsdbm_id/SWITCH_N_EXT_BSCAN.bscan_inst/SERIES7_BSCAN.bscan_inst/TCK rise edge)
                                                      0.000     0.000 r  
    BSCAN_X0Y0           BSCANE2                      0.000     0.000 r  dbg_hub/inst/BSCANID.u_xsdbm_id/SWITCH_N_EXT_BSCAN.bscan_inst/SERIES7_BSCAN.bscan_inst/TCK
                         net (fo=1, routed)           1.378     1.378    dbg_hub/inst/BSCANID.u_xsdbm_id/tck_bs
    BUFGCTRL_X0Y3        BUFG (Prop_bufg_I_O)         0.026     1.404 r  dbg_hub/inst/BSCANID.u_xsdbm_id/SWITCH_N_EXT_BSCAN.u_bufg_icon_tck/O
                         net (fo=482, routed)         0.578     1.981    dbg_hub/inst/BSCANID.u_xsdbm_id/CORE_XSDB.UUT_MASTER/U_ICON_INTERFACE/U_CMD6_RD/U_RD_FIFO/SUBCORE_FIFO.xsdbm_v3_0_0_rdfifo_inst/inst_fifo_gen/gconvfifo.rf/grf.rf/rstblk/rd_clk
    SLICE_X65Y156        FDPE                                         r  dbg_hub/inst/BSCANID.u_xsdbm_id/CORE_XSDB.UUT_MASTER/U_ICON_INTERFACE/U_CMD6_RD/U_RD_FIFO/SUBCORE_FIFO.xsdbm_v3_0_0_rdfifo_inst/inst_fifo_gen/gconvfifo.rf/grf.rf/rstblk/ngwrdrst.grst.g7serrst.rd_rst_reg_reg[1]/C
  -------------------------------------------------------------------    -------------------
    SLICE_X65Y156        FDPE (Prop_fdpe_C_Q)         0.141     2.122 f  dbg_hub/inst/BSCANID.u_xsdbm_id/CORE_XSDB.UUT_MASTER/U_ICON_INTERFACE/U_CMD6_RD/U_RD_FIFO/SUBCORE_FIFO.xsdbm_v3_0_0_rdfifo_inst/inst_fifo_gen/gconvfifo.rf/grf.rf/rstblk/ngwrdrst.grst.g7serrst.rd_rst_reg_reg[1]/Q
                         net (fo=16, routed)          0.193     2.315    dbg_hub/inst/BSCANID.u_xsdbm_id/CORE_XSDB.UUT_MASTER/U_ICON_INTERFACE/U_CMD6_RD/U_RD_FIFO/SUBCORE_FIFO.xsdbm_v3_0_0_rdfifo_inst/inst_fifo_gen/gconvfifo.rf/grf.rf/gntv_or_sync_fifo.gcx.clkx/gnxpm_cdc.gsync_stage[2].rd_stg_inst/Q_reg_reg[0]_0[0]
    SLICE_X66Y156        FDCE                                         f  dbg_hub/inst/BSCANID.u_xsdbm_id/CORE_XSDB.UUT_MASTER/U_ICON_INTERFACE/U_CMD6_RD/U_RD_FIFO/SUBCORE_FIFO.xsdbm_v3_0_0_rdfifo_inst/inst_fifo_gen/gconvfifo.rf/grf.rf/gntv_or_sync_fifo.gcx.clkx/gnxpm_cdc.gsync_stage[2].rd_stg_inst/Q_reg_reg[0]/CLR
  -------------------------------------------------------------------    -------------------

                         (clock dbg_hub/inst/BSCANID.u_xsdbm_id/SWITCH_N_EXT_BSCAN.bscan_inst/SERIES7_BSCAN.bscan_inst/TCK rise edge)
                                                      0.000     0.000 r  
    BSCAN_X0Y0           BSCANE2                      0.000     0.000 r  dbg_hub/inst/BSCANID.u_xsdbm_id/SWITCH_N_EXT_BSCAN.bscan_inst/SERIES7_BSCAN.bscan_inst/TCK
                         net (fo=1, routed)           1.561     1.561    dbg_hub/inst/BSCANID.u_xsdbm_id/tck_bs
    BUFGCTRL_X0Y3        BUFG (Prop_bufg_I_O)         0.029     1.590 r  dbg_hub/inst/BSCANID.u_xsdbm_id/SWITCH_N_EXT_BSCAN.u_bufg_icon_tck/O
                         net (fo=482, routed)         0.846     2.436    dbg_hub/inst/BSCANID.u_xsdbm_id/CORE_XSDB.UUT_MASTER/U_ICON_INTERFACE/U_CMD6_RD/U_RD_FIFO/SUBCORE_FIFO.xsdbm_v3_0_0_rdfifo_inst/inst_fifo_gen/gconvfifo.rf/grf.rf/gntv_or_sync_fifo.gcx.clkx/gnxpm_cdc.gsync_stage[2].rd_stg_inst/rd_clk
    SLICE_X66Y156        FDCE                                         r  dbg_hub/inst/BSCANID.u_xsdbm_id/CORE_XSDB.UUT_MASTER/U_ICON_INTERFACE/U_CMD6_RD/U_RD_FIFO/SUBCORE_FIFO.xsdbm_v3_0_0_rdfifo_inst/inst_fifo_gen/gconvfifo.rf/grf.rf/gntv_or_sync_fifo.gcx.clkx/gnxpm_cdc.gsync_stage[2].rd_stg_inst/Q_reg_reg[0]/C
                         clock pessimism             -0.420     2.016    
    SLICE_X66Y156        FDCE (Remov_fdce_C_CLR)     -0.067     1.949    dbg_hub/inst/BSCANID.u_xsdbm_id/CORE_XSDB.UUT_MASTER/U_ICON_INTERFACE/U_CMD6_RD/U_RD_FIFO/SUBCORE_FIFO.xsdbm_v3_0_0_rdfifo_inst/inst_fifo_gen/gconvfifo.rf/grf.rf/gntv_or_sync_fifo.gcx.clkx/gnxpm_cdc.gsync_stage[2].rd_stg_inst/Q_reg_reg[0]
  -------------------------------------------------------------------
                         required time                         -1.949    
                         arrival time                           2.315    
  -------------------------------------------------------------------
                         slack                                  0.366    

Slack (MET) :             0.366ns  (arrival time - required time)
  Source:                 dbg_hub/inst/BSCANID.u_xsdbm_id/CORE_XSDB.UUT_MASTER/U_ICON_INTERFACE/U_CMD6_RD/U_RD_FIFO/SUBCORE_FIFO.xsdbm_v3_0_0_rdfifo_inst/inst_fifo_gen/gconvfifo.rf/grf.rf/rstblk/ngwrdrst.grst.g7serrst.rd_rst_reg_reg[1]/C
                            (rising edge-triggered cell FDPE clocked by dbg_hub/inst/BSCANID.u_xsdbm_id/SWITCH_N_EXT_BSCAN.bscan_inst/SERIES7_BSCAN.bscan_inst/TCK  {rise@0.000ns fall@16.500ns period=33.000ns})
  Destination:            dbg_hub/inst/BSCANID.u_xsdbm_id/CORE_XSDB.UUT_MASTER/U_ICON_INTERFACE/U_CMD6_RD/U_RD_FIFO/SUBCORE_FIFO.xsdbm_v3_0_0_rdfifo_inst/inst_fifo_gen/gconvfifo.rf/grf.rf/gntv_or_sync_fifo.gcx.clkx/gnxpm_cdc.gsync_stage[2].rd_stg_inst/Q_reg_reg[1]/CLR
                            (removal check against rising-edge clock dbg_hub/inst/BSCANID.u_xsdbm_id/SWITCH_N_EXT_BSCAN.bscan_inst/SERIES7_BSCAN.bscan_inst/TCK  {rise@0.000ns fall@16.500ns period=33.000ns})
  Path Group:             **async_default**
  Path Type:              Removal (Min at Fast Process Corner)
  Requirement:            0.000ns  (dbg_hub/inst/BSCANID.u_xsdbm_id/SWITCH_N_EXT_BSCAN.bscan_inst/SERIES7_BSCAN.bscan_inst/TCK rise@0.000ns - dbg_hub/inst/BSCANID.u_xsdbm_id/SWITCH_N_EXT_BSCAN.bscan_inst/SERIES7_BSCAN.bscan_inst/TCK rise@0.000ns)
  Data Path Delay:        0.334ns  (logic 0.141ns (42.258%)  route 0.193ns (57.742%))
  Logic Levels:           0  
  Clock Path Skew:        0.035ns (DCD - SCD - CPR)
    Destination Clock Delay (DCD):    2.436ns
    Source Clock Delay      (SCD):    1.981ns
    Clock Pessimism Removal (CPR):    0.420ns

    Location             Delay type                Incr(ns)  Path(ns)    Netlist Resource(s)
  -------------------------------------------------------------------    -------------------
                         (clock dbg_hub/inst/BSCANID.u_xsdbm_id/SWITCH_N_EXT_BSCAN.bscan_inst/SERIES7_BSCAN.bscan_inst/TCK rise edge)
                                                      0.000     0.000 r  
    BSCAN_X0Y0           BSCANE2                      0.000     0.000 r  dbg_hub/inst/BSCANID.u_xsdbm_id/SWITCH_N_EXT_BSCAN.bscan_inst/SERIES7_BSCAN.bscan_inst/TCK
                         net (fo=1, routed)           1.378     1.378    dbg_hub/inst/BSCANID.u_xsdbm_id/tck_bs
    BUFGCTRL_X0Y3        BUFG (Prop_bufg_I_O)         0.026     1.404 r  dbg_hub/inst/BSCANID.u_xsdbm_id/SWITCH_N_EXT_BSCAN.u_bufg_icon_tck/O
                         net (fo=482, routed)         0.578     1.981    dbg_hub/inst/BSCANID.u_xsdbm_id/CORE_XSDB.UUT_MASTER/U_ICON_INTERFACE/U_CMD6_RD/U_RD_FIFO/SUBCORE_FIFO.xsdbm_v3_0_0_rdfifo_inst/inst_fifo_gen/gconvfifo.rf/grf.rf/rstblk/rd_clk
    SLICE_X65Y156        FDPE                                         r  dbg_hub/inst/BSCANID.u_xsdbm_id/CORE_XSDB.UUT_MASTER/U_ICON_INTERFACE/U_CMD6_RD/U_RD_FIFO/SUBCORE_FIFO.xsdbm_v3_0_0_rdfifo_inst/inst_fifo_gen/gconvfifo.rf/grf.rf/rstblk/ngwrdrst.grst.g7serrst.rd_rst_reg_reg[1]/C
  -------------------------------------------------------------------    -------------------
    SLICE_X65Y156        FDPE (Prop_fdpe_C_Q)         0.141     2.122 f  dbg_hub/inst/BSCANID.u_xsdbm_id/CORE_XSDB.UUT_MASTER/U_ICON_INTERFACE/U_CMD6_RD/U_RD_FIFO/SUBCORE_FIFO.xsdbm_v3_0_0_rdfifo_inst/inst_fifo_gen/gconvfifo.rf/grf.rf/rstblk/ngwrdrst.grst.g7serrst.rd_rst_reg_reg[1]/Q
                         net (fo=16, routed)          0.193     2.315    dbg_hub/inst/BSCANID.u_xsdbm_id/CORE_XSDB.UUT_MASTER/U_ICON_INTERFACE/U_CMD6_RD/U_RD_FIFO/SUBCORE_FIFO.xsdbm_v3_0_0_rdfifo_inst/inst_fifo_gen/gconvfifo.rf/grf.rf/gntv_or_sync_fifo.gcx.clkx/gnxpm_cdc.gsync_stage[2].rd_stg_inst/Q_reg_reg[0]_0[0]
    SLICE_X66Y156        FDCE                                         f  dbg_hub/inst/BSCANID.u_xsdbm_id/CORE_XSDB.UUT_MASTER/U_ICON_INTERFACE/U_CMD6_RD/U_RD_FIFO/SUBCORE_FIFO.xsdbm_v3_0_0_rdfifo_inst/inst_fifo_gen/gconvfifo.rf/grf.rf/gntv_or_sync_fifo.gcx.clkx/gnxpm_cdc.gsync_stage[2].rd_stg_inst/Q_reg_reg[1]/CLR
  -------------------------------------------------------------------    -------------------

                         (clock dbg_hub/inst/BSCANID.u_xsdbm_id/SWITCH_N_EXT_BSCAN.bscan_inst/SERIES7_BSCAN.bscan_inst/TCK rise edge)
                                                      0.000     0.000 r  
    BSCAN_X0Y0           BSCANE2                      0.000     0.000 r  dbg_hub/inst/BSCANID.u_xsdbm_id/SWITCH_N_EXT_BSCAN.bscan_inst/SERIES7_BSCAN.bscan_inst/TCK
                         net (fo=1, routed)           1.561     1.561    dbg_hub/inst/BSCANID.u_xsdbm_id/tck_bs
    BUFGCTRL_X0Y3        BUFG (Prop_bufg_I_O)         0.029     1.590 r  dbg_hub/inst/BSCANID.u_xsdbm_id/SWITCH_N_EXT_BSCAN.u_bufg_icon_tck/O
                         net (fo=482, routed)         0.846     2.436    dbg_hub/inst/BSCANID.u_xsdbm_id/CORE_XSDB.UUT_MASTER/U_ICON_INTERFACE/U_CMD6_RD/U_RD_FIFO/SUBCORE_FIFO.xsdbm_v3_0_0_rdfifo_inst/inst_fifo_gen/gconvfifo.rf/grf.rf/gntv_or_sync_fifo.gcx.clkx/gnxpm_cdc.gsync_stage[2].rd_stg_inst/rd_clk
    SLICE_X66Y156        FDCE                                         r  dbg_hub/inst/BSCANID.u_xsdbm_id/CORE_XSDB.UUT_MASTER/U_ICON_INTERFACE/U_CMD6_RD/U_RD_FIFO/SUBCORE_FIFO.xsdbm_v3_0_0_rdfifo_inst/inst_fifo_gen/gconvfifo.rf/grf.rf/gntv_or_sync_fifo.gcx.clkx/gnxpm_cdc.gsync_stage[2].rd_stg_inst/Q_reg_reg[1]/C
                         clock pessimism             -0.420     2.016    
    SLICE_X66Y156        FDCE (Remov_fdce_C_CLR)     -0.067     1.949    dbg_hub/inst/BSCANID.u_xsdbm_id/CORE_XSDB.UUT_MASTER/U_ICON_INTERFACE/U_CMD6_RD/U_RD_FIFO/SUBCORE_FIFO.xsdbm_v3_0_0_rdfifo_inst/inst_fifo_gen/gconvfifo.rf/grf.rf/gntv_or_sync_fifo.gcx.clkx/gnxpm_cdc.gsync_stage[2].rd_stg_inst/Q_reg_reg[1]
  -------------------------------------------------------------------
                         required time                         -1.949    
                         arrival time                           2.315    
  -------------------------------------------------------------------
                         slack                                  0.366    





