; CSV, generated by atk_libsigrok4 1.0.0 on 2026-07-31 11:04:28
; Channels (5/16)
; ChannelsType: 31
; Sample rate: 20 MHz
; Sample count: 9.536743 M
; Sampling time: 2026-07-31 10:59:07.619
SystemTime, Time(s), STV_mode, oepsn, ud, cpv, chip_sel
'2026-07-31 10:59:07.687000000,0.000000000,0,0,0,1,0
'2026-07-31 10:59:07.687129400,0.000129400,0,0,0,0,1
'2026-07-31 10:59:07.687132350,0.000132350,0,0,0,0,0
'2026-07-31 10:59:07.687132400,0.000132400,0,0,0,1,0
'2026-07-31 10:59:07.687279400,0.000279400,0,0,0,0,1
'2026-07-31 10:59:07.687282350,0.000282350,0,0,0,0,0
'2026-07-31 10:59:07.687282400,0.000282400,0,0,0,1,0
'2026-07-31 10:59:07.687429400,0.000429400,0,0,0,0,1
'2026-07-31 10:59:07.687432350,0.000432350,0,0,0,0,0
'2026-07-31 10:59:07.687432400,0.000432400,0,0,0,1,0
'2026-07-31 10:59:07.687579400,0.000579400,0,0,0,0,1
'2026-07-31 10:59:07.687582350,0.000582350,0,0,0,0,0
'2026-07-31 10:59:07.687582400,0.000582400,0,0,0,1,0
'2026-07-31 10:59:07.687729400,0.000729400,0,0,0,0,1
'2026-07-31 10:59:07.687732350,0.000732350,0,0,0,0,0
'2026-07-31 10:59:07.687732400,0.000732400,0,0,0,1,0
'2026-07-31 10:59:07.687879400,0.000879400,0,0,0,0,1
'2026-07-31 10:59:07.687882350,0.000882350,0,0,0,0,0
'2026-07-31 10:59:07.687882400,0.000882400,0,0,0,1,0
'2026-07-31 10:59:07.688029400,0.001029400,0,0,0,0,1
'2026-07-31 10:59:07.688032350,0.001032350,0,0,0,0,0
'2026-07-31 10:59:07.688032400,0.001032400,0,0,0,1,0
'2026-07-31 10:59:07.688179400,0.001179400,0,0,0,0,1
'2026-07-31 10:59:07.688182350,0.001182350,0,0,0,0,0
'2026-07-31 10:59:07.688182400,0.001182400,0,0,0,1,0
'2026-07-31 10:59:07.688329400,0.001329400,0,0,0,0,1
'2026-07-31 10:59:07.688332350,0.001332350,0,0,0,0,0
'2026-07-31 10:59:07.688332400,0.001332400,0,0,0,1,0
'2026-07-31 10:59:07.688479400,0.001479400,0,0,0,0,1
'2026-07-31 10:59:07.688482350,0.001482350,0,0,0,0,0
'2026-07-31 10:59:07.688482400,0.001482400,0,0,0,1,0
'2026-07-31 10:59:07.688629400,0.001629400,0,0,0,0,1
'2026-07-31 10:59:07.688632350,0.001632350,0,0,0,0,0
'2026-07-31 10:59:07.688632400,0.001632400,0,0,0,1,0
'2026-07-31 10:59:07.688779400,0.001779400,0,0,0,0,1
'2026-07-31 10:59:07.688782350,0.001782350,0,0,0,0,0
'2026-07-31 10:59:07.688782400,0.001782400,0,0,0,1,0
'2026-07-31 10:59:07.688929400,0.001929400,0,0,0,0,1
'2026-07-31 10:59:07.688932350,0.001932350,0,0,0,0,0
'2026-07-31 10:59:07.688932400,0.001932400,0,0,0,1,0
'2026-07-31 10:59:07.689079400,0.002079400,0,0,0,0,1
'2026-07-31 10:59:07.689082350,0.002082350,0,0,0,0,0
'2026-07-31 10:59:07.689082400,0.002082400,0,0,0,1,0
'2026-07-31 10:59:07.689229400,0.002229400,0,0,0,0,1
'2026-07-31 10:59:07.689232350,0.002232350,0,0,0,0,0
'2026-07-31 10:59:07.689232400,0.002232400,0,0,0,1,0
'2026-07-31 10:59:07.689379400,0.002379400,0,0,0,0,1
'2026-07-31 10:59:07.689382350,0.002382350,0,0,0,0,0
'2026-07-31 10:59:07.689382400,0.002382400,0,0,0,1,0
'2026-07-31 10:59:07.689529400,0.002529400,0,0,0,0,1
'2026-07-31 10:59:07.689532350,0.002532350,0,0,0,0,0
'2026-07-31 10:59:07.689532400,0.002532400,0,0,0,1,0
'2026-07-31 10:59:07.689679400,0.002679400,0,0,0,0,1
'2026-07-31 10:59:07.689682350,0.002682350,0,0,0,0,0
'2026-07-31 10:59:07.689682400,0.002682400,0,0,0,1,0
'2026-07-31 10:59:07.689829400,0.002829400,0,0,0,0,1
'2026-07-31 10:59:07.689832350,0.002832350,0,0,0,0,0
'2026-07-31 10:59:07.689832400,0.002832400,0,0,0,1,0
'2026-07-31 10:59:07.689979350,0.002979350,0,0,0,1,1
'2026-07-31 10:59:07.689979400,0.002979400,0,0,0,0,1
'2026-07-31 10:59:07.689982350,0.002982350,0,0,0,1,0
'2026-07-31 10:59:07.690129350,0.003129350,0,0,0,0,1
'2026-07-31 10:59:07.690132350,0.003132350,0,0,0,1,0
'2026-07-31 10:59:07.690279350,0.003279350,0,0,0,0,1
'2026-07-31 10:59:07.690282350,0.003282350,0,0,0,1,0
'2026-07-31 10:59:07.690429350,0.003429350,0,0,0,0,1
'2026-07-31 10:59:07.690432350,0.003432350,0,0,0,1,0
'2026-07-31 10:59:07.690579350,0.003579350,0,0,0,0,1
'2026-07-31 10:59:07.690582350,0.003582350,0,0,0,1,0
'2026-07-31 10:59:07.690729350,0.003729350,0,0,0,0,1
'2026-07-31 10:59:07.690732350,0.003732350,0,0,0,1,0
'2026-07-31 10:59:07.690879350,0.003879350,0,0,0,0,1
'2026-07-31 10:59:07.690882350,0.003882350,0,0,0,1,0
'2026-07-31 10:59:07.691029350,0.004029350,0,0,0,0,1
'2026-07-31 10:59:07.691032350,0.004032350,0,0,0,1,0
'2026-07-31 10:59:07.691179350,0.004179350,0,0,0,0,1
'2026-07-31 10:59:07.691182350,0.004182350,0,0,0,1,0
'2026-07-31 10:59:07.691329350,0.004329350,0,0,0,0,1
'2026-07-31 10:59:07.691332350,0.004332350,0,0,0,1,0
'2026-07-31 10:59:07.691479350,0.004479350,0,0,0,0,1
'2026-07-31 10:59:07.691482350,0.004482350,0,0,0,1,0
'2026-07-31 10:59:07.691629350,0.004629350,0,0,0,0,1
'2026-07-31 10:59:07.691632350,0.004632350,0,0,0,1,0
'2026-07-31 10:59:07.691779350,0.004779350,0,0,0,0,1
'2026-07-31 10:59:07.691782350,0.004782350,0,0,0,1,0
'2026-07-31 10:59:07.691929350,0.004929350,0,0,0,0,1
'2026-07-31 10:59:07.691932350,0.004932350,0,0,0,1,0
'2026-07-31 10:59:07.692079350,0.005079350,0,0,0,0,1
'2026-07-31 10:59:07.692082350,0.005082350,0,0,0,1,0
'2026-07-31 10:59:07.692229350,0.005229350,0,0,0,0,1
'2026-07-31 10:59:07.692232350,0.005232350,0,0,0,1,0
'2026-07-31 10:59:07.692379350,0.005379350,0,0,0,0,1
'2026-07-31 10:59:07.692382350,0.005382350,0,0,0,1,0
'2026-07-31 10:59:07.692529350,0.005529350,0,0,0,0,1
'2026-07-31 10:59:07.692532350,0.005532350,0,0,0,1,0
'2026-07-31 10:59:07.692679350,0.005679350,0,0,0,0,1
'2026-07-31 10:59:07.692682350,0.005682350,0,0,0,1,0
'2026-07-31 10:59:07.692829350,0.005829350,0,0,0,0,1
'2026-07-31 10:59:07.692832350,0.005832350,0,0,0,1,0
'2026-07-31 10:59:07.692979350,0.005979350,0,0,0,0,1
'2026-07-31 10:59:07.692982350,0.005982350,0,0,0,1,0
'2026-07-31 10:59:07.693129350,0.006129350,0,0,0,0,1
'2026-07-31 10:59:07.693132350,0.006132350,0,0,0,1,0
'2026-07-31 10:59:07.693279350,0.006279350,0,0,0,0,1
'2026-07-31 10:59:07.693282350,0.006282350,0,0,0,1,0
'2026-07-31 10:59:07.693429350,0.006429350,0,0,0,0,1
'2026-07-31 10:59:07.693432350,0.006432350,0,0,0,1,0
'2026-07-31 10:59:07.693579350,0.006579350,0,0,0,0,1
'2026-07-31 10:59:07.693582350,0.006582350,0,0,0,1,0
'2026-07-31 10:59:07.693729350,0.006729350,0,0,0,0,1
'2026-07-31 10:59:07.693732350,0.006732350,0,0,0,1,0
'2026-07-31 10:59:07.693879350,0.006879350,0,0,0,0,1
'2026-07-31 10:59:07.693882350,0.006882350,0,0,0,1,0
'2026-07-31 10:59:07.694029350,0.007029350,0,0,0,0,1
'2026-07-31 10:59:07.694032350,0.007032350,0,0,0,1,0
'2026-07-31 10:59:07.694179350,0.007179350,0,0,0,0,1
'2026-07-31 10:59:07.694182350,0.007182350,0,0,0,1,0
'2026-07-31 10:59:07.694329350,0.007329350,0,0,0,0,1
'2026-07-31 10:59:07.694332350,0.007332350,0,0,0,1,0
'2026-07-31 10:59:07.694479350,0.007479350,0,0,0,0,1
'2026-07-31 10:59:07.694482350,0.007482350,0,0,0,1,0
'2026-07-31 10:59:07.694629350,0.007629350,0,0,0,0,1
'2026-07-31 10:59:07.694632350,0.007632350,0,0,0,1,0
'2026-07-31 10:59:07.694779350,0.007779350,0,0,0,0,1
'2026-07-31 10:59:07.694782350,0.007782350,0,0,0,1,0
'2026-07-31 10:59:07.694929350,0.007929350,0,0,0,0,1
'2026-07-31 10:59:07.694932350,0.007932350,0,0,0,1,0
'2026-07-31 10:59:07.695079350,0.008079350,0,0,0,0,1
'2026-07-31 10:59:07.695082350,0.008082350,0,0,0,1,0
'2026-07-31 10:59:07.695229350,0.008229350,0,0,0,0,1
'2026-07-31 10:59:07.695232350,0.008232350,0,0,0,1,0
'2026-07-31 10:59:07.695379350,0.008379350,0,0,0,0,1
'2026-07-31 10:59:07.695382350,0.008382350,0,0,0,1,0
'2026-07-31 10:59:07.695529350,0.008529350,0,0,0,0,1
'2026-07-31 10:59:07.695532350,0.008532350,0,0,0,1,0
'2026-07-31 10:59:07.695679350,0.008679350,0,0,0,0,1
'2026-07-31 10:59:07.695682350,0.008682350,0,0,0,1,0
'2026-07-31 10:59:07.695829350,0.008829350,0,0,0,0,1
'2026-07-31 10:59:07.695832350,0.008832350,0,0,0,1,0
'2026-07-31 10:59:07.695979350,0.008979350,0,0,0,0,1
'2026-07-31 10:59:07.695982350,0.008982350,0,0,0,1,0
'2026-07-31 10:59:07.696129350,0.009129350,0,0,0,0,1
'2026-07-31 10:59:07.696132350,0.009132350,0,0,0,1,0
'2026-07-31 10:59:07.696279350,0.009279350,0,0,0,0,1
'2026-07-31 10:59:07.696282350,0.009282350,0,0,0,1,0
'2026-07-31 10:59:07.696429350,0.009429350,0,0,0,0,1
'2026-07-31 10:59:07.696432300,0.009432300,0,0,0,0,0
'2026-07-31 10:59:07.696432350,0.009432350,0,0,0,1,0
'2026-07-31 10:59:07.696579350,0.009579350,0,0,0,0,1
'2026-07-31 10:59:07.696582300,0.009582300,0,0,0,0,0
'2026-07-31 10:59:07.696582350,0.009582350,0,0,0,1,0
'2026-07-31 10:59:07.696729350,0.009729350,0,0,0,0,1
'2026-07-31 10:59:07.696732300,0.009732300,0,0,0,0,0
'2026-07-31 10:59:07.696732350,0.009732350,0,0,0,1,0
'2026-07-31 10:59:07.696879350,0.009879350,0,0,0,0,1
'2026-07-31 10:59:07.696882300,0.009882300,0,0,0,0,0
'2026-07-31 10:59:07.696882350,0.009882350,0,0,0,1,0
'2026-07-31 10:59:07.697029350,0.010029350,0,0,0,0,1
'2026-07-31 10:59:07.697032300,0.010032300,0,0,0,0,0
'2026-07-31 10:59:07.697032350,0.010032350,0,0,0,1,0
'2026-07-31 10:59:07.697179350,0.010179350,0,0,0,0,1
'2026-07-31 10:59:07.697182300,0.010182300,0,0,0,0,0
'2026-07-31 10:59:07.697182350,0.010182350,0,0,0,1,0
'2026-07-31 10:59:07.697329350,0.010329350,0,0,0,0,1
'2026-07-31 10:59:07.697332300,0.010332300,0,0,0,0,0
'2026-07-31 10:59:07.697332350,0.010332350,0,0,0,1,0
'2026-07-31 10:59:07.697479350,0.010479350,0,0,0,0,1
'2026-07-31 10:59:07.697482300,0.010482300,0,0,0,0,0
'2026-07-31 10:59:07.697482350,0.010482350,0,0,0,1,0
'2026-07-31 10:59:07.697629350,0.010629350,0,0,0,0,1
'2026-07-31 10:59:07.697632300,0.010632300,0,0,0,0,0
'2026-07-31 10:59:07.697632350,0.010632350,0,0,0,1,0
'2026-07-31 10:59:07.697779350,0.010779350,0,0,0,0,1
'2026-07-31 10:59:07.697782300,0.010782300,0,0,0,0,0
'2026-07-31 10:59:07.697782350,0.010782350,0,0,0,1,0
'2026-07-31 10:59:07.697929350,0.010929350,0,0,0,0,1
'2026-07-31 10:59:07.697932300,0.010932300,0,0,0,0,0
'2026-07-31 10:59:07.697932350,0.010932350,0,0,0,1,0
'2026-07-31 10:59:07.698079350,0.011079350,0,0,0,0,1
'2026-07-31 10:59:07.698082300,0.011082300,0,0,0,0,0
'2026-07-31 10:59:07.698082350,0.011082350,0,0,0,1,0
'2026-07-31 10:59:07.698229350,0.011229350,0,0,0,0,1
'2026-07-31 10:59:07.698232300,0.011232300,0,0,0,0,0
'2026-07-31 10:59:07.698232350,0.011232350,0,0,0,1,0
'2026-07-31 10:59:07.698379350,0.011379350,0,0,0,0,1
'2026-07-31 10:59:07.698382300,0.011382300,0,0,0,0,0
'2026-07-31 10:59:07.698382350,0.011382350,0,0,0,1,0
'2026-07-31 10:59:07.698529350,0.011529350,0,0,0,0,1
'2026-07-31 10:59:07.698532300,0.011532300,0,0,0,0,0
'2026-07-31 10:59:07.698532350,0.011532350,0,0,0,1,0
'2026-07-31 10:59:07.698679350,0.011679350,0,0,0,0,1
'2026-07-31 10:59:07.698682300,0.011682300,0,0,0,0,0
'2026-07-31 10:59:07.698682350,0.011682350,0,0,0,1,0
'2026-07-31 10:59:07.698829350,0.011829350,0,0,0,0,1
'2026-07-31 10:59:07.698832300,0.011832300,0,0,0,0,0
'2026-07-31 10:59:07.698832350,0.011832350,0,0,0,1,0
'2026-07-31 10:59:07.698979350,0.011979350,0,0,0,0,1
'2026-07-31 10:59:07.698982300,0.011982300,0,0,0,0,0
'2026-07-31 10:59:07.698982350,0.011982350,0,0,0,1,0
'2026-07-31 10:59:07.699129350,0.012129350,0,0,0,0,1
'2026-07-31 10:59:07.699132300,0.012132300,0,0,0,0,0
'2026-07-31 10:59:07.699132350,0.012132350,0,0,0,1,0
'2026-07-31 10:59:07.699279350,0.012279350,0,0,0,0,1
'2026-07-31 10:59:07.699282300,0.012282300,0,0,0,0,0
'2026-07-31 10:59:07.699282350,0.012282350,0,0,0,1,0
'2026-07-31 10:59:07.699429350,0.012429350,0,0,0,0,1
'2026-07-31 10:59:07.699432300,0.012432300,0,0,0,0,0
'2026-07-31 10:59:07.699432350,0.012432350,0,0,0,1,0
'2026-07-31 10:59:07.699579350,0.012579350,0,0,0,0,1
'2026-07-31 10:59:07.699582300,0.012582300,0,0,0,0,0
'2026-07-31 10:59:07.699582350,0.012582350,0,0,0,1,0
'2026-07-31 10:59:07.699729350,0.012729350,0,0,0,0,1
'2026-07-31 10:59:07.699732300,0.012732300,0,0,0,0,0
'2026-07-31 10:59:07.699732350,0.012732350,0,0,0,1,0
'2026-07-31 10:59:07.699879350,0.012879350,0,0,0,0,1
'2026-07-31 10:59:07.699882300,0.012882300,0,0,0,0,0
'2026-07-31 10:59:07.699882350,0.012882350,0,0,0,1,0
'2026-07-31 10:59:07.700029350,0.013029350,0,0,0,0,1
'2026-07-31 10:59:07.700032300,0.013032300,0,0,0,0,0
'2026-07-31 10:59:07.700032350,0.013032350,0,0,0,1,0
'2026-07-31 10:59:07.700179350,0.013179350,0,0,0,0,1
'2026-07-31 10:59:07.700182300,0.013182300,0,0,0,0,0
'2026-07-31 10:59:07.700182350,0.013182350,0,0,0,1,0
'2026-07-31 10:59:07.700329350,0.013329350,0,0,0,0,1
'2026-07-31 10:59:07.700332300,0.013332300,0,0,0,0,0
'2026-07-31 10:59:07.700332350,0.013332350,0,0,0,1,0
'2026-07-31 10:59:07.700479300,0.013479300,0,0,0,0,1
'2026-07-31 10:59:07.700482300,0.013482300,0,0,0,1,0
'2026-07-31 10:59:07.700629300,0.013629300,0,0,0,0,1
'2026-07-31 10:59:07.700632300,0.013632300,0,0,0,1,0
'2026-07-31 10:59:07.700779300,0.013779300,0,0,0,0,1
'2026-07-31 10:59:07.700782300,0.013782300,0,0,0,1,0
'2026-07-31 10:59:07.700929300,0.013929300,0,0,0,0,1
'2026-07-31 10:59:07.700932300,0.013932300,0,0,0,1,0
'2026-07-31 10:59:07.701079300,0.014079300,0,0,0,0,1
'2026-07-31 10:59:07.701082300,0.014082300,0,0,0,1,0
'2026-07-31 10:59:07.701229300,0.014229300,0,0,0,0,1
'2026-07-31 10:59:07.701232300,0.014232300,0,0,0,1,0
'2026-07-31 10:59:07.701379300,0.014379300,0,0,0,0,1
'2026-07-31 10:59:07.701382300,0.014382300,0,0,0,1,0
'2026-07-31 10:59:07.701529300,0.014529300,0,0,0,0,1
'2026-07-31 10:59:07.701532300,0.014532300,0,0,0,1,0
'2026-07-31 10:59:07.701679300,0.014679300,0,0,0,0,1
'2026-07-31 10:59:07.701682300,0.014682300,0,0,0,1,0
'2026-07-31 10:59:07.701829300,0.014829300,0,0,0,0,1
'2026-07-31 10:59:07.701832300,0.014832300,0,0,0,1,0
'2026-07-31 10:59:07.701979300,0.014979300,0,0,0,0,1
'2026-07-31 10:59:07.701982300,0.014982300,0,0,0,1,0
'2026-07-31 10:59:07.702129300,0.015129300,0,0,0,0,1
'2026-07-31 10:59:07.702132300,0.015132300,0,0,0,1,0
'2026-07-31 10:59:07.702279300,0.015279300,0,0,0,0,1
'2026-07-31 10:59:07.702282300,0.015282300,0,0,0,1,0
'2026-07-31 10:59:07.702429300,0.015429300,0,0,0,0,1
'2026-07-31 10:59:07.702432300,0.015432300,0,0,0,1,0
'2026-07-31 10:59:07.702579300,0.015579300,0,0,0,0,1
'2026-07-31 10:59:07.702582300,0.015582300,0,0,0,1,0
'2026-07-31 10:59:07.702729300,0.015729300,0,0,0,0,1
'2026-07-31 10:59:07.702732300,0.015732300,0,0,0,1,0
'2026-07-31 10:59:07.702879300,0.015879300,0,0,0,0,1
'2026-07-31 10:59:07.702882300,0.015882300,0,0,0,1,0
'2026-07-31 10:59:07.703029300,0.016029300,0,0,0,0,1
'2026-07-31 10:59:07.703032300,0.016032300,0,0,0,1,0
'2026-07-31 10:59:07.703179300,0.016179300,0,0,0,0,1
'2026-07-31 10:59:07.703182300,0.016182300,0,0,0,1,0
'2026-07-31 10:59:07.703329300,0.016329300,0,0,0,0,1
'2026-07-31 10:59:07.703332300,0.016332300,0,0,0,1,0
'2026-07-31 10:59:07.703479300,0.016479300,0,0,0,0,1
'2026-07-31 10:59:07.703482300,0.016482300,0,0,0,1,0
'2026-07-31 10:59:07.703629300,0.016629300,0,0,0,0,1
'2026-07-31 10:59:07.703632300,0.016632300,0,0,0,1,0
'2026-07-31 10:59:07.703779300,0.016779300,0,0,0,0,1
'2026-07-31 10:59:07.703782300,0.016782300,0,0,0,1,0
'2026-07-31 10:59:07.703929300,0.016929300,0,0,0,0,1
'2026-07-31 10:59:07.703932300,0.016932300,0,0,0,1,0
'2026-07-31 10:59:07.704079300,0.017079300,0,0,0,0,1
'2026-07-31 10:59:07.704082300,0.017082300,0,0,0,1,0
'2026-07-31 10:59:07.704229300,0.017229300,0,0,0,0,1
'2026-07-31 10:59:07.704232300,0.017232300,0,0,0,1,0
'2026-07-31 10:59:07.704379300,0.017379300,0,0,0,0,1
'2026-07-31 10:59:07.704382300,0.017382300,0,0,0,1,0
'2026-07-31 10:59:07.704529300,0.017529300,0,0,0,0,1
'2026-07-31 10:59:07.704532300,0.017532300,0,0,0,1,0
'2026-07-31 10:59:07.704679300,0.017679300,0,0,0,0,1
'2026-07-31 10:59:07.704682300,0.017682300,0,0,0,1,0
'2026-07-31 10:59:07.704829300,0.017829300,0,0,0,0,1
'2026-07-31 10:59:07.704832300,0.017832300,0,0,0,1,0
'2026-07-31 10:59:07.704979300,0.017979300,0,0,0,0,1
'2026-07-31 10:59:07.704982300,0.017982300,0,0,0,1,0
'2026-07-31 10:59:07.705129300,0.018129300,0,0,0,0,1
'2026-07-31 10:59:07.705132300,0.018132300,0,0,0,1,0
'2026-07-31 10:59:07.705279300,0.018279300,0,0,0,0,1
'2026-07-31 10:59:07.705282300,0.018282300,0,0,0,1,0
'2026-07-31 10:59:07.705429300,0.018429300,0,0,0,0,1
'2026-07-31 10:59:07.705432300,0.018432300,0,0,0,1,0
'2026-07-31 10:59:07.705579300,0.018579300,0,0,0,0,1
'2026-07-31 10:59:07.705582300,0.018582300,0,0,0,1,0
'2026-07-31 10:59:07.705729300,0.018729300,0,0,0,0,1
'2026-07-31 10:59:07.705732300,0.018732300,0,0,0,1,0
'2026-07-31 10:59:07.705879300,0.018879300,0,0,0,0,1
'2026-07-31 10:59:07.705882300,0.018882300,0,0,0,1,0
'2026-07-31 10:59:07.706029300,0.019029300,0,0,0,0,1
'2026-07-31 10:59:07.706032300,0.019032300,0,0,0,1,0
'2026-07-31 10:59:07.706179300,0.019179300,0,0,0,0,1
'2026-07-31 10:59:07.706182300,0.019182300,0,0,0,1,0
'2026-07-31 10:59:07.706329300,0.019329300,0,0,0,0,1
'2026-07-31 10:59:07.706332300,0.019332300,0,0,0,1,0
'2026-07-31 10:59:07.706479300,0.019479300,0,0,0,0,1
'2026-07-31 10:59:07.706482300,0.019482300,0,0,0,1,0
'2026-07-31 10:59:07.706629300,0.019629300,0,0,0,0,1
'2026-07-31 10:59:07.706632300,0.019632300,0,0,0,1,0
'2026-07-31 10:59:07.706779300,0.019779300,0,0,0,0,1
'2026-07-31 10:59:07.706782250,0.019782250,0,0,0,0,0
'2026-07-31 10:59:07.706782300,0.019782300,0,0,0,1,0
'2026-07-31 10:59:07.706929300,0.019929300,0,0,0,0,1
'2026-07-31 10:59:07.706932250,0.019932250,0,0,0,0,0
'2026-07-31 10:59:07.706932300,0.019932300,0,0,0,1,0
'2026-07-31 10:59:07.707079300,0.020079300,0,0,0,0,1
'2026-07-31 10:59:07.707082250,0.020082250,0,0,0,0,0
'2026-07-31 10:59:07.707082300,0.020082300,0,0,0,1,0
'2026-07-31 10:59:07.707229300,0.020229300,0,0,0,0,1
'2026-07-31 10:59:07.707232250,0.020232250,0,0,0,0,0
'2026-07-31 10:59:07.707232300,0.020232300,0,0,0,1,0
'2026-07-31 10:59:07.707379300,0.020379300,0,0,0,0,1
'2026-07-31 10:59:07.707382250,0.020382250,0,0,0,0,0
'2026-07-31 10:59:07.707382300,0.020382300,0,0,0,1,0
'2026-07-31 10:59:07.707529300,0.020529300,0,0,0,0,1
'2026-07-31 10:59:07.707532250,0.020532250,0,0,0,0,0
'2026-07-31 10:59:07.707532300,0.020532300,0,0,0,1,0
'2026-07-31 10:59:07.707679300,0.020679300,0,0,0,0,1
'2026-07-31 10:59:07.707682250,0.020682250,0,0,0,0,0
'2026-07-31 10:59:07.707682300,0.020682300,0,0,0,1,0
'2026-07-31 10:59:07.707829300,0.020829300,0,0,0,0,1
'2026-07-31 10:59:07.707832250,0.020832250,0,0,0,0,0
'2026-07-31 10:59:07.707832300,0.020832300,0,0,0,1,0
'2026-07-31 10:59:07.707979300,0.020979300,0,0,0,0,1
'2026-07-31 10:59:07.707982250,0.020982250,0,0,0,0,0
'2026-07-31 10:59:07.707982300,0.020982300,0,0,0,1,0
'2026-07-31 10:59:07.708129300,0.021129300,0,0,0,0,1
'2026-07-31 10:59:07.708132250,0.021132250,0,0,0,0,0
'2026-07-31 10:59:07.708132300,0.021132300,0,0,0,1,0
'2026-07-31 10:59:07.708279300,0.021279300,0,0,0,0,1
'2026-07-31 10:59:07.708282250,0.021282250,0,0,0,0,0
'2026-07-31 10:59:07.708282300,0.021282300,0,0,0,1,0
'2026-07-31 10:59:07.708429300,0.021429300,0,0,0,0,1
'2026-07-31 10:59:07.708432250,0.021432250,0,0,0,0,0
'2026-07-31 10:59:07.708432300,0.021432300,0,0,0,1,0
'2026-07-31 10:59:07.708579300,0.021579300,0,0,0,0,1
'2026-07-31 10:59:07.708582250,0.021582250,0,0,0,0,0
'2026-07-31 10:59:07.708582300,0.021582300,0,0,0,1,0
'2026-07-31 10:59:07.708729300,0.021729300,0,0,0,0,1
'2026-07-31 10:59:07.708732250,0.021732250,0,0,0,0,0
'2026-07-31 10:59:07.708732300,0.021732300,0,0,0,1,0
'2026-07-31 10:59:07.708879300,0.021879300,0,0,0,0,1
'2026-07-31 10:59:07.708882250,0.021882250,0,0,0,0,0
'2026-07-31 10:59:07.708882300,0.021882300,0,0,0,1,0
'2026-07-31 10:59:07.709029300,0.022029300,0,0,0,0,1
'2026-07-31 10:59:07.709032250,0.022032250,0,0,0,0,0
'2026-07-31 10:59:07.709032300,0.022032300,0,0,0,1,0
'2026-07-31 10:59:07.709179300,0.022179300,0,0,0,0,1
'2026-07-31 10:59:07.709182250,0.022182250,0,0,0,0,0
'2026-07-31 10:59:07.709182300,0.022182300,0,0,0,1,0
'2026-07-31 10:59:07.709329300,0.022329300,0,0,0,0,1
'2026-07-31 10:59:07.709332250,0.022332250,0,0,0,0,0
'2026-07-31 10:59:07.709332300,0.022332300,0,0,0,1,0
'2026-07-31 10:59:07.709479300,0.022479300,0,0,0,0,1
'2026-07-31 10:59:07.709482250,0.022482250,0,0,0,0,0
'2026-07-31 10:59:07.709482300,0.022482300,0,0,0,1,0
'2026-07-31 10:59:07.709629300,0.022629300,0,0,0,0,1
'2026-07-31 10:59:07.709632250,0.022632250,0,0,0,0,0
'2026-07-31 10:59:07.709632300,0.022632300,0,0,0,1,0
'2026-07-31 10:59:07.709779300,0.022779300,0,0,0,0,1
'2026-07-31 10:59:07.709782250,0.022782250,0,0,0,0,0
'2026-07-31 10:59:07.709782300,0.022782300,0,0,0,1,0
'2026-07-31 10:59:07.709929300,0.022929300,0,0,0,0,1
'2026-07-31 10:59:07.709932250,0.022932250,0,0,0,0,0
'2026-07-31 10:59:07.709932300,0.022932300,0,0,0,1,0
'2026-07-31 10:59:07.710079300,0.023079300,0,0,0,0,1
'2026-07-31 10:59:07.710082250,0.023082250,0,0,0,0,0
'2026-07-31 10:59:07.710082300,0.023082300,0,0,0,1,0
'2026-07-31 10:59:07.710229300,0.023229300,0,0,0,0,1
'2026-07-31 10:59:07.710232250,0.023232250,0,0,0,0,0
'2026-07-31 10:59:07.710232300,0.023232300,0,0,0,1,0
'2026-07-31 10:59:07.710379300,0.023379300,0,0,0,0,1
'2026-07-31 10:59:07.710382250,0.023382250,0,0,0,0,0
'2026-07-31 10:59:07.710382300,0.023382300,0,0,0,1,0
'2026-07-31 10:59:07.710529300,0.023529300,0,0,0,0,1
'2026-07-31 10:59:07.710532250,0.023532250,0,0,0,0,0
'2026-07-31 10:59:07.710532300,0.023532300,0,0,0,1,0
'2026-07-31 10:59:07.710679300,0.023679300,0,0,0,0,1
'2026-07-31 10:59:07.710682250,0.023682250,0,0,0,0,0
'2026-07-31 10:59:07.710682300,0.023682300,0,0,0,1,0
'2026-07-31 10:59:07.710829250,0.023829250,0,0,0,1,1
'2026-07-31 10:59:07.710829300,0.023829300,0,0,0,0,1
'2026-07-31 10:59:07.710832250,0.023832250,0,0,0,1,0
'2026-07-31 10:59:07.710979250,0.023979250,0,0,0,0,1
'2026-07-31 10:59:07.710982250,0.023982250,0,0,0,1,0
'2026-07-31 10:59:07.711129250,0.024129250,0,0,0,0,1
'2026-07-31 10:59:07.711132250,0.024132250,0,0,0,1,0
'2026-07-31 10:59:07.711279250,0.024279250,0,0,0,0,1
'2026-07-31 10:59:07.711282250,0.024282250,0,0,0,1,0
'2026-07-31 10:59:07.711429250,0.024429250,0,0,0,0,1
'2026-07-31 10:59:07.711432250,0.024432250,0,0,0,1,0
'2026-07-31 10:59:07.711579250,0.024579250,0,0,0,0,1
'2026-07-31 10:59:07.711582250,0.024582250,0,0,0,1,0
'2026-07-31 10:59:07.711729250,0.024729250,0,0,0,0,1
'2026-07-31 10:59:07.711732250,0.024732250,0,0,0,1,0
'2026-07-31 10:59:07.711879250,0.024879250,0,0,0,0,1
'2026-07-31 10:59:07.711882250,0.024882250,0,0,0,1,0
'2026-07-31 10:59:07.712029250,0.025029250,0,0,0,0,1
'2026-07-31 10:59:07.712032250,0.025032250,0,0,0,1,0
'2026-07-31 10:59:07.712179250,0.025179250,0,0,0,0,1
'2026-07-31 10:59:07.712182250,0.025182250,0,0,0,1,0
'2026-07-31 10:59:07.712329250,0.025329250,0,0,0,0,1
'2026-07-31 10:59:07.712332250,0.025332250,0,0,0,1,0
'2026-07-31 10:59:07.712479250,0.025479250,0,0,0,0,1
'2026-07-31 10:59:07.712482250,0.025482250,0,0,0,1,0
'2026-07-31 10:59:07.712629250,0.025629250,0,0,0,0,1
'2026-07-31 10:59:07.712632250,0.025632250,0,0,0,1,0
'2026-07-31 10:59:07.712779250,0.025779250,0,0,0,0,1
'2026-07-31 10:59:07.712782250,0.025782250,0,0,0,1,0
'2026-07-31 10:59:07.712929250,0.025929250,0,0,0,0,1
'2026-07-31 10:59:07.712932250,0.025932250,0,0,0,1,0
'2026-07-31 10:59:07.713079250,0.026079250,0,0,0,0,1
'2026-07-31 10:59:07.713082250,0.026082250,0,0,0,1,0
'2026-07-31 10:59:07.713229250,0.026229250,0,0,0,0,1
'2026-07-31 10:59:07.713232250,0.026232250,0,0,0,1,0
'2026-07-31 10:59:07.713379250,0.026379250,0,0,0,0,1
'2026-07-31 10:59:07.713382250,0.026382250,0,0,0,1,0
'2026-07-31 10:59:07.713529250,0.026529250,0,0,0,0,1
'2026-07-31 10:59:07.713532250,0.026532250,0,0,0,1,0
'2026-07-31 10:59:07.713679250,0.026679250,0,0,0,0,1
'2026-07-31 10:59:07.713682250,0.026682250,0,0,0,1,0
'2026-07-31 10:59:07.713829250,0.026829250,0,0,0,0,1
'2026-07-31 10:59:07.713832250,0.026832250,0,0,0,1,0
'2026-07-31 10:59:07.713979250,0.026979250,0,0,0,0,1
'2026-07-31 10:59:07.713982250,0.026982250,0,0,0,1,0
'2026-07-31 10:59:07.714129250,0.027129250,0,0,0,0,1
'2026-07-31 10:59:07.714132250,0.027132250,0,0,0,1,0
'2026-07-31 10:59:07.714279250,0.027279250,0,0,0,0,1
'2026-07-31 10:59:07.714282250,0.027282250,0,0,0,1,0
'2026-07-31 10:59:07.714429250,0.027429250,0,0,0,0,1
'2026-07-31 10:59:07.714432250,0.027432250,0,0,0,1,0
'2026-07-31 10:59:07.714579250,0.027579250,0,0,0,0,1
'2026-07-31 10:59:07.714582250,0.027582250,0,0,0,1,0
'2026-07-31 10:59:07.714729250,0.027729250,0,0,0,0,1
'2026-07-31 10:59:07.714732250,0.027732250,0,0,0,1,0
'2026-07-31 10:59:07.714879250,0.027879250,0,0,0,0,1
'2026-07-31 10:59:07.714882250,0.027882250,0,0,0,1,0
'2026-07-31 10:59:07.715029250,0.028029250,0,0,0,0,1
'2026-07-31 10:59:07.715032250,0.028032250,0,0,0,1,0
'2026-07-31 10:59:07.715179250,0.028179250,0,0,0,0,1
'2026-07-31 10:59:07.715182250,0.028182250,0,0,0,1,0
'2026-07-31 10:59:07.715329250,0.028329250,0,0,0,0,1
'2026-07-31 10:59:07.715332250,0.028332250,0,0,0,1,0
'2026-07-31 10:59:07.715479250,0.028479250,0,0,0,0,1
'2026-07-31 10:59:07.715482250,0.028482250,0,0,0,1,0
'2026-07-31 10:59:07.715629250,0.028629250,0,0,0,0,1
'2026-07-31 10:59:07.715632250,0.028632250,0,0,0,1,0
'2026-07-31 10:59:07.715779250,0.028779250,0,0,0,0,1
'2026-07-31 10:59:07.715782250,0.028782250,0,0,0,1,0
'2026-07-31 10:59:07.715929250,0.028929250,0,0,0,0,1
'2026-07-31 10:59:07.715932250,0.028932250,0,0,0,1,0
'2026-07-31 10:59:07.716079250,0.029079250,0,0,0,0,1
'2026-07-31 10:59:07.716082250,0.029082250,0,0,0,1,0
'2026-07-31 10:59:07.716229250,0.029229250,0,0,0,0,1
'2026-07-31 10:59:07.716232250,0.029232250,0,0,0,1,0
'2026-07-31 10:59:07.716379250,0.029379250,0,0,0,0,1
'2026-07-31 10:59:07.716382250,0.029382250,0,0,0,1,0
'2026-07-31 10:59:07.716529250,0.029529250,0,0,0,0,1
'2026-07-31 10:59:07.716532250,0.029532250,0,0,0,1,0
'2026-07-31 10:59:07.716679250,0.029679250,0,0,0,0,1
'2026-07-31 10:59:07.716682250,0.029682250,0,0,0,1,0
'2026-07-31 10:59:07.716829250,0.029829250,0,0,0,0,1
'2026-07-31 10:59:07.716832250,0.029832250,0,0,0,1,0
'2026-07-31 10:59:07.716979250,0.029979250,0,0,0,0,1
'2026-07-31 10:59:07.716982250,0.029982250,0,0,0,1,0
'2026-07-31 10:59:07.717129250,0.030129250,0,0,0,0,1
'2026-07-31 10:59:07.717132250,0.030132250,0,0,0,1,0
'2026-07-31 10:59:07.717279250,0.030279250,0,0,0,0,1
'2026-07-31 10:59:07.717282200,0.030282200,0,0,0,0,0
'2026-07-31 10:59:07.717282250,0.030282250,0,0,0,1,0
'2026-07-31 10:59:07.717429250,0.030429250,0,0,0,0,1
'2026-07-31 10:59:07.717432200,0.030432200,0,0,0,0,0
'2026-07-31 10:59:07.717432250,0.030432250,0,0,0,1,0
'2026-07-31 10:59:07.717579250,0.030579250,0,0,0,0,1
'2026-07-31 10:59:07.717582200,0.030582200,0,0,0,0,0
'2026-07-31 10:59:07.717582250,0.030582250,0,0,0,1,0
'2026-07-31 10:59:07.717729250,0.030729250,0,0,0,0,1
'2026-07-31 10:59:07.717732200,0.030732200,0,0,0,0,0
'2026-07-31 10:59:07.717732250,0.030732250,0,0,0,1,0
'2026-07-31 10:59:07.717879250,0.030879250,0,0,0,0,1
'2026-07-31 10:59:07.717882200,0.030882200,0,0,0,0,0
'2026-07-31 10:59:07.717882250,0.030882250,0,0,0,1,0
'2026-07-31 10:59:07.718029250,0.031029250,0,0,0,0,1
'2026-07-31 10:59:07.718032200,0.031032200,0,0,0,0,0
'2026-07-31 10:59:07.718032250,0.031032250,0,0,0,1,0
'2026-07-31 10:59:07.718179250,0.031179250,0,0,0,0,1
'2026-07-31 10:59:07.718182200,0.031182200,0,0,0,0,0
'2026-07-31 10:59:07.718182250,0.031182250,0,0,0,1,0
'2026-07-31 10:59:07.718329250,0.031329250,0,0,0,0,1
'2026-07-31 10:59:07.718332200,0.031332200,0,0,0,0,0
'2026-07-31 10:59:07.718332250,0.031332250,0,0,0,1,0
'2026-07-31 10:59:07.718479250,0.031479250,0,0,0,0,1
'2026-07-31 10:59:07.718482200,0.031482200,0,0,0,0,0
'2026-07-31 10:59:07.718482250,0.031482250,0,0,0,1,0
'2026-07-31 10:59:07.718629250,0.031629250,0,0,0,0,1
'2026-07-31 10:59:07.718632200,0.031632200,0,0,0,0,0
'2026-07-31 10:59:07.718632250,0.031632250,0,0,0,1,0
'2026-07-31 10:59:07.718779250,0.031779250,0,0,0,0,1
'2026-07-31 10:59:07.718782200,0.031782200,0,0,0,0,0
'2026-07-31 10:59:07.718782250,0.031782250,0,0,0,1,0
'2026-07-31 10:59:07.718929250,0.031929250,0,0,0,0,1
'2026-07-31 10:59:07.718932200,0.031932200,0,0,0,0,0
'2026-07-31 10:59:07.718932250,0.031932250,0,0,0,1,0
'2026-07-31 10:59:07.719079250,0.032079250,0,0,0,0,1
'2026-07-31 10:59:07.719082200,0.032082200,0,0,0,0,0
'2026-07-31 10:59:07.719082250,0.032082250,0,0,0,1,0
'2026-07-31 10:59:07.719229250,0.032229250,0,0,0,0,1
'2026-07-31 10:59:07.719232200,0.032232200,0,0,0,0,0
'2026-07-31 10:59:07.719232250,0.032232250,0,0,0,1,0
'2026-07-31 10:59:07.719379250,0.032379250,0,0,0,0,1
'2026-07-31 10:59:07.719382200,0.032382200,0,0,0,0,0
'2026-07-31 10:59:07.719382250,0.032382250,0,0,0,1,0
'2026-07-31 10:59:07.719529250,0.032529250,0,0,0,0,1
'2026-07-31 10:59:07.719532200,0.032532200,0,0,0,0,0
'2026-07-31 10:59:07.719532250,0.032532250,0,0,0,1,0
'2026-07-31 10:59:07.719679250,0.032679250,0,0,0,0,1
'2026-07-31 10:59:07.719682200,0.032682200,0,0,0,0,0
'2026-07-31 10:59:07.719682250,0.032682250,0,0,0,1,0
'2026-07-31 10:59:07.719829250,0.032829250,0,0,0,0,1
'2026-07-31 10:59:07.719832200,0.032832200,0,0,0,0,0
'2026-07-31 10:59:07.719832250,0.032832250,0,0,0,1,0
'2026-07-31 10:59:07.719979250,0.032979250,0,0,0,0,1
'2026-07-31 10:59:07.719982200,0.032982200,0,0,0,0,0
'2026-07-31 10:59:07.719982250,0.032982250,0,0,0,1,0
'2026-07-31 10:59:07.720129250,0.033129250,0,0,0,0,1
'2026-07-31 10:59:07.720132200,0.033132200,0,0,0,0,0
'2026-07-31 10:59:07.720132250,0.033132250,0,0,0,1,0
'2026-07-31 10:59:07.720279250,0.033279250,0,0,0,0,1
'2026-07-31 10:59:07.720282200,0.033282200,0,0,0,0,0
'2026-07-31 10:59:07.720282250,0.033282250,0,0,0,1,0
'2026-07-31 10:59:07.720429250,0.033429250,0,0,0,0,1
'2026-07-31 10:59:07.720432200,0.033432200,0,0,0,0,0
'2026-07-31 10:59:07.720432250,0.033432250,0,0,0,1,0
'2026-07-31 10:59:07.720579250,0.033579250,0,0,0,0,1
'2026-07-31 10:59:07.720582200,0.033582200,0,0,0,0,0
'2026-07-31 10:59:07.720582250,0.033582250,0,0,0,1,0
'2026-07-31 10:59:07.720729250,0.033729250,0,0,0,0,1
'2026-07-31 10:59:07.720732200,0.033732200,0,0,0,0,0
'2026-07-31 10:59:07.720732250,0.033732250,0,0,0,1,0
'2026-07-31 10:59:07.720879250,0.033879250,0,0,0,0,1
'2026-07-31 10:59:07.720882200,0.033882200,0,0,0,0,0
'2026-07-31 10:59:07.720882250,0.033882250,0,0,0,1,0
'2026-07-31 10:59:07.721029250,0.034029250,0,0,0,0,1
'2026-07-31 10:59:07.721032200,0.034032200,0,0,0,0,0
'2026-07-31 10:59:07.721032250,0.034032250,0,0,0,1,0
'2026-07-31 10:59:07.721179200,0.034179200,0,0,0,1,1
'2026-07-31 10:59:07.721179250,0.034179250,0,0,0,0,1
'2026-07-31 10:59:07.721182200,0.034182200,0,0,0,0,0
'2026-07-31 10:59:07.721182250,0.034182250,0,0,0,1,0
'2026-07-31 10:59:07.721329200,0.034329200,0,0,0,0,1
'2026-07-31 10:59:07.721332200,0.034332200,0,0,0,1,0
'2026-07-31 10:59:07.721479200,0.034479200,0,0,0,0,1
'2026-07-31 10:59:07.721482200,0.034482200,0,0,0,1,0
'2026-07-31 10:59:07.721629200,0.034629200,0,0,0,0,1
'2026-07-31 10:59:07.721632200,0.034632200,0,0,0,1,0
'2026-07-31 10:59:07.721779200,0.034779200,0,0,0,0,1
'2026-07-31 10:59:07.721782200,0.034782200,0,0,0,1,0
'2026-07-31 10:59:07.721929200,0.034929200,0,0,0,0,1
'2026-07-31 10:59:07.721932200,0.034932200,0,0,0,1,0
'2026-07-31 10:59:07.722079200,0.035079200,0,0,0,0,1
'2026-07-31 10:59:07.722082200,0.035082200,0,0,0,1,0
'2026-07-31 10:59:07.722229200,0.035229200,0,0,0,0,1
'2026-07-31 10:59:07.722232200,0.035232200,0,0,0,1,0
'2026-07-31 10:59:07.722379200,0.035379200,0,0,0,0,1
'2026-07-31 10:59:07.722382200,0.035382200,0,0,0,1,0
'2026-07-31 10:59:07.722529200,0.035529200,0,0,0,0,1
'2026-07-31 10:59:07.722532200,0.035532200,0,0,0,1,0
'2026-07-31 10:59:07.722679200,0.035679200,0,0,0,0,1
'2026-07-31 10:59:07.722682200,0.035682200,0,0,0,1,0
'2026-07-31 10:59:07.722829200,0.035829200,0,0,0,0,1
'2026-07-31 10:59:07.722832200,0.035832200,0,0,0,1,0
'2026-07-31 10:59:07.722979200,0.035979200,0,0,0,0,1
'2026-07-31 10:59:07.722982200,0.035982200,0,0,0,1,0
'2026-07-31 10:59:07.723129200,0.036129200,0,0,0,0,1
'2026-07-31 10:59:07.723132200,0.036132200,0,0,0,1,0
'2026-07-31 10:59:07.723279200,0.036279200,0,0,0,0,1
'2026-07-31 10:59:07.723282200,0.036282200,0,0,0,1,0
'2026-07-31 10:59:07.723429200,0.036429200,0,0,0,0,1
'2026-07-31 10:59:07.723432200,0.036432200,0,0,0,1,0
'2026-07-31 10:59:07.723579200,0.036579200,0,0,0,0,1
'2026-07-31 10:59:07.723582200,0.036582200,0,0,0,1,0
'2026-07-31 10:59:07.723729200,0.036729200,0,0,0,0,1
'2026-07-31 10:59:07.723732200,0.036732200,0,0,0,1,0
'2026-07-31 10:59:07.723879200,0.036879200,0,0,0,0,1
'2026-07-31 10:59:07.723882200,0.036882200,0,0,0,1,0
'2026-07-31 10:59:07.724029200,0.037029200,0,0,0,0,1
'2026-07-31 10:59:07.724032200,0.037032200,0,0,0,1,0
'2026-07-31 10:59:07.724179200,0.037179200,0,0,0,0,1
'2026-07-31 10:59:07.724182200,0.037182200,0,0,0,1,0
'2026-07-31 10:59:07.724329200,0.037329200,0,0,0,0,1
'2026-07-31 10:59:07.724332200,0.037332200,0,0,0,1,0
'2026-07-31 10:59:07.724479200,0.037479200,0,0,0,0,1
'2026-07-31 10:59:07.724482200,0.037482200,0,0,0,1,0
'2026-07-31 10:59:07.724629200,0.037629200,0,0,0,0,1
'2026-07-31 10:59:07.724632200,0.037632200,0,0,0,1,0
'2026-07-31 10:59:07.724779200,0.037779200,0,0,0,0,1
'2026-07-31 10:59:07.724782200,0.037782200,0,0,0,1,0
'2026-07-31 10:59:07.724929200,0.037929200,0,0,0,0,1
'2026-07-31 10:59:07.724932200,0.037932200,0,0,0,1,0
'2026-07-31 10:59:07.725079200,0.038079200,0,0,0,0,1
'2026-07-31 10:59:07.725082200,0.038082200,0,0,0,1,0
'2026-07-31 10:59:07.725229200,0.038229200,0,0,0,0,1
'2026-07-31 10:59:07.725232200,0.038232200,0,0,0,1,0
'2026-07-31 10:59:07.725379200,0.038379200,0,0,0,0,1
'2026-07-31 10:59:07.725382200,0.038382200,0,0,0,1,0
'2026-07-31 10:59:07.725529200,0.038529200,0,0,0,0,1
'2026-07-31 10:59:07.725532200,0.038532200,0,0,0,1,0
'2026-07-31 10:59:07.725679200,0.038679200,0,0,0,0,1
'2026-07-31 10:59:07.725682200,0.038682200,0,0,0,1,0
'2026-07-31 10:59:07.725829200,0.038829200,0,0,0,0,1
'2026-07-31 10:59:07.725832200,0.038832200,0,0,0,1,0
'2026-07-31 10:59:07.725979200,0.038979200,0,0,0,0,1
'2026-07-31 10:59:07.725982200,0.038982200,0,0,0,1,0
'2026-07-31 10:59:07.726129200,0.039129200,0,0,0,0,1
'2026-07-31 10:59:07.726132200,0.039132200,0,0,0,1,0
'2026-07-31 10:59:07.726279200,0.039279200,0,0,0,0,1
'2026-07-31 10:59:07.726282200,0.039282200,0,0,0,1,0
'2026-07-31 10:59:07.726429200,0.039429200,0,0,0,0,1
'2026-07-31 10:59:07.726432200,0.039432200,0,0,0,1,0
'2026-07-31 10:59:07.726579200,0.039579200,0,0,0,0,1
'2026-07-31 10:59:07.726582200,0.039582200,0,0,0,1,0
'2026-07-31 10:59:07.726729200,0.039729200,0,0,0,0,1
'2026-07-31 10:59:07.726732200,0.039732200,0,0,0,1,0
'2026-07-31 10:59:07.726879200,0.039879200,0,0,0,0,1
'2026-07-31 10:59:07.726882200,0.039882200,0,0,0,1,0
'2026-07-31 10:59:07.727029200,0.040029200,0,0,0,0,1
'2026-07-31 10:59:07.727032200,0.040032200,0,0,0,1,0
'2026-07-31 10:59:07.727179200,0.040179200,0,0,0,0,1
'2026-07-31 10:59:07.727182200,0.040182200,0,0,0,1,0
'2026-07-31 10:59:07.727329200,0.040329200,0,0,0,0,1
'2026-07-31 10:59:07.727332200,0.040332200,0,0,0,1,0
'2026-07-31 10:59:07.727479200,0.040479200,0,0,0,0,1
'2026-07-31 10:59:07.727482200,0.040482200,0,0,0,1,0
'2026-07-31 10:59:07.727629200,0.040629200,0,0,0,0,1
'2026-07-31 10:59:07.727632150,0.040632150,0,0,0,0,0
'2026-07-31 10:59:07.727632200,0.040632200,0,0,0,1,0
'2026-07-31 10:59:07.727779200,0.040779200,0,0,0,0,1
'2026-07-31 10:59:07.727782150,0.040782150,0,0,0,0,0
'2026-07-31 10:59:07.727782200,0.040782200,0,0,0,1,0
'2026-07-31 10:59:07.727929200,0.040929200,0,0,0,0,1
'2026-07-31 10:59:07.727932150,0.040932150,0,0,0,0,0
'2026-07-31 10:59:07.727932200,0.040932200,0,0,0,1,0
'2026-07-31 10:59:07.728079200,0.041079200,0,0,0,0,1
'2026-07-31 10:59:07.728082150,0.041082150,0,0,0,0,0
'2026-07-31 10:59:07.728082200,0.041082200,0,0,0,1,0
'2026-07-31 10:59:07.728229200,0.041229200,0,0,0,0,1
'2026-07-31 10:59:07.728232150,0.041232150,0,0,0,0,0
'2026-07-31 10:59:07.728232200,0.041232200,0,0,0,1,0
'2026-07-31 10:59:07.728379200,0.041379200,0,0,0,0,1
'2026-07-31 10:59:07.728382150,0.041382150,0,0,0,0,0
'2026-07-31 10:59:07.728382200,0.041382200,0,0,0,1,0
'2026-07-31 10:59:07.728529200,0.041529200,0,0,0,0,1
'2026-07-31 10:59:07.728532150,0.041532150,0,0,0,0,0
'2026-07-31 10:59:07.728532200,0.041532200,0,0,0,1,0
'2026-07-31 10:59:07.728679200,0.041679200,0,0,0,0,1
'2026-07-31 10:59:07.728682150,0.041682150,0,0,0,0,0
'2026-07-31 10:59:07.728682200,0.041682200,0,0,0,1,0
'2026-07-31 10:59:07.728829200,0.041829200,0,0,0,0,1
'2026-07-31 10:59:07.728832150,0.041832150,0,0,0,0,0
'2026-07-31 10:59:07.728832200,0.041832200,0,0,0,1,0
'2026-07-31 10:59:07.728979200,0.041979200,0,0,0,0,1
'2026-07-31 10:59:07.728982150,0.041982150,0,0,0,0,0
'2026-07-31 10:59:07.728982200,0.041982200,0,0,0,1,0
'2026-07-31 10:59:07.729129200,0.042129200,0,0,0,0,1
'2026-07-31 10:59:07.729132150,0.042132150,0,0,0,0,0
'2026-07-31 10:59:07.729132200,0.042132200,0,0,0,1,0
'2026-07-31 10:59:07.729279200,0.042279200,0,0,0,0,1
'2026-07-31 10:59:07.729282150,0.042282150,0,0,0,0,0
'2026-07-31 10:59:07.729282200,0.042282200,0,0,0,1,0
'2026-07-31 10:59:07.729429200,0.042429200,0,0,0,0,1
'2026-07-31 10:59:07.729432150,0.042432150,0,0,0,0,0
'2026-07-31 10:59:07.729432200,0.042432200,0,0,0,1,0
'2026-07-31 10:59:07.729579200,0.042579200,0,0,0,0,1
'2026-07-31 10:59:07.729582150,0.042582150,0,0,0,0,0
'2026-07-31 10:59:07.729582200,0.042582200,0,0,0,1,0
'2026-07-31 10:59:07.729729200,0.042729200,0,0,0,0,1
'2026-07-31 10:59:07.729732150,0.042732150,0,0,0,0,0
'2026-07-31 10:59:07.729732200,0.042732200,0,0,0,1,0
'2026-07-31 10:59:07.729879200,0.042879200,0,0,0,0,1
'2026-07-31 10:59:07.729882150,0.042882150,0,0,0,0,0
'2026-07-31 10:59:07.729882200,0.042882200,0,0,0,1,0
'2026-07-31 10:59:07.730029200,0.043029200,0,0,0,0,1
'2026-07-31 10:59:07.730032150,0.043032150,0,0,0,0,0
'2026-07-31 10:59:07.730032200,0.043032200,0,0,0,1,0
'2026-07-31 10:59:07.730179200,0.043179200,0,0,0,0,1
'2026-07-31 10:59:07.730182150,0.043182150,0,0,0,0,0
'2026-07-31 10:59:07.730182200,0.043182200,0,0,0,1,0
'2026-07-31 10:59:07.730329200,0.043329200,0,0,0,0,1
'2026-07-31 10:59:07.730332150,0.043332150,0,0,0,0,0
'2026-07-31 10:59:07.730332200,0.043332200,0,0,0,1,0
'2026-07-31 10:59:07.730479200,0.043479200,0,0,0,0,1
'2026-07-31 10:59:07.730482150,0.043482150,0,0,0,0,0
'2026-07-31 10:59:07.730482200,0.043482200,0,0,0,1,0
'2026-07-31 10:59:07.730629200,0.043629200,0,0,0,0,1
'2026-07-31 10:59:07.730632150,0.043632150,0,0,0,0,0
'2026-07-31 10:59:07.730632200,0.043632200,0,0,0,1,0
'2026-07-31 10:59:07.730779200,0.043779200,0,0,0,0,1
'2026-07-31 10:59:07.730782150,0.043782150,0,0,0,0,0
'2026-07-31 10:59:07.730782200,0.043782200,0,0,0,1,0
'2026-07-31 10:59:07.730929200,0.043929200,0,0,0,0,1
'2026-07-31 10:59:07.730932150,0.043932150,0,0,0,0,0
'2026-07-31 10:59:07.730932200,0.043932200,0,0,0,1,0
'2026-07-31 10:59:07.731079200,0.044079200,0,0,0,0,1
'2026-07-31 10:59:07.731082150,0.044082150,0,0,0,0,0
'2026-07-31 10:59:07.731082200,0.044082200,0,0,0,1,0
'2026-07-31 10:59:07.731229200,0.044229200,0,0,0,0,1
'2026-07-31 10:59:07.731232150,0.044232150,0,0,0,0,0
'2026-07-31 10:59:07.731232200,0.044232200,0,0,0,1,0
'2026-07-31 10:59:07.731379200,0.044379200,0,0,0,0,1
'2026-07-31 10:59:07.731382150,0.044382150,0,0,0,0,0
'2026-07-31 10:59:07.731382200,0.044382200,0,0,0,1,0
'2026-07-31 10:59:07.731529200,0.044529200,0,0,0,0,1
'2026-07-31 10:59:07.731532150,0.044532150,0,0,0,0,0
'2026-07-31 10:59:07.731532200,0.044532200,0,0,0,1,0
'2026-07-31 10:59:07.731679150,0.044679150,0,0,0,0,1
'2026-07-31 10:59:07.731682150,0.044682150,0,0,0,1,0
'2026-07-31 10:59:07.731829150,0.044829150,0,0,0,0,1
'2026-07-31 10:59:07.731832150,0.044832150,0,0,0,1,0
'2026-07-31 10:59:07.731979150,0.044979150,0,0,0,0,1
'2026-07-31 10:59:07.731982150,0.044982150,0,0,0,1,0
'2026-07-31 10:59:07.732129150,0.045129150,0,0,0,0,1
'2026-07-31 10:59:07.732132150,0.045132150,0,0,0,1,0
'2026-07-31 10:59:07.732279150,0.045279150,0,0,0,0,1
'2026-07-31 10:59:07.732282150,0.045282150,0,0,0,1,0
'2026-07-31 10:59:07.732429150,0.045429150,0,0,0,0,1
'2026-07-31 10:59:07.732432150,0.045432150,0,0,0,1,0
'2026-07-31 10:59:07.732579150,0.045579150,0,0,0,0,1
'2026-07-31 10:59:07.732582150,0.045582150,0,0,0,1,0
'2026-07-31 10:59:07.732729150,0.045729150,0,0,0,0,1
'2026-07-31 10:59:07.732732150,0.045732150,0,0,0,1,0
'2026-07-31 10:59:07.732879150,0.045879150,0,0,0,0,1
'2026-07-31 10:59:07.732882150,0.045882150,0,0,0,1,0
'2026-07-31 10:59:07.733029150,0.046029150,0,0,0,0,1
'2026-07-31 10:59:07.733032150,0.046032150,0,0,0,1,0
'2026-07-31 10:59:07.733179150,0.046179150,0,0,0,0,1
'2026-07-31 10:59:07.733182150,0.046182150,0,0,0,1,0
'2026-07-31 10:59:07.733329150,0.046329150,0,0,0,0,1
'2026-07-31 10:59:07.733332150,0.046332150,0,0,0,1,0
'2026-07-31 10:59:07.733479150,0.046479150,0,0,0,0,1
'2026-07-31 10:59:07.733482150,0.046482150,0,0,0,1,0
'2026-07-31 10:59:07.733629150,0.046629150,0,0,0,0,1
'2026-07-31 10:59:07.733632150,0.046632150,0,0,0,1,0
'2026-07-31 10:59:07.733779150,0.046779150,0,0,0,0,1
'2026-07-31 10:59:07.733782150,0.046782150,0,0,0,1,0
'2026-07-31 10:59:07.733929150,0.046929150,0,0,0,0,1
'2026-07-31 10:59:07.733932150,0.046932150,0,0,0,1,0
'2026-07-31 10:59:07.734079150,0.047079150,0,0,0,0,1
'2026-07-31 10:59:07.734082150,0.047082150,0,0,0,1,0
'2026-07-31 10:59:07.734229150,0.047229150,0,0,0,0,1
'2026-07-31 10:59:07.734232150,0.047232150,0,0,0,1,0
'2026-07-31 10:59:07.734379150,0.047379150,0,0,0,0,1
'2026-07-31 10:59:07.734382150,0.047382150,0,0,0,1,0
'2026-07-31 10:59:07.734529150,0.047529150,0,0,0,0,1
'2026-07-31 10:59:07.734532150,0.047532150,0,0,0,1,0
'2026-07-31 10:59:07.734679150,0.047679150,0,0,0,0,1
'2026-07-31 10:59:07.734682150,0.047682150,0,0,0,1,0
'2026-07-31 10:59:07.734829150,0.047829150,0,0,0,0,1
'2026-07-31 10:59:07.734832150,0.047832150,0,0,0,1,0
'2026-07-31 10:59:07.734979150,0.047979150,0,0,0,0,1
'2026-07-31 10:59:07.734982150,0.047982150,0,0,0,1,0
'2026-07-31 10:59:07.735129150,0.048129150,0,0,0,0,1
'2026-07-31 10:59:07.735132150,0.048132150,0,0,0,1,0
'2026-07-31 10:59:07.735279150,0.048279150,0,0,0,0,1
'2026-07-31 10:59:07.735282150,0.048282150,0,0,0,1,0
'2026-07-31 10:59:07.735429150,0.048429150,0,0,0,0,1
'2026-07-31 10:59:07.735432150,0.048432150,0,0,0,1,0
'2026-07-31 10:59:07.735579150,0.048579150,0,0,0,0,1
'2026-07-31 10:59:07.735582150,0.048582150,0,0,0,1,0
'2026-07-31 10:59:07.735729150,0.048729150,0,0,0,0,1
'2026-07-31 10:59:07.735732150,0.048732150,0,0,0,1,0
'2026-07-31 10:59:07.735879150,0.048879150,0,0,0,0,1
'2026-07-31 10:59:07.735882150,0.048882150,0,0,0,1,0
'2026-07-31 10:59:07.736029150,0.049029150,0,0,0,0,1
'2026-07-31 10:59:07.736032150,0.049032150,0,0,0,1,0
'2026-07-31 10:59:07.736179150,0.049179150,0,0,0,0,1
'2026-07-31 10:59:07.736182150,0.049182150,0,0,0,1,0
'2026-07-31 10:59:07.736329150,0.049329150,0,0,0,0,1
'2026-07-31 10:59:07.736332150,0.049332150,0,0,0,1,0
'2026-07-31 10:59:07.736479150,0.049479150,0,0,0,0,1
'2026-07-31 10:59:07.736482150,0.049482150,0,0,0,1,0
'2026-07-31 10:59:07.736629150,0.049629150,0,0,0,0,1
'2026-07-31 10:59:07.736632150,0.049632150,0,0,0,1,0
'2026-07-31 10:59:07.736779150,0.049779150,0,0,0,0,1
'2026-07-31 10:59:07.736782150,0.049782150,0,0,0,1,0
'2026-07-31 10:59:07.736929150,0.049929150,0,0,0,0,1
'2026-07-31 10:59:07.736932150,0.049932150,0,0,0,1,0
'2026-07-31 10:59:07.737079150,0.050079150,0,0,0,0,1
'2026-07-31 10:59:07.737082150,0.050082150,0,0,0,1,0
'2026-07-31 10:59:07.737229150,0.050229150,0,0,0,0,1
'2026-07-31 10:59:07.737232150,0.050232150,0,0,0,1,0
'2026-07-31 10:59:07.737379150,0.050379150,0,0,0,0,1
'2026-07-31 10:59:07.737382150,0.050382150,0,0,0,1,0
'2026-07-31 10:59:07.737529150,0.050529150,0,0,0,0,1
'2026-07-31 10:59:07.737532150,0.050532150,0,0,0,1,0
'2026-07-31 10:59:07.737679150,0.050679150,0,0,0,0,1
'2026-07-31 10:59:07.737682150,0.050682150,0,0,0,1,0
'2026-07-31 10:59:07.737829150,0.050829150,0,0,0,0,1
'2026-07-31 10:59:07.737832150,0.050832150,0,0,0,1,0
'2026-07-31 10:59:07.737979150,0.050979150,0,0,0,0,1
'2026-07-31 10:59:07.737982100,0.050982100,0,0,0,0,0
'2026-07-31 10:59:07.737982150,0.050982150,0,0,0,1,0
'2026-07-31 10:59:07.738129150,0.051129150,0,0,0,0,1
'2026-07-31 10:59:07.738132100,0.051132100,0,0,0,0,0
'2026-07-31 10:59:07.738132150,0.051132150,0,0,0,1,0
'2026-07-31 10:59:07.738279150,0.051279150,0,0,0,0,1
'2026-07-31 10:59:07.738282100,0.051282100,0,0,0,0,0
'2026-07-31 10:59:07.738282150,0.051282150,0,0,0,1,0
'2026-07-31 10:59:07.738429150,0.051429150,0,0,0,0,1
'2026-07-31 10:59:07.738432100,0.051432100,0,0,0,0,0
'2026-07-31 10:59:07.738432150,0.051432150,0,0,0,1,0
'2026-07-31 10:59:07.738579150,0.051579150,0,0,0,0,1
'2026-07-31 10:59:07.738582100,0.051582100,0,0,0,0,0
'2026-07-31 10:59:07.738582150,0.051582150,0,0,0,1,0
'2026-07-31 10:59:07.738729150,0.051729150,0,0,0,0,1
'2026-07-31 10:59:07.738732100,0.051732100,0,0,0,0,0
'2026-07-31 10:59:07.738732150,0.051732150,0,0,0,1,0
'2026-07-31 10:59:07.738879150,0.051879150,0,0,0,0,1
'2026-07-31 10:59:07.738882100,0.051882100,0,0,0,0,0
'2026-07-31 10:59:07.738882150,0.051882150,0,0,0,1,0
'2026-07-31 10:59:07.739029150,0.052029150,0,0,0,0,1
'2026-07-31 10:59:07.739032100,0.052032100,0,0,0,0,0
'2026-07-31 10:59:07.739032150,0.052032150,0,0,0,1,0
'2026-07-31 10:59:07.739179150,0.052179150,0,0,0,0,1
'2026-07-31 10:59:07.739182100,0.052182100,0,0,0,0,0
'2026-07-31 10:59:07.739182150,0.052182150,0,0,0,1,0
'2026-07-31 10:59:07.739329150,0.052329150,0,0,0,0,1
'2026-07-31 10:59:07.739332100,0.052332100,0,0,0,0,0
'2026-07-31 10:59:07.739332150,0.052332150,0,0,0,1,0
'2026-07-31 10:59:07.739479150,0.052479150,0,0,0,0,1
'2026-07-31 10:59:07.739482100,0.052482100,0,0,0,0,0
'2026-07-31 10:59:07.739482150,0.052482150,0,0,0,1,0
'2026-07-31 10:59:07.739629150,0.052629150,0,0,0,0,1
'2026-07-31 10:59:07.739632100,0.052632100,0,0,0,0,0
'2026-07-31 10:59:07.739632150,0.052632150,0,0,0,1,0
'2026-07-31 10:59:07.739779150,0.052779150,0,0,0,0,1
'2026-07-31 10:59:07.739782100,0.052782100,0,0,0,0,0
'2026-07-31 10:59:07.739782150,0.052782150,0,0,0,1,0
'2026-07-31 10:59:07.739929150,0.052929150,0,0,0,0,1
'2026-07-31 10:59:07.739932100,0.052932100,0,0,0,0,0
'2026-07-31 10:59:07.739932150,0.052932150,0,0,0,1,0
'2026-07-31 10:59:07.740079150,0.053079150,0,0,0,0,1
'2026-07-31 10:59:07.740082100,0.053082100,0,0,0,0,0
'2026-07-31 10:59:07.740082150,0.053082150,0,0,0,1,0
'2026-07-31 10:59:07.740229150,0.053229150,0,0,0,0,1
'2026-07-31 10:59:07.740232100,0.053232100,0,0,0,0,0
'2026-07-31 10:59:07.740232150,0.053232150,0,0,0,1,0
'2026-07-31 10:59:07.740379150,0.053379150,0,0,0,0,1
'2026-07-31 10:59:07.740382100,0.053382100,0,0,0,0,0
'2026-07-31 10:59:07.740382150,0.053382150,0,0,0,1,0
'2026-07-31 10:59:07.740529150,0.053529150,0,0,0,0,1
'2026-07-31 10:59:07.740532100,0.053532100,0,0,0,0,0
'2026-07-31 10:59:07.740532150,0.053532150,0,0,0,1,0
'2026-07-31 10:59:07.740679150,0.053679150,0,0,0,0,1
'2026-07-31 10:59:07.740682100,0.053682100,0,0,0,0,0
'2026-07-31 10:59:07.740682150,0.053682150,0,0,0,1,0
'2026-07-31 10:59:07.740829150,0.053829150,0,0,0,0,1
'2026-07-31 10:59:07.740832100,0.053832100,0,0,0,0,0
'2026-07-31 10:59:07.740832150,0.053832150,0,0,0,1,0
'2026-07-31 10:59:07.740979150,0.053979150,0,0,0,0,1
'2026-07-31 10:59:07.740982100,0.053982100,0,0,0,0,0
'2026-07-31 10:59:07.740982150,0.053982150,0,0,0,1,0
'2026-07-31 10:59:07.741129150,0.054129150,0,0,0,0,1
'2026-07-31 10:59:07.741132100,0.054132100,0,0,0,0,0
'2026-07-31 10:59:07.741132150,0.054132150,0,0,0,1,0
'2026-07-31 10:59:07.741279150,0.054279150,0,0,0,0,1
'2026-07-31 10:59:07.741282100,0.054282100,0,0,0,0,0
'2026-07-31 10:59:07.741282150,0.054282150,0,0,0,1,0
'2026-07-31 10:59:07.741429150,0.054429150,0,0,0,0,1
'2026-07-31 10:59:07.741432100,0.054432100,0,0,0,0,0
'2026-07-31 10:59:07.741432150,0.054432150,0,0,0,1,0
'2026-07-31 10:59:07.741579150,0.054579150,0,0,0,0,1
'2026-07-31 10:59:07.741582100,0.054582100,0,0,0,0,0
'2026-07-31 10:59:07.741582150,0.054582150,0,0,0,1,0
'2026-07-31 10:59:07.741729150,0.054729150,0,0,0,0,1
'2026-07-31 10:59:07.741732100,0.054732100,0,0,0,0,0
'2026-07-31 10:59:07.741732150,0.054732150,0,0,0,1,0
'2026-07-31 10:59:07.741879150,0.054879150,0,0,0,0,1
'2026-07-31 10:59:07.741882100,0.054882100,0,0,0,0,0
'2026-07-31 10:59:07.741882150,0.054882150,0,0,0,1,0
'2026-07-31 10:59:07.742029100,0.055029100,0,0,0,1,1
'2026-07-31 10:59:07.742029150,0.055029150,0,0,0,0,1
'2026-07-31 10:59:07.742032100,0.055032100,0,0,0,1,0
'2026-07-31 10:59:07.742179100,0.055179100,0,0,0,0,1
'2026-07-31 10:59:07.742182100,0.055182100,0,0,0,1,0
'2026-07-31 10:59:07.742329100,0.055329100,0,0,0,0,1
'2026-07-31 10:59:07.742332100,0.055332100,0,0,0,1,0
'2026-07-31 10:59:07.742479100,0.055479100,0,0,0,0,1
'2026-07-31 10:59:07.742482100,0.055482100,0,0,0,1,0
'2026-07-31 10:59:07.742629100,0.055629100,0,0,0,0,1
'2026-07-31 10:59:07.742632100,0.055632100,0,0,0,1,0
'2026-07-31 10:59:07.742779100,0.055779100,0,0,0,0,1
'2026-07-31 10:59:07.742782100,0.055782100,0,0,0,1,0
'2026-07-31 10:59:07.742929100,0.055929100,0,0,0,0,1
'2026-07-31 10:59:07.742932100,0.055932100,0,0,0,1,0
'2026-07-31 10:59:07.743079100,0.056079100,0,0,0,0,1
'2026-07-31 10:59:07.743082100,0.056082100,0,0,0,1,0
'2026-07-31 10:59:07.743229100,0.056229100,0,0,0,0,1
'2026-07-31 10:59:07.743232100,0.056232100,0,0,0,1,0
'2026-07-31 10:59:07.743379100,0.056379100,0,0,0,0,1
'2026-07-31 10:59:07.743382100,0.056382100,0,0,0,1,0
'2026-07-31 10:59:07.743529100,0.056529100,0,0,0,0,1
'2026-07-31 10:59:07.743532100,0.056532100,0,0,0,1,0
'2026-07-31 10:59:07.743679100,0.056679100,0,0,0,0,1
'2026-07-31 10:59:07.743682100,0.056682100,0,0,0,1,0
'2026-07-31 10:59:07.743829100,0.056829100,0,0,0,0,1
'2026-07-31 10:59:07.743832100,0.056832100,0,0,0,1,0
'2026-07-31 10:59:07.743979100,0.056979100,0,0,0,0,1
'2026-07-31 10:59:07.743982100,0.056982100,0,0,0,1,0
'2026-07-31 10:59:07.744129100,0.057129100,0,0,0,0,1
'2026-07-31 10:59:07.744132100,0.057132100,0,0,0,1,0
'2026-07-31 10:59:07.744279100,0.057279100,0,0,0,0,1
'2026-07-31 10:59:07.744282100,0.057282100,0,0,0,1,0
'2026-07-31 10:59:07.744429100,0.057429100,0,0,0,0,1
'2026-07-31 10:59:07.744432100,0.057432100,0,0,0,1,0
'2026-07-31 10:59:07.744579100,0.057579100,0,0,0,0,1
'2026-07-31 10:59:07.744582100,0.057582100,0,0,0,1,0
'2026-07-31 10:59:07.744729100,0.057729100,0,0,0,0,1
'2026-07-31 10:59:07.744732100,0.057732100,0,0,0,1,0
'2026-07-31 10:59:07.744879100,0.057879100,0,0,0,0,1
'2026-07-31 10:59:07.744882100,0.057882100,0,0,0,1,0
'2026-07-31 10:59:07.745029100,0.058029100,0,0,0,0,1
'2026-07-31 10:59:07.745032100,0.058032100,0,0,0,1,0
'2026-07-31 10:59:07.745179100,0.058179100,0,0,0,0,1
'2026-07-31 10:59:07.745182100,0.058182100,0,0,0,1,0
'2026-07-31 10:59:07.745329100,0.058329100,0,0,0,0,1
'2026-07-31 10:59:07.745332100,0.058332100,0,0,0,1,0
'2026-07-31 10:59:07.745479100,0.058479100,0,0,0,0,1
'2026-07-31 10:59:07.745482100,0.058482100,0,0,0,1,0
'2026-07-31 10:59:07.745629100,0.058629100,0,0,0,0,1
'2026-07-31 10:59:07.745632100,0.058632100,0,0,0,1,0
'2026-07-31 10:59:07.745779100,0.058779100,0,0,0,0,1
'2026-07-31 10:59:07.745782100,0.058782100,0,0,0,1,0
'2026-07-31 10:59:07.745929100,0.058929100,0,0,0,0,1
'2026-07-31 10:59:07.745932100,0.058932100,0,0,0,1,0
'2026-07-31 10:59:07.746079100,0.059079100,0,0,0,0,1
'2026-07-31 10:59:07.746082100,0.059082100,0,0,0,1,0
'2026-07-31 10:59:07.746229100,0.059229100,0,0,0,0,1
'2026-07-31 10:59:07.746232100,0.059232100,0,0,0,1,0
'2026-07-31 10:59:07.746379100,0.059379100,0,0,0,0,1
'2026-07-31 10:59:07.746382100,0.059382100,0,0,0,1,0
'2026-07-31 10:59:07.746529100,0.059529100,0,0,0,0,1
'2026-07-31 10:59:07.746532100,0.059532100,0,0,0,1,0
'2026-07-31 10:59:07.746679100,0.059679100,0,0,0,0,1
'2026-07-31 10:59:07.746682100,0.059682100,0,0,0,1,0
'2026-07-31 10:59:07.746829100,0.059829100,0,0,0,0,1
'2026-07-31 10:59:07.746832100,0.059832100,0,0,0,1,0
'2026-07-31 10:59:07.746979100,0.059979100,0,0,0,0,1
'2026-07-31 10:59:07.746982100,0.059982100,0,0,0,1,0
'2026-07-31 10:59:07.747129100,0.060129100,0,0,0,0,1
'2026-07-31 10:59:07.747132100,0.060132100,0,0,0,1,0
'2026-07-31 10:59:07.747279100,0.060279100,0,0,0,0,1
'2026-07-31 10:59:07.747282100,0.060282100,0,0,0,1,0
'2026-07-31 10:59:07.747429100,0.060429100,0,0,0,0,1
'2026-07-31 10:59:07.747432100,0.060432100,0,0,0,1,0
'2026-07-31 10:59:07.747579100,0.060579100,0,0,0,0,1
'2026-07-31 10:59:07.747582100,0.060582100,0,0,0,1,0
'2026-07-31 10:59:07.747729100,0.060729100,0,0,0,0,1
'2026-07-31 10:59:07.747732100,0.060732100,0,0,0,1,0
'2026-07-31 10:59:07.747879100,0.060879100,0,0,0,0,1
'2026-07-31 10:59:07.747882100,0.060882100,0,0,0,1,0
'2026-07-31 10:59:07.748029100,0.061029100,0,0,0,0,1
'2026-07-31 10:59:07.748032100,0.061032100,0,0,0,1,0
'2026-07-31 10:59:07.748179100,0.061179100,0,0,0,0,1
'2026-07-31 10:59:07.748182100,0.061182100,0,0,0,1,0
'2026-07-31 10:59:07.748329100,0.061329100,0,0,0,0,1
'2026-07-31 10:59:07.748332100,0.061332100,0,0,0,1,0
'2026-07-31 10:59:07.748479100,0.061479100,0,0,0,0,1
'2026-07-31 10:59:07.748482050,0.061482050,0,0,0,0,0
'2026-07-31 10:59:07.748482100,0.061482100,0,0,0,1,0
'2026-07-31 10:59:07.748629100,0.061629100,0,0,0,0,1
'2026-07-31 10:59:07.748632050,0.061632050,0,0,0,0,0
'2026-07-31 10:59:07.748632100,0.061632100,0,0,0,1,0
'2026-07-31 10:59:07.748779100,0.061779100,0,0,0,0,1
'2026-07-31 10:59:07.748782050,0.061782050,0,0,0,0,0
'2026-07-31 10:59:07.748782100,0.061782100,0,0,0,1,0
'2026-07-31 10:59:07.748929100,0.061929100,0,0,0,0,1
'2026-07-31 10:59:07.748932050,0.061932050,0,0,0,0,0
'2026-07-31 10:59:07.748932100,0.061932100,0,0,0,1,0
'2026-07-31 10:59:07.749079100,0.062079100,0,0,0,0,1
'2026-07-31 10:59:07.749082050,0.062082050,0,0,0,0,0
'2026-07-31 10:59:07.749082100,0.062082100,0,0,0,1,0
'2026-07-31 10:59:07.749229100,0.062229100,0,0,0,0,1
'2026-07-31 10:59:07.749232050,0.062232050,0,0,0,0,0
'2026-07-31 10:59:07.749232100,0.062232100,0,0,0,1,0
'2026-07-31 10:59:07.749379100,0.062379100,0,0,0,0,1
'2026-07-31 10:59:07.749382050,0.062382050,0,0,0,0,0
'2026-07-31 10:59:07.749382100,0.062382100,0,0,0,1,0
'2026-07-31 10:59:07.749529100,0.062529100,0,0,0,0,1
'2026-07-31 10:59:07.749532050,0.062532050,0,0,0,0,0
'2026-07-31 10:59:07.749532100,0.062532100,0,0,0,1,0
'2026-07-31 10:59:07.749679100,0.062679100,0,0,0,0,1
'2026-07-31 10:59:07.749682050,0.062682050,0,0,0,0,0
'2026-07-31 10:59:07.749682100,0.062682100,0,0,0,1,0
'2026-07-31 10:59:07.749829100,0.062829100,0,0,0,0,1
'2026-07-31 10:59:07.749832050,0.062832050,0,0,0,0,0
'2026-07-31 10:59:07.749832100,0.062832100,0,0,0,1,0
'2026-07-31 10:59:07.749979100,0.062979100,0,0,0,0,1
'2026-07-31 10:59:07.749982050,0.062982050,0,0,0,0,0
'2026-07-31 10:59:07.749982100,0.062982100,0,0,0,1,0
'2026-07-31 10:59:07.750129100,0.063129100,0,0,0,0,1
'2026-07-31 10:59:07.750132050,0.063132050,0,0,0,0,0
'2026-07-31 10:59:07.750132100,0.063132100,0,0,0,1,0
'2026-07-31 10:59:07.750279100,0.063279100,0,0,0,0,1
'2026-07-31 10:59:07.750282050,0.063282050,0,0,0,0,0
'2026-07-31 10:59:07.750282100,0.063282100,0,0,0,1,0
'2026-07-31 10:59:07.750429100,0.063429100,0,0,0,0,1
'2026-07-31 10:59:07.750432050,0.063432050,0,0,0,0,0
'2026-07-31 10:59:07.750432100,0.063432100,0,0,0,1,0
'2026-07-31 10:59:07.750579100,0.063579100,0,0,0,0,1
'2026-07-31 10:59:07.750582050,0.063582050,0,0,0,0,0
'2026-07-31 10:59:07.750582100,0.063582100,0,0,0,1,0
'2026-07-31 10:59:07.750729100,0.063729100,0,0,0,0,1
'2026-07-31 10:59:07.750732050,0.063732050,0,0,0,0,0
'2026-07-31 10:59:07.750732100,0.063732100,0,0,0,1,0
'2026-07-31 10:59:07.750879100,0.063879100,0,0,0,0,1
'2026-07-31 10:59:07.750882050,0.063882050,0,0,0,0,0
'2026-07-31 10:59:07.750882100,0.063882100,0,0,0,1,0
'2026-07-31 10:59:07.751029100,0.064029100,0,0,0,0,1
'2026-07-31 10:59:07.751032050,0.064032050,0,0,0,0,0
'2026-07-31 10:59:07.751032100,0.064032100,0,0,0,1,0
'2026-07-31 10:59:07.751179100,0.064179100,0,0,0,0,1
'2026-07-31 10:59:07.751182050,0.064182050,0,0,0,0,0
'2026-07-31 10:59:07.751182100,0.064182100,0,0,0,1,0
'2026-07-31 10:59:07.751329100,0.064329100,0,0,0,0,1
'2026-07-31 10:59:07.751332050,0.064332050,0,0,0,0,0
'2026-07-31 10:59:07.751332100,0.064332100,0,0,0,1,0
'2026-07-31 10:59:07.751479100,0.064479100,0,0,0,0,1
'2026-07-31 10:59:07.751482050,0.064482050,0,0,0,0,0
'2026-07-31 10:59:07.751482100,0.064482100,0,0,0,1,0
'2026-07-31 10:59:07.751629100,0.064629100,0,0,0,0,1
'2026-07-31 10:59:07.751632050,0.064632050,0,0,0,0,0
'2026-07-31 10:59:07.751632100,0.064632100,0,0,0,1,0
'2026-07-31 10:59:07.751779100,0.064779100,0,0,0,0,1
'2026-07-31 10:59:07.751782050,0.064782050,0,0,0,0,0
'2026-07-31 10:59:07.751782100,0.064782100,0,0,0,1,0
'2026-07-31 10:59:07.751929100,0.064929100,0,0,0,0,1
'2026-07-31 10:59:07.751932050,0.064932050,0,0,0,0,0
'2026-07-31 10:59:07.751932100,0.064932100,0,0,0,1,0
'2026-07-31 10:59:07.752079100,0.065079100,0,0,0,0,1
'2026-07-31 10:59:07.752082050,0.065082050,0,0,0,0,0
'2026-07-31 10:59:07.752082100,0.065082100,0,0,0,1,0
'2026-07-31 10:59:07.752229100,0.065229100,0,0,0,0,1
'2026-07-31 10:59:07.752232050,0.065232050,0,0,0,0,0
'2026-07-31 10:59:07.752232100,0.065232100,0,0,0,1,0
'2026-07-31 10:59:07.752379100,0.065379100,0,0,0,0,1
'2026-07-31 10:59:07.752382050,0.065382050,0,0,0,1,0
'2026-07-31 10:59:07.752529050,0.065529050,0,0,0,0,1
'2026-07-31 10:59:07.752532050,0.065532050,0,0,0,1,0
'2026-07-31 10:59:07.752679050,0.065679050,0,0,0,0,1
'2026-07-31 10:59:07.752682050,0.065682050,0,0,0,1,0
'2026-07-31 10:59:07.752829050,0.065829050,0,0,0,0,1
'2026-07-31 10:59:07.752832050,0.065832050,0,0,0,1,0
'2026-07-31 10:59:07.752979050,0.065979050,0,0,0,0,1
'2026-07-31 10:59:07.752982050,0.065982050,0,0,0,1,0
'2026-07-31 10:59:07.753129050,0.066129050,0,0,0,0,1
'2026-07-31 10:59:07.753132050,0.066132050,0,0,0,1,0
'2026-07-31 10:59:07.753279050,0.066279050,0,0,0,0,1
'2026-07-31 10:59:07.753282050,0.066282050,0,0,0,1,0
'2026-07-31 10:59:07.753429050,0.066429050,0,0,0,0,1
'2026-07-31 10:59:07.753432050,0.066432050,0,0,0,1,0
'2026-07-31 10:59:07.753579050,0.066579050,0,0,0,0,1
'2026-07-31 10:59:07.753582050,0.066582050,0,0,0,1,0
'2026-07-31 10:59:07.753729050,0.066729050,0,0,0,0,1
'2026-07-31 10:59:07.753732050,0.066732050,0,0,0,1,0
'2026-07-31 10:59:07.853878750,0.166878750,0,0,0,0,1
'2026-07-31 10:59:07.853881700,0.166881700,0,0,0,0,0
'2026-07-31 10:59:07.853881750,0.166881750,0,0,0,1,0
'2026-07-31 10:59:07.853882450,0.166882450,0,0,1,1,0
'2026-07-31 10:59:07.853882850,0.166882850,0,0,0,1,0
'2026-07-31 10:59:07.853885850,0.166885850,0,0,0,0,1
'2026-07-31 10:59:07.853888850,0.166888850,0,0,0,1,0
'2026-07-31 10:59:07.854028750,0.167028750,0,0,0,0,1
'2026-07-31 10:59:07.854031700,0.167031700,0,0,0,0,0
'2026-07-31 10:59:07.854031750,0.167031750,0,0,0,1,0
'2026-07-31 10:59:07.854178750,0.167178750,0,0,0,0,1
'2026-07-31 10:59:07.854181700,0.167181700,0,0,0,0,0
'2026-07-31 10:59:07.854181750,0.167181750,0,0,0,1,0
'2026-07-31 10:59:07.854328750,0.167328750,0,0,0,0,1
'2026-07-31 10:59:07.854331700,0.167331700,0,0,0,0,0
'2026-07-31 10:59:07.854331750,0.167331750,0,0,0,1,0
'2026-07-31 10:59:07.854478700,0.167478700,0,0,0,0,1
'2026-07-31 10:59:07.854481700,0.167481700,0,0,0,1,0
'2026-07-31 10:59:07.854628700,0.167628700,0,0,0,0,1
'2026-07-31 10:59:07.854631700,0.167631700,0,0,0,1,0
'2026-07-31 10:59:07.854778700,0.167778700,0,0,0,0,1
'2026-07-31 10:59:07.854781700,0.167781700,0,0,0,1,0
'2026-07-31 10:59:07.854928700,0.167928700,0,0,0,0,1
'2026-07-31 10:59:07.854931700,0.167931700,0,0,0,1,0
'2026-07-31 10:59:07.855078700,0.168078700,0,0,0,0,1
'2026-07-31 10:59:07.855081700,0.168081700,0,0,0,1,0
'2026-07-31 10:59:07.855228700,0.168228700,0,0,0,0,1
'2026-07-31 10:59:07.855231700,0.168231700,0,0,0,1,0
'2026-07-31 10:59:07.855378700,0.168378700,0,0,0,0,1
'2026-07-31 10:59:07.855381700,0.168381700,0,0,0,1,0
'2026-07-31 10:59:07.855528700,0.168528700,0,0,0,0,1
'2026-07-31 10:59:07.855531700,0.168531700,0,0,0,1,0
'2026-07-31 10:59:07.855678700,0.168678700,0,0,0,0,1
'2026-07-31 10:59:07.855681700,0.168681700,0,0,0,1,0
'2026-07-31 10:59:07.855828700,0.168828700,0,0,0,0,1
'2026-07-31 10:59:07.855831700,0.168831700,0,0,0,1,0
'2026-07-31 10:59:07.855978700,0.168978700,0,0,0,0,1
'2026-07-31 10:59:07.855981700,0.168981700,0,0,0,1,0
'2026-07-31 10:59:07.856128700,0.169128700,0,0,0,0,1
'2026-07-31 10:59:07.856131700,0.169131700,0,0,0,1,0
'2026-07-31 10:59:07.856278700,0.169278700,0,0,0,0,1
'2026-07-31 10:59:07.856281700,0.169281700,0,0,0,1,0
'2026-07-31 10:59:07.856428700,0.169428700,0,0,0,0,1
'2026-07-31 10:59:07.856431700,0.169431700,0,0,0,1,0
'2026-07-31 10:59:07.856578700,0.169578700,0,0,0,0,1
'2026-07-31 10:59:07.856581700,0.169581700,0,0,0,1,0
'2026-07-31 10:59:07.856728700,0.169728700,0,0,0,0,1
'2026-07-31 10:59:07.856731700,0.169731700,0,0,0,1,0
'2026-07-31 10:59:07.856878700,0.169878700,0,0,0,0,1
'2026-07-31 10:59:07.856881700,0.169881700,0,0,0,1,0
'2026-07-31 10:59:07.857028700,0.170028700,0,0,0,0,1
'2026-07-31 10:59:07.857031700,0.170031700,0,0,0,1,0
'2026-07-31 10:59:07.857178700,0.170178700,0,0,0,0,1
'2026-07-31 10:59:07.857181700,0.170181700,0,0,0,1,0
'2026-07-31 10:59:07.857328700,0.170328700,0,0,0,0,1
'2026-07-31 10:59:07.857331700,0.170331700,0,0,0,1,0
'2026-07-31 10:59:07.857478700,0.170478700,0,0,0,0,1
'2026-07-31 10:59:07.857481700,0.170481700,0,0,0,1,0
'2026-07-31 10:59:07.857628700,0.170628700,0,0,0,0,1
'2026-07-31 10:59:07.857631700,0.170631700,0,0,0,1,0
'2026-07-31 10:59:07.857778700,0.170778700,0,0,0,0,1
'2026-07-31 10:59:07.857781700,0.170781700,0,0,0,1,0
'2026-07-31 10:59:07.857928700,0.170928700,0,0,0,0,1
'2026-07-31 10:59:07.857931700,0.170931700,0,0,0,1,0
'2026-07-31 10:59:07.858078700,0.171078700,0,0,0,0,1
'2026-07-31 10:59:07.858081700,0.171081700,0,0,0,1,0
'2026-07-31 10:59:07.858228700,0.171228700,0,0,0,0,1
'2026-07-31 10:59:07.858231700,0.171231700,0,0,0,1,0
'2026-07-31 10:59:07.858378700,0.171378700,0,0,0,0,1
'2026-07-31 10:59:07.858381700,0.171381700,0,0,0,1,0
'2026-07-31 10:59:07.858528700,0.171528700,0,0,0,0,1
'2026-07-31 10:59:07.858531700,0.171531700,0,0,0,1,0
'2026-07-31 10:59:07.858678700,0.171678700,0,0,0,0,1
'2026-07-31 10:59:07.858681700,0.171681700,0,0,0,1,0
'2026-07-31 10:59:07.858828700,0.171828700,0,0,0,0,1
'2026-07-31 10:59:07.858831700,0.171831700,0,0,0,1,0
'2026-07-31 10:59:07.858978700,0.171978700,0,0,0,0,1
'2026-07-31 10:59:07.858981700,0.171981700,0,0,0,1,0
'2026-07-31 10:59:07.859128700,0.172128700,0,0,0,0,1
'2026-07-31 10:59:07.859131700,0.172131700,0,0,0,1,0
'2026-07-31 10:59:07.859278700,0.172278700,0,0,0,0,1
'2026-07-31 10:59:07.859281700,0.172281700,0,0,0,1,0
'2026-07-31 10:59:07.859428700,0.172428700,0,0,0,0,1
'2026-07-31 10:59:07.859431700,0.172431700,0,0,0,1,0
'2026-07-31 10:59:07.859578700,0.172578700,0,0,0,0,1
'2026-07-31 10:59:07.859581700,0.172581700,0,0,0,1,0
'2026-07-31 10:59:07.859728700,0.172728700,0,0,0,0,1
'2026-07-31 10:59:07.859731700,0.172731700,0,0,0,1,0
'2026-07-31 10:59:07.859878700,0.172878700,0,0,0,0,1
'2026-07-31 10:59:07.859881700,0.172881700,0,0,0,1,0
'2026-07-31 10:59:07.860028700,0.173028700,0,0,0,0,1
'2026-07-31 10:59:07.860031700,0.173031700,0,0,0,1,0
'2026-07-31 10:59:07.860178700,0.173178700,0,0,0,0,1
'2026-07-31 10:59:07.860181700,0.173181700,0,0,0,1,0
'2026-07-31 10:59:07.860328700,0.173328700,0,0,0,0,1
'2026-07-31 10:59:07.860331700,0.173331700,0,0,0,1,0
'2026-07-31 10:59:07.860478700,0.173478700,0,0,0,0,1
'2026-07-31 10:59:07.860481700,0.173481700,0,0,0,1,0
'2026-07-31 10:59:07.860628700,0.173628700,0,0,0,0,1
'2026-07-31 10:59:07.860631700,0.173631700,0,0,0,1,0
'2026-07-31 10:59:07.860778700,0.173778700,0,0,0,0,1
'2026-07-31 10:59:07.860781650,0.173781650,0,0,0,0,0
'2026-07-31 10:59:07.860781700,0.173781700,0,0,0,1,0
'2026-07-31 10:59:07.860928700,0.173928700,0,0,0,0,1
'2026-07-31 10:59:07.860931650,0.173931650,0,0,0,0,0
'2026-07-31 10:59:07.860931700,0.173931700,0,0,0,1,0
'2026-07-31 10:59:07.861078700,0.174078700,0,0,0,0,1
'2026-07-31 10:59:07.861081650,0.174081650,0,0,0,0,0
'2026-07-31 10:59:07.861081700,0.174081700,0,0,0,1,0
'2026-07-31 10:59:07.861228700,0.174228700,0,0,0,0,1
'2026-07-31 10:59:07.861231650,0.174231650,0,0,0,0,0
'2026-07-31 10:59:07.861231700,0.174231700,0,0,0,1,0
'2026-07-31 10:59:07.861378700,0.174378700,0,0,0,0,1
'2026-07-31 10:59:07.861381650,0.174381650,0,0,0,0,0
'2026-07-31 10:59:07.861381700,0.174381700,0,0,0,1,0
'2026-07-31 10:59:07.861528700,0.174528700,0,0,0,0,1
'2026-07-31 10:59:07.861531650,0.174531650,0,0,0,0,0
'2026-07-31 10:59:07.861531700,0.174531700,0,0,0,1,0
'2026-07-31 10:59:07.861678700,0.174678700,0,0,0,0,1
'2026-07-31 10:59:07.861681650,0.174681650,0,0,0,0,0
'2026-07-31 10:59:07.861681700,0.174681700,0,0,0,1,0
'2026-07-31 10:59:07.861828700,0.174828700,0,0,0,0,1
'2026-07-31 10:59:07.861831650,0.174831650,0,0,0,0,0
'2026-07-31 10:59:07.861831700,0.174831700,0,0,0,1,0
'2026-07-31 10:59:07.861978700,0.174978700,0,0,0,0,1
'2026-07-31 10:59:07.861981650,0.174981650,0,0,0,0,0
'2026-07-31 10:59:07.861981700,0.174981700,0,0,0,1,0
'2026-07-31 10:59:07.862128700,0.175128700,0,0,0,0,1
'2026-07-31 10:59:07.862131650,0.175131650,0,0,0,0,0
'2026-07-31 10:59:07.862131700,0.175131700,0,0,0,1,0
'2026-07-31 10:59:07.862278700,0.175278700,0,0,0,0,1
'2026-07-31 10:59:07.862281650,0.175281650,0,0,0,0,0
'2026-07-31 10:59:07.862281700,0.175281700,0,0,0,1,0
'2026-07-31 10:59:07.862428700,0.175428700,0,0,0,0,1
'2026-07-31 10:59:07.862431650,0.175431650,0,0,0,0,0
'2026-07-31 10:59:07.862431700,0.175431700,0,0,0,1,0
'2026-07-31 10:59:07.862578700,0.175578700,0,0,0,0,1
'2026-07-31 10:59:07.862581650,0.175581650,0,0,0,0,0
'2026-07-31 10:59:07.862581700,0.175581700,0,0,0,1,0
'2026-07-31 10:59:07.862728700,0.175728700,0,0,0,0,1
'2026-07-31 10:59:07.862731650,0.175731650,0,0,0,0,0
'2026-07-31 10:59:07.862731700,0.175731700,0,0,0,1,0
'2026-07-31 10:59:07.862878700,0.175878700,0,0,0,0,1
'2026-07-31 10:59:07.862881650,0.175881650,0,0,0,0,0
'2026-07-31 10:59:07.862881700,0.175881700,0,0,0,1,0
'2026-07-31 10:59:07.863028700,0.176028700,0,0,0,0,1
'2026-07-31 10:59:07.863031650,0.176031650,0,0,0,0,0
'2026-07-31 10:59:07.863031700,0.176031700,0,0,0,1,0
'2026-07-31 10:59:07.863178700,0.176178700,0,0,0,0,1
'2026-07-31 10:59:07.863181650,0.176181650,0,0,0,0,0
'2026-07-31 10:59:07.863181700,0.176181700,0,0,0,1,0
'2026-07-31 10:59:07.863328700,0.176328700,0,0,0,0,1
'2026-07-31 10:59:07.863331650,0.176331650,0,0,0,0,0
'2026-07-31 10:59:07.863331700,0.176331700,0,0,0,1,0
'2026-07-31 10:59:07.863478700,0.176478700,0,0,0,0,1
'2026-07-31 10:59:07.863481650,0.176481650,0,0,0,0,0
'2026-07-31 10:59:07.863481700,0.176481700,0,0,0,1,0
'2026-07-31 10:59:07.863628700,0.176628700,0,0,0,0,1
'2026-07-31 10:59:07.863631650,0.176631650,0,0,0,0,0
'2026-07-31 10:59:07.863631700,0.176631700,0,0,0,1,0
'2026-07-31 10:59:07.863778700,0.176778700,0,0,0,0,1
'2026-07-31 10:59:07.863781650,0.176781650,0,0,0,0,0
'2026-07-31 10:59:07.863781700,0.176781700,0,0,0,1,0
'2026-07-31 10:59:07.863928700,0.176928700,0,0,0,0,1
'2026-07-31 10:59:07.863931650,0.176931650,0,0,0,0,0
'2026-07-31 10:59:07.863931700,0.176931700,0,0,0,1,0
'2026-07-31 10:59:07.864078700,0.177078700,0,0,0,0,1
'2026-07-31 10:59:07.864081650,0.177081650,0,0,0,0,0
'2026-07-31 10:59:07.864081700,0.177081700,0,0,0,1,0
'2026-07-31 10:59:07.864228700,0.177228700,0,0,0,0,1
'2026-07-31 10:59:07.864231650,0.177231650,0,0,0,0,0
'2026-07-31 10:59:07.864231700,0.177231700,0,0,0,1,0
'2026-07-31 10:59:07.864378700,0.177378700,0,0,0,0,1
'2026-07-31 10:59:07.864381650,0.177381650,0,0,0,0,0
'2026-07-31 10:59:07.864381700,0.177381700,0,0,0,1,0
'2026-07-31 10:59:07.864528700,0.177528700,0,0,0,0,1
'2026-07-31 10:59:07.864531650,0.177531650,0,0,0,0,0
'2026-07-31 10:59:07.864531700,0.177531700,0,0,0,1,0
'2026-07-31 10:59:07.864678700,0.177678700,0,0,0,0,1
'2026-07-31 10:59:07.864681650,0.177681650,0,0,0,0,0
'2026-07-31 10:59:07.864681700,0.177681700,0,0,0,1,0
'2026-07-31 10:59:07.864828650,0.177828650,0,0,0,0,1
'2026-07-31 10:59:07.864831650,0.177831650,0,0,0,1,0
'2026-07-31 10:59:07.864978650,0.177978650,0,0,0,0,1
'2026-07-31 10:59:07.864981650,0.177981650,0,0,0,1,0
'2026-07-31 10:59:07.865128650,0.178128650,0,0,0,0,1
'2026-07-31 10:59:07.865131650,0.178131650,0,0,0,1,0
'2026-07-31 10:59:07.865278650,0.178278650,0,0,0,0,1
'2026-07-31 10:59:07.865281650,0.178281650,0,0,0,1,0
'2026-07-31 10:59:07.865428650,0.178428650,0,0,0,0,1
'2026-07-31 10:59:07.865431650,0.178431650,0,0,0,1,0
'2026-07-31 10:59:07.865578650,0.178578650,0,0,0,0,1
'2026-07-31 10:59:07.865581650,0.178581650,0,0,0,1,0
'2026-07-31 10:59:07.865728650,0.178728650,0,0,0,0,1
'2026-07-31 10:59:07.865731650,0.178731650,0,0,0,1,0
'2026-07-31 10:59:07.865878650,0.178878650,0,0,0,0,1
'2026-07-31 10:59:07.865881650,0.178881650,0,0,0,1,0
'2026-07-31 10:59:07.866028650,0.179028650,0,0,0,0,1
'2026-07-31 10:59:07.866031650,0.179031650,0,0,0,1,0
'2026-07-31 10:59:07.866178650,0.179178650,0,0,0,0,1
'2026-07-31 10:59:07.866181650,0.179181650,0,0,0,1,0
'2026-07-31 10:59:07.866328650,0.179328650,0,0,0,0,1
'2026-07-31 10:59:07.866331650,0.179331650,0,0,0,1,0
'2026-07-31 10:59:07.866478650,0.179478650,0,0,0,0,1
'2026-07-31 10:59:07.866481650,0.179481650,0,0,0,1,0
'2026-07-31 10:59:07.866628650,0.179628650,0,0,0,0,1
'2026-07-31 10:59:07.866631650,0.179631650,0,0,0,1,0
'2026-07-31 10:59:07.866778650,0.179778650,0,0,0,0,1
'2026-07-31 10:59:07.866781650,0.179781650,0,0,0,1,0
'2026-07-31 10:59:07.866928650,0.179928650,0,0,0,0,1
'2026-07-31 10:59:07.866931650,0.179931650,0,0,0,1,0
'2026-07-31 10:59:07.867078650,0.180078650,0,0,0,0,1
'2026-07-31 10:59:07.867081650,0.180081650,0,0,0,1,0
'2026-07-31 10:59:07.867228650,0.180228650,0,0,0,0,1
'2026-07-31 10:59:07.867231650,0.180231650,0,0,0,1,0
'2026-07-31 10:59:07.867378650,0.180378650,0,0,0,0,1
'2026-07-31 10:59:07.867381650,0.180381650,0,0,0,1,0
'2026-07-31 10:59:07.867528650,0.180528650,0,0,0,0,1
'2026-07-31 10:59:07.867531650,0.180531650,0,0,0,1,0
'2026-07-31 10:59:07.867678650,0.180678650,0,0,0,0,1
'2026-07-31 10:59:07.867681650,0.180681650,0,0,0,1,0
'2026-07-31 10:59:07.867828650,0.180828650,0,0,0,0,1
'2026-07-31 10:59:07.867831650,0.180831650,0,0,0,1,0
'2026-07-31 10:59:07.867978650,0.180978650,0,0,0,0,1
'2026-07-31 10:59:07.867981650,0.180981650,0,0,0,1,0
'2026-07-31 10:59:07.868128650,0.181128650,0,0,0,0,1
'2026-07-31 10:59:07.868131650,0.181131650,0,0,0,1,0
'2026-07-31 10:59:07.868278650,0.181278650,0,0,0,0,1
'2026-07-31 10:59:07.868281650,0.181281650,0,0,0,1,0
'2026-07-31 10:59:07.868428650,0.181428650,0,0,0,0,1
'2026-07-31 10:59:07.868431650,0.181431650,0,0,0,1,0
'2026-07-31 10:59:07.868578650,0.181578650,0,0,0,0,1
'2026-07-31 10:59:07.868581650,0.181581650,0,0,0,1,0
'2026-07-31 10:59:07.868728650,0.181728650,0,0,0,0,1
'2026-07-31 10:59:07.868731650,0.181731650,0,0,0,1,0
'2026-07-31 10:59:07.868878650,0.181878650,0,0,0,0,1
'2026-07-31 10:59:07.868881650,0.181881650,0,0,0,1,0
'2026-07-31 10:59:07.869028650,0.182028650,0,0,0,0,1
'2026-07-31 10:59:07.869031650,0.182031650,0,0,0,1,0
'2026-07-31 10:59:07.869178650,0.182178650,0,0,0,0,1
'2026-07-31 10:59:07.869181650,0.182181650,0,0,0,1,0
'2026-07-31 10:59:07.869328650,0.182328650,0,0,0,0,1
'2026-07-31 10:59:07.869331650,0.182331650,0,0,0,1,0
'2026-07-31 10:59:07.869478650,0.182478650,0,0,0,0,1
'2026-07-31 10:59:07.869481650,0.182481650,0,0,0,1,0
'2026-07-31 10:59:07.869628650,0.182628650,0,0,0,0,1
'2026-07-31 10:59:07.869631650,0.182631650,0,0,0,1,0
'2026-07-31 10:59:07.869778650,0.182778650,0,0,0,0,1
'2026-07-31 10:59:07.869781650,0.182781650,0,0,0,1,0
'2026-07-31 10:59:07.869928650,0.182928650,0,0,0,0,1
'2026-07-31 10:59:07.869931650,0.182931650,0,0,0,1,0
'2026-07-31 10:59:07.870078650,0.183078650,0,0,0,0,1
'2026-07-31 10:59:07.870081650,0.183081650,0,0,0,1,0
'2026-07-31 10:59:07.870228650,0.183228650,0,0,0,0,1
'2026-07-31 10:59:07.870231650,0.183231650,0,0,0,1,0
'2026-07-31 10:59:07.870378650,0.183378650,0,0,0,0,1
'2026-07-31 10:59:07.870381650,0.183381650,0,0,0,1,0
'2026-07-31 10:59:07.870528650,0.183528650,0,0,0,0,1
'2026-07-31 10:59:07.870531650,0.183531650,0,0,0,1,0
'2026-07-31 10:59:07.870678650,0.183678650,0,0,0,0,1
'2026-07-31 10:59:07.870681650,0.183681650,0,0,0,1,0
'2026-07-31 10:59:07.870828650,0.183828650,0,0,0,0,1
'2026-07-31 10:59:07.870831650,0.183831650,0,0,0,1,0
'2026-07-31 10:59:07.870978650,0.183978650,0,0,0,0,1
'2026-07-31 10:59:07.870981650,0.183981650,0,0,0,1,0
'2026-07-31 10:59:07.871128650,0.184128650,0,0,0,0,1
'2026-07-31 10:59:07.871131650,0.184131650,0,0,0,1,0
'2026-07-31 10:59:07.871278650,0.184278650,0,0,0,0,1
'2026-07-31 10:59:07.871281600,0.184281600,0,0,0,0,0
'2026-07-31 10:59:07.871281650,0.184281650,0,0,0,1,0
'2026-07-31 10:59:07.871428650,0.184428650,0,0,0,0,1
'2026-07-31 10:59:07.871431600,0.184431600,0,0,0,0,0
'2026-07-31 10:59:07.871431650,0.184431650,0,0,0,1,0
'2026-07-31 10:59:07.871578650,0.184578650,0,0,0,0,1
'2026-07-31 10:59:07.871581600,0.184581600,0,0,0,0,0
'2026-07-31 10:59:07.871581650,0.184581650,0,0,0,1,0
'2026-07-31 10:59:07.871728650,0.184728650,0,0,0,0,1
'2026-07-31 10:59:07.871731600,0.184731600,0,0,0,0,0
'2026-07-31 10:59:07.871731650,0.184731650,0,0,0,1,0
'2026-07-31 10:59:07.871878650,0.184878650,0,0,0,0,1
'2026-07-31 10:59:07.871881600,0.184881600,0,0,0,0,0
'2026-07-31 10:59:07.871881650,0.184881650,0,0,0,1,0
'2026-07-31 10:59:07.872028650,0.185028650,0,0,0,0,1
'2026-07-31 10:59:07.872031600,0.185031600,0,0,0,0,0
'2026-07-31 10:59:07.872031650,0.185031650,0,0,0,1,0
'2026-07-31 10:59:07.872178650,0.185178650,0,0,0,0,1
'2026-07-31 10:59:07.872181600,0.185181600,0,0,0,0,0
'2026-07-31 10:59:07.872181650,0.185181650,0,0,0,1,0
'2026-07-31 10:59:07.872328650,0.185328650,0,0,0,0,1
'2026-07-31 10:59:07.872331600,0.185331600,0,0,0,0,0
'2026-07-31 10:59:07.872331650,0.185331650,0,0,0,1,0
'2026-07-31 10:59:07.872478650,0.185478650,0,0,0,0,1
'2026-07-31 10:59:07.872481600,0.185481600,0,0,0,0,0
'2026-07-31 10:59:07.872481650,0.185481650,0,0,0,1,0
'2026-07-31 10:59:07.872628650,0.185628650,0,0,0,0,1
'2026-07-31 10:59:07.872631600,0.185631600,0,0,0,0,0
'2026-07-31 10:59:07.872631650,0.185631650,0,0,0,1,0
'2026-07-31 10:59:07.872778650,0.185778650,0,0,0,0,1
'2026-07-31 10:59:07.872781600,0.185781600,0,0,0,0,0
'2026-07-31 10:59:07.872781650,0.185781650,0,0,0,1,0
'2026-07-31 10:59:07.872928650,0.185928650,0,0,0,0,1
'2026-07-31 10:59:07.872931600,0.185931600,0,0,0,0,0
'2026-07-31 10:59:07.872931650,0.185931650,0,0,0,1,0
'2026-07-31 10:59:07.873078650,0.186078650,0,0,0,0,1
'2026-07-31 10:59:07.873081600,0.186081600,0,0,0,0,0
'2026-07-31 10:59:07.873081650,0.186081650,0,0,0,1,0
'2026-07-31 10:59:07.873228650,0.186228650,0,0,0,0,1
'2026-07-31 10:59:07.873231600,0.186231600,0,0,0,0,0
'2026-07-31 10:59:07.873231650,0.186231650,0,0,0,1,0
'2026-07-31 10:59:07.873378650,0.186378650,0,0,0,0,1
'2026-07-31 10:59:07.873381600,0.186381600,0,0,0,0,0
'2026-07-31 10:59:07.873381650,0.186381650,0,0,0,1,0
'2026-07-31 10:59:07.873528650,0.186528650,0,0,0,0,1
'2026-07-31 10:59:07.873531600,0.186531600,0,0,0,0,0
'2026-07-31 10:59:07.873531650,0.186531650,0,0,0,1,0
'2026-07-31 10:59:07.873678650,0.186678650,0,0,0,0,1
'2026-07-31 10:59:07.873681600,0.186681600,0,0,0,0,0
'2026-07-31 10:59:07.873681650,0.186681650,0,0,0,1,0
'2026-07-31 10:59:07.873828650,0.186828650,0,0,0,0,1
'2026-07-31 10:59:07.873831600,0.186831600,0,0,0,0,0
'2026-07-31 10:59:07.873831650,0.186831650,0,0,0,1,0
'2026-07-31 10:59:07.873978650,0.186978650,0,0,0,0,1
'2026-07-31 10:59:07.873981600,0.186981600,0,0,0,0,0
'2026-07-31 10:59:07.873981650,0.186981650,0,0,0,1,0
'2026-07-31 10:59:07.874128650,0.187128650,0,0,0,0,1
'2026-07-31 10:59:07.874131600,0.187131600,0,0,0,0,0
'2026-07-31 10:59:07.874131650,0.187131650,0,0,0,1,0
'2026-07-31 10:59:07.874278650,0.187278650,0,0,0,0,1
'2026-07-31 10:59:07.874281600,0.187281600,0,0,0,0,0
'2026-07-31 10:59:07.874281650,0.187281650,0,0,0,1,0
'2026-07-31 10:59:07.874428650,0.187428650,0,0,0,0,1
'2026-07-31 10:59:07.874431600,0.187431600,0,0,0,0,0
'2026-07-31 10:59:07.874431650,0.187431650,0,0,0,1,0
'2026-07-31 10:59:07.874578650,0.187578650,0,0,0,0,1
'2026-07-31 10:59:07.874581600,0.187581600,0,0,0,0,0
'2026-07-31 10:59:07.874581650,0.187581650,0,0,0,1,0
'2026-07-31 10:59:07.874728650,0.187728650,0,0,0,0,1
'2026-07-31 10:59:07.874731600,0.187731600,0,0,0,0,0
'2026-07-31 10:59:07.874731650,0.187731650,0,0,0,1,0
'2026-07-31 10:59:07.874878650,0.187878650,0,0,0,0,1
'2026-07-31 10:59:07.874881600,0.187881600,0,0,0,0,0
'2026-07-31 10:59:07.874881650,0.187881650,0,0,0,1,0
'2026-07-31 10:59:07.875028650,0.188028650,0,0,0,0,1
'2026-07-31 10:59:07.875031600,0.188031600,0,0,0,0,0
'2026-07-31 10:59:07.875031650,0.188031650,0,0,0,1,0
'2026-07-31 10:59:07.875178600,0.188178600,0,0,0,1,1
'2026-07-31 10:59:07.875178650,0.188178650,0,0,0,0,1
'2026-07-31 10:59:07.875181600,0.188181600,0,0,0,1,0
'2026-07-31 10:59:07.875328600,0.188328600,0,0,0,0,1
'2026-07-31 10:59:07.875331600,0.188331600,0,0,0,1,0
'2026-07-31 10:59:07.875478600,0.188478600,0,0,0,0,1
'2026-07-31 10:59:07.875481600,0.188481600,0,0,0,1,0
'2026-07-31 10:59:07.875628600,0.188628600,0,0,0,0,1
'2026-07-31 10:59:07.875631600,0.188631600,0,0,0,1,0
'2026-07-31 10:59:07.875778600,0.188778600,0,0,0,0,1
'2026-07-31 10:59:07.875781600,0.188781600,0,0,0,1,0
'2026-07-31 10:59:07.875928600,0.188928600,0,0,0,0,1
'2026-07-31 10:59:07.875931600,0.188931600,0,0,0,1,0
'2026-07-31 10:59:07.876078600,0.189078600,0,0,0,0,1
'2026-07-31 10:59:07.876081600,0.189081600,0,0,0,1,0
'2026-07-31 10:59:07.876228600,0.189228600,0,0,0,0,1
'2026-07-31 10:59:07.876231600,0.189231600,0,0,0,1,0
'2026-07-31 10:59:07.876378600,0.189378600,0,0,0,0,1
'2026-07-31 10:59:07.876381600,0.189381600,0,0,0,1,0
'2026-07-31 10:59:07.876528600,0.189528600,0,0,0,0,1
'2026-07-31 10:59:07.876531600,0.189531600,0,0,0,1,0
'2026-07-31 10:59:07.876678600,0.189678600,0,0,0,0,1
'2026-07-31 10:59:07.876681600,0.189681600,0,0,0,1,0
'2026-07-31 10:59:07.876828600,0.189828600,0,0,0,0,1
'2026-07-31 10:59:07.876831600,0.189831600,0,0,0,1,0
'2026-07-31 10:59:07.876978600,0.189978600,0,0,0,0,1
'2026-07-31 10:59:07.876981600,0.189981600,0,0,0,1,0
'2026-07-31 10:59:07.877128600,0.190128600,0,0,0,0,1
'2026-07-31 10:59:07.877131600,0.190131600,0,0,0,1,0
'2026-07-31 10:59:07.877278600,0.190278600,0,0,0,0,1
'2026-07-31 10:59:07.877281600,0.190281600,0,0,0,1,0
'2026-07-31 10:59:07.877428600,0.190428600,0,0,0,0,1
'2026-07-31 10:59:07.877431600,0.190431600,0,0,0,1,0
'2026-07-31 10:59:07.877578600,0.190578600,0,0,0,0,1
'2026-07-31 10:59:07.877581600,0.190581600,0,0,0,1,0
'2026-07-31 10:59:07.877728600,0.190728600,0,0,0,0,1
'2026-07-31 10:59:07.877731600,0.190731600,0,0,0,1,0
'2026-07-31 10:59:07.877878600,0.190878600,0,0,0,0,1
'2026-07-31 10:59:07.877881600,0.190881600,0,0,0,1,0
'2026-07-31 10:59:07.878028600,0.191028600,0,0,0,0,1
'2026-07-31 10:59:07.878031600,0.191031600,0,0,0,1,0
'2026-07-31 10:59:07.878178600,0.191178600,0,0,0,0,1
'2026-07-31 10:59:07.878181600,0.191181600,0,0,0,1,0
'2026-07-31 10:59:07.878328600,0.191328600,0,0,0,0,1
'2026-07-31 10:59:07.878331600,0.191331600,0,0,0,1,0
'2026-07-31 10:59:07.878478600,0.191478600,0,0,0,0,1
'2026-07-31 10:59:07.878481600,0.191481600,0,0,0,1,0
'2026-07-31 10:59:07.878628600,0.191628600,0,0,0,0,1
'2026-07-31 10:59:07.878631600,0.191631600,0,0,0,1,0
'2026-07-31 10:59:07.878778600,0.191778600,0,0,0,0,1
'2026-07-31 10:59:07.878781600,0.191781600,0,0,0,1,0
'2026-07-31 10:59:07.878928600,0.191928600,0,0,0,0,1
'2026-07-31 10:59:07.878931600,0.191931600,0,0,0,1,0
'2026-07-31 10:59:07.879078600,0.192078600,0,0,0,0,1
'2026-07-31 10:59:07.879081600,0.192081600,0,0,0,1,0
'2026-07-31 10:59:07.879228600,0.192228600,0,0,0,0,1
'2026-07-31 10:59:07.879231600,0.192231600,0,0,0,1,0
'2026-07-31 10:59:07.879378600,0.192378600,0,0,0,0,1
'2026-07-31 10:59:07.879381600,0.192381600,0,0,0,1,0
'2026-07-31 10:59:07.879528600,0.192528600,0,0,0,0,1
'2026-07-31 10:59:07.879531600,0.192531600,0,0,0,1,0
'2026-07-31 10:59:07.879678600,0.192678600,0,0,0,0,1
'2026-07-31 10:59:07.879681600,0.192681600,0,0,0,1,0
'2026-07-31 10:59:07.879828600,0.192828600,0,0,0,0,1
'2026-07-31 10:59:07.879831600,0.192831600,0,0,0,1,0
'2026-07-31 10:59:07.879978600,0.192978600,0,0,0,0,1
'2026-07-31 10:59:07.879981600,0.192981600,0,0,0,1,0
'2026-07-31 10:59:07.880128600,0.193128600,0,0,0,0,1
'2026-07-31 10:59:07.880131600,0.193131600,0,0,0,1,0
'2026-07-31 10:59:07.880278600,0.193278600,0,0,0,0,1
'2026-07-31 10:59:07.880281600,0.193281600,0,0,0,1,0
'2026-07-31 10:59:07.880428600,0.193428600,0,0,0,0,1
'2026-07-31 10:59:07.880431600,0.193431600,0,0,0,1,0
'2026-07-31 10:59:07.880578600,0.193578600,0,0,0,0,1
'2026-07-31 10:59:07.880581600,0.193581600,0,0,0,1,0
'2026-07-31 10:59:07.880728600,0.193728600,0,0,0,0,1
'2026-07-31 10:59:07.880731600,0.193731600,0,0,0,1,0
'2026-07-31 10:59:07.880878600,0.193878600,0,0,0,0,1
'2026-07-31 10:59:07.880881600,0.193881600,0,0,0,1,0
'2026-07-31 10:59:07.881028600,0.194028600,0,0,0,0,1
'2026-07-31 10:59:07.881031600,0.194031600,0,0,0,1,0
'2026-07-31 10:59:07.881178600,0.194178600,0,0,0,0,1
'2026-07-31 10:59:07.881181600,0.194181600,0,0,0,1,0
'2026-07-31 10:59:07.881328600,0.194328600,0,0,0,0,1
'2026-07-31 10:59:07.881331600,0.194331600,0,0,0,1,0
'2026-07-31 10:59:07.881478600,0.194478600,0,0,0,0,1
'2026-07-31 10:59:07.881481600,0.194481600,0,0,0,1,0
'2026-07-31 10:59:07.881628600,0.194628600,0,0,0,0,1
'2026-07-31 10:59:07.881631550,0.194631550,0,0,0,0,0
'2026-07-31 10:59:07.881631600,0.194631600,0,0,0,1,0
'2026-07-31 10:59:07.881778600,0.194778600,0,0,0,0,1
'2026-07-31 10:59:07.881781550,0.194781550,0,0,0,0,0
'2026-07-31 10:59:07.881781600,0.194781600,0,0,0,1,0
'2026-07-31 10:59:07.881928600,0.194928600,0,0,0,0,1
'2026-07-31 10:59:07.881931550,0.194931550,0,0,0,0,0
'2026-07-31 10:59:07.881931600,0.194931600,0,0,0,1,0
'2026-07-31 10:59:07.882078600,0.195078600,0,0,0,0,1
'2026-07-31 10:59:07.882081550,0.195081550,0,0,0,0,0
'2026-07-31 10:59:07.882081600,0.195081600,0,0,0,1,0
'2026-07-31 10:59:07.882228600,0.195228600,0,0,0,0,1
'2026-07-31 10:59:07.882231550,0.195231550,0,0,0,0,0
'2026-07-31 10:59:07.882231600,0.195231600,0,0,0,1,0
'2026-07-31 10:59:07.882378600,0.195378600,0,0,0,0,1
'2026-07-31 10:59:07.882381550,0.195381550,0,0,0,0,0
'2026-07-31 10:59:07.882381600,0.195381600,0,0,0,1,0
'2026-07-31 10:59:07.882528600,0.195528600,0,0,0,0,1
'2026-07-31 10:59:07.882531550,0.195531550,0,0,0,0,0
'2026-07-31 10:59:07.882531600,0.195531600,0,0,0,1,0
'2026-07-31 10:59:07.882678600,0.195678600,0,0,0,0,1
'2026-07-31 10:59:07.882681550,0.195681550,0,0,0,0,0
'2026-07-31 10:59:07.882681600,0.195681600,0,0,0,1,0
'2026-07-31 10:59:07.882828600,0.195828600,0,0,0,0,1
'2026-07-31 10:59:07.882831550,0.195831550,0,0,0,0,0
'2026-07-31 10:59:07.882831600,0.195831600,0,0,0,1,0
'2026-07-31 10:59:07.882978600,0.195978600,0,0,0,0,1
'2026-07-31 10:59:07.882981550,0.195981550,0,0,0,0,0
'2026-07-31 10:59:07.882981600,0.195981600,0,0,0,1,0
'2026-07-31 10:59:07.883128600,0.196128600,0,0,0,0,1
'2026-07-31 10:59:07.883131550,0.196131550,0,0,0,0,0
'2026-07-31 10:59:07.883131600,0.196131600,0,0,0,1,0
'2026-07-31 10:59:07.883278600,0.196278600,0,0,0,0,1
'2026-07-31 10:59:07.883281550,0.196281550,0,0,0,0,0
'2026-07-31 10:59:07.883281600,0.196281600,0,0,0,1,0
'2026-07-31 10:59:07.883428600,0.196428600,0,0,0,0,1
'2026-07-31 10:59:07.883431550,0.196431550,0,0,0,0,0
'2026-07-31 10:59:07.883431600,0.196431600,0,0,0,1,0
'2026-07-31 10:59:07.883578600,0.196578600,0,0,0,0,1
'2026-07-31 10:59:07.883581550,0.196581550,0,0,0,0,0
'2026-07-31 10:59:07.883581600,0.196581600,0,0,0,1,0
'2026-07-31 10:59:07.883728600,0.196728600,0,0,0,0,1
'2026-07-31 10:59:07.883731550,0.196731550,0,0,0,0,0
'2026-07-31 10:59:07.883731600,0.196731600,0,0,0,1,0
'2026-07-31 10:59:07.883878600,0.196878600,0,0,0,0,1
'2026-07-31 10:59:07.883881550,0.196881550,0,0,0,0,0
'2026-07-31 10:59:07.883881600,0.196881600,0,0,0,1,0
'2026-07-31 10:59:07.884028600,0.197028600,0,0,0,0,1
'2026-07-31 10:59:07.884031550,0.197031550,0,0,0,0,0
'2026-07-31 10:59:07.884031600,0.197031600,0,0,0,1,0
'2026-07-31 10:59:07.884178600,0.197178600,0,0,0,0,1
'2026-07-31 10:59:07.884181550,0.197181550,0,0,0,0,0
'2026-07-31 10:59:07.884181600,0.197181600,0,0,0,1,0
'2026-07-31 10:59:07.884328600,0.197328600,0,0,0,0,1
'2026-07-31 10:59:07.884331550,0.197331550,0,0,0,0,0
'2026-07-31 10:59:07.884331600,0.197331600,0,0,0,1,0
'2026-07-31 10:59:07.884478600,0.197478600,0,0,0,0,1
'2026-07-31 10:59:07.884481550,0.197481550,0,0,0,0,0
'2026-07-31 10:59:07.884481600,0.197481600,0,0,0,1,0
'2026-07-31 10:59:07.884628600,0.197628600,0,0,0,0,1
'2026-07-31 10:59:07.884631550,0.197631550,0,0,0,0,0
'2026-07-31 10:59:07.884631600,0.197631600,0,0,0,1,0
'2026-07-31 10:59:07.884778600,0.197778600,0,0,0,0,1
'2026-07-31 10:59:07.884781550,0.197781550,0,0,0,0,0
'2026-07-31 10:59:07.884781600,0.197781600,0,0,0,1,0
'2026-07-31 10:59:07.884928600,0.197928600,0,0,0,0,1
'2026-07-31 10:59:07.884931550,0.197931550,0,0,0,0,0
'2026-07-31 10:59:07.884931600,0.197931600,0,0,0,1,0
'2026-07-31 10:59:07.885078600,0.198078600,0,0,0,0,1
'2026-07-31 10:59:07.885081550,0.198081550,0,0,0,0,0
'2026-07-31 10:59:07.885081600,0.198081600,0,0,0,1,0
'2026-07-31 10:59:07.885228600,0.198228600,0,0,0,0,1
'2026-07-31 10:59:07.885231550,0.198231550,0,0,0,0,0
'2026-07-31 10:59:07.885231600,0.198231600,0,0,0,1,0
'2026-07-31 10:59:07.885378600,0.198378600,0,0,0,0,1
'2026-07-31 10:59:07.885381550,0.198381550,0,0,0,0,0
'2026-07-31 10:59:07.885381600,0.198381600,0,0,0,1,0
'2026-07-31 10:59:07.885528600,0.198528600,0,0,0,0,1
'2026-07-31 10:59:07.885531550,0.198531550,0,0,0,0,0
'2026-07-31 10:59:07.885531600,0.198531600,0,0,0,1,0
'2026-07-31 10:59:07.885678550,0.198678550,0,0,0,0,1
'2026-07-31 10:59:07.885681550,0.198681550,0,0,0,1,0
'2026-07-31 10:59:07.885828550,0.198828550,0,0,0,0,1
'2026-07-31 10:59:07.885831550,0.198831550,0,0,0,1,0
'2026-07-31 10:59:07.885978550,0.198978550,0,0,0,0,1
'2026-07-31 10:59:07.885981550,0.198981550,0,0,0,1,0
'2026-07-31 10:59:07.886128550,0.199128550,0,0,0,0,1
'2026-07-31 10:59:07.886131550,0.199131550,0,0,0,1,0
'2026-07-31 10:59:07.886278550,0.199278550,0,0,0,0,1
'2026-07-31 10:59:07.886281550,0.199281550,0,0,0,1,0
'2026-07-31 10:59:07.886428550,0.199428550,0,0,0,0,1
'2026-07-31 10:59:07.886431550,0.199431550,0,0,0,1,0
'2026-07-31 10:59:07.886578550,0.199578550,0,0,0,0,1
'2026-07-31 10:59:07.886581550,0.199581550,0,0,0,1,0
'2026-07-31 10:59:07.886728550,0.199728550,0,0,0,0,1
'2026-07-31 10:59:07.886731550,0.199731550,0,0,0,1,0
'2026-07-31 10:59:07.886878550,0.199878550,0,0,0,0,1
'2026-07-31 10:59:07.886881550,0.199881550,0,0,0,1,0
'2026-07-31 10:59:07.887028550,0.200028550,0,0,0,0,1
'2026-07-31 10:59:07.887031550,0.200031550,0,0,0,1,0
'2026-07-31 10:59:07.887178550,0.200178550,0,0,0,0,1
'2026-07-31 10:59:07.887181550,0.200181550,0,0,0,1,0
'2026-07-31 10:59:07.887328550,0.200328550,0,0,0,0,1
'2026-07-31 10:59:07.887331550,0.200331550,0,0,0,1,0
'2026-07-31 10:59:07.887478550,0.200478550,0,0,0,0,1
'2026-07-31 10:59:07.887481550,0.200481550,0,0,0,1,0
'2026-07-31 10:59:07.887628550,0.200628550,0,0,0,0,1
'2026-07-31 10:59:07.887631550,0.200631550,0,0,0,1,0
'2026-07-31 10:59:07.887778550,0.200778550,0,0,0,0,1
'2026-07-31 10:59:07.887781550,0.200781550,0,0,0,1,0
'2026-07-31 10:59:07.887928550,0.200928550,0,0,0,0,1
'2026-07-31 10:59:07.887931550,0.200931550,0,0,0,1,0
'2026-07-31 10:59:07.888078550,0.201078550,0,0,0,0,1
'2026-07-31 10:59:07.888081550,0.201081550,0,0,0,1,0
'2026-07-31 10:59:07.888228550,0.201228550,0,0,0,0,1
'2026-07-31 10:59:07.888231550,0.201231550,0,0,0,1,0
'2026-07-31 10:59:07.888378550,0.201378550,0,0,0,0,1
'2026-07-31 10:59:07.888381550,0.201381550,0,0,0,1,0
'2026-07-31 10:59:07.888528550,0.201528550,0,0,0,0,1
'2026-07-31 10:59:07.888531550,0.201531550,0,0,0,1,0
'2026-07-31 10:59:07.888678550,0.201678550,0,0,0,0,1
'2026-07-31 10:59:07.888681550,0.201681550,0,0,0,1,0
'2026-07-31 10:59:07.888828550,0.201828550,0,0,0,0,1
'2026-07-31 10:59:07.888831550,0.201831550,0,0,0,1,0
'2026-07-31 10:59:07.888978550,0.201978550,0,0,0,0,1
'2026-07-31 10:59:07.888981550,0.201981550,0,0,0,1,0
'2026-07-31 10:59:07.889128550,0.202128550,0,0,0,0,1
'2026-07-31 10:59:07.889131550,0.202131550,0,0,0,1,0
'2026-07-31 10:59:07.889278550,0.202278550,0,0,0,0,1
'2026-07-31 10:59:07.889281550,0.202281550,0,0,0,1,0
'2026-07-31 10:59:07.889428550,0.202428550,0,0,0,0,1
'2026-07-31 10:59:07.889431550,0.202431550,0,0,0,1,0
'2026-07-31 10:59:07.889578550,0.202578550,0,0,0,0,1
'2026-07-31 10:59:07.889581550,0.202581550,0,0,0,1,0
'2026-07-31 10:59:07.889728550,0.202728550,0,0,0,0,1
'2026-07-31 10:59:07.889731550,0.202731550,0,0,0,1,0
'2026-07-31 10:59:07.889878550,0.202878550,0,0,0,0,1
'2026-07-31 10:59:07.889881550,0.202881550,0,0,0,1,0
'2026-07-31 10:59:07.890028550,0.203028550,0,0,0,0,1
'2026-07-31 10:59:07.890031550,0.203031550,0,0,0,1,0
'2026-07-31 10:59:07.890178550,0.203178550,0,0,0,0,1
'2026-07-31 10:59:07.890181550,0.203181550,0,0,0,1,0
'2026-07-31 10:59:07.890328550,0.203328550,0,0,0,0,1
'2026-07-31 10:59:07.890331550,0.203331550,0,0,0,1,0
'2026-07-31 10:59:07.890478550,0.203478550,0,0,0,0,1
'2026-07-31 10:59:07.890481550,0.203481550,0,0,0,1,0
'2026-07-31 10:59:07.890628550,0.203628550,0,0,0,0,1
'2026-07-31 10:59:07.890631550,0.203631550,0,0,0,1,0
'2026-07-31 10:59:07.890778550,0.203778550,0,0,0,0,1
'2026-07-31 10:59:07.890781550,0.203781550,0,0,0,1,0
'2026-07-31 10:59:07.890928550,0.203928550,0,0,0,0,1
'2026-07-31 10:59:07.890931550,0.203931550,0,0,0,1,0
'2026-07-31 10:59:07.891078550,0.204078550,0,0,0,0,1
'2026-07-31 10:59:07.891081550,0.204081550,0,0,0,1,0
'2026-07-31 10:59:07.891228550,0.204228550,0,0,0,0,1
'2026-07-31 10:59:07.891231550,0.204231550,0,0,0,1,0
'2026-07-31 10:59:07.891378550,0.204378550,0,0,0,0,1
'2026-07-31 10:59:07.891381550,0.204381550,0,0,0,1,0
'2026-07-31 10:59:07.891528550,0.204528550,0,0,0,0,1
'2026-07-31 10:59:07.891531550,0.204531550,0,0,0,1,0
'2026-07-31 10:59:07.891678550,0.204678550,0,0,0,0,1
'2026-07-31 10:59:07.891681550,0.204681550,0,0,0,1,0
'2026-07-31 10:59:07.891828550,0.204828550,0,0,0,0,1
'2026-07-31 10:59:07.891831550,0.204831550,0,0,0,1,0
'2026-07-31 10:59:07.891978550,0.204978550,0,0,0,0,1
'2026-07-31 10:59:07.891981500,0.204981500,0,0,0,0,0
'2026-07-31 10:59:07.891981550,0.204981550,0,0,0,1,0
'2026-07-31 10:59:07.892128550,0.205128550,0,0,0,0,1
'2026-07-31 10:59:07.892131500,0.205131500,0,0,0,0,0
'2026-07-31 10:59:07.892131550,0.205131550,0,0,0,1,0
'2026-07-31 10:59:07.892278550,0.205278550,0,0,0,0,1
'2026-07-31 10:59:07.892281500,0.205281500,0,0,0,0,0
'2026-07-31 10:59:07.892281550,0.205281550,0,0,0,1,0
'2026-07-31 10:59:07.892428550,0.205428550,0,0,0,0,1
'2026-07-31 10:59:07.892431500,0.205431500,0,0,0,0,0
'2026-07-31 10:59:07.892431550,0.205431550,0,0,0,1,0
'2026-07-31 10:59:07.892578550,0.205578550,0,0,0,0,1
'2026-07-31 10:59:07.892581500,0.205581500,0,0,0,0,0
'2026-07-31 10:59:07.892581550,0.205581550,0,0,0,1,0
'2026-07-31 10:59:07.892728550,0.205728550,0,0,0,0,1
'2026-07-31 10:59:07.892731500,0.205731500,0,0,0,0,0
'2026-07-31 10:59:07.892731550,0.205731550,0,0,0,1,0
'2026-07-31 10:59:07.892878550,0.205878550,0,0,0,0,1
'2026-07-31 10:59:07.892881500,0.205881500,0,0,0,0,0
'2026-07-31 10:59:07.892881550,0.205881550,0,0,0,1,0
'2026-07-31 10:59:07.893028550,0.206028550,0,0,0,0,1
'2026-07-31 10:59:07.893031500,0.206031500,0,0,0,0,0
'2026-07-31 10:59:07.893031550,0.206031550,0,0,0,1,0
'2026-07-31 10:59:07.893178550,0.206178550,0,0,0,0,1
'2026-07-31 10:59:07.893181500,0.206181500,0,0,0,0,0
'2026-07-31 10:59:07.893181550,0.206181550,0,0,0,1,0
'2026-07-31 10:59:07.893328550,0.206328550,0,0,0,0,1
'2026-07-31 10:59:07.893331500,0.206331500,0,0,0,0,0
'2026-07-31 10:59:07.893331550,0.206331550,0,0,0,1,0
'2026-07-31 10:59:07.893478550,0.206478550,0,0,0,0,1
'2026-07-31 10:59:07.893481500,0.206481500,0,0,0,0,0
'2026-07-31 10:59:07.893481550,0.206481550,0,0,0,1,0
'2026-07-31 10:59:07.893628550,0.206628550,0,0,0,0,1
'2026-07-31 10:59:07.893631500,0.206631500,0,0,0,0,0
'2026-07-31 10:59:07.893631550,0.206631550,0,0,0,1,0
'2026-07-31 10:59:07.893778550,0.206778550,0,0,0,0,1
'2026-07-31 10:59:07.893781500,0.206781500,0,0,0,0,0
'2026-07-31 10:59:07.893781550,0.206781550,0,0,0,1,0
'2026-07-31 10:59:07.893928550,0.206928550,0,0,0,0,1
'2026-07-31 10:59:07.893931500,0.206931500,0,0,0,0,0
'2026-07-31 10:59:07.893931550,0.206931550,0,0,0,1,0
'2026-07-31 10:59:07.894078550,0.207078550,0,0,0,0,1
'2026-07-31 10:59:07.894081500,0.207081500,0,0,0,0,0
'2026-07-31 10:59:07.894081550,0.207081550,0,0,0,1,0
'2026-07-31 10:59:07.894228550,0.207228550,0,0,0,0,1
'2026-07-31 10:59:07.894231500,0.207231500,0,0,0,0,0
'2026-07-31 10:59:07.894231550,0.207231550,0,0,0,1,0
'2026-07-31 10:59:07.894378550,0.207378550,0,0,0,0,1
'2026-07-31 10:59:07.894381500,0.207381500,0,0,0,0,0
'2026-07-31 10:59:07.894381550,0.207381550,0,0,0,1,0
'2026-07-31 10:59:07.894528550,0.207528550,0,0,0,0,1
'2026-07-31 10:59:07.894531500,0.207531500,0,0,0,0,0
'2026-07-31 10:59:07.894531550,0.207531550,0,0,0,1,0
'2026-07-31 10:59:07.894678550,0.207678550,0,0,0,0,1
'2026-07-31 10:59:07.894681500,0.207681500,0,0,0,0,0
'2026-07-31 10:59:07.894681550,0.207681550,0,0,0,1,0
'2026-07-31 10:59:07.894828550,0.207828550,0,0,0,0,1
'2026-07-31 10:59:07.894831500,0.207831500,0,0,0,0,0
'2026-07-31 10:59:07.894831550,0.207831550,0,0,0,1,0
'2026-07-31 10:59:07.894978550,0.207978550,0,0,0,0,1
'2026-07-31 10:59:07.894981500,0.207981500,0,0,0,0,0
'2026-07-31 10:59:07.894981550,0.207981550,0,0,0,1,0
'2026-07-31 10:59:07.895128550,0.208128550,0,0,0,0,1
'2026-07-31 10:59:07.895131500,0.208131500,0,0,0,0,0
'2026-07-31 10:59:07.895131550,0.208131550,0,0,0,1,0
'2026-07-31 10:59:07.895278550,0.208278550,0,0,0,0,1
'2026-07-31 10:59:07.895281500,0.208281500,0,0,0,0,0
'2026-07-31 10:59:07.895281550,0.208281550,0,0,0,1,0
'2026-07-31 10:59:07.895428550,0.208428550,0,0,0,0,1
'2026-07-31 10:59:07.895431500,0.208431500,0,0,0,0,0
'2026-07-31 10:59:07.895431550,0.208431550,0,0,0,1,0
'2026-07-31 10:59:07.895578550,0.208578550,0,0,0,0,1
'2026-07-31 10:59:07.895581500,0.208581500,0,0,0,0,0
'2026-07-31 10:59:07.895581550,0.208581550,0,0,0,1,0
'2026-07-31 10:59:07.895728550,0.208728550,0,0,0,0,1
'2026-07-31 10:59:07.895731500,0.208731500,0,0,0,0,0
'2026-07-31 10:59:07.895731550,0.208731550,0,0,0,1,0
'2026-07-31 10:59:07.895878550,0.208878550,0,0,0,0,1
'2026-07-31 10:59:07.895881500,0.208881500,0,0,0,0,0
'2026-07-31 10:59:07.895881550,0.208881550,0,0,0,1,0
'2026-07-31 10:59:07.896028500,0.209028500,0,0,0,0,1
'2026-07-31 10:59:07.896031500,0.209031500,0,0,0,1,0
'2026-07-31 10:59:07.896178500,0.209178500,0,0,0,0,1
'2026-07-31 10:59:07.896181500,0.209181500,0,0,0,1,0
'2026-07-31 10:59:07.896328500,0.209328500,0,0,0,0,1
'2026-07-31 10:59:07.896331500,0.209331500,0,0,0,1,0
'2026-07-31 10:59:07.896478500,0.209478500,0,0,0,0,1
'2026-07-31 10:59:07.896481500,0.209481500,0,0,0,1,0
'2026-07-31 10:59:07.896628500,0.209628500,0,0,0,0,1
'2026-07-31 10:59:07.896631500,0.209631500,0,0,0,1,0
'2026-07-31 10:59:07.896778500,0.209778500,0,0,0,0,1
'2026-07-31 10:59:07.896781500,0.209781500,0,0,0,1,0
'2026-07-31 10:59:07.896928500,0.209928500,0,0,0,0,1
'2026-07-31 10:59:07.896931500,0.209931500,0,0,0,1,0
'2026-07-31 10:59:07.897078500,0.210078500,0,0,0,0,1
'2026-07-31 10:59:07.897081500,0.210081500,0,0,0,1,0
'2026-07-31 10:59:07.897228500,0.210228500,0,0,0,0,1
'2026-07-31 10:59:07.897231500,0.210231500,0,0,0,1,0
'2026-07-31 10:59:07.897378500,0.210378500,0,0,0,0,1
'2026-07-31 10:59:07.897381500,0.210381500,0,0,0,1,0
'2026-07-31 10:59:07.897528500,0.210528500,0,0,0,0,1
'2026-07-31 10:59:07.897531500,0.210531500,0,0,0,1,0
'2026-07-31 10:59:07.897678500,0.210678500,0,0,0,0,1
'2026-07-31 10:59:07.897681500,0.210681500,0,0,0,1,0
'2026-07-31 10:59:07.897828500,0.210828500,0,0,0,0,1
'2026-07-31 10:59:07.897831500,0.210831500,0,0,0,1,0
'2026-07-31 10:59:07.897978500,0.210978500,0,0,0,0,1
'2026-07-31 10:59:07.897981500,0.210981500,0,0,0,1,0
'2026-07-31 10:59:07.898128500,0.211128500,0,0,0,0,1
'2026-07-31 10:59:07.898131500,0.211131500,0,0,0,1,0
'2026-07-31 10:59:07.898278500,0.211278500,0,0,0,0,1
'2026-07-31 10:59:07.898281500,0.211281500,0,0,0,1,0
'2026-07-31 10:59:07.898428500,0.211428500,0,0,0,0,1
'2026-07-31 10:59:07.898431500,0.211431500,0,0,0,1,0
'2026-07-31 10:59:07.898578500,0.211578500,0,0,0,0,1
'2026-07-31 10:59:07.898581500,0.211581500,0,0,0,1,0
'2026-07-31 10:59:07.898728500,0.211728500,0,0,0,0,1
'2026-07-31 10:59:07.898731500,0.211731500,0,0,0,1,0
'2026-07-31 10:59:07.898878500,0.211878500,0,0,0,0,1
'2026-07-31 10:59:07.898881500,0.211881500,0,0,0,1,0
'2026-07-31 10:59:07.899028500,0.212028500,0,0,0,0,1
'2026-07-31 10:59:07.899031500,0.212031500,0,0,0,1,0
'2026-07-31 10:59:07.899178500,0.212178500,0,0,0,0,1
'2026-07-31 10:59:07.899181500,0.212181500,0,0,0,1,0
'2026-07-31 10:59:07.899328500,0.212328500,0,0,0,0,1
'2026-07-31 10:59:07.899331500,0.212331500,0,0,0,1,0
'2026-07-31 10:59:07.899478500,0.212478500,0,0,0,0,1
'2026-07-31 10:59:07.899481500,0.212481500,0,0,0,1,0
'2026-07-31 10:59:07.899628500,0.212628500,0,0,0,0,1
'2026-07-31 10:59:07.899631500,0.212631500,0,0,0,1,0
'2026-07-31 10:59:07.899778500,0.212778500,0,0,0,0,1
'2026-07-31 10:59:07.899781500,0.212781500,0,0,0,1,0
'2026-07-31 10:59:07.899928500,0.212928500,0,0,0,0,1
'2026-07-31 10:59:07.899931500,0.212931500,0,0,0,1,0
'2026-07-31 10:59:07.900078500,0.213078500,0,0,0,0,1
'2026-07-31 10:59:07.900081500,0.213081500,0,0,0,1,0
'2026-07-31 10:59:07.900228500,0.213228500,0,0,0,0,1
'2026-07-31 10:59:07.900231500,0.213231500,0,0,0,1,0
'2026-07-31 10:59:07.900378500,0.213378500,0,0,0,0,1
'2026-07-31 10:59:07.900381500,0.213381500,0,0,0,1,0
'2026-07-31 10:59:07.900528500,0.213528500,0,0,0,0,1
'2026-07-31 10:59:07.900531500,0.213531500,0,0,0,1,0
'2026-07-31 10:59:07.900678500,0.213678500,0,0,0,0,1
'2026-07-31 10:59:07.900681500,0.213681500,0,0,0,1,0
'2026-07-31 10:59:07.900828500,0.213828500,0,0,0,0,1
'2026-07-31 10:59:07.900831500,0.213831500,0,0,0,1,0
'2026-07-31 10:59:07.900978500,0.213978500,0,0,0,0,1
'2026-07-31 10:59:07.900981500,0.213981500,0,0,0,1,0
'2026-07-31 10:59:07.901128500,0.214128500,0,0,0,0,1
'2026-07-31 10:59:07.901131500,0.214131500,0,0,0,1,0
'2026-07-31 10:59:07.901278500,0.214278500,0,0,0,0,1
'2026-07-31 10:59:07.901281500,0.214281500,0,0,0,1,0
'2026-07-31 10:59:07.901428500,0.214428500,0,0,0,0,1
'2026-07-31 10:59:07.901431500,0.214431500,0,0,0,1,0
'2026-07-31 10:59:07.901578500,0.214578500,0,0,0,0,1
'2026-07-31 10:59:07.901581500,0.214581500,0,0,0,1,0
'2026-07-31 10:59:07.901728500,0.214728500,0,0,0,0,1
'2026-07-31 10:59:07.901731500,0.214731500,0,0,0,1,0
'2026-07-31 10:59:07.901878500,0.214878500,0,0,0,0,1
'2026-07-31 10:59:07.901881500,0.214881500,0,0,0,1,0
'2026-07-31 10:59:07.902028500,0.215028500,0,0,0,0,1
'2026-07-31 10:59:07.902031500,0.215031500,0,0,0,1,0
'2026-07-31 10:59:07.902178500,0.215178500,0,0,0,0,1
'2026-07-31 10:59:07.902181500,0.215181500,0,0,0,1,0
'2026-07-31 10:59:07.902328500,0.215328500,0,0,0,0,1
'2026-07-31 10:59:07.902331500,0.215331500,0,0,0,1,0
'2026-07-31 10:59:07.902478500,0.215478500,0,0,0,0,1
'2026-07-31 10:59:07.902481450,0.215481450,0,0,0,0,0
'2026-07-31 10:59:07.902481500,0.215481500,0,0,0,1,0
'2026-07-31 10:59:07.902628500,0.215628500,0,0,0,0,1
'2026-07-31 10:59:07.902631450,0.215631450,0,0,0,0,0
'2026-07-31 10:59:07.902631500,0.215631500,0,0,0,1,0
'2026-07-31 10:59:07.902778500,0.215778500,0,0,0,0,1
'2026-07-31 10:59:07.902781450,0.215781450,0,0,0,0,0
'2026-07-31 10:59:07.902781500,0.215781500,0,0,0,1,0
'2026-07-31 10:59:07.902928500,0.215928500,0,0,0,0,1
'2026-07-31 10:59:07.902931450,0.215931450,0,0,0,0,0
'2026-07-31 10:59:07.902931500,0.215931500,0,0,0,1,0
'2026-07-31 10:59:07.903078500,0.216078500,0,0,0,0,1
'2026-07-31 10:59:07.903081450,0.216081450,0,0,0,0,0
'2026-07-31 10:59:07.903081500,0.216081500,0,0,0,1,0
'2026-07-31 10:59:07.903228500,0.216228500,0,0,0,0,1
'2026-07-31 10:59:07.903231450,0.216231450,0,0,0,0,0
'2026-07-31 10:59:07.903231500,0.216231500,0,0,0,1,0
'2026-07-31 10:59:07.903378500,0.216378500,0,0,0,0,1
'2026-07-31 10:59:07.903381450,0.216381450,0,0,0,0,0
'2026-07-31 10:59:07.903381500,0.216381500,0,0,0,1,0
'2026-07-31 10:59:07.903528500,0.216528500,0,0,0,0,1
'2026-07-31 10:59:07.903531450,0.216531450,0,0,0,0,0
'2026-07-31 10:59:07.903531500,0.216531500,0,0,0,1,0
'2026-07-31 10:59:07.903678500,0.216678500,0,0,0,0,1
'2026-07-31 10:59:07.903681450,0.216681450,0,0,0,0,0
'2026-07-31 10:59:07.903681500,0.216681500,0,0,0,1,0
'2026-07-31 10:59:07.903828500,0.216828500,0,0,0,0,1
'2026-07-31 10:59:07.903831450,0.216831450,0,0,0,0,0
'2026-07-31 10:59:07.903831500,0.216831500,0,0,0,1,0
'2026-07-31 10:59:07.903978500,0.216978500,0,0,0,0,1
'2026-07-31 10:59:07.903981450,0.216981450,0,0,0,0,0
'2026-07-31 10:59:07.903981500,0.216981500,0,0,0,1,0
'2026-07-31 10:59:07.904128500,0.217128500,0,0,0,0,1
'2026-07-31 10:59:07.904131450,0.217131450,0,0,0,0,0
'2026-07-31 10:59:07.904131500,0.217131500,0,0,0,1,0
'2026-07-31 10:59:07.904278500,0.217278500,0,0,0,0,1
'2026-07-31 10:59:07.904281450,0.217281450,0,0,0,0,0
'2026-07-31 10:59:07.904281500,0.217281500,0,0,0,1,0
'2026-07-31 10:59:07.904428500,0.217428500,0,0,0,0,1
'2026-07-31 10:59:07.904431450,0.217431450,0,0,0,0,0
'2026-07-31 10:59:07.904431500,0.217431500,0,0,0,1,0
'2026-07-31 10:59:07.904578500,0.217578500,0,0,0,0,1
'2026-07-31 10:59:07.904581450,0.217581450,0,0,0,0,0
'2026-07-31 10:59:07.904581500,0.217581500,0,0,0,1,0
'2026-07-31 10:59:07.904728500,0.217728500,0,0,0,0,1
'2026-07-31 10:59:07.904731450,0.217731450,0,0,0,0,0
'2026-07-31 10:59:07.904731500,0.217731500,0,0,0,1,0
'2026-07-31 10:59:07.904878500,0.217878500,0,0,0,0,1
'2026-07-31 10:59:07.904881450,0.217881450,0,0,0,0,0
'2026-07-31 10:59:07.904881500,0.217881500,0,0,0,1,0
'2026-07-31 10:59:07.905028500,0.218028500,0,0,0,0,1
'2026-07-31 10:59:07.905031450,0.218031450,0,0,0,0,0
'2026-07-31 10:59:07.905031500,0.218031500,0,0,0,1,0
'2026-07-31 10:59:07.905178500,0.218178500,0,0,0,0,1
'2026-07-31 10:59:07.905181450,0.218181450,0,0,0,0,0
'2026-07-31 10:59:07.905181500,0.218181500,0,0,0,1,0
'2026-07-31 10:59:07.905328500,0.218328500,0,0,0,0,1
'2026-07-31 10:59:07.905331450,0.218331450,0,0,0,0,0
'2026-07-31 10:59:07.905331500,0.218331500,0,0,0,1,0
'2026-07-31 10:59:07.905478500,0.218478500,0,0,0,0,1
'2026-07-31 10:59:07.905481450,0.218481450,0,0,0,0,0
'2026-07-31 10:59:07.905481500,0.218481500,0,0,0,1,0
'2026-07-31 10:59:07.905628500,0.218628500,0,0,0,0,1
'2026-07-31 10:59:07.905631450,0.218631450,0,0,0,0,0
'2026-07-31 10:59:07.905631500,0.218631500,0,0,0,1,0
'2026-07-31 10:59:07.905778500,0.218778500,0,0,0,0,1
'2026-07-31 10:59:07.905781450,0.218781450,0,0,0,0,0
'2026-07-31 10:59:07.905781500,0.218781500,0,0,0,1,0
'2026-07-31 10:59:07.905928500,0.218928500,0,0,0,0,1
'2026-07-31 10:59:07.905931450,0.218931450,0,0,0,0,0
'2026-07-31 10:59:07.905931500,0.218931500,0,0,0,1,0
'2026-07-31 10:59:07.906078500,0.219078500,0,0,0,0,1
'2026-07-31 10:59:07.906081450,0.219081450,0,0,0,0,0
'2026-07-31 10:59:07.906081500,0.219081500,0,0,0,1,0
'2026-07-31 10:59:07.906228500,0.219228500,0,0,0,0,1
'2026-07-31 10:59:07.906231450,0.219231450,0,0,0,0,0
'2026-07-31 10:59:07.906231500,0.219231500,0,0,0,1,0
'2026-07-31 10:59:07.906378450,0.219378450,0,0,0,1,1
'2026-07-31 10:59:07.906378500,0.219378500,0,0,0,0,1
'2026-07-31 10:59:07.906381450,0.219381450,0,0,0,1,0
'2026-07-31 10:59:07.906528450,0.219528450,0,0,0,0,1
'2026-07-31 10:59:07.906531450,0.219531450,0,0,0,1,0
'2026-07-31 10:59:07.906678450,0.219678450,0,0,0,0,1
'2026-07-31 10:59:07.906681450,0.219681450,0,0,0,1,0
'2026-07-31 10:59:07.906828450,0.219828450,0,0,0,0,1
'2026-07-31 10:59:07.906831450,0.219831450,0,0,0,1,0
'2026-07-31 10:59:07.906978450,0.219978450,0,0,0,0,1
'2026-07-31 10:59:07.906981450,0.219981450,0,0,0,1,0
'2026-07-31 10:59:07.907128450,0.220128450,0,0,0,0,1
'2026-07-31 10:59:07.907131450,0.220131450,0,0,0,1,0
'2026-07-31 10:59:07.907278450,0.220278450,0,0,0,0,1
'2026-07-31 10:59:07.907281450,0.220281450,0,0,0,1,0
'2026-07-31 10:59:07.907428450,0.220428450,0,0,0,0,1
'2026-07-31 10:59:07.907431450,0.220431450,0,0,0,1,0
'2026-07-31 10:59:07.907578450,0.220578450,0,0,0,0,1
'2026-07-31 10:59:07.907581450,0.220581450,0,0,0,1,0
'2026-07-31 10:59:07.907728450,0.220728450,0,0,0,0,1
'2026-07-31 10:59:07.907731450,0.220731450,0,0,0,1,0
'2026-07-31 10:59:07.907878450,0.220878450,0,0,0,0,1
'2026-07-31 10:59:07.907881450,0.220881450,0,0,0,1,0
'2026-07-31 10:59:07.908028450,0.221028450,0,0,0,0,1
'2026-07-31 10:59:07.908031450,0.221031450,0,0,0,1,0
'2026-07-31 10:59:07.908178450,0.221178450,0,0,0,0,1
'2026-07-31 10:59:07.908181450,0.221181450,0,0,0,1,0
'2026-07-31 10:59:07.908328450,0.221328450,0,0,0,0,1
'2026-07-31 10:59:07.908331450,0.221331450,0,0,0,1,0
'2026-07-31 10:59:07.908478450,0.221478450,0,0,0,0,1
'2026-07-31 10:59:07.908481450,0.221481450,0,0,0,1,0
'2026-07-31 10:59:07.908628450,0.221628450,0,0,0,0,1
'2026-07-31 10:59:07.908631450,0.221631450,0,0,0,1,0
'2026-07-31 10:59:07.908778450,0.221778450,0,0,0,0,1
'2026-07-31 10:59:07.908781450,0.221781450,0,0,0,1,0
'2026-07-31 10:59:07.908928450,0.221928450,0,0,0,0,1
'2026-07-31 10:59:07.908931450,0.221931450,0,0,0,1,0
'2026-07-31 10:59:07.909078450,0.222078450,0,0,0,0,1
'2026-07-31 10:59:07.909081450,0.222081450,0,0,0,1,0
'2026-07-31 10:59:07.909228450,0.222228450,0,0,0,0,1
'2026-07-31 10:59:07.909231450,0.222231450,0,0,0,1,0
'2026-07-31 10:59:07.909378450,0.222378450,0,0,0,0,1
'2026-07-31 10:59:07.909381450,0.222381450,0,0,0,1,0
'2026-07-31 10:59:07.909528450,0.222528450,0,0,0,0,1
'2026-07-31 10:59:07.909531450,0.222531450,0,0,0,1,0
'2026-07-31 10:59:07.909678450,0.222678450,0,0,0,0,1
'2026-07-31 10:59:07.909681450,0.222681450,0,0,0,1,0
'2026-07-31 10:59:07.909828450,0.222828450,0,0,0,0,1
'2026-07-31 10:59:07.909831450,0.222831450,0,0,0,1,0
'2026-07-31 10:59:07.909978450,0.222978450,0,0,0,0,1
'2026-07-31 10:59:07.909981450,0.222981450,0,0,0,1,0
'2026-07-31 10:59:07.910128450,0.223128450,0,0,0,0,1
'2026-07-31 10:59:07.910131450,0.223131450,0,0,0,1,0
'2026-07-31 10:59:07.910278450,0.223278450,0,0,0,0,1
'2026-07-31 10:59:07.910281450,0.223281450,0,0,0,1,0
'2026-07-31 10:59:07.910428450,0.223428450,0,0,0,0,1
'2026-07-31 10:59:07.910431450,0.223431450,0,0,0,1,0
'2026-07-31 10:59:07.910578450,0.223578450,0,0,0,0,1
'2026-07-31 10:59:07.910581450,0.223581450,0,0,0,1,0
'2026-07-31 10:59:07.910728450,0.223728450,0,0,0,0,1
'2026-07-31 10:59:07.910731450,0.223731450,0,0,0,1,0
'2026-07-31 10:59:07.910878450,0.223878450,0,0,0,0,1
'2026-07-31 10:59:07.910881450,0.223881450,0,0,0,1,0
'2026-07-31 10:59:07.911028450,0.224028450,0,0,0,0,1
'2026-07-31 10:59:07.911031450,0.224031450,0,0,0,1,0
'2026-07-31 10:59:07.911178450,0.224178450,0,0,0,0,1
'2026-07-31 10:59:07.911181450,0.224181450,0,0,0,1,0
'2026-07-31 10:59:07.911328450,0.224328450,0,0,0,0,1
'2026-07-31 10:59:07.911331450,0.224331450,0,0,0,1,0
'2026-07-31 10:59:07.911478450,0.224478450,0,0,0,0,1
'2026-07-31 10:59:07.911481450,0.224481450,0,0,0,1,0
'2026-07-31 10:59:07.911628450,0.224628450,0,0,0,0,1
'2026-07-31 10:59:07.911631450,0.224631450,0,0,0,1,0
'2026-07-31 10:59:07.911778450,0.224778450,0,0,0,0,1
'2026-07-31 10:59:07.911781450,0.224781450,0,0,0,1,0
'2026-07-31 10:59:07.911928450,0.224928450,0,0,0,0,1
'2026-07-31 10:59:07.911931450,0.224931450,0,0,0,1,0
'2026-07-31 10:59:07.912078450,0.225078450,0,0,0,0,1
'2026-07-31 10:59:07.912081450,0.225081450,0,0,0,1,0
'2026-07-31 10:59:07.912228450,0.225228450,0,0,0,0,1
'2026-07-31 10:59:07.912231450,0.225231450,0,0,0,1,0
'2026-07-31 10:59:07.912378450,0.225378450,0,0,0,0,1
'2026-07-31 10:59:07.912381450,0.225381450,0,0,0,1,0
'2026-07-31 10:59:07.912528450,0.225528450,0,0,0,0,1
'2026-07-31 10:59:07.912531450,0.225531450,0,0,0,1,0
'2026-07-31 10:59:07.912678450,0.225678450,0,0,0,0,1
'2026-07-31 10:59:07.912681450,0.225681450,0,0,0,1,0
'2026-07-31 10:59:07.912828450,0.225828450,0,0,0,0,1
'2026-07-31 10:59:07.912831400,0.225831400,0,0,0,0,0
'2026-07-31 10:59:07.912831450,0.225831450,0,0,0,1,0
'2026-07-31 10:59:07.912978450,0.225978450,0,0,0,0,1
'2026-07-31 10:59:07.912981400,0.225981400,0,0,0,0,0
'2026-07-31 10:59:07.912981450,0.225981450,0,0,0,1,0
'2026-07-31 10:59:07.913128450,0.226128450,0,0,0,0,1
'2026-07-31 10:59:07.913131400,0.226131400,0,0,0,0,0
'2026-07-31 10:59:07.913131450,0.226131450,0,0,0,1,0
'2026-07-31 10:59:07.913278450,0.226278450,0,0,0,0,1
'2026-07-31 10:59:07.913281400,0.226281400,0,0,0,0,0
'2026-07-31 10:59:07.913281450,0.226281450,0,0,0,1,0
'2026-07-31 10:59:07.913428450,0.226428450,0,0,0,0,1
'2026-07-31 10:59:07.913431400,0.226431400,0,0,0,0,0
'2026-07-31 10:59:07.913431450,0.226431450,0,0,0,1,0
'2026-07-31 10:59:07.913578450,0.226578450,0,0,0,0,1
'2026-07-31 10:59:07.913581400,0.226581400,0,0,0,0,0
'2026-07-31 10:59:07.913581450,0.226581450,0,0,0,1,0
'2026-07-31 10:59:07.913728450,0.226728450,0,0,0,0,1
'2026-07-31 10:59:07.913731400,0.226731400,0,0,0,0,0
'2026-07-31 10:59:07.913731450,0.226731450,0,0,0,1,0
'2026-07-31 10:59:07.913878450,0.226878450,0,0,0,0,1
'2026-07-31 10:59:07.913881400,0.226881400,0,0,0,0,0
'2026-07-31 10:59:07.913881450,0.226881450,0,0,0,1,0
'2026-07-31 10:59:07.914028450,0.227028450,0,0,0,0,1
'2026-07-31 10:59:07.914031400,0.227031400,0,0,0,0,0
'2026-07-31 10:59:07.914031450,0.227031450,0,0,0,1,0
'2026-07-31 10:59:07.914178450,0.227178450,0,0,0,0,1
'2026-07-31 10:59:07.914181400,0.227181400,0,0,0,0,0
'2026-07-31 10:59:07.914181450,0.227181450,0,0,0,1,0
'2026-07-31 10:59:07.914328450,0.227328450,0,0,0,0,1
'2026-07-31 10:59:07.914331400,0.227331400,0,0,0,0,0
'2026-07-31 10:59:07.914331450,0.227331450,0,0,0,1,0
'2026-07-31 10:59:07.914478450,0.227478450,0,0,0,0,1
'2026-07-31 10:59:07.914481400,0.227481400,0,0,0,0,0
'2026-07-31 10:59:07.914481450,0.227481450,0,0,0,1,0
'2026-07-31 10:59:07.914628450,0.227628450,0,0,0,0,1
'2026-07-31 10:59:07.914631400,0.227631400,0,0,0,0,0
'2026-07-31 10:59:07.914631450,0.227631450,0,0,0,1,0
'2026-07-31 10:59:07.914778450,0.227778450,0,0,0,0,1
'2026-07-31 10:59:07.914781400,0.227781400,0,0,0,0,0
'2026-07-31 10:59:07.914781450,0.227781450,0,0,0,1,0
'2026-07-31 10:59:07.914928450,0.227928450,0,0,0,0,1
'2026-07-31 10:59:07.914931400,0.227931400,0,0,0,0,0
'2026-07-31 10:59:07.914931450,0.227931450,0,0,0,1,0
'2026-07-31 10:59:07.915078450,0.228078450,0,0,0,0,1
'2026-07-31 10:59:07.915081400,0.228081400,0,0,0,0,0
'2026-07-31 10:59:07.915081450,0.228081450,0,0,0,1,0
'2026-07-31 10:59:07.915228450,0.228228450,0,0,0,0,1
'2026-07-31 10:59:07.915231400,0.228231400,0,0,0,0,0
'2026-07-31 10:59:07.915231450,0.228231450,0,0,0,1,0
'2026-07-31 10:59:07.915378450,0.228378450,0,0,0,0,1
'2026-07-31 10:59:07.915381400,0.228381400,0,0,0,0,0
'2026-07-31 10:59:07.915381450,0.228381450,0,0,0,1,0
'2026-07-31 10:59:07.915528450,0.228528450,0,0,0,0,1
'2026-07-31 10:59:07.915531400,0.228531400,0,0,0,0,0
'2026-07-31 10:59:07.915531450,0.228531450,0,0,0,1,0
'2026-07-31 10:59:07.915678450,0.228678450,0,0,0,0,1
'2026-07-31 10:59:07.915681400,0.228681400,0,0,0,0,0
'2026-07-31 10:59:07.915681450,0.228681450,0,0,0,1,0
'2026-07-31 10:59:07.915828450,0.228828450,0,0,0,0,1
'2026-07-31 10:59:07.915831400,0.228831400,0,0,0,0,0
'2026-07-31 10:59:07.915831450,0.228831450,0,0,0,1,0
'2026-07-31 10:59:07.915978450,0.228978450,0,0,0,0,1
'2026-07-31 10:59:07.915981400,0.228981400,0,0,0,0,0
'2026-07-31 10:59:07.915981450,0.228981450,0,0,0,1,0
'2026-07-31 10:59:07.916128450,0.229128450,0,0,0,0,1
'2026-07-31 10:59:07.916131400,0.229131400,0,0,0,0,0
'2026-07-31 10:59:07.916131450,0.229131450,0,0,0,1,0
'2026-07-31 10:59:07.916278450,0.229278450,0,0,0,0,1
'2026-07-31 10:59:07.916281400,0.229281400,0,0,0,0,0
'2026-07-31 10:59:07.916281450,0.229281450,0,0,0,1,0
'2026-07-31 10:59:07.916428450,0.229428450,0,0,0,0,1
'2026-07-31 10:59:07.916431400,0.229431400,0,0,0,0,0
'2026-07-31 10:59:07.916431450,0.229431450,0,0,0,1,0
'2026-07-31 10:59:07.916578450,0.229578450,0,0,0,0,1
'2026-07-31 10:59:07.916581400,0.229581400,0,0,0,0,0
'2026-07-31 10:59:07.916581450,0.229581450,0,0,0,1,0
'2026-07-31 10:59:07.916728450,0.229728450,0,0,0,0,1
'2026-07-31 10:59:07.916731400,0.229731400,0,0,0,0,0
'2026-07-31 10:59:07.916731450,0.229731450,0,0,0,1,0
'2026-07-31 10:59:07.916878400,0.229878400,0,0,0,0,1
'2026-07-31 10:59:07.916881400,0.229881400,0,0,0,1,0
'2026-07-31 10:59:07.917028400,0.230028400,0,0,0,0,1
'2026-07-31 10:59:07.917031400,0.230031400,0,0,0,1,0
'2026-07-31 10:59:07.917178400,0.230178400,0,0,0,0,1
'2026-07-31 10:59:07.917181400,0.230181400,0,0,0,1,0
'2026-07-31 10:59:07.917328400,0.230328400,0,0,0,0,1
'2026-07-31 10:59:07.917331400,0.230331400,0,0,0,1,0
'2026-07-31 10:59:07.917478400,0.230478400,0,0,0,0,1
'2026-07-31 10:59:07.917481400,0.230481400,0,0,0,1,0
'2026-07-31 10:59:07.917628400,0.230628400,0,0,0,0,1
'2026-07-31 10:59:07.917631400,0.230631400,0,0,0,1,0
'2026-07-31 10:59:07.917778400,0.230778400,0,0,0,0,1
'2026-07-31 10:59:07.917781400,0.230781400,0,0,0,1,0
'2026-07-31 10:59:07.917928400,0.230928400,0,0,0,0,1
'2026-07-31 10:59:07.917931400,0.230931400,0,0,0,1,0
'2026-07-31 10:59:07.918078400,0.231078400,0,0,0,0,1
'2026-07-31 10:59:07.918081400,0.231081400,0,0,0,1,0
'2026-07-31 10:59:07.918228400,0.231228400,0,0,0,0,1
'2026-07-31 10:59:07.918231400,0.231231400,0,0,0,1,0
'2026-07-31 10:59:07.918378400,0.231378400,0,0,0,0,1
'2026-07-31 10:59:07.918381400,0.231381400,0,0,0,1,0
'2026-07-31 10:59:07.918528400,0.231528400,0,0,0,0,1
'2026-07-31 10:59:07.918531400,0.231531400,0,0,0,1,0
'2026-07-31 10:59:07.918678400,0.231678400,0,0,0,0,1
'2026-07-31 10:59:07.918681400,0.231681400,0,0,0,1,0
'2026-07-31 10:59:07.918828400,0.231828400,0,0,0,0,1
'2026-07-31 10:59:07.918831400,0.231831400,0,0,0,1,0
'2026-07-31 10:59:07.918978400,0.231978400,0,0,0,0,1
'2026-07-31 10:59:07.918981400,0.231981400,0,0,0,1,0
'2026-07-31 10:59:07.919128400,0.232128400,0,0,0,0,1
'2026-07-31 10:59:07.919131400,0.232131400,0,0,0,1,0
'2026-07-31 10:59:07.919278400,0.232278400,0,0,0,0,1
'2026-07-31 10:59:07.919281400,0.232281400,0,0,0,1,0
'2026-07-31 10:59:07.919428400,0.232428400,0,0,0,0,1
'2026-07-31 10:59:07.919431400,0.232431400,0,0,0,1,0
'2026-07-31 10:59:07.919578400,0.232578400,0,0,0,0,1
'2026-07-31 10:59:07.919581400,0.232581400,0,0,0,1,0
'2026-07-31 10:59:07.919728400,0.232728400,0,0,0,0,1
'2026-07-31 10:59:07.919731400,0.232731400,0,0,0,1,0
'2026-07-31 10:59:07.919878400,0.232878400,0,0,0,0,1
'2026-07-31 10:59:07.919881400,0.232881400,0,0,0,1,0
'2026-07-31 10:59:07.920028400,0.233028400,0,0,0,0,1
'2026-07-31 10:59:07.920031400,0.233031400,0,0,0,1,0
'2026-07-31 10:59:07.920178400,0.233178400,0,0,0,0,1
'2026-07-31 10:59:07.920181400,0.233181400,0,0,0,1,0
'2026-07-31 10:59:07.920328400,0.233328400,0,0,0,0,1
'2026-07-31 10:59:07.920331400,0.233331400,0,0,0,1,0
'2026-07-31 10:59:07.920478400,0.233478400,0,0,0,0,1
'2026-07-31 10:59:07.920481400,0.233481400,0,0,0,1,0
'2026-07-31 10:59:07.920628400,0.233628400,0,0,0,0,1
'2026-07-31 10:59:07.920631400,0.233631400,0,0,0,1,0
'2026-07-31 10:59:07.920778400,0.233778400,0,0,0,0,1
'2026-07-31 10:59:07.920781400,0.233781400,0,0,0,1,0
'2026-07-31 10:59:07.920928400,0.233928400,0,0,0,0,1
'2026-07-31 10:59:07.920931400,0.233931400,0,0,0,1,0
'2026-07-31 10:59:07.921078400,0.234078400,0,0,0,0,1
'2026-07-31 10:59:07.921081400,0.234081400,0,0,0,1,0
'2026-07-31 10:59:07.921228400,0.234228400,0,0,0,0,1
'2026-07-31 10:59:07.921231400,0.234231400,0,0,0,1,0
'2026-07-31 10:59:07.921378400,0.234378400,0,0,0,0,1
'2026-07-31 10:59:07.921381400,0.234381400,0,0,0,1,0
'2026-07-31 10:59:07.921528400,0.234528400,0,0,0,0,1
'2026-07-31 10:59:07.921531400,0.234531400,0,0,0,1,0
'2026-07-31 10:59:07.921678400,0.234678400,0,0,0,0,1
'2026-07-31 10:59:07.921681400,0.234681400,0,0,0,1,0
'2026-07-31 10:59:07.921828400,0.234828400,0,0,0,0,1
'2026-07-31 10:59:07.921831400,0.234831400,0,0,0,1,0
'2026-07-31 10:59:07.921978400,0.234978400,0,0,0,0,1
'2026-07-31 10:59:07.921981400,0.234981400,0,0,0,1,0
'2026-07-31 10:59:07.922128400,0.235128400,0,0,0,0,1
'2026-07-31 10:59:07.922131400,0.235131400,0,0,0,1,0
'2026-07-31 10:59:07.922278400,0.235278400,0,0,0,0,1
'2026-07-31 10:59:07.922281400,0.235281400,0,0,0,1,0
'2026-07-31 10:59:07.922428400,0.235428400,0,0,0,0,1
'2026-07-31 10:59:07.922431400,0.235431400,0,0,0,1,0
'2026-07-31 10:59:07.922578400,0.235578400,0,0,0,0,1
'2026-07-31 10:59:07.922581400,0.235581400,0,0,0,1,0
'2026-07-31 10:59:07.922728400,0.235728400,0,0,0,0,1
'2026-07-31 10:59:07.922731400,0.235731400,0,0,0,1,0
'2026-07-31 10:59:07.922878400,0.235878400,0,0,0,0,1
'2026-07-31 10:59:07.922881400,0.235881400,0,0,0,1,0
'2026-07-31 10:59:07.923028400,0.236028400,0,0,0,0,1
'2026-07-31 10:59:07.923031400,0.236031400,0,0,0,1,0
'2026-07-31 10:59:07.923178400,0.236178400,0,0,0,0,1
'2026-07-31 10:59:07.923181350,0.236181350,0,0,0,0,0
'2026-07-31 10:59:07.923181400,0.236181400,0,0,0,1,0
'2026-07-31 10:59:07.923328400,0.236328400,0,0,0,0,1
'2026-07-31 10:59:07.923331350,0.236331350,0,0,0,0,0
'2026-07-31 10:59:07.923331400,0.236331400,0,0,0,1,0
'2026-07-31 10:59:07.923478400,0.236478400,0,0,0,0,1
'2026-07-31 10:59:07.923481350,0.236481350,0,0,0,0,0
'2026-07-31 10:59:07.923481400,0.236481400,0,0,0,1,0
'2026-07-31 10:59:07.923628400,0.236628400,0,0,0,0,1
'2026-07-31 10:59:07.923631350,0.236631350,0,0,0,0,0
'2026-07-31 10:59:07.923631400,0.236631400,0,0,0,1,0
'2026-07-31 10:59:07.923778400,0.236778400,0,0,0,0,1
'2026-07-31 10:59:07.923781350,0.236781350,0,0,0,0,0
'2026-07-31 10:59:07.923781400,0.236781400,0,0,0,1,0
'2026-07-31 10:59:07.923928400,0.236928400,0,0,0,0,1
'2026-07-31 10:59:07.923931350,0.236931350,0,0,0,0,0
'2026-07-31 10:59:07.923931400,0.236931400,0,0,0,1,0
'2026-07-31 10:59:07.924078400,0.237078400,0,0,0,0,1
'2026-07-31 10:59:07.924081350,0.237081350,0,0,0,0,0
'2026-07-31 10:59:07.924081400,0.237081400,0,0,0,1,0
'2026-07-31 10:59:07.924228400,0.237228400,0,0,0,0,1
'2026-07-31 10:59:07.924231350,0.237231350,0,0,0,0,0
'2026-07-31 10:59:07.924231400,0.237231400,0,0,0,1,0
'2026-07-31 10:59:07.924378400,0.237378400,0,0,0,0,1
'2026-07-31 10:59:07.924381350,0.237381350,0,0,0,0,0
'2026-07-31 10:59:07.924381400,0.237381400,0,0,0,1,0
'2026-07-31 10:59:07.924528400,0.237528400,0,0,0,0,1
'2026-07-31 10:59:07.924531350,0.237531350,0,0,0,0,0
'2026-07-31 10:59:07.924531400,0.237531400,0,0,0,1,0
'2026-07-31 10:59:07.924678400,0.237678400,0,0,0,0,1
'2026-07-31 10:59:07.924681350,0.237681350,0,0,0,0,0
'2026-07-31 10:59:07.924681400,0.237681400,0,0,0,1,0
'2026-07-31 10:59:07.924828400,0.237828400,0,0,0,0,1
'2026-07-31 10:59:07.924831350,0.237831350,0,0,0,0,0
'2026-07-31 10:59:07.924831400,0.237831400,0,0,0,1,0
'2026-07-31 10:59:07.924978400,0.237978400,0,0,0,0,1
'2026-07-31 10:59:07.924981350,0.237981350,0,0,0,0,0
'2026-07-31 10:59:07.924981400,0.237981400,0,0,0,1,0
'2026-07-31 10:59:07.925128400,0.238128400,0,0,0,0,1
'2026-07-31 10:59:07.925131350,0.238131350,0,0,0,0,0
'2026-07-31 10:59:07.925131400,0.238131400,0,0,0,1,0
'2026-07-31 10:59:07.925278400,0.238278400,0,0,0,0,1
'2026-07-31 10:59:07.925281350,0.238281350,0,0,0,0,0
'2026-07-31 10:59:07.925281400,0.238281400,0,0,0,1,0
'2026-07-31 10:59:07.925428400,0.238428400,0,0,0,0,1
'2026-07-31 10:59:07.925431350,0.238431350,0,0,0,0,0
'2026-07-31 10:59:07.925431400,0.238431400,0,0,0,1,0
'2026-07-31 10:59:07.925578400,0.238578400,0,0,0,0,1
'2026-07-31 10:59:07.925581350,0.238581350,0,0,0,0,0
'2026-07-31 10:59:07.925581400,0.238581400,0,0,0,1,0
'2026-07-31 10:59:07.925728400,0.238728400,0,0,0,0,1
'2026-07-31 10:59:07.925731350,0.238731350,0,0,0,0,0
'2026-07-31 10:59:07.925731400,0.238731400,0,0,0,1,0
'2026-07-31 10:59:07.925878400,0.238878400,0,0,0,0,1
'2026-07-31 10:59:07.925881350,0.238881350,0,0,0,0,0
'2026-07-31 10:59:07.925881400,0.238881400,0,0,0,1,0
'2026-07-31 10:59:07.926028400,0.239028400,0,0,0,0,1
'2026-07-31 10:59:07.926031350,0.239031350,0,0,0,0,0
'2026-07-31 10:59:07.926031400,0.239031400,0,0,0,1,0
'2026-07-31 10:59:07.926178400,0.239178400,0,0,0,0,1
'2026-07-31 10:59:07.926181350,0.239181350,0,0,0,0,0
'2026-07-31 10:59:07.926181400,0.239181400,0,0,0,1,0
'2026-07-31 10:59:07.926328400,0.239328400,0,0,0,0,1
'2026-07-31 10:59:07.926331350,0.239331350,0,0,0,0,0
'2026-07-31 10:59:07.926331400,0.239331400,0,0,0,1,0
'2026-07-31 10:59:07.926478400,0.239478400,0,0,0,0,1
'2026-07-31 10:59:07.926481350,0.239481350,0,0,0,0,0
'2026-07-31 10:59:07.926481400,0.239481400,0,0,0,1,0
'2026-07-31 10:59:07.926628400,0.239628400,0,0,0,0,1
'2026-07-31 10:59:07.926631350,0.239631350,0,0,0,0,0
'2026-07-31 10:59:07.926631400,0.239631400,0,0,0,1,0
'2026-07-31 10:59:07.926778400,0.239778400,0,0,0,0,1
'2026-07-31 10:59:07.926781350,0.239781350,0,0,0,0,0
'2026-07-31 10:59:07.926781400,0.239781400,0,0,0,1,0
'2026-07-31 10:59:07.926928400,0.239928400,0,0,0,0,1
'2026-07-31 10:59:07.926931350,0.239931350,0,0,0,0,0
'2026-07-31 10:59:07.926931400,0.239931400,0,0,0,1,0
'2026-07-31 10:59:07.927078400,0.240078400,0,0,0,0,1
'2026-07-31 10:59:07.927081350,0.240081350,0,0,0,0,0
'2026-07-31 10:59:07.927081400,0.240081400,0,0,0,1,0
'2026-07-31 10:59:07.927228350,0.240228350,0,0,0,1,1
'2026-07-31 10:59:07.927228400,0.240228400,0,0,0,0,1
'2026-07-31 10:59:07.927231350,0.240231350,0,0,0,1,0
'2026-07-31 10:59:07.927378350,0.240378350,0,0,0,0,1
'2026-07-31 10:59:07.927381350,0.240381350,0,0,0,1,0
'2026-07-31 10:59:07.927528350,0.240528350,0,0,0,0,1
'2026-07-31 10:59:07.927531350,0.240531350,0,0,0,1,0
'2026-07-31 10:59:07.927678350,0.240678350,0,0,0,0,1
'2026-07-31 10:59:07.927681350,0.240681350,0,0,0,1,0
'2026-07-31 10:59:07.927828350,0.240828350,0,0,0,0,1
'2026-07-31 10:59:07.927831350,0.240831350,0,0,0,1,0
'2026-07-31 10:59:07.927978350,0.240978350,0,0,0,0,1
'2026-07-31 10:59:07.927981350,0.240981350,0,0,0,1,0
'2026-07-31 10:59:07.928128350,0.241128350,0,0,0,0,1
'2026-07-31 10:59:07.928131350,0.241131350,0,0,0,1,0
'2026-07-31 10:59:07.928278350,0.241278350,0,0,0,0,1
'2026-07-31 10:59:07.928281350,0.241281350,0,0,0,1,0
'2026-07-31 10:59:07.928428350,0.241428350,0,0,0,0,1
'2026-07-31 10:59:07.928431350,0.241431350,0,0,0,1,0
'2026-07-31 10:59:07.928578350,0.241578350,0,0,0,0,1
'2026-07-31 10:59:07.928581350,0.241581350,0,0,0,1,0
'2026-07-31 10:59:07.928728350,0.241728350,0,0,0,0,1
'2026-07-31 10:59:07.928731350,0.241731350,0,0,0,1,0
'2026-07-31 10:59:07.928878350,0.241878350,0,0,0,0,1
'2026-07-31 10:59:07.928881350,0.241881350,0,0,0,1,0
'2026-07-31 10:59:07.929028350,0.242028350,0,0,0,0,1
'2026-07-31 10:59:07.929031350,0.242031350,0,0,0,1,0
'2026-07-31 10:59:07.929178350,0.242178350,0,0,0,0,1
'2026-07-31 10:59:07.929181350,0.242181350,0,0,0,1,0
'2026-07-31 10:59:07.929328350,0.242328350,0,0,0,0,1
'2026-07-31 10:59:07.929331350,0.242331350,0,0,0,1,0
'2026-07-31 10:59:07.929478350,0.242478350,0,0,0,0,1
'2026-07-31 10:59:07.929481350,0.242481350,0,0,0,1,0
'2026-07-31 10:59:07.929628350,0.242628350,0,0,0,0,1
'2026-07-31 10:59:07.929631350,0.242631350,0,0,0,1,0
'2026-07-31 10:59:07.929778350,0.242778350,0,0,0,0,1
'2026-07-31 10:59:07.929781350,0.242781350,0,0,0,1,0
'2026-07-31 10:59:07.929928350,0.242928350,0,0,0,0,1
'2026-07-31 10:59:07.929931350,0.242931350,0,0,0,1,0
'2026-07-31 10:59:07.930078350,0.243078350,0,0,0,0,1
'2026-07-31 10:59:07.930081350,0.243081350,0,0,0,1,0
'2026-07-31 10:59:07.930228350,0.243228350,0,0,0,0,1
'2026-07-31 10:59:07.930231350,0.243231350,0,0,0,1,0
'2026-07-31 10:59:07.930378350,0.243378350,0,0,0,0,1
'2026-07-31 10:59:07.930381350,0.243381350,0,0,0,1,0
'2026-07-31 10:59:07.930528350,0.243528350,0,0,0,0,1
'2026-07-31 10:59:07.930531350,0.243531350,0,0,0,1,0
'2026-07-31 10:59:07.930678350,0.243678350,0,0,0,0,1
'2026-07-31 10:59:07.930681350,0.243681350,0,0,0,1,0
'2026-07-31 10:59:07.930828350,0.243828350,0,0,0,0,1
'2026-07-31 10:59:07.930831350,0.243831350,0,0,0,1,0
'2026-07-31 10:59:07.930978350,0.243978350,0,0,0,0,1
'2026-07-31 10:59:07.930981350,0.243981350,0,0,0,1,0
'2026-07-31 10:59:07.931128350,0.244128350,0,0,0,0,1
'2026-07-31 10:59:07.931131350,0.244131350,0,0,0,1,0
'2026-07-31 10:59:07.931278350,0.244278350,0,0,0,0,1
'2026-07-31 10:59:07.931281350,0.244281350,0,0,0,1,0
'2026-07-31 10:59:07.931428350,0.244428350,0,0,0,0,1
'2026-07-31 10:59:07.931431350,0.244431350,0,0,0,1,0
'2026-07-31 10:59:07.931578350,0.244578350,0,0,0,0,1
'2026-07-31 10:59:07.931581350,0.244581350,0,0,0,1,0
'2026-07-31 10:59:07.931728350,0.244728350,0,0,0,0,1
'2026-07-31 10:59:07.931731350,0.244731350,0,0,0,1,0
'2026-07-31 10:59:07.931878350,0.244878350,0,0,0,0,1
'2026-07-31 10:59:07.931881350,0.244881350,0,0,0,1,0
'2026-07-31 10:59:07.932028350,0.245028350,0,0,0,0,1
'2026-07-31 10:59:07.932031350,0.245031350,0,0,0,1,0
'2026-07-31 10:59:07.932178350,0.245178350,0,0,0,0,1
'2026-07-31 10:59:07.932181350,0.245181350,0,0,0,1,0
'2026-07-31 10:59:07.932328350,0.245328350,0,0,0,0,1
'2026-07-31 10:59:07.932331350,0.245331350,0,0,0,1,0
'2026-07-31 10:59:07.932478350,0.245478350,0,0,0,0,1
'2026-07-31 10:59:07.932481350,0.245481350,0,0,0,1,0
'2026-07-31 10:59:07.932628350,0.245628350,0,0,0,0,1
'2026-07-31 10:59:07.932631350,0.245631350,0,0,0,1,0
'2026-07-31 10:59:07.932778350,0.245778350,0,0,0,0,1
'2026-07-31 10:59:07.932781350,0.245781350,0,0,0,1,0
'2026-07-31 10:59:07.932928350,0.245928350,0,0,0,0,1
'2026-07-31 10:59:07.932931350,0.245931350,0,0,0,1,0
'2026-07-31 10:59:07.933078350,0.246078350,0,0,0,0,1
'2026-07-31 10:59:07.933081350,0.246081350,0,0,0,1,0
'2026-07-31 10:59:07.933228350,0.246228350,0,0,0,0,1
'2026-07-31 10:59:07.933231350,0.246231350,0,0,0,1,0
'2026-07-31 10:59:07.933378350,0.246378350,0,0,0,0,1
'2026-07-31 10:59:07.933381350,0.246381350,0,0,0,1,0
'2026-07-31 10:59:07.933528350,0.246528350,0,0,0,0,1
'2026-07-31 10:59:07.933531350,0.246531350,0,0,0,1,0
'2026-07-31 10:59:07.933678350,0.246678350,0,0,0,0,1
'2026-07-31 10:59:07.933681300,0.246681300,0,0,0,0,0
'2026-07-31 10:59:07.933681350,0.246681350,0,0,0,1,0
'2026-07-31 10:59:07.933828350,0.246828350,0,0,0,0,1
'2026-07-31 10:59:07.933831300,0.246831300,0,0,0,0,0
'2026-07-31 10:59:07.933831350,0.246831350,0,0,0,1,0
'2026-07-31 10:59:07.933978350,0.246978350,0,0,0,0,1
'2026-07-31 10:59:07.933981300,0.246981300,0,0,0,0,0
'2026-07-31 10:59:07.933981350,0.246981350,0,0,0,1,0
'2026-07-31 10:59:07.934128350,0.247128350,0,0,0,0,1
'2026-07-31 10:59:07.934131300,0.247131300,0,0,0,0,0
'2026-07-31 10:59:07.934131350,0.247131350,0,0,0,1,0
'2026-07-31 10:59:07.934278350,0.247278350,0,0,0,0,1
'2026-07-31 10:59:07.934281300,0.247281300,0,0,0,0,0
'2026-07-31 10:59:07.934281350,0.247281350,0,0,0,1,0
'2026-07-31 10:59:07.934428350,0.247428350,0,0,0,0,1
'2026-07-31 10:59:07.934431300,0.247431300,0,0,0,0,0
'2026-07-31 10:59:07.934431350,0.247431350,0,0,0,1,0
'2026-07-31 10:59:07.934578350,0.247578350,0,0,0,0,1
'2026-07-31 10:59:07.934581300,0.247581300,0,0,0,0,0
'2026-07-31 10:59:07.934581350,0.247581350,0,0,0,1,0
'2026-07-31 10:59:07.934728350,0.247728350,0,0,0,0,1
'2026-07-31 10:59:07.934731300,0.247731300,0,0,0,0,0
'2026-07-31 10:59:07.934731350,0.247731350,0,0,0,1,0
'2026-07-31 10:59:08.034878000,0.347878000,0,0,0,0,1
'2026-07-31 10:59:08.034881000,0.347881000,0,0,0,1,0
'2026-07-31 10:59:08.034881700,0.347881700,0,0,1,1,0
'2026-07-31 10:59:08.034882100,0.347882100,0,0,0,1,0
'2026-07-31 10:59:08.034885100,0.347885100,0,0,0,0,1
'2026-07-31 10:59:08.034888100,0.347888100,0,0,0,1,0
'2026-07-31 10:59:08.035028000,0.348028000,0,0,0,0,1
'2026-07-31 10:59:08.035031000,0.348031000,0,0,0,1,0
'2026-07-31 10:59:08.035178000,0.348178000,0,0,0,0,1
'2026-07-31 10:59:08.035181000,0.348181000,0,0,0,1,0
'2026-07-31 10:59:08.035328000,0.348328000,0,0,0,0,1
'2026-07-31 10:59:08.035331000,0.348331000,0,0,0,1,0
'2026-07-31 10:59:08.035478000,0.348478000,0,0,0,0,1
'2026-07-31 10:59:08.035481000,0.348481000,0,0,0,1,0
'2026-07-31 10:59:08.035628000,0.348628000,0,0,0,0,1
'2026-07-31 10:59:08.035630950,0.348630950,0,0,0,0,0
'2026-07-31 10:59:08.035631000,0.348631000,0,0,0,1,0
'2026-07-31 10:59:08.035778000,0.348778000,0,0,0,0,1
'2026-07-31 10:59:08.035780950,0.348780950,0,0,0,0,0
'2026-07-31 10:59:08.035781000,0.348781000,0,0,0,1,0
'2026-07-31 10:59:08.035928000,0.348928000,0,0,0,0,1
'2026-07-31 10:59:08.035930950,0.348930950,0,0,0,0,0
'2026-07-31 10:59:08.035931000,0.348931000,0,0,0,1,0
'2026-07-31 10:59:08.036078000,0.349078000,0,0,0,0,1
'2026-07-31 10:59:08.036080950,0.349080950,0,0,0,0,0
'2026-07-31 10:59:08.036081000,0.349081000,0,0,0,1,0
'2026-07-31 10:59:08.036228000,0.349228000,0,0,0,0,1
'2026-07-31 10:59:08.036230950,0.349230950,0,0,0,0,0
'2026-07-31 10:59:08.036231000,0.349231000,0,0,0,1,0
'2026-07-31 10:59:08.036378000,0.349378000,0,0,0,0,1
'2026-07-31 10:59:08.036380950,0.349380950,0,0,0,0,0
'2026-07-31 10:59:08.036381000,0.349381000,0,0,0,1,0
'2026-07-31 10:59:08.036528000,0.349528000,0,0,0,0,1
'2026-07-31 10:59:08.036530950,0.349530950,0,0,0,0,0
'2026-07-31 10:59:08.036531000,0.349531000,0,0,0,1,0
'2026-07-31 10:59:08.036678000,0.349678000,0,0,0,0,1
'2026-07-31 10:59:08.036680950,0.349680950,0,0,0,0,0
'2026-07-31 10:59:08.036681000,0.349681000,0,0,0,1,0
'2026-07-31 10:59:08.036828000,0.349828000,0,0,0,0,1
'2026-07-31 10:59:08.036830950,0.349830950,0,0,0,0,0
'2026-07-31 10:59:08.036831000,0.349831000,0,0,0,1,0
'2026-07-31 10:59:08.036978000,0.349978000,0,0,0,0,1
'2026-07-31 10:59:08.036980950,0.349980950,0,0,0,0,0
'2026-07-31 10:59:08.036981000,0.349981000,0,0,0,1,0
'2026-07-31 10:59:08.037128000,0.350128000,0,0,0,0,1
'2026-07-31 10:59:08.037130950,0.350130950,0,0,0,0,0
'2026-07-31 10:59:08.037131000,0.350131000,0,0,0,1,0
'2026-07-31 10:59:08.037278000,0.350278000,0,0,0,0,1
'2026-07-31 10:59:08.037280950,0.350280950,0,0,0,0,0
'2026-07-31 10:59:08.037281000,0.350281000,0,0,0,1,0
'2026-07-31 10:59:08.037428000,0.350428000,0,0,0,0,1
'2026-07-31 10:59:08.037430950,0.350430950,0,0,0,0,0
'2026-07-31 10:59:08.037431000,0.350431000,0,0,0,1,0
'2026-07-31 10:59:08.037578000,0.350578000,0,0,0,0,1
'2026-07-31 10:59:08.037580950,0.350580950,0,0,0,0,0
'2026-07-31 10:59:08.037581000,0.350581000,0,0,0,1,0
'2026-07-31 10:59:08.037728000,0.350728000,0,0,0,0,1
'2026-07-31 10:59:08.037730950,0.350730950,0,0,0,0,0
'2026-07-31 10:59:08.037731000,0.350731000,0,0,0,1,0
'2026-07-31 10:59:08.037878000,0.350878000,0,0,0,0,1
'2026-07-31 10:59:08.037880950,0.350880950,0,0,0,0,0
'2026-07-31 10:59:08.037881000,0.350881000,0,0,0,1,0
'2026-07-31 10:59:08.038028000,0.351028000,0,0,0,0,1
'2026-07-31 10:59:08.038030950,0.351030950,0,0,0,0,0
'2026-07-31 10:59:08.038031000,0.351031000,0,0,0,1,0
'2026-07-31 10:59:08.038178000,0.351178000,0,0,0,0,1
'2026-07-31 10:59:08.038180950,0.351180950,0,0,0,0,0
'2026-07-31 10:59:08.038181000,0.351181000,0,0,0,1,0
'2026-07-31 10:59:08.038328000,0.351328000,0,0,0,0,1
'2026-07-31 10:59:08.038330950,0.351330950,0,0,0,0,0
'2026-07-31 10:59:08.038331000,0.351331000,0,0,0,1,0
'2026-07-31 10:59:08.038478000,0.351478000,0,0,0,0,1
'2026-07-31 10:59:08.038480950,0.351480950,0,0,0,0,0
'2026-07-31 10:59:08.038481000,0.351481000,0,0,0,1,0
'2026-07-31 10:59:08.038628000,0.351628000,0,0,0,0,1
'2026-07-31 10:59:08.038630950,0.351630950,0,0,0,0,0
'2026-07-31 10:59:08.038631000,0.351631000,0,0,0,1,0
'2026-07-31 10:59:08.038778000,0.351778000,0,0,0,0,1
'2026-07-31 10:59:08.038780950,0.351780950,0,0,0,0,0
'2026-07-31 10:59:08.038781000,0.351781000,0,0,0,1,0
'2026-07-31 10:59:08.038928000,0.351928000,0,0,0,0,1
'2026-07-31 10:59:08.038930950,0.351930950,0,0,0,0,0
'2026-07-31 10:59:08.038931000,0.351931000,0,0,0,1,0
'2026-07-31 10:59:08.039078000,0.352078000,0,0,0,0,1
'2026-07-31 10:59:08.039080950,0.352080950,0,0,0,0,0
'2026-07-31 10:59:08.039081000,0.352081000,0,0,0,1,0
'2026-07-31 10:59:08.039228000,0.352228000,0,0,0,0,1
'2026-07-31 10:59:08.039230950,0.352230950,0,0,0,0,0
'2026-07-31 10:59:08.039231000,0.352231000,0,0,0,1,0
'2026-07-31 10:59:08.039378000,0.352378000,0,0,0,0,1
'2026-07-31 10:59:08.039380950,0.352380950,0,0,0,0,0
'2026-07-31 10:59:08.039381000,0.352381000,0,0,0,1,0
'2026-07-31 10:59:08.039528000,0.352528000,0,0,0,0,1
'2026-07-31 10:59:08.039530950,0.352530950,0,0,0,0,0
'2026-07-31 10:59:08.039531000,0.352531000,0,0,0,1,0
'2026-07-31 10:59:08.039677950,0.352677950,0,0,0,0,1
'2026-07-31 10:59:08.039680950,0.352680950,0,0,0,1,0
'2026-07-31 10:59:08.039827950,0.352827950,0,0,0,0,1
'2026-07-31 10:59:08.039830950,0.352830950,0,0,0,1,0
'2026-07-31 10:59:08.039977950,0.352977950,0,0,0,0,1
'2026-07-31 10:59:08.039980950,0.352980950,0,0,0,1,0
'2026-07-31 10:59:08.040127950,0.353127950,0,0,0,0,1
'2026-07-31 10:59:08.040130950,0.353130950,0,0,0,1,0
'2026-07-31 10:59:08.040277950,0.353277950,0,0,0,0,1
'2026-07-31 10:59:08.040280950,0.353280950,0,0,0,1,0
'2026-07-31 10:59:08.040427950,0.353427950,0,0,0,0,1
'2026-07-31 10:59:08.040430950,0.353430950,0,0,0,1,0
'2026-07-31 10:59:08.040577950,0.353577950,0,0,0,0,1
'2026-07-31 10:59:08.040580950,0.353580950,0,0,0,1,0
'2026-07-31 10:59:08.040727950,0.353727950,0,0,0,0,1
'2026-07-31 10:59:08.040730950,0.353730950,0,0,0,1,0
'2026-07-31 10:59:08.040877950,0.353877950,0,0,0,0,1
'2026-07-31 10:59:08.040880950,0.353880950,0,0,0,1,0
'2026-07-31 10:59:08.041027950,0.354027950,0,0,0,0,1
'2026-07-31 10:59:08.041030950,0.354030950,0,0,0,1,0
'2026-07-31 10:59:08.041177950,0.354177950,0,0,0,0,1
'2026-07-31 10:59:08.041180950,0.354180950,0,0,0,1,0
'2026-07-31 10:59:08.041327950,0.354327950,0,0,0,0,1
'2026-07-31 10:59:08.041330950,0.354330950,0,0,0,1,0
'2026-07-31 10:59:08.041477950,0.354477950,0,0,0,0,1
'2026-07-31 10:59:08.041480950,0.354480950,0,0,0,1,0
'2026-07-31 10:59:08.041627950,0.354627950,0,0,0,0,1
'2026-07-31 10:59:08.041630950,0.354630950,0,0,0,1,0
'2026-07-31 10:59:08.041777950,0.354777950,0,0,0,0,1
'2026-07-31 10:59:08.041780950,0.354780950,0,0,0,1,0
'2026-07-31 10:59:08.041927950,0.354927950,0,0,0,0,1
'2026-07-31 10:59:08.041930950,0.354930950,0,0,0,1,0
'2026-07-31 10:59:08.042077950,0.355077950,0,0,0,0,1
'2026-07-31 10:59:08.042080950,0.355080950,0,0,0,1,0
'2026-07-31 10:59:08.042227950,0.355227950,0,0,0,0,1
'2026-07-31 10:59:08.042230950,0.355230950,0,0,0,1,0
'2026-07-31 10:59:08.042377950,0.355377950,0,0,0,0,1
'2026-07-31 10:59:08.042380950,0.355380950,0,0,0,1,0
'2026-07-31 10:59:08.042527950,0.355527950,0,0,0,0,1
'2026-07-31 10:59:08.042530950,0.355530950,0,0,0,1,0
'2026-07-31 10:59:08.042677950,0.355677950,0,0,0,0,1
'2026-07-31 10:59:08.042680950,0.355680950,0,0,0,1,0
'2026-07-31 10:59:08.042827950,0.355827950,0,0,0,0,1
'2026-07-31 10:59:08.042830950,0.355830950,0,0,0,1,0
'2026-07-31 10:59:08.042977950,0.355977950,0,0,0,0,1
'2026-07-31 10:59:08.042980950,0.355980950,0,0,0,1,0
'2026-07-31 10:59:08.043127950,0.356127950,0,0,0,0,1
'2026-07-31 10:59:08.043130950,0.356130950,0,0,0,1,0
'2026-07-31 10:59:08.043277950,0.356277950,0,0,0,0,1
'2026-07-31 10:59:08.043280950,0.356280950,0,0,0,1,0
'2026-07-31 10:59:08.043427950,0.356427950,0,0,0,0,1
'2026-07-31 10:59:08.043430950,0.356430950,0,0,0,1,0
'2026-07-31 10:59:08.043577950,0.356577950,0,0,0,0,1
'2026-07-31 10:59:08.043580950,0.356580950,0,0,0,1,0
'2026-07-31 10:59:08.043727950,0.356727950,0,0,0,0,1
'2026-07-31 10:59:08.043730950,0.356730950,0,0,0,1,0
'2026-07-31 10:59:08.043877950,0.356877950,0,0,0,0,1
'2026-07-31 10:59:08.043880950,0.356880950,0,0,0,1,0
'2026-07-31 10:59:08.044027950,0.357027950,0,0,0,0,1
'2026-07-31 10:59:08.044030950,0.357030950,0,0,0,1,0
'2026-07-31 10:59:08.044177950,0.357177950,0,0,0,0,1
'2026-07-31 10:59:08.044180950,0.357180950,0,0,0,1,0
'2026-07-31 10:59:08.044327950,0.357327950,0,0,0,0,1
'2026-07-31 10:59:08.044330950,0.357330950,0,0,0,1,0
'2026-07-31 10:59:08.044477950,0.357477950,0,0,0,0,1
'2026-07-31 10:59:08.044480950,0.357480950,0,0,0,1,0
'2026-07-31 10:59:08.044627950,0.357627950,0,0,0,0,1
'2026-07-31 10:59:08.044630950,0.357630950,0,0,0,1,0
'2026-07-31 10:59:08.044777950,0.357777950,0,0,0,0,1
'2026-07-31 10:59:08.044780950,0.357780950,0,0,0,1,0
'2026-07-31 10:59:08.044927950,0.357927950,0,0,0,0,1
'2026-07-31 10:59:08.044930950,0.357930950,0,0,0,1,0
'2026-07-31 10:59:08.045077950,0.358077950,0,0,0,0,1
'2026-07-31 10:59:08.045080950,0.358080950,0,0,0,1,0
'2026-07-31 10:59:08.045227950,0.358227950,0,0,0,0,1
'2026-07-31 10:59:08.045230950,0.358230950,0,0,0,1,0
'2026-07-31 10:59:08.045377950,0.358377950,0,0,0,0,1
'2026-07-31 10:59:08.045380950,0.358380950,0,0,0,1,0
'2026-07-31 10:59:08.045527950,0.358527950,0,0,0,0,1
'2026-07-31 10:59:08.045530950,0.358530950,0,0,0,1,0
'2026-07-31 10:59:08.045677950,0.358677950,0,0,0,0,1
'2026-07-31 10:59:08.045680950,0.358680950,0,0,0,1,0
'2026-07-31 10:59:08.045827950,0.358827950,0,0,0,0,1
'2026-07-31 10:59:08.045830950,0.358830950,0,0,0,1,0
'2026-07-31 10:59:08.045977950,0.358977950,0,0,0,0,1
'2026-07-31 10:59:08.045980900,0.358980900,0,0,0,0,0
'2026-07-31 10:59:08.045980950,0.358980950,0,0,0,1,0
'2026-07-31 10:59:08.046127950,0.359127950,0,0,0,0,1
'2026-07-31 10:59:08.046130900,0.359130900,0,0,0,0,0
'2026-07-31 10:59:08.046130950,0.359130950,0,0,0,1,0
'2026-07-31 10:59:08.046277950,0.359277950,0,0,0,0,1
'2026-07-31 10:59:08.046280900,0.359280900,0,0,0,0,0
'2026-07-31 10:59:08.046280950,0.359280950,0,0,0,1,0
'2026-07-31 10:59:08.046427950,0.359427950,0,0,0,0,1
'2026-07-31 10:59:08.046430900,0.359430900,0,0,0,0,0
'2026-07-31 10:59:08.046430950,0.359430950,0,0,0,1,0
'2026-07-31 10:59:08.046577950,0.359577950,0,0,0,0,1
'2026-07-31 10:59:08.046580900,0.359580900,0,0,0,0,0
'2026-07-31 10:59:08.046580950,0.359580950,0,0,0,1,0
'2026-07-31 10:59:08.046727950,0.359727950,0,0,0,0,1
'2026-07-31 10:59:08.046730900,0.359730900,0,0,0,0,0
'2026-07-31 10:59:08.046730950,0.359730950,0,0,0,1,0
'2026-07-31 10:59:08.046877950,0.359877950,0,0,0,0,1
'2026-07-31 10:59:08.046880900,0.359880900,0,0,0,0,0
'2026-07-31 10:59:08.046880950,0.359880950,0,0,0,1,0
'2026-07-31 10:59:08.047027950,0.360027950,0,0,0,0,1
'2026-07-31 10:59:08.047030900,0.360030900,0,0,0,0,0
'2026-07-31 10:59:08.047030950,0.360030950,0,0,0,1,0
'2026-07-31 10:59:08.047177950,0.360177950,0,0,0,0,1
'2026-07-31 10:59:08.047180900,0.360180900,0,0,0,0,0
'2026-07-31 10:59:08.047180950,0.360180950,0,0,0,1,0
'2026-07-31 10:59:08.047327950,0.360327950,0,0,0,0,1
'2026-07-31 10:59:08.047330900,0.360330900,0,0,0,0,0
'2026-07-31 10:59:08.047330950,0.360330950,0,0,0,1,0
'2026-07-31 10:59:08.047477950,0.360477950,0,0,0,0,1
'2026-07-31 10:59:08.047480900,0.360480900,0,0,0,0,0
'2026-07-31 10:59:08.047480950,0.360480950,0,0,0,1,0
'2026-07-31 10:59:08.047627950,0.360627950,0,0,0,0,1
'2026-07-31 10:59:08.047630900,0.360630900,0,0,0,0,0
'2026-07-31 10:59:08.047630950,0.360630950,0,0,0,1,0
'2026-07-31 10:59:08.047777950,0.360777950,0,0,0,0,1
'2026-07-31 10:59:08.047780900,0.360780900,0,0,0,0,0
'2026-07-31 10:59:08.047780950,0.360780950,0,0,0,1,0
'2026-07-31 10:59:08.047927950,0.360927950,0,0,0,0,1
'2026-07-31 10:59:08.047930900,0.360930900,0,0,0,0,0
'2026-07-31 10:59:08.047930950,0.360930950,0,0,0,1,0
'2026-07-31 10:59:08.048077950,0.361077950,0,0,0,0,1
'2026-07-31 10:59:08.048080900,0.361080900,0,0,0,0,0
'2026-07-31 10:59:08.048080950,0.361080950,0,0,0,1,0
'2026-07-31 10:59:08.048227950,0.361227950,0,0,0,0,1
'2026-07-31 10:59:08.048230900,0.361230900,0,0,0,0,0
'2026-07-31 10:59:08.048230950,0.361230950,0,0,0,1,0
'2026-07-31 10:59:08.048377950,0.361377950,0,0,0,0,1
'2026-07-31 10:59:08.048380900,0.361380900,0,0,0,0,0
'2026-07-31 10:59:08.048380950,0.361380950,0,0,0,1,0
'2026-07-31 10:59:08.048527950,0.361527950,0,0,0,0,1
'2026-07-31 10:59:08.048530900,0.361530900,0,0,0,0,0
'2026-07-31 10:59:08.048530950,0.361530950,0,0,0,1,0
'2026-07-31 10:59:08.048677950,0.361677950,0,0,0,0,1
'2026-07-31 10:59:08.048680900,0.361680900,0,0,0,0,0
'2026-07-31 10:59:08.048680950,0.361680950,0,0,0,1,0
'2026-07-31 10:59:08.048827950,0.361827950,0,0,0,0,1
'2026-07-31 10:59:08.048830900,0.361830900,0,0,0,0,0
'2026-07-31 10:59:08.048830950,0.361830950,0,0,0,1,0
'2026-07-31 10:59:08.048977950,0.361977950,0,0,0,0,1
'2026-07-31 10:59:08.048980900,0.361980900,0,0,0,0,0
'2026-07-31 10:59:08.048980950,0.361980950,0,0,0,1,0
'2026-07-31 10:59:08.049127950,0.362127950,0,0,0,0,1
'2026-07-31 10:59:08.049130900,0.362130900,0,0,0,0,0
'2026-07-31 10:59:08.049130950,0.362130950,0,0,0,1,0
'2026-07-31 10:59:08.049277950,0.362277950,0,0,0,0,1
'2026-07-31 10:59:08.049280900,0.362280900,0,0,0,0,0
'2026-07-31 10:59:08.049280950,0.362280950,0,0,0,1,0
'2026-07-31 10:59:08.049427950,0.362427950,0,0,0,0,1
'2026-07-31 10:59:08.049430900,0.362430900,0,0,0,0,0
'2026-07-31 10:59:08.049430950,0.362430950,0,0,0,1,0
'2026-07-31 10:59:08.049577950,0.362577950,0,0,0,0,1
'2026-07-31 10:59:08.049580900,0.362580900,0,0,0,0,0
'2026-07-31 10:59:08.049580950,0.362580950,0,0,0,1,0
'2026-07-31 10:59:08.049727950,0.362727950,0,0,0,0,1
'2026-07-31 10:59:08.049730900,0.362730900,0,0,0,0,0
'2026-07-31 10:59:08.049730950,0.362730950,0,0,0,1,0
'2026-07-31 10:59:08.049877950,0.362877950,0,0,0,0,1
'2026-07-31 10:59:08.049880900,0.362880900,0,0,0,0,0
'2026-07-31 10:59:08.049880950,0.362880950,0,0,0,1,0
'2026-07-31 10:59:08.050027900,0.363027900,0,0,0,1,1
'2026-07-31 10:59:08.050027950,0.363027950,0,0,0,0,1
'2026-07-31 10:59:08.050030900,0.363030900,0,0,0,1,0
'2026-07-31 10:59:08.050177900,0.363177900,0,0,0,0,1
'2026-07-31 10:59:08.050180900,0.363180900,0,0,0,1,0
'2026-07-31 10:59:08.050327900,0.363327900,0,0,0,0,1
'2026-07-31 10:59:08.050330900,0.363330900,0,0,0,1,0
'2026-07-31 10:59:08.050477900,0.363477900,0,0,0,0,1
'2026-07-31 10:59:08.050480900,0.363480900,0,0,0,1,0
'2026-07-31 10:59:08.050627900,0.363627900,0,0,0,0,1
'2026-07-31 10:59:08.050630900,0.363630900,0,0,0,1,0
'2026-07-31 10:59:08.050777900,0.363777900,0,0,0,0,1
'2026-07-31 10:59:08.050780900,0.363780900,0,0,0,1,0
'2026-07-31 10:59:08.050927900,0.363927900,0,0,0,0,1
'2026-07-31 10:59:08.050930900,0.363930900,0,0,0,1,0
'2026-07-31 10:59:08.051077900,0.364077900,0,0,0,0,1
'2026-07-31 10:59:08.051080900,0.364080900,0,0,0,1,0
'2026-07-31 10:59:08.051227900,0.364227900,0,0,0,0,1
'2026-07-31 10:59:08.051230900,0.364230900,0,0,0,1,0
'2026-07-31 10:59:08.051377900,0.364377900,0,0,0,0,1
'2026-07-31 10:59:08.051380900,0.364380900,0,0,0,1,0
'2026-07-31 10:59:08.051527900,0.364527900,0,0,0,0,1
'2026-07-31 10:59:08.051530900,0.364530900,0,0,0,1,0
'2026-07-31 10:59:08.051677900,0.364677900,0,0,0,0,1
'2026-07-31 10:59:08.051680900,0.364680900,0,0,0,1,0
'2026-07-31 10:59:08.051827900,0.364827900,0,0,0,0,1
'2026-07-31 10:59:08.051830900,0.364830900,0,0,0,1,0
'2026-07-31 10:59:08.051977900,0.364977900,0,0,0,0,1
'2026-07-31 10:59:08.051980900,0.364980900,0,0,0,1,0
'2026-07-31 10:59:08.052127900,0.365127900,0,0,0,0,1
'2026-07-31 10:59:08.052130900,0.365130900,0,0,0,1,0
'2026-07-31 10:59:08.052277900,0.365277900,0,0,0,0,1
'2026-07-31 10:59:08.052280900,0.365280900,0,0,0,1,0
'2026-07-31 10:59:08.052427900,0.365427900,0,0,0,0,1
'2026-07-31 10:59:08.052430900,0.365430900,0,0,0,1,0
'2026-07-31 10:59:08.052577900,0.365577900,0,0,0,0,1
'2026-07-31 10:59:08.052580900,0.365580900,0,0,0,1,0
'2026-07-31 10:59:08.052727900,0.365727900,0,0,0,0,1
'2026-07-31 10:59:08.052730900,0.365730900,0,0,0,1,0
'2026-07-31 10:59:08.052877900,0.365877900,0,0,0,0,1
'2026-07-31 10:59:08.052880900,0.365880900,0,0,0,1,0
'2026-07-31 10:59:08.053027900,0.366027900,0,0,0,0,1
'2026-07-31 10:59:08.053030900,0.366030900,0,0,0,1,0
'2026-07-31 10:59:08.053177900,0.366177900,0,0,0,0,1
'2026-07-31 10:59:08.053180900,0.366180900,0,0,0,1,0
'2026-07-31 10:59:08.053327900,0.366327900,0,0,0,0,1
'2026-07-31 10:59:08.053330900,0.366330900,0,0,0,1,0
'2026-07-31 10:59:08.053477900,0.366477900,0,0,0,0,1
'2026-07-31 10:59:08.053480900,0.366480900,0,0,0,1,0
'2026-07-31 10:59:08.053627900,0.366627900,0,0,0,0,1
'2026-07-31 10:59:08.053630900,0.366630900,0,0,0,1,0
'2026-07-31 10:59:08.053777900,0.366777900,0,0,0,0,1
'2026-07-31 10:59:08.053780900,0.366780900,0,0,0,1,0
'2026-07-31 10:59:08.053927900,0.366927900,0,0,0,0,1
'2026-07-31 10:59:08.053930900,0.366930900,0,0,0,1,0
'2026-07-31 10:59:08.054077900,0.367077900,0,0,0,0,1
'2026-07-31 10:59:08.054080900,0.367080900,0,0,0,1,0
'2026-07-31 10:59:08.054227900,0.367227900,0,0,0,0,1
'2026-07-31 10:59:08.054230900,0.367230900,0,0,0,1,0
'2026-07-31 10:59:08.054377900,0.367377900,0,0,0,0,1
'2026-07-31 10:59:08.054380900,0.367380900,0,0,0,1,0
'2026-07-31 10:59:08.054527900,0.367527900,0,0,0,0,1
'2026-07-31 10:59:08.054530900,0.367530900,0,0,0,1,0
'2026-07-31 10:59:08.054677900,0.367677900,0,0,0,0,1
'2026-07-31 10:59:08.054680900,0.367680900,0,0,0,1,0
'2026-07-31 10:59:08.054827900,0.367827900,0,0,0,0,1
'2026-07-31 10:59:08.054830900,0.367830900,0,0,0,1,0
'2026-07-31 10:59:08.054977900,0.367977900,0,0,0,0,1
'2026-07-31 10:59:08.054980900,0.367980900,0,0,0,1,0
'2026-07-31 10:59:08.055127900,0.368127900,0,0,0,0,1
'2026-07-31 10:59:08.055130900,0.368130900,0,0,0,1,0
'2026-07-31 10:59:08.055277900,0.368277900,0,0,0,0,1
'2026-07-31 10:59:08.055280900,0.368280900,0,0,0,1,0
'2026-07-31 10:59:08.055427900,0.368427900,0,0,0,0,1
'2026-07-31 10:59:08.055430900,0.368430900,0,0,0,1,0
'2026-07-31 10:59:08.055577900,0.368577900,0,0,0,0,1
'2026-07-31 10:59:08.055580900,0.368580900,0,0,0,1,0
'2026-07-31 10:59:08.055727900,0.368727900,0,0,0,0,1
'2026-07-31 10:59:08.055730900,0.368730900,0,0,0,1,0
'2026-07-31 10:59:08.055877900,0.368877900,0,0,0,0,1
'2026-07-31 10:59:08.055880900,0.368880900,0,0,0,1,0
'2026-07-31 10:59:08.056027900,0.369027900,0,0,0,0,1
'2026-07-31 10:59:08.056030900,0.369030900,0,0,0,1,0
'2026-07-31 10:59:08.056177900,0.369177900,0,0,0,0,1
'2026-07-31 10:59:08.056180900,0.369180900,0,0,0,1,0
'2026-07-31 10:59:08.056327900,0.369327900,0,0,0,0,1
'2026-07-31 10:59:08.056330900,0.369330900,0,0,0,1,0
'2026-07-31 10:59:08.056477900,0.369477900,0,0,0,0,1
'2026-07-31 10:59:08.056480850,0.369480850,0,0,0,0,0
'2026-07-31 10:59:08.056480900,0.369480900,0,0,0,1,0
'2026-07-31 10:59:08.056627900,0.369627900,0,0,0,0,1
'2026-07-31 10:59:08.056630850,0.369630850,0,0,0,0,0
'2026-07-31 10:59:08.056630900,0.369630900,0,0,0,1,0
'2026-07-31 10:59:08.056777900,0.369777900,0,0,0,0,1
'2026-07-31 10:59:08.056780850,0.369780850,0,0,0,0,0
'2026-07-31 10:59:08.056780900,0.369780900,0,0,0,1,0
'2026-07-31 10:59:08.056927900,0.369927900,0,0,0,0,1
'2026-07-31 10:59:08.056930850,0.369930850,0,0,0,0,0
'2026-07-31 10:59:08.056930900,0.369930900,0,0,0,1,0
'2026-07-31 10:59:08.057077900,0.370077900,0,0,0,0,1
'2026-07-31 10:59:08.057080850,0.370080850,0,0,0,0,0
'2026-07-31 10:59:08.057080900,0.370080900,0,0,0,1,0
'2026-07-31 10:59:08.057227900,0.370227900,0,0,0,0,1
'2026-07-31 10:59:08.057230850,0.370230850,0,0,0,0,0
'2026-07-31 10:59:08.057230900,0.370230900,0,0,0,1,0
'2026-07-31 10:59:08.057377900,0.370377900,0,0,0,0,1
'2026-07-31 10:59:08.057380850,0.370380850,0,0,0,0,0
'2026-07-31 10:59:08.057380900,0.370380900,0,0,0,1,0
'2026-07-31 10:59:08.057527900,0.370527900,0,0,0,0,1
'2026-07-31 10:59:08.057530850,0.370530850,0,0,0,0,0
'2026-07-31 10:59:08.057530900,0.370530900,0,0,0,1,0
'2026-07-31 10:59:08.057677900,0.370677900,0,0,0,0,1
'2026-07-31 10:59:08.057680850,0.370680850,0,0,0,0,0
'2026-07-31 10:59:08.057680900,0.370680900,0,0,0,1,0
'2026-07-31 10:59:08.057827900,0.370827900,0,0,0,0,1
'2026-07-31 10:59:08.057830850,0.370830850,0,0,0,0,0
'2026-07-31 10:59:08.057830900,0.370830900,0,0,0,1,0
'2026-07-31 10:59:08.057977900,0.370977900,0,0,0,0,1
'2026-07-31 10:59:08.057980850,0.370980850,0,0,0,0,0
'2026-07-31 10:59:08.057980900,0.370980900,0,0,0,1,0
'2026-07-31 10:59:08.058127900,0.371127900,0,0,0,0,1
'2026-07-31 10:59:08.058130850,0.371130850,0,0,0,0,0
'2026-07-31 10:59:08.058130900,0.371130900,0,0,0,1,0
'2026-07-31 10:59:08.058277900,0.371277900,0,0,0,0,1
'2026-07-31 10:59:08.058280850,0.371280850,0,0,0,0,0
'2026-07-31 10:59:08.058280900,0.371280900,0,0,0,1,0
'2026-07-31 10:59:08.058427900,0.371427900,0,0,0,0,1
'2026-07-31 10:59:08.058430850,0.371430850,0,0,0,0,0
'2026-07-31 10:59:08.058430900,0.371430900,0,0,0,1,0
'2026-07-31 10:59:08.058577900,0.371577900,0,0,0,0,1
'2026-07-31 10:59:08.058580850,0.371580850,0,0,0,0,0
'2026-07-31 10:59:08.058580900,0.371580900,0,0,0,1,0
'2026-07-31 10:59:08.058727900,0.371727900,0,0,0,0,1
'2026-07-31 10:59:08.058730850,0.371730850,0,0,0,0,0
'2026-07-31 10:59:08.058730900,0.371730900,0,0,0,1,0
'2026-07-31 10:59:08.058877900,0.371877900,0,0,0,0,1
'2026-07-31 10:59:08.058880850,0.371880850,0,0,0,0,0
'2026-07-31 10:59:08.058880900,0.371880900,0,0,0,1,0
'2026-07-31 10:59:08.059027900,0.372027900,0,0,0,0,1
'2026-07-31 10:59:08.059030850,0.372030850,0,0,0,0,0
'2026-07-31 10:59:08.059030900,0.372030900,0,0,0,1,0
'2026-07-31 10:59:08.059177900,0.372177900,0,0,0,0,1
'2026-07-31 10:59:08.059180850,0.372180850,0,0,0,0,0
'2026-07-31 10:59:08.059180900,0.372180900,0,0,0,1,0
'2026-07-31 10:59:08.059327900,0.372327900,0,0,0,0,1
'2026-07-31 10:59:08.059330850,0.372330850,0,0,0,0,0
'2026-07-31 10:59:08.059330900,0.372330900,0,0,0,1,0
'2026-07-31 10:59:08.059477900,0.372477900,0,0,0,0,1
'2026-07-31 10:59:08.059480850,0.372480850,0,0,0,0,0
'2026-07-31 10:59:08.059480900,0.372480900,0,0,0,1,0
'2026-07-31 10:59:08.059627900,0.372627900,0,0,0,0,1
'2026-07-31 10:59:08.059630850,0.372630850,0,0,0,0,0
'2026-07-31 10:59:08.059630900,0.372630900,0,0,0,1,0
'2026-07-31 10:59:08.059777900,0.372777900,0,0,0,0,1
'2026-07-31 10:59:08.059780850,0.372780850,0,0,0,0,0
'2026-07-31 10:59:08.059780900,0.372780900,0,0,0,1,0
'2026-07-31 10:59:08.059927900,0.372927900,0,0,0,0,1
'2026-07-31 10:59:08.059930850,0.372930850,0,0,0,0,0
'2026-07-31 10:59:08.059930900,0.372930900,0,0,0,1,0
'2026-07-31 10:59:08.060077900,0.373077900,0,0,0,0,1
'2026-07-31 10:59:08.060080850,0.373080850,0,0,0,0,0
'2026-07-31 10:59:08.060080900,0.373080900,0,0,0,1,0
'2026-07-31 10:59:08.060227900,0.373227900,0,0,0,0,1
'2026-07-31 10:59:08.060230850,0.373230850,0,0,0,0,0
'2026-07-31 10:59:08.060230900,0.373230900,0,0,0,1,0
'2026-07-31 10:59:08.060377850,0.373377850,0,0,0,1,1
'2026-07-31 10:59:08.060377900,0.373377900,0,0,0,0,1
'2026-07-31 10:59:08.060380850,0.373380850,0,0,0,1,0
'2026-07-31 10:59:08.060527850,0.373527850,0,0,0,0,1
'2026-07-31 10:59:08.060530850,0.373530850,0,0,0,1,0
'2026-07-31 10:59:08.060677850,0.373677850,0,0,0,0,1
'2026-07-31 10:59:08.060680850,0.373680850,0,0,0,1,0
'2026-07-31 10:59:08.060827850,0.373827850,0,0,0,0,1
'2026-07-31 10:59:08.060830850,0.373830850,0,0,0,1,0
'2026-07-31 10:59:08.060977850,0.373977850,0,0,0,0,1
'2026-07-31 10:59:08.060980850,0.373980850,0,0,0,1,0
'2026-07-31 10:59:08.061127850,0.374127850,0,0,0,0,1
'2026-07-31 10:59:08.061130850,0.374130850,0,0,0,1,0
'2026-07-31 10:59:08.061277850,0.374277850,0,0,0,0,1
'2026-07-31 10:59:08.061280850,0.374280850,0,0,0,1,0
'2026-07-31 10:59:08.061427850,0.374427850,0,0,0,0,1
'2026-07-31 10:59:08.061430850,0.374430850,0,0,0,1,0
'2026-07-31 10:59:08.061577850,0.374577850,0,0,0,0,1
'2026-07-31 10:59:08.061580850,0.374580850,0,0,0,1,0
'2026-07-31 10:59:08.061727850,0.374727850,0,0,0,0,1
'2026-07-31 10:59:08.061730850,0.374730850,0,0,0,1,0
'2026-07-31 10:59:08.061877850,0.374877850,0,0,0,0,1
'2026-07-31 10:59:08.061880850,0.374880850,0,0,0,1,0
'2026-07-31 10:59:08.062027850,0.375027850,0,0,0,0,1
'2026-07-31 10:59:08.062030850,0.375030850,0,0,0,1,0
'2026-07-31 10:59:08.062177850,0.375177850,0,0,0,0,1
'2026-07-31 10:59:08.062180850,0.375180850,0,0,0,1,0
'2026-07-31 10:59:08.062327850,0.375327850,0,0,0,0,1
'2026-07-31 10:59:08.062330850,0.375330850,0,0,0,1,0
'2026-07-31 10:59:08.062477850,0.375477850,0,0,0,0,1
'2026-07-31 10:59:08.062480850,0.375480850,0,0,0,1,0
'2026-07-31 10:59:08.062627850,0.375627850,0,0,0,0,1
'2026-07-31 10:59:08.062630850,0.375630850,0,0,0,1,0
'2026-07-31 10:59:08.062777850,0.375777850,0,0,0,0,1
'2026-07-31 10:59:08.062780850,0.375780850,0,0,0,1,0
'2026-07-31 10:59:08.062927850,0.375927850,0,0,0,0,1
'2026-07-31 10:59:08.062930850,0.375930850,0,0,0,1,0
'2026-07-31 10:59:08.063077850,0.376077850,0,0,0,0,1
'2026-07-31 10:59:08.063080850,0.376080850,0,0,0,1,0
'2026-07-31 10:59:08.063227850,0.376227850,0,0,0,0,1
'2026-07-31 10:59:08.063230850,0.376230850,0,0,0,1,0
'2026-07-31 10:59:08.063377850,0.376377850,0,0,0,0,1
'2026-07-31 10:59:08.063380850,0.376380850,0,0,0,1,0
'2026-07-31 10:59:08.063527850,0.376527850,0,0,0,0,1
'2026-07-31 10:59:08.063530850,0.376530850,0,0,0,1,0
'2026-07-31 10:59:08.063677850,0.376677850,0,0,0,0,1
'2026-07-31 10:59:08.063680850,0.376680850,0,0,0,1,0
'2026-07-31 10:59:08.063827850,0.376827850,0,0,0,0,1
'2026-07-31 10:59:08.063830850,0.376830850,0,0,0,1,0
'2026-07-31 10:59:08.063977850,0.376977850,0,0,0,0,1
'2026-07-31 10:59:08.063980850,0.376980850,0,0,0,1,0
'2026-07-31 10:59:08.064127850,0.377127850,0,0,0,0,1
'2026-07-31 10:59:08.064130850,0.377130850,0,0,0,1,0
'2026-07-31 10:59:08.064277850,0.377277850,0,0,0,0,1
'2026-07-31 10:59:08.064280850,0.377280850,0,0,0,1,0
'2026-07-31 10:59:08.064427850,0.377427850,0,0,0,0,1
'2026-07-31 10:59:08.064430850,0.377430850,0,0,0,1,0
'2026-07-31 10:59:08.064577850,0.377577850,0,0,0,0,1
'2026-07-31 10:59:08.064580850,0.377580850,0,0,0,1,0
'2026-07-31 10:59:08.064727850,0.377727850,0,0,0,0,1
'2026-07-31 10:59:08.064730850,0.377730850,0,0,0,1,0
'2026-07-31 10:59:08.064877850,0.377877850,0,0,0,0,1
'2026-07-31 10:59:08.064880850,0.377880850,0,0,0,1,0
'2026-07-31 10:59:08.065027850,0.378027850,0,0,0,0,1
'2026-07-31 10:59:08.065030850,0.378030850,0,0,0,1,0
'2026-07-31 10:59:08.065177850,0.378177850,0,0,0,0,1
'2026-07-31 10:59:08.065180850,0.378180850,0,0,0,1,0
'2026-07-31 10:59:08.065327850,0.378327850,0,0,0,0,1
'2026-07-31 10:59:08.065330850,0.378330850,0,0,0,1,0
'2026-07-31 10:59:08.065477850,0.378477850,0,0,0,0,1
'2026-07-31 10:59:08.065480850,0.378480850,0,0,0,1,0
'2026-07-31 10:59:08.065627850,0.378627850,0,0,0,0,1
'2026-07-31 10:59:08.065630850,0.378630850,0,0,0,1,0
'2026-07-31 10:59:08.065777850,0.378777850,0,0,0,0,1
'2026-07-31 10:59:08.065780850,0.378780850,0,0,0,1,0
'2026-07-31 10:59:08.065927850,0.378927850,0,0,0,0,1
'2026-07-31 10:59:08.065930850,0.378930850,0,0,0,1,0
'2026-07-31 10:59:08.066077850,0.379077850,0,0,0,0,1
'2026-07-31 10:59:08.066080850,0.379080850,0,0,0,1,0
'2026-07-31 10:59:08.066227850,0.379227850,0,0,0,0,1
'2026-07-31 10:59:08.066230850,0.379230850,0,0,0,1,0
'2026-07-31 10:59:08.066377850,0.379377850,0,0,0,0,1
'2026-07-31 10:59:08.066380850,0.379380850,0,0,0,1,0
'2026-07-31 10:59:08.066527850,0.379527850,0,0,0,0,1
'2026-07-31 10:59:08.066530850,0.379530850,0,0,0,1,0
'2026-07-31 10:59:08.066677850,0.379677850,0,0,0,0,1
'2026-07-31 10:59:08.066680850,0.379680850,0,0,0,1,0
'2026-07-31 10:59:08.066827850,0.379827850,0,0,0,0,1
'2026-07-31 10:59:08.066830800,0.379830800,0,0,0,0,0
'2026-07-31 10:59:08.066830850,0.379830850,0,0,0,1,0
'2026-07-31 10:59:08.066977850,0.379977850,0,0,0,0,1
'2026-07-31 10:59:08.066980800,0.379980800,0,0,0,0,0
'2026-07-31 10:59:08.066980850,0.379980850,0,0,0,1,0
'2026-07-31 10:59:08.067127850,0.380127850,0,0,0,0,1
'2026-07-31 10:59:08.067130800,0.380130800,0,0,0,0,0
'2026-07-31 10:59:08.067130850,0.380130850,0,0,0,1,0
'2026-07-31 10:59:08.067277850,0.380277850,0,0,0,0,1
'2026-07-31 10:59:08.067280800,0.380280800,0,0,0,0,0
'2026-07-31 10:59:08.067280850,0.380280850,0,0,0,1,0
'2026-07-31 10:59:08.067427850,0.380427850,0,0,0,0,1
'2026-07-31 10:59:08.067430800,0.380430800,0,0,0,0,0
'2026-07-31 10:59:08.067430850,0.380430850,0,0,0,1,0
'2026-07-31 10:59:08.067577850,0.380577850,0,0,0,0,1
'2026-07-31 10:59:08.067580800,0.380580800,0,0,0,0,0
'2026-07-31 10:59:08.067580850,0.380580850,0,0,0,1,0
'2026-07-31 10:59:08.067727850,0.380727850,0,0,0,0,1
'2026-07-31 10:59:08.067730800,0.380730800,0,0,0,0,0
'2026-07-31 10:59:08.067730850,0.380730850,0,0,0,1,0
'2026-07-31 10:59:08.067877850,0.380877850,0,0,0,0,1
'2026-07-31 10:59:08.067880800,0.380880800,0,0,0,0,0
'2026-07-31 10:59:08.067880850,0.380880850,0,0,0,1,0
'2026-07-31 10:59:08.068027850,0.381027850,0,0,0,0,1
'2026-07-31 10:59:08.068030800,0.381030800,0,0,0,0,0
'2026-07-31 10:59:08.068030850,0.381030850,0,0,0,1,0
'2026-07-31 10:59:08.068177850,0.381177850,0,0,0,0,1
'2026-07-31 10:59:08.068180800,0.381180800,0,0,0,0,0
'2026-07-31 10:59:08.068180850,0.381180850,0,0,0,1,0
'2026-07-31 10:59:08.068327850,0.381327850,0,0,0,0,1
'2026-07-31 10:59:08.068330800,0.381330800,0,0,0,0,0
'2026-07-31 10:59:08.068330850,0.381330850,0,0,0,1,0
'2026-07-31 10:59:08.068477850,0.381477850,0,0,0,0,1
'2026-07-31 10:59:08.068480800,0.381480800,0,0,0,0,0
'2026-07-31 10:59:08.068480850,0.381480850,0,0,0,1,0
'2026-07-31 10:59:08.068627850,0.381627850,0,0,0,0,1
'2026-07-31 10:59:08.068630800,0.381630800,0,0,0,0,0
'2026-07-31 10:59:08.068630850,0.381630850,0,0,0,1,0
'2026-07-31 10:59:08.068777850,0.381777850,0,0,0,0,1
'2026-07-31 10:59:08.068780800,0.381780800,0,0,0,0,0
'2026-07-31 10:59:08.068780850,0.381780850,0,0,0,1,0
'2026-07-31 10:59:08.068927850,0.381927850,0,0,0,0,1
'2026-07-31 10:59:08.068930800,0.381930800,0,0,0,0,0
'2026-07-31 10:59:08.068930850,0.381930850,0,0,0,1,0
'2026-07-31 10:59:08.069077850,0.382077850,0,0,0,0,1
'2026-07-31 10:59:08.069080800,0.382080800,0,0,0,0,0
'2026-07-31 10:59:08.069080850,0.382080850,0,0,0,1,0
'2026-07-31 10:59:08.069227850,0.382227850,0,0,0,0,1
'2026-07-31 10:59:08.069230800,0.382230800,0,0,0,0,0
'2026-07-31 10:59:08.069230850,0.382230850,0,0,0,1,0
'2026-07-31 10:59:08.069377850,0.382377850,0,0,0,0,1
'2026-07-31 10:59:08.069380800,0.382380800,0,0,0,0,0
'2026-07-31 10:59:08.069380850,0.382380850,0,0,0,1,0
'2026-07-31 10:59:08.069527850,0.382527850,0,0,0,0,1
'2026-07-31 10:59:08.069530800,0.382530800,0,0,0,0,0
'2026-07-31 10:59:08.069530850,0.382530850,0,0,0,1,0
'2026-07-31 10:59:08.069677850,0.382677850,0,0,0,0,1
'2026-07-31 10:59:08.069680800,0.382680800,0,0,0,0,0
'2026-07-31 10:59:08.069680850,0.382680850,0,0,0,1,0
'2026-07-31 10:59:08.069827850,0.382827850,0,0,0,0,1
'2026-07-31 10:59:08.069830800,0.382830800,0,0,0,0,0
'2026-07-31 10:59:08.069830850,0.382830850,0,0,0,1,0
'2026-07-31 10:59:08.069977850,0.382977850,0,0,0,0,1
'2026-07-31 10:59:08.069980800,0.382980800,0,0,0,0,0
'2026-07-31 10:59:08.069980850,0.382980850,0,0,0,1,0
'2026-07-31 10:59:08.070127850,0.383127850,0,0,0,0,1
'2026-07-31 10:59:08.070130800,0.383130800,0,0,0,0,0
'2026-07-31 10:59:08.070130850,0.383130850,0,0,0,1,0
'2026-07-31 10:59:08.070277850,0.383277850,0,0,0,0,1
'2026-07-31 10:59:08.070280800,0.383280800,0,0,0,0,0
'2026-07-31 10:59:08.070280850,0.383280850,0,0,0,1,0
'2026-07-31 10:59:08.070427850,0.383427850,0,0,0,0,1
'2026-07-31 10:59:08.070430800,0.383430800,0,0,0,0,0
'2026-07-31 10:59:08.070430850,0.383430850,0,0,0,1,0
'2026-07-31 10:59:08.070577850,0.383577850,0,0,0,0,1
'2026-07-31 10:59:08.070580800,0.383580800,0,0,0,0,0
'2026-07-31 10:59:08.070580850,0.383580850,0,0,0,1,0
'2026-07-31 10:59:08.070727850,0.383727850,0,0,0,0,1
'2026-07-31 10:59:08.070730800,0.383730800,0,0,0,0,0
'2026-07-31 10:59:08.070730850,0.383730850,0,0,0,1,0
'2026-07-31 10:59:08.070877800,0.383877800,0,0,0,0,1
'2026-07-31 10:59:08.070880800,0.383880800,0,0,0,1,0
'2026-07-31 10:59:08.071027800,0.384027800,0,0,0,0,1
'2026-07-31 10:59:08.071030800,0.384030800,0,0,0,1,0
'2026-07-31 10:59:08.071177800,0.384177800,0,0,0,0,1
'2026-07-31 10:59:08.071180800,0.384180800,0,0,0,1,0
'2026-07-31 10:59:08.071327800,0.384327800,0,0,0,0,1
'2026-07-31 10:59:08.071330800,0.384330800,0,0,0,1,0
'2026-07-31 10:59:08.071477800,0.384477800,0,0,0,0,1
'2026-07-31 10:59:08.071480800,0.384480800,0,0,0,1,0
'2026-07-31 10:59:08.071627800,0.384627800,0,0,0,0,1
'2026-07-31 10:59:08.071630800,0.384630800,0,0,0,1,0
'2026-07-31 10:59:08.071777800,0.384777800,0,0,0,0,1
'2026-07-31 10:59:08.071780800,0.384780800,0,0,0,1,0
'2026-07-31 10:59:08.071927800,0.384927800,0,0,0,0,1
'2026-07-31 10:59:08.071930800,0.384930800,0,0,0,1,0
'2026-07-31 10:59:08.072077800,0.385077800,0,0,0,0,1
'2026-07-31 10:59:08.072080800,0.385080800,0,0,0,1,0
'2026-07-31 10:59:08.072227800,0.385227800,0,0,0,0,1
'2026-07-31 10:59:08.072230800,0.385230800,0,0,0,1,0
'2026-07-31 10:59:08.072377800,0.385377800,0,0,0,0,1
'2026-07-31 10:59:08.072380800,0.385380800,0,0,0,1,0
'2026-07-31 10:59:08.072527800,0.385527800,0,0,0,0,1
'2026-07-31 10:59:08.072530800,0.385530800,0,0,0,1,0
'2026-07-31 10:59:08.072677800,0.385677800,0,0,0,0,1
'2026-07-31 10:59:08.072680800,0.385680800,0,0,0,1,0
'2026-07-31 10:59:08.072827800,0.385827800,0,0,0,0,1
'2026-07-31 10:59:08.072830800,0.385830800,0,0,0,1,0
'2026-07-31 10:59:08.072977800,0.385977800,0,0,0,0,1
'2026-07-31 10:59:08.072980800,0.385980800,0,0,0,1,0
'2026-07-31 10:59:08.073127800,0.386127800,0,0,0,0,1
'2026-07-31 10:59:08.073130800,0.386130800,0,0,0,1,0
'2026-07-31 10:59:08.073277800,0.386277800,0,0,0,0,1
'2026-07-31 10:59:08.073280800,0.386280800,0,0,0,1,0
'2026-07-31 10:59:08.073427800,0.386427800,0,0,0,0,1
'2026-07-31 10:59:08.073430800,0.386430800,0,0,0,1,0
'2026-07-31 10:59:08.073577800,0.386577800,0,0,0,0,1
'2026-07-31 10:59:08.073580800,0.386580800,0,0,0,1,0
'2026-07-31 10:59:08.073727800,0.386727800,0,0,0,0,1
'2026-07-31 10:59:08.073730800,0.386730800,0,0,0,1,0
'2026-07-31 10:59:08.073877800,0.386877800,0,0,0,0,1
'2026-07-31 10:59:08.073880800,0.386880800,0,0,0,1,0
'2026-07-31 10:59:08.074027800,0.387027800,0,0,0,0,1
'2026-07-31 10:59:08.074030800,0.387030800,0,0,0,1,0
'2026-07-31 10:59:08.074177800,0.387177800,0,0,0,0,1
'2026-07-31 10:59:08.074180800,0.387180800,0,0,0,1,0
'2026-07-31 10:59:08.074327800,0.387327800,0,0,0,0,1
'2026-07-31 10:59:08.074330800,0.387330800,0,0,0,1,0
'2026-07-31 10:59:08.074477800,0.387477800,0,0,0,0,1
'2026-07-31 10:59:08.074480800,0.387480800,0,0,0,1,0
'2026-07-31 10:59:08.074627800,0.387627800,0,0,0,0,1
'2026-07-31 10:59:08.074630800,0.387630800,0,0,0,1,0
'2026-07-31 10:59:08.074777800,0.387777800,0,0,0,0,1
'2026-07-31 10:59:08.074780800,0.387780800,0,0,0,1,0
'2026-07-31 10:59:08.074927800,0.387927800,0,0,0,0,1
'2026-07-31 10:59:08.074930800,0.387930800,0,0,0,1,0
'2026-07-31 10:59:08.075077800,0.388077800,0,0,0,0,1
'2026-07-31 10:59:08.075080800,0.388080800,0,0,0,1,0
'2026-07-31 10:59:08.075227800,0.388227800,0,0,0,0,1
'2026-07-31 10:59:08.075230800,0.388230800,0,0,0,1,0
'2026-07-31 10:59:08.075377800,0.388377800,0,0,0,0,1
'2026-07-31 10:59:08.075380800,0.388380800,0,0,0,1,0
'2026-07-31 10:59:08.075527800,0.388527800,0,0,0,0,1
'2026-07-31 10:59:08.075530800,0.388530800,0,0,0,1,0
'2026-07-31 10:59:08.075677800,0.388677800,0,0,0,0,1
'2026-07-31 10:59:08.075680800,0.388680800,0,0,0,1,0
'2026-07-31 10:59:08.075827800,0.388827800,0,0,0,0,1
'2026-07-31 10:59:08.075830800,0.388830800,0,0,0,1,0
'2026-07-31 10:59:08.075977800,0.388977800,0,0,0,0,1
'2026-07-31 10:59:08.075980800,0.388980800,0,0,0,1,0
'2026-07-31 10:59:08.076127800,0.389127800,0,0,0,0,1
'2026-07-31 10:59:08.076130800,0.389130800,0,0,0,1,0
'2026-07-31 10:59:08.076277800,0.389277800,0,0,0,0,1
'2026-07-31 10:59:08.076280800,0.389280800,0,0,0,1,0
'2026-07-31 10:59:08.076427800,0.389427800,0,0,0,0,1
'2026-07-31 10:59:08.076430800,0.389430800,0,0,0,1,0
'2026-07-31 10:59:08.076577800,0.389577800,0,0,0,0,1
'2026-07-31 10:59:08.076580800,0.389580800,0,0,0,1,0
'2026-07-31 10:59:08.076727800,0.389727800,0,0,0,0,1
'2026-07-31 10:59:08.076730800,0.389730800,0,0,0,1,0
'2026-07-31 10:59:08.076877800,0.389877800,0,0,0,0,1
'2026-07-31 10:59:08.076880800,0.389880800,0,0,0,1,0
'2026-07-31 10:59:08.077027800,0.390027800,0,0,0,0,1
'2026-07-31 10:59:08.077030800,0.390030800,0,0,0,1,0
'2026-07-31 10:59:08.077177800,0.390177800,0,0,0,0,1
'2026-07-31 10:59:08.077180750,0.390180750,0,0,0,0,0
'2026-07-31 10:59:08.077180800,0.390180800,0,0,0,1,0
'2026-07-31 10:59:08.077327800,0.390327800,0,0,0,0,1
'2026-07-31 10:59:08.077330750,0.390330750,0,0,0,0,0
'2026-07-31 10:59:08.077330800,0.390330800,0,0,0,1,0
'2026-07-31 10:59:08.077477800,0.390477800,0,0,0,0,1
'2026-07-31 10:59:08.077480750,0.390480750,0,0,0,0,0
'2026-07-31 10:59:08.077480800,0.390480800,0,0,0,1,0
'2026-07-31 10:59:08.077627800,0.390627800,0,0,0,0,1
'2026-07-31 10:59:08.077630750,0.390630750,0,0,0,0,0
'2026-07-31 10:59:08.077630800,0.390630800,0,0,0,1,0
'2026-07-31 10:59:08.077777800,0.390777800,0,0,0,0,1
'2026-07-31 10:59:08.077780750,0.390780750,0,0,0,0,0
'2026-07-31 10:59:08.077780800,0.390780800,0,0,0,1,0
'2026-07-31 10:59:08.077927800,0.390927800,0,0,0,0,1
'2026-07-31 10:59:08.077930750,0.390930750,0,0,0,0,0
'2026-07-31 10:59:08.077930800,0.390930800,0,0,0,1,0
'2026-07-31 10:59:08.078077800,0.391077800,0,0,0,0,1
'2026-07-31 10:59:08.078080750,0.391080750,0,0,0,0,0
'2026-07-31 10:59:08.078080800,0.391080800,0,0,0,1,0
'2026-07-31 10:59:08.078227800,0.391227800,0,0,0,0,1
'2026-07-31 10:59:08.078230750,0.391230750,0,0,0,0,0
'2026-07-31 10:59:08.078230800,0.391230800,0,0,0,1,0
'2026-07-31 10:59:08.078377800,0.391377800,0,0,0,0,1
'2026-07-31 10:59:08.078380750,0.391380750,0,0,0,0,0
'2026-07-31 10:59:08.078380800,0.391380800,0,0,0,1,0
'2026-07-31 10:59:08.078527800,0.391527800,0,0,0,0,1
'2026-07-31 10:59:08.078530750,0.391530750,0,0,0,0,0
'2026-07-31 10:59:08.078530800,0.391530800,0,0,0,1,0
'2026-07-31 10:59:08.078677800,0.391677800,0,0,0,0,1
'2026-07-31 10:59:08.078680750,0.391680750,0,0,0,0,0
'2026-07-31 10:59:08.078680800,0.391680800,0,0,0,1,0
'2026-07-31 10:59:08.078827800,0.391827800,0,0,0,0,1
'2026-07-31 10:59:08.078830750,0.391830750,0,0,0,0,0
'2026-07-31 10:59:08.078830800,0.391830800,0,0,0,1,0
'2026-07-31 10:59:08.078977800,0.391977800,0,0,0,0,1
'2026-07-31 10:59:08.078980750,0.391980750,0,0,0,0,0
'2026-07-31 10:59:08.078980800,0.391980800,0,0,0,1,0
'2026-07-31 10:59:08.079127800,0.392127800,0,0,0,0,1
'2026-07-31 10:59:08.079130750,0.392130750,0,0,0,0,0
'2026-07-31 10:59:08.079130800,0.392130800,0,0,0,1,0
'2026-07-31 10:59:08.079277800,0.392277800,0,0,0,0,1
'2026-07-31 10:59:08.079280750,0.392280750,0,0,0,0,0
'2026-07-31 10:59:08.079280800,0.392280800,0,0,0,1,0
'2026-07-31 10:59:08.079427800,0.392427800,0,0,0,0,1
'2026-07-31 10:59:08.079430750,0.392430750,0,0,0,0,0
'2026-07-31 10:59:08.079430800,0.392430800,0,0,0,1,0
'2026-07-31 10:59:08.079577800,0.392577800,0,0,0,0,1
'2026-07-31 10:59:08.079580750,0.392580750,0,0,0,0,0
'2026-07-31 10:59:08.079580800,0.392580800,0,0,0,1,0
'2026-07-31 10:59:08.079727800,0.392727800,0,0,0,0,1
'2026-07-31 10:59:08.079730750,0.392730750,0,0,0,0,0
'2026-07-31 10:59:08.079730800,0.392730800,0,0,0,1,0
'2026-07-31 10:59:08.079877800,0.392877800,0,0,0,0,1
'2026-07-31 10:59:08.079880750,0.392880750,0,0,0,0,0
'2026-07-31 10:59:08.079880800,0.392880800,0,0,0,1,0
'2026-07-31 10:59:08.080027800,0.393027800,0,0,0,0,1
'2026-07-31 10:59:08.080030750,0.393030750,0,0,0,0,0
'2026-07-31 10:59:08.080030800,0.393030800,0,0,0,1,0
'2026-07-31 10:59:08.080177800,0.393177800,0,0,0,0,1
'2026-07-31 10:59:08.080180750,0.393180750,0,0,0,0,0
'2026-07-31 10:59:08.080180800,0.393180800,0,0,0,1,0
'2026-07-31 10:59:08.080327800,0.393327800,0,0,0,0,1
'2026-07-31 10:59:08.080330750,0.393330750,0,0,0,0,0
'2026-07-31 10:59:08.080330800,0.393330800,0,0,0,1,0
'2026-07-31 10:59:08.080477800,0.393477800,0,0,0,0,1
'2026-07-31 10:59:08.080480750,0.393480750,0,0,0,0,0
'2026-07-31 10:59:08.080480800,0.393480800,0,0,0,1,0
'2026-07-31 10:59:08.080627800,0.393627800,0,0,0,0,1
'2026-07-31 10:59:08.080630750,0.393630750,0,0,0,0,0
'2026-07-31 10:59:08.080630800,0.393630800,0,0,0,1,0
'2026-07-31 10:59:08.080777800,0.393777800,0,0,0,0,1
'2026-07-31 10:59:08.080780750,0.393780750,0,0,0,0,0
'2026-07-31 10:59:08.080780800,0.393780800,0,0,0,1,0
'2026-07-31 10:59:08.080927800,0.393927800,0,0,0,0,1
'2026-07-31 10:59:08.080930750,0.393930750,0,0,0,0,0
'2026-07-31 10:59:08.080930800,0.393930800,0,0,0,1,0
'2026-07-31 10:59:08.081077800,0.394077800,0,0,0,0,1
'2026-07-31 10:59:08.081080750,0.394080750,0,0,0,0,0
'2026-07-31 10:59:08.081080800,0.394080800,0,0,0,1,0
'2026-07-31 10:59:08.081227750,0.394227750,0,0,0,0,1
'2026-07-31 10:59:08.081230750,0.394230750,0,0,0,1,0
'2026-07-31 10:59:08.081377750,0.394377750,0,0,0,0,1
'2026-07-31 10:59:08.081380750,0.394380750,0,0,0,1,0
'2026-07-31 10:59:08.081527750,0.394527750,0,0,0,0,1
'2026-07-31 10:59:08.081530750,0.394530750,0,0,0,1,0
'2026-07-31 10:59:08.081677750,0.394677750,0,0,0,0,1
'2026-07-31 10:59:08.081680750,0.394680750,0,0,0,1,0
'2026-07-31 10:59:08.081827750,0.394827750,0,0,0,0,1
'2026-07-31 10:59:08.081830750,0.394830750,0,0,0,1,0
'2026-07-31 10:59:08.081977750,0.394977750,0,0,0,0,1
'2026-07-31 10:59:08.081980750,0.394980750,0,0,0,1,0
'2026-07-31 10:59:08.082127750,0.395127750,0,0,0,0,1
'2026-07-31 10:59:08.082130750,0.395130750,0,0,0,1,0
'2026-07-31 10:59:08.082277750,0.395277750,0,0,0,0,1
'2026-07-31 10:59:08.082280750,0.395280750,0,0,0,1,0
'2026-07-31 10:59:08.082427750,0.395427750,0,0,0,0,1
'2026-07-31 10:59:08.082430750,0.395430750,0,0,0,1,0
'2026-07-31 10:59:08.082577750,0.395577750,0,0,0,0,1
'2026-07-31 10:59:08.082580750,0.395580750,0,0,0,1,0
'2026-07-31 10:59:08.082727750,0.395727750,0,0,0,0,1
'2026-07-31 10:59:08.082730750,0.395730750,0,0,0,1,0
'2026-07-31 10:59:08.082877750,0.395877750,0,0,0,0,1
'2026-07-31 10:59:08.082880750,0.395880750,0,0,0,1,0
'2026-07-31 10:59:08.083027750,0.396027750,0,0,0,0,1
'2026-07-31 10:59:08.083030750,0.396030750,0,0,0,1,0
'2026-07-31 10:59:08.083177750,0.396177750,0,0,0,0,1
'2026-07-31 10:59:08.083180750,0.396180750,0,0,0,1,0
'2026-07-31 10:59:08.083327750,0.396327750,0,0,0,0,1
'2026-07-31 10:59:08.083330750,0.396330750,0,0,0,1,0
'2026-07-31 10:59:08.083477750,0.396477750,0,0,0,0,1
'2026-07-31 10:59:08.083480750,0.396480750,0,0,0,1,0
'2026-07-31 10:59:08.083627750,0.396627750,0,0,0,0,1
'2026-07-31 10:59:08.083630750,0.396630750,0,0,0,1,0
'2026-07-31 10:59:08.083777750,0.396777750,0,0,0,0,1
'2026-07-31 10:59:08.083780750,0.396780750,0,0,0,1,0
'2026-07-31 10:59:08.083927750,0.396927750,0,0,0,0,1
'2026-07-31 10:59:08.083930750,0.396930750,0,0,0,1,0
'2026-07-31 10:59:08.084077750,0.397077750,0,0,0,0,1
'2026-07-31 10:59:08.084080750,0.397080750,0,0,0,1,0
'2026-07-31 10:59:08.084227750,0.397227750,0,0,0,0,1
'2026-07-31 10:59:08.084230750,0.397230750,0,0,0,1,0
'2026-07-31 10:59:08.084377750,0.397377750,0,0,0,0,1
'2026-07-31 10:59:08.084380750,0.397380750,0,0,0,1,0
'2026-07-31 10:59:08.084527750,0.397527750,0,0,0,0,1
'2026-07-31 10:59:08.084530750,0.397530750,0,0,0,1,0
'2026-07-31 10:59:08.084677750,0.397677750,0,0,0,0,1
'2026-07-31 10:59:08.084680750,0.397680750,0,0,0,1,0
'2026-07-31 10:59:08.084827750,0.397827750,0,0,0,0,1
'2026-07-31 10:59:08.084830750,0.397830750,0,0,0,1,0
'2026-07-31 10:59:08.084977750,0.397977750,0,0,0,0,1
'2026-07-31 10:59:08.084980750,0.397980750,0,0,0,1,0
'2026-07-31 10:59:08.085127750,0.398127750,0,0,0,0,1
'2026-07-31 10:59:08.085130750,0.398130750,0,0,0,1,0
'2026-07-31 10:59:08.085277750,0.398277750,0,0,0,0,1
'2026-07-31 10:59:08.085280750,0.398280750,0,0,0,1,0
'2026-07-31 10:59:08.085427750,0.398427750,0,0,0,0,1
'2026-07-31 10:59:08.085430750,0.398430750,0,0,0,1,0
'2026-07-31 10:59:08.085577750,0.398577750,0,0,0,0,1
'2026-07-31 10:59:08.085580750,0.398580750,0,0,0,1,0
'2026-07-31 10:59:08.085727750,0.398727750,0,0,0,0,1
'2026-07-31 10:59:08.085730750,0.398730750,0,0,0,1,0
'2026-07-31 10:59:08.085877750,0.398877750,0,0,0,0,1
'2026-07-31 10:59:08.085880750,0.398880750,0,0,0,1,0
'2026-07-31 10:59:08.086027750,0.399027750,0,0,0,0,1
'2026-07-31 10:59:08.086030750,0.399030750,0,0,0,1,0
'2026-07-31 10:59:08.086177750,0.399177750,0,0,0,0,1
'2026-07-31 10:59:08.086180750,0.399180750,0,0,0,1,0
'2026-07-31 10:59:08.086327750,0.399327750,0,0,0,0,1
'2026-07-31 10:59:08.086330750,0.399330750,0,0,0,1,0
'2026-07-31 10:59:08.086477750,0.399477750,0,0,0,0,1
'2026-07-31 10:59:08.086480750,0.399480750,0,0,0,1,0
'2026-07-31 10:59:08.086627750,0.399627750,0,0,0,0,1
'2026-07-31 10:59:08.086630750,0.399630750,0,0,0,1,0
'2026-07-31 10:59:08.086777750,0.399777750,0,0,0,0,1
'2026-07-31 10:59:08.086780750,0.399780750,0,0,0,1,0
'2026-07-31 10:59:08.086927750,0.399927750,0,0,0,0,1
'2026-07-31 10:59:08.086930750,0.399930750,0,0,0,1,0
'2026-07-31 10:59:08.087077750,0.400077750,0,0,0,0,1
'2026-07-31 10:59:08.087080750,0.400080750,0,0,0,1,0
'2026-07-31 10:59:08.087227750,0.400227750,0,0,0,0,1
'2026-07-31 10:59:08.087230750,0.400230750,0,0,0,1,0
'2026-07-31 10:59:08.087377750,0.400377750,0,0,0,0,1
'2026-07-31 10:59:08.087380750,0.400380750,0,0,0,1,0
'2026-07-31 10:59:08.087527750,0.400527750,0,0,0,0,1
'2026-07-31 10:59:08.087530750,0.400530750,0,0,0,1,0
'2026-07-31 10:59:08.087677750,0.400677750,0,0,0,0,1
'2026-07-31 10:59:08.087680700,0.400680700,0,0,0,0,0
'2026-07-31 10:59:08.087680750,0.400680750,0,0,0,1,0
'2026-07-31 10:59:08.087827750,0.400827750,0,0,0,0,1
'2026-07-31 10:59:08.087830700,0.400830700,0,0,0,0,0
'2026-07-31 10:59:08.087830750,0.400830750,0,0,0,1,0
'2026-07-31 10:59:08.087977750,0.400977750,0,0,0,0,1
'2026-07-31 10:59:08.087980700,0.400980700,0,0,0,0,0
'2026-07-31 10:59:08.087980750,0.400980750,0,0,0,1,0
'2026-07-31 10:59:08.088127750,0.401127750,0,0,0,0,1
'2026-07-31 10:59:08.088130700,0.401130700,0,0,0,0,0
'2026-07-31 10:59:08.088130750,0.401130750,0,0,0,1,0
'2026-07-31 10:59:08.088277750,0.401277750,0,0,0,0,1
'2026-07-31 10:59:08.088280700,0.401280700,0,0,0,0,0
'2026-07-31 10:59:08.088280750,0.401280750,0,0,0,1,0
'2026-07-31 10:59:08.088427750,0.401427750,0,0,0,0,1
'2026-07-31 10:59:08.088430700,0.401430700,0,0,0,0,0
'2026-07-31 10:59:08.088430750,0.401430750,0,0,0,1,0
'2026-07-31 10:59:08.088577750,0.401577750,0,0,0,0,1
'2026-07-31 10:59:08.088580700,0.401580700,0,0,0,0,0
'2026-07-31 10:59:08.088580750,0.401580750,0,0,0,1,0
'2026-07-31 10:59:08.088727750,0.401727750,0,0,0,0,1
'2026-07-31 10:59:08.088730700,0.401730700,0,0,0,0,0
'2026-07-31 10:59:08.088730750,0.401730750,0,0,0,1,0
'2026-07-31 10:59:08.088877750,0.401877750,0,0,0,0,1
'2026-07-31 10:59:08.088880700,0.401880700,0,0,0,0,0
'2026-07-31 10:59:08.088880750,0.401880750,0,0,0,1,0
'2026-07-31 10:59:08.089027750,0.402027750,0,0,0,0,1
'2026-07-31 10:59:08.089030700,0.402030700,0,0,0,0,0
'2026-07-31 10:59:08.089030750,0.402030750,0,0,0,1,0
'2026-07-31 10:59:08.089177750,0.402177750,0,0,0,0,1
'2026-07-31 10:59:08.089180700,0.402180700,0,0,0,0,0
'2026-07-31 10:59:08.089180750,0.402180750,0,0,0,1,0
'2026-07-31 10:59:08.089327750,0.402327750,0,0,0,0,1
'2026-07-31 10:59:08.089330700,0.402330700,0,0,0,0,0
'2026-07-31 10:59:08.089330750,0.402330750,0,0,0,1,0
'2026-07-31 10:59:08.089477750,0.402477750,0,0,0,0,1
'2026-07-31 10:59:08.089480700,0.402480700,0,0,0,0,0
'2026-07-31 10:59:08.089480750,0.402480750,0,0,0,1,0
'2026-07-31 10:59:08.089627750,0.402627750,0,0,0,0,1
'2026-07-31 10:59:08.089630700,0.402630700,0,0,0,0,0
'2026-07-31 10:59:08.089630750,0.402630750,0,0,0,1,0
'2026-07-31 10:59:08.089777750,0.402777750,0,0,0,0,1
'2026-07-31 10:59:08.089780700,0.402780700,0,0,0,0,0
'2026-07-31 10:59:08.089780750,0.402780750,0,0,0,1,0
'2026-07-31 10:59:08.089927750,0.402927750,0,0,0,0,1
'2026-07-31 10:59:08.089930700,0.402930700,0,0,0,0,0
'2026-07-31 10:59:08.089930750,0.402930750,0,0,0,1,0
'2026-07-31 10:59:08.090077750,0.403077750,0,0,0,0,1
'2026-07-31 10:59:08.090080700,0.403080700,0,0,0,0,0
'2026-07-31 10:59:08.090080750,0.403080750,0,0,0,1,0
'2026-07-31 10:59:08.090227750,0.403227750,0,0,0,0,1
'2026-07-31 10:59:08.090230700,0.403230700,0,0,0,0,0
'2026-07-31 10:59:08.090230750,0.403230750,0,0,0,1,0
'2026-07-31 10:59:08.090377750,0.403377750,0,0,0,0,1
'2026-07-31 10:59:08.090380700,0.403380700,0,0,0,0,0
'2026-07-31 10:59:08.090380750,0.403380750,0,0,0,1,0
'2026-07-31 10:59:08.090527750,0.403527750,0,0,0,0,1
'2026-07-31 10:59:08.090530700,0.403530700,0,0,0,0,0
'2026-07-31 10:59:08.090530750,0.403530750,0,0,0,1,0
'2026-07-31 10:59:08.090677750,0.403677750,0,0,0,0,1
'2026-07-31 10:59:08.090680700,0.403680700,0,0,0,0,0
'2026-07-31 10:59:08.090680750,0.403680750,0,0,0,1,0
'2026-07-31 10:59:08.090827750,0.403827750,0,0,0,0,1
'2026-07-31 10:59:08.090830700,0.403830700,0,0,0,0,0
'2026-07-31 10:59:08.090830750,0.403830750,0,0,0,1,0
'2026-07-31 10:59:08.090977750,0.403977750,0,0,0,0,1
'2026-07-31 10:59:08.090980700,0.403980700,0,0,0,0,0
'2026-07-31 10:59:08.090980750,0.403980750,0,0,0,1,0
'2026-07-31 10:59:08.091127750,0.404127750,0,0,0,0,1
'2026-07-31 10:59:08.091130700,0.404130700,0,0,0,0,0
'2026-07-31 10:59:08.091130750,0.404130750,0,0,0,1,0
'2026-07-31 10:59:08.091277750,0.404277750,0,0,0,0,1
'2026-07-31 10:59:08.091280700,0.404280700,0,0,0,0,0
'2026-07-31 10:59:08.091280750,0.404280750,0,0,0,1,0
'2026-07-31 10:59:08.091427750,0.404427750,0,0,0,0,1
'2026-07-31 10:59:08.091430700,0.404430700,0,0,0,0,0
'2026-07-31 10:59:08.091430750,0.404430750,0,0,0,1,0
'2026-07-31 10:59:08.091577700,0.404577700,0,0,0,1,1
'2026-07-31 10:59:08.091577750,0.404577750,0,0,0,0,1
'2026-07-31 10:59:08.091580700,0.404580700,0,0,0,1,0
'2026-07-31 10:59:08.091727700,0.404727700,0,0,0,0,1
'2026-07-31 10:59:08.091730700,0.404730700,0,0,0,1,0
'2026-07-31 10:59:08.091877700,0.404877700,0,0,0,0,1
'2026-07-31 10:59:08.091880700,0.404880700,0,0,0,1,0
'2026-07-31 10:59:08.092027700,0.405027700,0,0,0,0,1
'2026-07-31 10:59:08.092030700,0.405030700,0,0,0,1,0
'2026-07-31 10:59:08.092177700,0.405177700,0,0,0,0,1
'2026-07-31 10:59:08.092180700,0.405180700,0,0,0,1,0
'2026-07-31 10:59:08.092327700,0.405327700,0,0,0,0,1
'2026-07-31 10:59:08.092330700,0.405330700,0,0,0,1,0
'2026-07-31 10:59:08.092477700,0.405477700,0,0,0,0,1
'2026-07-31 10:59:08.092480700,0.405480700,0,0,0,1,0
'2026-07-31 10:59:08.092627700,0.405627700,0,0,0,0,1
'2026-07-31 10:59:08.092630700,0.405630700,0,0,0,1,0
'2026-07-31 10:59:08.092777700,0.405777700,0,0,0,0,1
'2026-07-31 10:59:08.092780700,0.405780700,0,0,0,1,0
'2026-07-31 10:59:08.092927700,0.405927700,0,0,0,0,1
'2026-07-31 10:59:08.092930700,0.405930700,0,0,0,1,0
'2026-07-31 10:59:08.093077700,0.406077700,0,0,0,0,1
'2026-07-31 10:59:08.093080700,0.406080700,0,0,0,1,0
'2026-07-31 10:59:08.093227700,0.406227700,0,0,0,0,1
'2026-07-31 10:59:08.093230700,0.406230700,0,0,0,1,0
'2026-07-31 10:59:08.093377700,0.406377700,0,0,0,0,1
'2026-07-31 10:59:08.093380700,0.406380700,0,0,0,1,0
'2026-07-31 10:59:08.093527700,0.406527700,0,0,0,0,1
'2026-07-31 10:59:08.093530700,0.406530700,0,0,0,1,0
'2026-07-31 10:59:08.093677700,0.406677700,0,0,0,0,1
'2026-07-31 10:59:08.093680700,0.406680700,0,0,0,1,0
'2026-07-31 10:59:08.093827700,0.406827700,0,0,0,0,1
'2026-07-31 10:59:08.093830700,0.406830700,0,0,0,1,0
'2026-07-31 10:59:08.093977700,0.406977700,0,0,0,0,1
'2026-07-31 10:59:08.093980700,0.406980700,0,0,0,1,0
'2026-07-31 10:59:08.094127700,0.407127700,0,0,0,0,1
'2026-07-31 10:59:08.094130700,0.407130700,0,0,0,1,0
'2026-07-31 10:59:08.094277700,0.407277700,0,0,0,0,1
'2026-07-31 10:59:08.094280700,0.407280700,0,0,0,1,0
'2026-07-31 10:59:08.094427700,0.407427700,0,0,0,0,1
'2026-07-31 10:59:08.094430700,0.407430700,0,0,0,1,0
'2026-07-31 10:59:08.094577700,0.407577700,0,0,0,0,1
'2026-07-31 10:59:08.094580700,0.407580700,0,0,0,1,0
'2026-07-31 10:59:08.094727700,0.407727700,0,0,0,0,1
'2026-07-31 10:59:08.094730700,0.407730700,0,0,0,1,0
'2026-07-31 10:59:08.094877700,0.407877700,0,0,0,0,1
'2026-07-31 10:59:08.094880700,0.407880700,0,0,0,1,0
'2026-07-31 10:59:08.095027700,0.408027700,0,0,0,0,1
'2026-07-31 10:59:08.095030700,0.408030700,0,0,0,1,0
'2026-07-31 10:59:08.095177700,0.408177700,0,0,0,0,1
'2026-07-31 10:59:08.095180700,0.408180700,0,0,0,1,0
'2026-07-31 10:59:08.095327700,0.408327700,0,0,0,0,1
'2026-07-31 10:59:08.095330700,0.408330700,0,0,0,1,0
'2026-07-31 10:59:08.095477700,0.408477700,0,0,0,0,1
'2026-07-31 10:59:08.095480700,0.408480700,0,0,0,1,0
'2026-07-31 10:59:08.095627700,0.408627700,0,0,0,0,1
'2026-07-31 10:59:08.095630700,0.408630700,0,0,0,1,0
'2026-07-31 10:59:08.095777700,0.408777700,0,0,0,0,1
'2026-07-31 10:59:08.095780700,0.408780700,0,0,0,1,0
'2026-07-31 10:59:08.095927700,0.408927700,0,0,0,0,1
'2026-07-31 10:59:08.095930700,0.408930700,0,0,0,1,0
'2026-07-31 10:59:08.096077700,0.409077700,0,0,0,0,1
'2026-07-31 10:59:08.096080700,0.409080700,0,0,0,1,0
'2026-07-31 10:59:08.096227700,0.409227700,0,0,0,0,1
'2026-07-31 10:59:08.096230700,0.409230700,0,0,0,1,0
'2026-07-31 10:59:08.096377700,0.409377700,0,0,0,0,1
'2026-07-31 10:59:08.096380700,0.409380700,0,0,0,1,0
'2026-07-31 10:59:08.096527700,0.409527700,0,0,0,0,1
'2026-07-31 10:59:08.096530700,0.409530700,0,0,0,1,0
'2026-07-31 10:59:08.096677700,0.409677700,0,0,0,0,1
'2026-07-31 10:59:08.096680700,0.409680700,0,0,0,1,0
'2026-07-31 10:59:08.096827700,0.409827700,0,0,0,0,1
'2026-07-31 10:59:08.096830700,0.409830700,0,0,0,1,0
'2026-07-31 10:59:08.096977700,0.409977700,0,0,0,0,1
'2026-07-31 10:59:08.096980700,0.409980700,0,0,0,1,0
'2026-07-31 10:59:08.097127700,0.410127700,0,0,0,0,1
'2026-07-31 10:59:08.097130700,0.410130700,0,0,0,1,0
'2026-07-31 10:59:08.097277700,0.410277700,0,0,0,0,1
'2026-07-31 10:59:08.097280700,0.410280700,0,0,0,1,0
'2026-07-31 10:59:08.097427700,0.410427700,0,0,0,0,1
'2026-07-31 10:59:08.097430700,0.410430700,0,0,0,1,0
'2026-07-31 10:59:08.097577700,0.410577700,0,0,0,0,1
'2026-07-31 10:59:08.097580700,0.410580700,0,0,0,1,0
'2026-07-31 10:59:08.097727700,0.410727700,0,0,0,0,1
'2026-07-31 10:59:08.097730700,0.410730700,0,0,0,1,0
'2026-07-31 10:59:08.097877700,0.410877700,0,0,0,0,1
'2026-07-31 10:59:08.097880700,0.410880700,0,0,0,1,0
'2026-07-31 10:59:08.098027700,0.411027700,0,0,0,0,1
'2026-07-31 10:59:08.098030650,0.411030650,0,0,0,0,0
'2026-07-31 10:59:08.098030700,0.411030700,0,0,0,1,0
'2026-07-31 10:59:08.098177700,0.411177700,0,0,0,0,1
'2026-07-31 10:59:08.098180650,0.411180650,0,0,0,0,0
'2026-07-31 10:59:08.098180700,0.411180700,0,0,0,1,0
'2026-07-31 10:59:08.098327700,0.411327700,0,0,0,0,1
'2026-07-31 10:59:08.098330650,0.411330650,0,0,0,0,0
'2026-07-31 10:59:08.098330700,0.411330700,0,0,0,1,0
'2026-07-31 10:59:08.098477700,0.411477700,0,0,0,0,1
'2026-07-31 10:59:08.098480650,0.411480650,0,0,0,0,0
'2026-07-31 10:59:08.098480700,0.411480700,0,0,0,1,0
'2026-07-31 10:59:08.098627700,0.411627700,0,0,0,0,1
'2026-07-31 10:59:08.098630650,0.411630650,0,0,0,0,0
'2026-07-31 10:59:08.098630700,0.411630700,0,0,0,1,0
'2026-07-31 10:59:08.098777700,0.411777700,0,0,0,0,1
'2026-07-31 10:59:08.098780650,0.411780650,0,0,0,0,0
'2026-07-31 10:59:08.098780700,0.411780700,0,0,0,1,0
'2026-07-31 10:59:08.098927700,0.411927700,0,0,0,0,1
'2026-07-31 10:59:08.098930650,0.411930650,0,0,0,0,0
'2026-07-31 10:59:08.098930700,0.411930700,0,0,0,1,0
'2026-07-31 10:59:08.099077700,0.412077700,0,0,0,0,1
'2026-07-31 10:59:08.099080650,0.412080650,0,0,0,0,0
'2026-07-31 10:59:08.099080700,0.412080700,0,0,0,1,0
'2026-07-31 10:59:08.099227700,0.412227700,0,0,0,0,1
'2026-07-31 10:59:08.099230650,0.412230650,0,0,0,0,0
'2026-07-31 10:59:08.099230700,0.412230700,0,0,0,1,0
'2026-07-31 10:59:08.099377700,0.412377700,0,0,0,0,1
'2026-07-31 10:59:08.099380650,0.412380650,0,0,0,0,0
'2026-07-31 10:59:08.099380700,0.412380700,0,0,0,1,0
'2026-07-31 10:59:08.099527700,0.412527700,0,0,0,0,1
'2026-07-31 10:59:08.099530650,0.412530650,0,0,0,0,0
'2026-07-31 10:59:08.099530700,0.412530700,0,0,0,1,0
'2026-07-31 10:59:08.099677700,0.412677700,0,0,0,0,1
'2026-07-31 10:59:08.099680650,0.412680650,0,0,0,0,0
'2026-07-31 10:59:08.099680700,0.412680700,0,0,0,1,0
'2026-07-31 10:59:08.099827700,0.412827700,0,0,0,0,1
'2026-07-31 10:59:08.099830650,0.412830650,0,0,0,0,0
'2026-07-31 10:59:08.099830700,0.412830700,0,0,0,1,0
'2026-07-31 10:59:08.099977700,0.412977700,0,0,0,0,1
'2026-07-31 10:59:08.099980650,0.412980650,0,0,0,0,0
'2026-07-31 10:59:08.099980700,0.412980700,0,0,0,1,0
'2026-07-31 10:59:08.100127700,0.413127700,0,0,0,0,1
'2026-07-31 10:59:08.100130650,0.413130650,0,0,0,0,0
'2026-07-31 10:59:08.100130700,0.413130700,0,0,0,1,0
'2026-07-31 10:59:08.100277700,0.413277700,0,0,0,0,1
'2026-07-31 10:59:08.100280650,0.413280650,0,0,0,0,0
'2026-07-31 10:59:08.100280700,0.413280700,0,0,0,1,0
'2026-07-31 10:59:08.100427700,0.413427700,0,0,0,0,1
'2026-07-31 10:59:08.100430650,0.413430650,0,0,0,0,0
'2026-07-31 10:59:08.100430700,0.413430700,0,0,0,1,0
'2026-07-31 10:59:08.100577700,0.413577700,0,0,0,0,1
'2026-07-31 10:59:08.100580650,0.413580650,0,0,0,0,0
'2026-07-31 10:59:08.100580700,0.413580700,0,0,0,1,0
'2026-07-31 10:59:08.100727700,0.413727700,0,0,0,0,1
'2026-07-31 10:59:08.100730650,0.413730650,0,0,0,0,0
'2026-07-31 10:59:08.100730700,0.413730700,0,0,0,1,0
'2026-07-31 10:59:08.100877700,0.413877700,0,0,0,0,1
'2026-07-31 10:59:08.100880650,0.413880650,0,0,0,0,0
'2026-07-31 10:59:08.100880700,0.413880700,0,0,0,1,0
'2026-07-31 10:59:08.101027700,0.414027700,0,0,0,0,1
'2026-07-31 10:59:08.101030650,0.414030650,0,0,0,0,0
'2026-07-31 10:59:08.101030700,0.414030700,0,0,0,1,0
'2026-07-31 10:59:08.101177700,0.414177700,0,0,0,0,1
'2026-07-31 10:59:08.101180650,0.414180650,0,0,0,0,0
'2026-07-31 10:59:08.101180700,0.414180700,0,0,0,1,0
'2026-07-31 10:59:08.101327700,0.414327700,0,0,0,0,1
'2026-07-31 10:59:08.101330650,0.414330650,0,0,0,0,0
'2026-07-31 10:59:08.101330700,0.414330700,0,0,0,1,0
'2026-07-31 10:59:08.101477700,0.414477700,0,0,0,0,1
'2026-07-31 10:59:08.101480650,0.414480650,0,0,0,0,0
'2026-07-31 10:59:08.101480700,0.414480700,0,0,0,1,0
'2026-07-31 10:59:08.101627700,0.414627700,0,0,0,0,1
'2026-07-31 10:59:08.101630650,0.414630650,0,0,0,0,0
'2026-07-31 10:59:08.101630700,0.414630700,0,0,0,1,0
'2026-07-31 10:59:08.101777700,0.414777700,0,0,0,0,1
'2026-07-31 10:59:08.101780650,0.414780650,0,0,0,0,0
'2026-07-31 10:59:08.101780700,0.414780700,0,0,0,1,0
'2026-07-31 10:59:08.101927700,0.414927700,0,0,0,0,1
'2026-07-31 10:59:08.101930650,0.414930650,0,0,0,0,0
'2026-07-31 10:59:08.101930700,0.414930700,0,0,0,1,0
'2026-07-31 10:59:08.102077650,0.415077650,0,0,0,0,1
'2026-07-31 10:59:08.102080650,0.415080650,0,0,0,1,0
'2026-07-31 10:59:08.102227650,0.415227650,0,0,0,0,1
'2026-07-31 10:59:08.102230650,0.415230650,0,0,0,1,0
'2026-07-31 10:59:08.102377650,0.415377650,0,0,0,0,1
'2026-07-31 10:59:08.102380650,0.415380650,0,0,0,1,0
'2026-07-31 10:59:08.102527650,0.415527650,0,0,0,0,1
'2026-07-31 10:59:08.102530650,0.415530650,0,0,0,1,0
'2026-07-31 10:59:08.102677650,0.415677650,0,0,0,0,1
'2026-07-31 10:59:08.102680650,0.415680650,0,0,0,1,0
'2026-07-31 10:59:08.102827650,0.415827650,0,0,0,0,1
'2026-07-31 10:59:08.102830650,0.415830650,0,0,0,1,0
'2026-07-31 10:59:08.102977650,0.415977650,0,0,0,0,1
'2026-07-31 10:59:08.102980650,0.415980650,0,0,0,1,0
'2026-07-31 10:59:08.103127650,0.416127650,0,0,0,0,1
'2026-07-31 10:59:08.103130650,0.416130650,0,0,0,1,0
'2026-07-31 10:59:08.103277650,0.416277650,0,0,0,0,1
'2026-07-31 10:59:08.103280650,0.416280650,0,0,0,1,0
'2026-07-31 10:59:08.103427650,0.416427650,0,0,0,0,1
'2026-07-31 10:59:08.103430650,0.416430650,0,0,0,1,0
'2026-07-31 10:59:08.103577650,0.416577650,0,0,0,0,1
'2026-07-31 10:59:08.103580650,0.416580650,0,0,0,1,0
'2026-07-31 10:59:08.103727650,0.416727650,0,0,0,0,1
'2026-07-31 10:59:08.103730650,0.416730650,0,0,0,1,0
'2026-07-31 10:59:08.103877650,0.416877650,0,0,0,0,1
'2026-07-31 10:59:08.103880650,0.416880650,0,0,0,1,0
'2026-07-31 10:59:08.104027650,0.417027650,0,0,0,0,1
'2026-07-31 10:59:08.104030650,0.417030650,0,0,0,1,0
'2026-07-31 10:59:08.104177650,0.417177650,0,0,0,0,1
'2026-07-31 10:59:08.104180650,0.417180650,0,0,0,1,0
'2026-07-31 10:59:08.104327650,0.417327650,0,0,0,0,1
'2026-07-31 10:59:08.104330650,0.417330650,0,0,0,1,0
'2026-07-31 10:59:08.104477650,0.417477650,0,0,0,0,1
'2026-07-31 10:59:08.104480650,0.417480650,0,0,0,1,0
'2026-07-31 10:59:08.104627650,0.417627650,0,0,0,0,1
'2026-07-31 10:59:08.104630650,0.417630650,0,0,0,1,0
'2026-07-31 10:59:08.104777650,0.417777650,0,0,0,0,1
'2026-07-31 10:59:08.104780650,0.417780650,0,0,0,1,0
'2026-07-31 10:59:08.104927650,0.417927650,0,0,0,0,1
'2026-07-31 10:59:08.104930650,0.417930650,0,0,0,1,0
'2026-07-31 10:59:08.105077650,0.418077650,0,0,0,0,1
'2026-07-31 10:59:08.105080650,0.418080650,0,0,0,1,0
'2026-07-31 10:59:08.105227650,0.418227650,0,0,0,0,1
'2026-07-31 10:59:08.105230650,0.418230650,0,0,0,1,0
'2026-07-31 10:59:08.105377650,0.418377650,0,0,0,0,1
'2026-07-31 10:59:08.105380650,0.418380650,0,0,0,1,0
'2026-07-31 10:59:08.105527650,0.418527650,0,0,0,0,1
'2026-07-31 10:59:08.105530650,0.418530650,0,0,0,1,0
'2026-07-31 10:59:08.105677650,0.418677650,0,0,0,0,1
'2026-07-31 10:59:08.105680650,0.418680650,0,0,0,1,0
'2026-07-31 10:59:08.105827650,0.418827650,0,0,0,0,1
'2026-07-31 10:59:08.105830650,0.418830650,0,0,0,1,0
'2026-07-31 10:59:08.105977650,0.418977650,0,0,0,0,1
'2026-07-31 10:59:08.105980650,0.418980650,0,0,0,1,0
'2026-07-31 10:59:08.106127650,0.419127650,0,0,0,0,1
'2026-07-31 10:59:08.106130650,0.419130650,0,0,0,1,0
'2026-07-31 10:59:08.106277650,0.419277650,0,0,0,0,1
'2026-07-31 10:59:08.106280650,0.419280650,0,0,0,1,0
'2026-07-31 10:59:08.106427650,0.419427650,0,0,0,0,1
'2026-07-31 10:59:08.106430650,0.419430650,0,0,0,1,0
'2026-07-31 10:59:08.106577650,0.419577650,0,0,0,0,1
'2026-07-31 10:59:08.106580650,0.419580650,0,0,0,1,0
'2026-07-31 10:59:08.106727650,0.419727650,0,0,0,0,1
'2026-07-31 10:59:08.106730650,0.419730650,0,0,0,1,0
'2026-07-31 10:59:08.106877650,0.419877650,0,0,0,0,1
'2026-07-31 10:59:08.106880650,0.419880650,0,0,0,1,0
'2026-07-31 10:59:08.107027650,0.420027650,0,0,0,0,1
'2026-07-31 10:59:08.107030650,0.420030650,0,0,0,1,0
'2026-07-31 10:59:08.107177650,0.420177650,0,0,0,0,1
'2026-07-31 10:59:08.107180650,0.420180650,0,0,0,1,0
'2026-07-31 10:59:08.107327650,0.420327650,0,0,0,0,1
'2026-07-31 10:59:08.107330650,0.420330650,0,0,0,1,0
'2026-07-31 10:59:08.107477650,0.420477650,0,0,0,0,1
'2026-07-31 10:59:08.107480650,0.420480650,0,0,0,1,0
'2026-07-31 10:59:08.107627650,0.420627650,0,0,0,0,1
'2026-07-31 10:59:08.107630650,0.420630650,0,0,0,1,0
'2026-07-31 10:59:08.107777650,0.420777650,0,0,0,0,1
'2026-07-31 10:59:08.107780650,0.420780650,0,0,0,1,0
'2026-07-31 10:59:08.107927650,0.420927650,0,0,0,0,1
'2026-07-31 10:59:08.107930650,0.420930650,0,0,0,1,0
'2026-07-31 10:59:08.108077650,0.421077650,0,0,0,0,1
'2026-07-31 10:59:08.108080650,0.421080650,0,0,0,1,0
'2026-07-31 10:59:08.108227650,0.421227650,0,0,0,0,1
'2026-07-31 10:59:08.108230650,0.421230650,0,0,0,1,0
'2026-07-31 10:59:08.108377650,0.421377650,0,0,0,0,1
'2026-07-31 10:59:08.108380600,0.421380600,0,0,0,0,0
'2026-07-31 10:59:08.108380650,0.421380650,0,0,0,1,0
'2026-07-31 10:59:08.108527650,0.421527650,0,0,0,0,1
'2026-07-31 10:59:08.108530600,0.421530600,0,0,0,0,0
'2026-07-31 10:59:08.108530650,0.421530650,0,0,0,1,0
'2026-07-31 10:59:08.108677650,0.421677650,0,0,0,0,1
'2026-07-31 10:59:08.108680600,0.421680600,0,0,0,0,0
'2026-07-31 10:59:08.108680650,0.421680650,0,0,0,1,0
'2026-07-31 10:59:08.108827650,0.421827650,0,0,0,0,1
'2026-07-31 10:59:08.108830600,0.421830600,0,0,0,0,0
'2026-07-31 10:59:08.108830650,0.421830650,0,0,0,1,0
'2026-07-31 10:59:08.108977650,0.421977650,0,0,0,0,1
'2026-07-31 10:59:08.108980600,0.421980600,0,0,0,0,0
'2026-07-31 10:59:08.108980650,0.421980650,0,0,0,1,0
'2026-07-31 10:59:08.109127650,0.422127650,0,0,0,0,1
'2026-07-31 10:59:08.109130600,0.422130600,0,0,0,0,0
'2026-07-31 10:59:08.109130650,0.422130650,0,0,0,1,0
'2026-07-31 10:59:08.109277650,0.422277650,0,0,0,0,1
'2026-07-31 10:59:08.109280600,0.422280600,0,0,0,0,0
'2026-07-31 10:59:08.109280650,0.422280650,0,0,0,1,0
'2026-07-31 10:59:08.109427650,0.422427650,0,0,0,0,1
'2026-07-31 10:59:08.109430600,0.422430600,0,0,0,0,0
'2026-07-31 10:59:08.109430650,0.422430650,0,0,0,1,0
'2026-07-31 10:59:08.109577650,0.422577650,0,0,0,0,1
'2026-07-31 10:59:08.109580600,0.422580600,0,0,0,0,0
'2026-07-31 10:59:08.109580650,0.422580650,0,0,0,1,0
'2026-07-31 10:59:08.109727650,0.422727650,0,0,0,0,1
'2026-07-31 10:59:08.109730600,0.422730600,0,0,0,0,0
'2026-07-31 10:59:08.109730650,0.422730650,0,0,0,1,0
'2026-07-31 10:59:08.109877650,0.422877650,0,0,0,0,1
'2026-07-31 10:59:08.109880600,0.422880600,0,0,0,0,0
'2026-07-31 10:59:08.109880650,0.422880650,0,0,0,1,0
'2026-07-31 10:59:08.110027650,0.423027650,0,0,0,0,1
'2026-07-31 10:59:08.110030600,0.423030600,0,0,0,0,0
'2026-07-31 10:59:08.110030650,0.423030650,0,0,0,1,0
'2026-07-31 10:59:08.110177650,0.423177650,0,0,0,0,1
'2026-07-31 10:59:08.110180600,0.423180600,0,0,0,0,0
'2026-07-31 10:59:08.110180650,0.423180650,0,0,0,1,0
'2026-07-31 10:59:08.110327650,0.423327650,0,0,0,0,1
'2026-07-31 10:59:08.110330600,0.423330600,0,0,0,0,0
'2026-07-31 10:59:08.110330650,0.423330650,0,0,0,1,0
'2026-07-31 10:59:08.110477650,0.423477650,0,0,0,0,1
'2026-07-31 10:59:08.110480600,0.423480600,0,0,0,0,0
'2026-07-31 10:59:08.110480650,0.423480650,0,0,0,1,0
'2026-07-31 10:59:08.110627650,0.423627650,0,0,0,0,1
'2026-07-31 10:59:08.110630600,0.423630600,0,0,0,0,0
'2026-07-31 10:59:08.110630650,0.423630650,0,0,0,1,0
'2026-07-31 10:59:08.110777650,0.423777650,0,0,0,0,1
'2026-07-31 10:59:08.110780600,0.423780600,0,0,0,0,0
'2026-07-31 10:59:08.110780650,0.423780650,0,0,0,1,0
'2026-07-31 10:59:08.110927650,0.423927650,0,0,0,0,1
'2026-07-31 10:59:08.110930600,0.423930600,0,0,0,0,0
'2026-07-31 10:59:08.110930650,0.423930650,0,0,0,1,0
'2026-07-31 10:59:08.111077650,0.424077650,0,0,0,0,1
'2026-07-31 10:59:08.111080600,0.424080600,0,0,0,0,0
'2026-07-31 10:59:08.111080650,0.424080650,0,0,0,1,0
'2026-07-31 10:59:08.111227650,0.424227650,0,0,0,0,1
'2026-07-31 10:59:08.111230600,0.424230600,0,0,0,0,0
'2026-07-31 10:59:08.111230650,0.424230650,0,0,0,1,0
'2026-07-31 10:59:08.111377650,0.424377650,0,0,0,0,1
'2026-07-31 10:59:08.111380600,0.424380600,0,0,0,0,0
'2026-07-31 10:59:08.111380650,0.424380650,0,0,0,1,0
'2026-07-31 10:59:08.111527650,0.424527650,0,0,0,0,1
'2026-07-31 10:59:08.111530600,0.424530600,0,0,0,0,0
'2026-07-31 10:59:08.111530650,0.424530650,0,0,0,1,0
'2026-07-31 10:59:08.111677650,0.424677650,0,0,0,0,1
'2026-07-31 10:59:08.111680600,0.424680600,0,0,0,0,0
'2026-07-31 10:59:08.111680650,0.424680650,0,0,0,1,0
'2026-07-31 10:59:08.111827650,0.424827650,0,0,0,0,1
'2026-07-31 10:59:08.111830600,0.424830600,0,0,0,0,0
'2026-07-31 10:59:08.111830650,0.424830650,0,0,0,1,0
'2026-07-31 10:59:08.111977650,0.424977650,0,0,0,0,1
'2026-07-31 10:59:08.111980600,0.424980600,0,0,0,0,0
'2026-07-31 10:59:08.111980650,0.424980650,0,0,0,1,0
'2026-07-31 10:59:08.112127650,0.425127650,0,0,0,0,1
'2026-07-31 10:59:08.112130600,0.425130600,0,0,0,0,0
'2026-07-31 10:59:08.112130650,0.425130650,0,0,0,1,0
'2026-07-31 10:59:08.112277650,0.425277650,0,0,0,0,1
'2026-07-31 10:59:08.112280600,0.425280600,0,0,0,0,0
'2026-07-31 10:59:08.112280650,0.425280650,0,0,0,1,0
'2026-07-31 10:59:08.112427600,0.425427600,0,0,0,1,1
'2026-07-31 10:59:08.112427650,0.425427650,0,0,0,0,1
'2026-07-31 10:59:08.112430600,0.425430600,0,0,0,1,0
'2026-07-31 10:59:08.112577600,0.425577600,0,0,0,0,1
'2026-07-31 10:59:08.112580600,0.425580600,0,0,0,1,0
'2026-07-31 10:59:08.112727600,0.425727600,0,0,0,0,1
'2026-07-31 10:59:08.112730600,0.425730600,0,0,0,1,0
'2026-07-31 10:59:08.112877600,0.425877600,0,0,0,0,1
'2026-07-31 10:59:08.112880600,0.425880600,0,0,0,1,0
'2026-07-31 10:59:08.113027600,0.426027600,0,0,0,0,1
'2026-07-31 10:59:08.113030600,0.426030600,0,0,0,1,0
'2026-07-31 10:59:08.113177600,0.426177600,0,0,0,0,1
'2026-07-31 10:59:08.113180600,0.426180600,0,0,0,1,0
'2026-07-31 10:59:08.113327600,0.426327600,0,0,0,0,1
'2026-07-31 10:59:08.113330600,0.426330600,0,0,0,1,0
'2026-07-31 10:59:08.113477600,0.426477600,0,0,0,0,1
'2026-07-31 10:59:08.113480600,0.426480600,0,0,0,1,0
'2026-07-31 10:59:08.113627600,0.426627600,0,0,0,0,1
'2026-07-31 10:59:08.113630600,0.426630600,0,0,0,1,0
'2026-07-31 10:59:08.113777600,0.426777600,0,0,0,0,1
'2026-07-31 10:59:08.113780600,0.426780600,0,0,0,1,0
'2026-07-31 10:59:08.113927600,0.426927600,0,0,0,0,1
'2026-07-31 10:59:08.113930600,0.426930600,0,0,0,1,0
'2026-07-31 10:59:08.114077600,0.427077600,0,0,0,0,1
'2026-07-31 10:59:08.114080600,0.427080600,0,0,0,1,0
'2026-07-31 10:59:08.114227600,0.427227600,0,0,0,0,1
'2026-07-31 10:59:08.114230600,0.427230600,0,0,0,1,0
'2026-07-31 10:59:08.114377600,0.427377600,0,0,0,0,1
'2026-07-31 10:59:08.114380600,0.427380600,0,0,0,1,0
'2026-07-31 10:59:08.114527600,0.427527600,0,0,0,0,1
'2026-07-31 10:59:08.114530600,0.427530600,0,0,0,1,0
'2026-07-31 10:59:08.114677600,0.427677600,0,0,0,0,1
'2026-07-31 10:59:08.114680600,0.427680600,0,0,0,1,0
'2026-07-31 10:59:08.114827600,0.427827600,0,0,0,0,1
'2026-07-31 10:59:08.114830600,0.427830600,0,0,0,1,0
'2026-07-31 10:59:08.114977600,0.427977600,0,0,0,0,1
'2026-07-31 10:59:08.114980600,0.427980600,0,0,0,1,0
'2026-07-31 10:59:08.115127600,0.428127600,0,0,0,0,1
'2026-07-31 10:59:08.115130600,0.428130600,0,0,0,1,0
'2026-07-31 10:59:08.115277600,0.428277600,0,0,0,0,1
'2026-07-31 10:59:08.115280600,0.428280600,0,0,0,1,0
'2026-07-31 10:59:08.115427600,0.428427600,0,0,0,0,1
'2026-07-31 10:59:08.115430600,0.428430600,0,0,0,1,0
'2026-07-31 10:59:08.115577600,0.428577600,0,0,0,0,1
'2026-07-31 10:59:08.115580600,0.428580600,0,0,0,1,0
'2026-07-31 10:59:08.115727600,0.428727600,0,0,0,0,1
'2026-07-31 10:59:08.115730600,0.428730600,0,0,0,1,0
'2026-07-31 10:59:08.187000000,0.500000000,0,0,0,1,0
