; CSV, generated by atk_libsigrok4 1.0.0 on 2026-07-31 14:21:05
; Channels (2/16)
; ChannelsType: 24
; Sample rate: 100 MHz
; Sample count: 47.683716 M
; Sampling time: 2026-07-31 14:20:21.226
SystemTime, Time(s), cpv, chip_sel
'2026-07-31 14:20:21.293000000,0.000000000,1,0
'2026-07-31 14:20:21.293053640,0.000053640,0,1
'2026-07-31 14:20:21.293084620,0.000084620,0,0
'2026-07-31 14:20:21.293084640,0.000084640,1,0
'2026-07-31 14:20:21.293203640,0.000203640,0,1
'2026-07-31 14:20:21.293234620,0.000234620,0,0
'2026-07-31 14:20:21.293234640,0.000234640,1,0
'2026-07-31 14:20:21.293353640,0.000353640,0,1
'2026-07-31 14:20:21.293384620,0.000384620,0,0
'2026-07-31 14:20:21.293384640,0.000384640,1,0
'2026-07-31 14:20:21.293503640,0.000503640,0,1
'2026-07-31 14:20:21.293534620,0.000534620,0,0
'2026-07-31 14:20:21.293534640,0.000534640,1,0
'2026-07-31 14:20:21.293653630,0.000653630,1,1
'2026-07-31 14:20:21.293653640,0.000653640,0,1
'2026-07-31 14:20:21.293684620,0.000684620,0,0
'2026-07-31 14:20:21.293684630,0.000684630,1,0
'2026-07-31 14:20:21.293803630,0.000803630,0,1
'2026-07-31 14:20:21.293834610,0.000834610,0,0
'2026-07-31 14:20:21.293834630,0.000834630,1,0
'2026-07-31 14:20:21.293953630,0.000953630,0,1
'2026-07-31 14:20:21.293984610,0.000984610,0,0
'2026-07-31 14:20:21.293984630,0.000984630,1,0
'2026-07-31 14:20:21.294103630,0.001103630,0,1
'2026-07-31 14:20:21.294134610,0.001134610,0,0
'2026-07-31 14:20:21.294134630,0.001134630,1,0
'2026-07-31 14:20:21.294253630,0.001253630,0,1
'2026-07-31 14:20:21.294284610,0.001284610,0,0
'2026-07-31 14:20:21.294284630,0.001284630,1,0
'2026-07-31 14:20:21.294403630,0.001403630,0,1
'2026-07-31 14:20:21.294434610,0.001434610,0,0
'2026-07-31 14:20:21.294434630,0.001434630,1,0
'2026-07-31 14:20:21.294553630,0.001553630,0,1
'2026-07-31 14:20:21.294584610,0.001584610,0,0
'2026-07-31 14:20:21.294584630,0.001584630,1,0
'2026-07-31 14:20:21.294703630,0.001703630,0,1
'2026-07-31 14:20:21.294734610,0.001734610,0,0
'2026-07-31 14:20:21.294734630,0.001734630,1,0
'2026-07-31 14:20:21.294853630,0.001853630,0,1
'2026-07-31 14:20:21.294884610,0.001884610,0,0
'2026-07-31 14:20:21.294884630,0.001884630,1,0
'2026-07-31 14:20:21.295003630,0.002003630,0,1
'2026-07-31 14:20:21.295034610,0.002034610,0,0
'2026-07-31 14:20:21.295034630,0.002034630,1,0
'2026-07-31 14:20:21.295153630,0.002153630,0,1
'2026-07-31 14:20:21.295184610,0.002184610,0,0
'2026-07-31 14:20:21.295184630,0.002184630,1,0
'2026-07-31 14:20:21.295303630,0.002303630,0,1
'2026-07-31 14:20:21.295334610,0.002334610,0,0
'2026-07-31 14:20:21.295334630,0.002334630,1,0
'2026-07-31 14:20:21.295453630,0.002453630,0,1
'2026-07-31 14:20:21.295484610,0.002484610,0,0
'2026-07-31 14:20:21.295484630,0.002484630,1,0
'2026-07-31 14:20:21.295603620,0.002603620,0,1
'2026-07-31 14:20:21.295634600,0.002634600,0,0
'2026-07-31 14:20:21.295634620,0.002634620,1,0
'2026-07-31 14:20:21.295753620,0.002753620,0,1
'2026-07-31 14:20:21.295784600,0.002784600,0,0
'2026-07-31 14:20:21.295784620,0.002784620,1,0
'2026-07-31 14:20:21.295903620,0.002903620,0,1
'2026-07-31 14:20:21.295934600,0.002934600,0,0
'2026-07-31 14:20:21.295934620,0.002934620,1,0
'2026-07-31 14:20:21.296053620,0.003053620,0,1
'2026-07-31 14:20:21.296084600,0.003084600,0,0
'2026-07-31 14:20:21.296084620,0.003084620,1,0
'2026-07-31 14:20:21.296203620,0.003203620,0,1
'2026-07-31 14:20:21.296234600,0.003234600,0,0
'2026-07-31 14:20:21.296234620,0.003234620,1,0
'2026-07-31 14:20:21.296353620,0.003353620,0,1
'2026-07-31 14:20:21.296384600,0.003384600,0,0
'2026-07-31 14:20:21.296384620,0.003384620,1,0
'2026-07-31 14:20:21.296503620,0.003503620,0,1
'2026-07-31 14:20:21.296534600,0.003534600,0,0
'2026-07-31 14:20:21.296534620,0.003534620,1,0
'2026-07-31 14:20:21.296653620,0.003653620,0,1
'2026-07-31 14:20:21.296684600,0.003684600,0,0
'2026-07-31 14:20:21.296684620,0.003684620,1,0
'2026-07-31 14:20:21.296803620,0.003803620,0,1
'2026-07-31 14:20:21.296834600,0.003834600,0,0
'2026-07-31 14:20:21.296834620,0.003834620,1,0
'2026-07-31 14:20:21.296953620,0.003953620,0,1
'2026-07-31 14:20:21.296984600,0.003984600,0,0
'2026-07-31 14:20:21.296984620,0.003984620,1,0
'2026-07-31 14:20:21.297103620,0.004103620,0,1
'2026-07-31 14:20:21.297134600,0.004134600,0,0
'2026-07-31 14:20:21.297134620,0.004134620,1,0
'2026-07-31 14:20:21.297253620,0.004253620,0,1
'2026-07-31 14:20:21.297284600,0.004284600,0,0
'2026-07-31 14:20:21.297284620,0.004284620,1,0
'2026-07-31 14:20:21.297403620,0.004403620,0,1
'2026-07-31 14:20:21.297434600,0.004434600,0,0
'2026-07-31 14:20:21.297434610,0.004434610,1,0
'2026-07-31 14:20:21.297553610,0.004553610,0,1
'2026-07-31 14:20:21.297584590,0.004584590,0,0
'2026-07-31 14:20:21.297584610,0.004584610,1,0
'2026-07-31 14:20:21.297703610,0.004703610,0,1
'2026-07-31 14:20:21.297734590,0.004734590,0,0
'2026-07-31 14:20:21.297734610,0.004734610,1,0
'2026-07-31 14:20:21.297853610,0.004853610,0,1
'2026-07-31 14:20:21.297884590,0.004884590,0,0
'2026-07-31 14:20:21.297884610,0.004884610,1,0
'2026-07-31 14:20:21.298003610,0.005003610,0,1
'2026-07-31 14:20:21.298034590,0.005034590,0,0
'2026-07-31 14:20:21.298034610,0.005034610,1,0
'2026-07-31 14:20:21.298153610,0.005153610,0,1
'2026-07-31 14:20:21.298184590,0.005184590,0,0
'2026-07-31 14:20:21.298184610,0.005184610,1,0
'2026-07-31 14:20:21.298303610,0.005303610,0,1
'2026-07-31 14:20:21.298334590,0.005334590,0,0
'2026-07-31 14:20:21.298334610,0.005334610,1,0
'2026-07-31 14:20:21.298453610,0.005453610,0,1
'2026-07-31 14:20:21.298484590,0.005484590,0,0
'2026-07-31 14:20:21.298484610,0.005484610,1,0
'2026-07-31 14:20:21.298603610,0.005603610,0,1
'2026-07-31 14:20:21.298634590,0.005634590,0,0
'2026-07-31 14:20:21.298634610,0.005634610,1,0
'2026-07-31 14:20:21.298753610,0.005753610,0,1
'2026-07-31 14:20:21.298784590,0.005784590,0,0
'2026-07-31 14:20:21.298784610,0.005784610,1,0
'2026-07-31 14:20:21.298903610,0.005903610,0,1
'2026-07-31 14:20:21.298934590,0.005934590,0,0
'2026-07-31 14:20:21.298934610,0.005934610,1,0
'2026-07-31 14:20:21.299053610,0.006053610,0,1
'2026-07-31 14:20:21.299084590,0.006084590,0,0
'2026-07-31 14:20:21.299084610,0.006084610,1,0
'2026-07-31 14:20:21.299203610,0.006203610,0,1
'2026-07-31 14:20:21.299234590,0.006234590,0,0
'2026-07-31 14:20:21.299234610,0.006234610,1,0
'2026-07-31 14:20:21.299353600,0.006353600,0,1
'2026-07-31 14:20:21.299384590,0.006384590,0,0
'2026-07-31 14:20:21.299384600,0.006384600,1,0
'2026-07-31 14:20:21.299503600,0.006503600,0,1
'2026-07-31 14:20:21.299534580,0.006534580,0,0
'2026-07-31 14:20:21.299534600,0.006534600,1,0
'2026-07-31 14:20:21.299653600,0.006653600,0,1
'2026-07-31 14:20:21.299684580,0.006684580,0,0
'2026-07-31 14:20:21.299684600,0.006684600,1,0
'2026-07-31 14:20:21.299803600,0.006803600,0,1
'2026-07-31 14:20:21.299834580,0.006834580,0,0
'2026-07-31 14:20:21.299834600,0.006834600,1,0
'2026-07-31 14:20:21.299953600,0.006953600,0,1
'2026-07-31 14:20:21.299984580,0.006984580,0,0
'2026-07-31 14:20:21.299984600,0.006984600,1,0
'2026-07-31 14:20:21.300103600,0.007103600,0,1
'2026-07-31 14:20:21.300134580,0.007134580,0,0
'2026-07-31 14:20:21.300134600,0.007134600,1,0
'2026-07-31 14:20:21.300253600,0.007253600,0,1
'2026-07-31 14:20:21.300284580,0.007284580,0,0
'2026-07-31 14:20:21.300284600,0.007284600,1,0
'2026-07-31 14:20:21.300403600,0.007403600,0,1
'2026-07-31 14:20:21.300434580,0.007434580,0,0
'2026-07-31 14:20:21.300434600,0.007434600,1,0
'2026-07-31 14:20:21.300553600,0.007553600,0,1
'2026-07-31 14:20:21.300584580,0.007584580,0,0
'2026-07-31 14:20:21.300584600,0.007584600,1,0
'2026-07-31 14:20:21.300703600,0.007703600,0,1
'2026-07-31 14:20:21.300734580,0.007734580,0,0
'2026-07-31 14:20:21.300734600,0.007734600,1,0
'2026-07-31 14:20:21.300853600,0.007853600,0,1
'2026-07-31 14:20:21.300884580,0.007884580,0,0
'2026-07-31 14:20:21.300884600,0.007884600,1,0
'2026-07-31 14:20:21.301003600,0.008003600,0,1
'2026-07-31 14:20:21.301034580,0.008034580,0,0
'2026-07-31 14:20:21.301034600,0.008034600,1,0
'2026-07-31 14:20:21.301153600,0.008153600,0,1
'2026-07-31 14:20:21.301184580,0.008184580,0,0
'2026-07-31 14:20:21.301184590,0.008184590,1,0
'2026-07-31 14:20:21.301303590,0.008303590,0,1
'2026-07-31 14:20:21.301334570,0.008334570,0,0
'2026-07-31 14:20:21.301334590,0.008334590,1,0
'2026-07-31 14:20:21.301453590,0.008453590,0,1
'2026-07-31 14:20:21.301484570,0.008484570,0,0
'2026-07-31 14:20:21.301484590,0.008484590,1,0
'2026-07-31 14:20:21.301603590,0.008603590,0,1
'2026-07-31 14:20:21.301634570,0.008634570,0,0
'2026-07-31 14:20:21.301634590,0.008634590,1,0
'2026-07-31 14:20:21.301753590,0.008753590,0,1
'2026-07-31 14:20:21.301784570,0.008784570,0,0
'2026-07-31 14:20:21.301784590,0.008784590,1,0
'2026-07-31 14:20:21.301903590,0.008903590,0,1
'2026-07-31 14:20:21.301934570,0.008934570,0,0
'2026-07-31 14:20:21.301934590,0.008934590,1,0
'2026-07-31 14:20:21.302053590,0.009053590,0,1
'2026-07-31 14:20:21.302084570,0.009084570,0,0
'2026-07-31 14:20:21.302084590,0.009084590,1,0
'2026-07-31 14:20:21.302203590,0.009203590,0,1
'2026-07-31 14:20:21.302234570,0.009234570,0,0
'2026-07-31 14:20:21.302234590,0.009234590,1,0
'2026-07-31 14:20:21.302353590,0.009353590,0,1
'2026-07-31 14:20:21.302384570,0.009384570,0,0
'2026-07-31 14:20:21.302384590,0.009384590,1,0
'2026-07-31 14:20:21.302503590,0.009503590,0,1
'2026-07-31 14:20:21.302534570,0.009534570,0,0
'2026-07-31 14:20:21.302534590,0.009534590,1,0
'2026-07-31 14:20:21.302653590,0.009653590,0,1
'2026-07-31 14:20:21.302684570,0.009684570,0,0
'2026-07-31 14:20:21.302684590,0.009684590,1,0
'2026-07-31 14:20:21.302803590,0.009803590,0,1
'2026-07-31 14:20:21.302834570,0.009834570,0,0
'2026-07-31 14:20:21.302834590,0.009834590,1,0
'2026-07-31 14:20:21.302953590,0.009953590,0,1
'2026-07-31 14:20:21.302984570,0.009984570,0,0
'2026-07-31 14:20:21.302984590,0.009984590,1,0
'2026-07-31 14:20:21.303103580,0.010103580,1,1
'2026-07-31 14:20:21.303103590,0.010103590,0,1
'2026-07-31 14:20:21.303134570,0.010134570,0,0
'2026-07-31 14:20:21.303134580,0.010134580,1,0
'2026-07-31 14:20:21.303253580,0.010253580,0,1
'2026-07-31 14:20:21.303284560,0.010284560,0,0
'2026-07-31 14:20:21.303284580,0.010284580,1,0
'2026-07-31 14:20:21.303403580,0.010403580,0,1
'2026-07-31 14:20:21.303434560,0.010434560,0,0
'2026-07-31 14:20:21.303434580,0.010434580,1,0
'2026-07-31 14:20:21.303553580,0.010553580,0,1
'2026-07-31 14:20:21.303584560,0.010584560,0,0
'2026-07-31 14:20:21.303584580,0.010584580,1,0
'2026-07-31 14:20:21.303703580,0.010703580,0,1
'2026-07-31 14:20:21.303734560,0.010734560,0,0
'2026-07-31 14:20:21.303734580,0.010734580,1,0
'2026-07-31 14:20:21.303853580,0.010853580,0,1
'2026-07-31 14:20:21.303884560,0.010884560,0,0
'2026-07-31 14:20:21.303884580,0.010884580,1,0
'2026-07-31 14:20:21.304003580,0.011003580,0,1
'2026-07-31 14:20:21.304034560,0.011034560,0,0
'2026-07-31 14:20:21.304034580,0.011034580,1,0
'2026-07-31 14:20:21.304153580,0.011153580,0,1
'2026-07-31 14:20:21.304184560,0.011184560,0,0
'2026-07-31 14:20:21.304184580,0.011184580,1,0
'2026-07-31 14:20:21.304303580,0.011303580,0,1
'2026-07-31 14:20:21.304334560,0.011334560,0,0
'2026-07-31 14:20:21.304334580,0.011334580,1,0
'2026-07-31 14:20:21.304453580,0.011453580,0,1
'2026-07-31 14:20:21.304484560,0.011484560,0,0
'2026-07-31 14:20:21.304484580,0.011484580,1,0
'2026-07-31 14:20:21.304603580,0.011603580,0,1
'2026-07-31 14:20:21.304634560,0.011634560,0,0
'2026-07-31 14:20:21.304634580,0.011634580,1,0
'2026-07-31 14:20:21.304753580,0.011753580,0,1
'2026-07-31 14:20:21.304784560,0.011784560,0,0
'2026-07-31 14:20:21.304784580,0.011784580,1,0
'2026-07-31 14:20:21.304903580,0.011903580,0,1
'2026-07-31 14:20:21.304934560,0.011934560,0,0
'2026-07-31 14:20:21.304934580,0.011934580,1,0
'2026-07-31 14:20:21.305053570,0.012053570,0,1
'2026-07-31 14:20:21.305084550,0.012084550,0,0
'2026-07-31 14:20:21.305084570,0.012084570,1,0
'2026-07-31 14:20:21.305203570,0.012203570,0,1
'2026-07-31 14:20:21.305234550,0.012234550,0,0
'2026-07-31 14:20:21.305234570,0.012234570,1,0
'2026-07-31 14:20:21.305353570,0.012353570,0,1
'2026-07-31 14:20:21.305384550,0.012384550,0,0
'2026-07-31 14:20:21.305384570,0.012384570,1,0
'2026-07-31 14:20:21.305503570,0.012503570,0,1
'2026-07-31 14:20:21.305534550,0.012534550,0,0
'2026-07-31 14:20:21.305534570,0.012534570,1,0
'2026-07-31 14:20:21.305653570,0.012653570,0,1
'2026-07-31 14:20:21.305684550,0.012684550,0,0
'2026-07-31 14:20:21.305684570,0.012684570,1,0
'2026-07-31 14:20:21.305803570,0.012803570,0,1
'2026-07-31 14:20:21.305834550,0.012834550,0,0
'2026-07-31 14:20:21.305834570,0.012834570,1,0
'2026-07-31 14:20:21.305953570,0.012953570,0,1
'2026-07-31 14:20:21.305984550,0.012984550,0,0
'2026-07-31 14:20:21.305984570,0.012984570,1,0
'2026-07-31 14:20:21.306103570,0.013103570,0,1
'2026-07-31 14:20:21.306134550,0.013134550,0,0
'2026-07-31 14:20:21.306134570,0.013134570,1,0
'2026-07-31 14:20:21.306253570,0.013253570,0,1
'2026-07-31 14:20:21.306284550,0.013284550,0,0
'2026-07-31 14:20:21.306284570,0.013284570,1,0
'2026-07-31 14:20:21.306403570,0.013403570,0,1
'2026-07-31 14:20:21.306434550,0.013434550,0,0
'2026-07-31 14:20:21.306434570,0.013434570,1,0
'2026-07-31 14:20:21.306553570,0.013553570,0,1
'2026-07-31 14:20:21.306584550,0.013584550,0,0
'2026-07-31 14:20:21.306584570,0.013584570,1,0
'2026-07-31 14:20:21.306703570,0.013703570,0,1
'2026-07-31 14:20:21.306734550,0.013734550,0,0
'2026-07-31 14:20:21.306734570,0.013734570,1,0
'2026-07-31 14:20:21.306853570,0.013853570,0,1
'2026-07-31 14:20:21.306884550,0.013884550,0,0
'2026-07-31 14:20:21.306884560,0.013884560,1,0
'2026-07-31 14:20:21.307003560,0.014003560,0,1
'2026-07-31 14:20:21.307034540,0.014034540,0,0
'2026-07-31 14:20:21.307034560,0.014034560,1,0
'2026-07-31 14:20:21.307153560,0.014153560,0,1
'2026-07-31 14:20:21.307184540,0.014184540,0,0
'2026-07-31 14:20:21.307184560,0.014184560,1,0
'2026-07-31 14:20:21.307303560,0.014303560,0,1
'2026-07-31 14:20:21.307334540,0.014334540,0,0
'2026-07-31 14:20:21.307334560,0.014334560,1,0
'2026-07-31 14:20:21.307453560,0.014453560,0,1
'2026-07-31 14:20:21.307484540,0.014484540,0,0
'2026-07-31 14:20:21.307484560,0.014484560,1,0
'2026-07-31 14:20:21.307603560,0.014603560,0,1
'2026-07-31 14:20:21.307634540,0.014634540,0,0
'2026-07-31 14:20:21.307634560,0.014634560,1,0
'2026-07-31 14:20:21.307753560,0.014753560,0,1
'2026-07-31 14:20:21.307784540,0.014784540,0,0
'2026-07-31 14:20:21.307784560,0.014784560,1,0
'2026-07-31 14:20:21.307903560,0.014903560,0,1
'2026-07-31 14:20:21.307934540,0.014934540,0,0
'2026-07-31 14:20:21.307934560,0.014934560,1,0
'2026-07-31 14:20:21.308053560,0.015053560,0,1
'2026-07-31 14:20:21.308084540,0.015084540,0,0
'2026-07-31 14:20:21.308084560,0.015084560,1,0
'2026-07-31 14:20:21.308203560,0.015203560,0,1
'2026-07-31 14:20:21.308234540,0.015234540,0,0
'2026-07-31 14:20:21.308234560,0.015234560,1,0
'2026-07-31 14:20:21.308353560,0.015353560,0,1
'2026-07-31 14:20:21.308384540,0.015384540,0,0
'2026-07-31 14:20:21.308384560,0.015384560,1,0
'2026-07-31 14:20:21.308503560,0.015503560,0,1
'2026-07-31 14:20:21.308534540,0.015534540,0,0
'2026-07-31 14:20:21.308534560,0.015534560,1,0
'2026-07-31 14:20:21.308653560,0.015653560,0,1
'2026-07-31 14:20:21.308684540,0.015684540,0,0
'2026-07-31 14:20:21.308684560,0.015684560,1,0
'2026-07-31 14:20:21.308803550,0.015803550,0,1
'2026-07-31 14:20:21.308834540,0.015834540,0,0
'2026-07-31 14:20:21.308834550,0.015834550,1,0
'2026-07-31 14:20:21.308953550,0.015953550,0,1
'2026-07-31 14:20:21.308984530,0.015984530,0,0
'2026-07-31 14:20:21.308984550,0.015984550,1,0
'2026-07-31 14:20:21.309103550,0.016103550,0,1
'2026-07-31 14:20:21.309134530,0.016134530,0,0
'2026-07-31 14:20:21.309134550,0.016134550,1,0
'2026-07-31 14:20:21.309253550,0.016253550,0,1
'2026-07-31 14:20:21.309284530,0.016284530,0,0
'2026-07-31 14:20:21.309284550,0.016284550,1,0
'2026-07-31 14:20:21.309403550,0.016403550,0,1
'2026-07-31 14:20:21.309434530,0.016434530,0,0
'2026-07-31 14:20:21.309434550,0.016434550,1,0
'2026-07-31 14:20:21.309553550,0.016553550,0,1
'2026-07-31 14:20:21.309584530,0.016584530,0,0
'2026-07-31 14:20:21.309584550,0.016584550,1,0
'2026-07-31 14:20:21.309703550,0.016703550,0,1
'2026-07-31 14:20:21.309734530,0.016734530,0,0
'2026-07-31 14:20:21.309734550,0.016734550,1,0
'2026-07-31 14:20:21.309853550,0.016853550,0,1
'2026-07-31 14:20:21.309884530,0.016884530,0,0
'2026-07-31 14:20:21.309884550,0.016884550,1,0
'2026-07-31 14:20:21.310003550,0.017003550,0,1
'2026-07-31 14:20:21.310034530,0.017034530,0,0
'2026-07-31 14:20:21.310034550,0.017034550,1,0
'2026-07-31 14:20:21.310153550,0.017153550,0,1
'2026-07-31 14:20:21.310184530,0.017184530,0,0
'2026-07-31 14:20:21.310184550,0.017184550,1,0
'2026-07-31 14:20:21.310303550,0.017303550,0,1
'2026-07-31 14:20:21.310334530,0.017334530,0,0
'2026-07-31 14:20:21.310334550,0.017334550,1,0
'2026-07-31 14:20:21.310453550,0.017453550,0,1
'2026-07-31 14:20:21.310484530,0.017484530,0,0
'2026-07-31 14:20:21.310484550,0.017484550,1,0
'2026-07-31 14:20:21.310603550,0.017603550,0,1
'2026-07-31 14:20:21.310634530,0.017634530,0,0
'2026-07-31 14:20:21.310634540,0.017634540,1,0
'2026-07-31 14:20:21.310753540,0.017753540,0,1
'2026-07-31 14:20:21.310784520,0.017784520,0,0
'2026-07-31 14:20:21.310784540,0.017784540,1,0
'2026-07-31 14:20:21.310903540,0.017903540,0,1
'2026-07-31 14:20:21.310934520,0.017934520,0,0
'2026-07-31 14:20:21.310934540,0.017934540,1,0
'2026-07-31 14:20:21.311053540,0.018053540,0,1
'2026-07-31 14:20:21.311084520,0.018084520,0,0
'2026-07-31 14:20:21.311084540,0.018084540,1,0
'2026-07-31 14:20:21.311203540,0.018203540,0,1
'2026-07-31 14:20:21.311234520,0.018234520,0,0
'2026-07-31 14:20:21.311234540,0.018234540,1,0
'2026-07-31 14:20:21.311353540,0.018353540,0,1
'2026-07-31 14:20:21.311384520,0.018384520,0,0
'2026-07-31 14:20:21.311384540,0.018384540,1,0
'2026-07-31 14:20:21.311503540,0.018503540,0,1
'2026-07-31 14:20:21.311534520,0.018534520,0,0
'2026-07-31 14:20:21.311534540,0.018534540,1,0
'2026-07-31 14:20:21.311653540,0.018653540,0,1
'2026-07-31 14:20:21.311684520,0.018684520,0,0
'2026-07-31 14:20:21.311684540,0.018684540,1,0
'2026-07-31 14:20:21.311803540,0.018803540,0,1
'2026-07-31 14:20:21.311834520,0.018834520,0,0
'2026-07-31 14:20:21.311834540,0.018834540,1,0
'2026-07-31 14:20:21.311953540,0.018953540,0,1
'2026-07-31 14:20:21.311984520,0.018984520,0,0
'2026-07-31 14:20:21.311984540,0.018984540,1,0
'2026-07-31 14:20:21.312103540,0.019103540,0,1
'2026-07-31 14:20:21.312134520,0.019134520,0,0
'2026-07-31 14:20:21.312134540,0.019134540,1,0
'2026-07-31 14:20:21.312253540,0.019253540,0,1
'2026-07-31 14:20:21.312284520,0.019284520,0,0
'2026-07-31 14:20:21.312284540,0.019284540,1,0
'2026-07-31 14:20:21.312403540,0.019403540,0,1
'2026-07-31 14:20:21.312434520,0.019434520,0,0
'2026-07-31 14:20:21.312434540,0.019434540,1,0
'2026-07-31 14:20:21.312553530,0.019553530,1,1
'2026-07-31 14:20:21.312553540,0.019553540,0,1
'2026-07-31 14:20:21.312584520,0.019584520,0,0
'2026-07-31 14:20:21.312584530,0.019584530,1,0
'2026-07-31 14:20:21.312703530,0.019703530,0,1
'2026-07-31 14:20:21.312734510,0.019734510,0,0
'2026-07-31 14:20:21.312734530,0.019734530,1,0
'2026-07-31 14:20:21.312853530,0.019853530,0,1
'2026-07-31 14:20:21.312884510,0.019884510,0,0
'2026-07-31 14:20:21.312884530,0.019884530,1,0
'2026-07-31 14:20:21.313003530,0.020003530,0,1
'2026-07-31 14:20:21.313034510,0.020034510,0,0
'2026-07-31 14:20:21.313034530,0.020034530,1,0
'2026-07-31 14:20:21.313153530,0.020153530,0,1
'2026-07-31 14:20:21.313184510,0.020184510,0,0
'2026-07-31 14:20:21.313184530,0.020184530,1,0
'2026-07-31 14:20:21.313303530,0.020303530,0,1
'2026-07-31 14:20:21.313334510,0.020334510,0,0
'2026-07-31 14:20:21.313334530,0.020334530,1,0
'2026-07-31 14:20:21.313453530,0.020453530,0,1
'2026-07-31 14:20:21.313484510,0.020484510,0,0
'2026-07-31 14:20:21.313484530,0.020484530,1,0
'2026-07-31 14:20:21.313603530,0.020603530,0,1
'2026-07-31 14:20:21.313634510,0.020634510,0,0
'2026-07-31 14:20:21.313634530,0.020634530,1,0
'2026-07-31 14:20:21.313753530,0.020753530,0,1
'2026-07-31 14:20:21.313784510,0.020784510,0,0
'2026-07-31 14:20:21.313784530,0.020784530,1,0
'2026-07-31 14:20:21.313903530,0.020903530,0,1
'2026-07-31 14:20:21.313934510,0.020934510,0,0
'2026-07-31 14:20:21.313934530,0.020934530,1,0
'2026-07-31 14:20:21.314053530,0.021053530,0,1
'2026-07-31 14:20:21.314084510,0.021084510,0,0
'2026-07-31 14:20:21.314084530,0.021084530,1,0
'2026-07-31 14:20:21.314203530,0.021203530,0,1
'2026-07-31 14:20:21.314234510,0.021234510,0,0
'2026-07-31 14:20:21.314234530,0.021234530,1,0
'2026-07-31 14:20:21.314353530,0.021353530,0,1
'2026-07-31 14:20:21.314384510,0.021384510,0,0
'2026-07-31 14:20:21.314384530,0.021384530,1,0
'2026-07-31 14:20:21.314503520,0.021503520,0,1
'2026-07-31 14:20:21.314534500,0.021534500,0,0
'2026-07-31 14:20:21.314534520,0.021534520,1,0
'2026-07-31 14:20:21.314653520,0.021653520,0,1
'2026-07-31 14:20:21.314684500,0.021684500,0,0
'2026-07-31 14:20:21.314684520,0.021684520,1,0
'2026-07-31 14:20:21.314803520,0.021803520,0,1
'2026-07-31 14:20:21.314834500,0.021834500,0,0
'2026-07-31 14:20:21.314834520,0.021834520,1,0
'2026-07-31 14:20:21.314953520,0.021953520,0,1
'2026-07-31 14:20:21.314984500,0.021984500,0,0
'2026-07-31 14:20:21.314984520,0.021984520,1,0
'2026-07-31 14:20:21.315103520,0.022103520,0,1
'2026-07-31 14:20:21.315134500,0.022134500,0,0
'2026-07-31 14:20:21.315134520,0.022134520,1,0
'2026-07-31 14:20:21.315253520,0.022253520,0,1
'2026-07-31 14:20:21.315284500,0.022284500,0,0
'2026-07-31 14:20:21.315284520,0.022284520,1,0
'2026-07-31 14:20:21.315403520,0.022403520,0,1
'2026-07-31 14:20:21.315434500,0.022434500,0,0
'2026-07-31 14:20:21.315434520,0.022434520,1,0
'2026-07-31 14:20:21.315553520,0.022553520,0,1
'2026-07-31 14:20:21.315584500,0.022584500,0,0
'2026-07-31 14:20:21.315584520,0.022584520,1,0
'2026-07-31 14:20:21.315703520,0.022703520,0,1
'2026-07-31 14:20:21.315734500,0.022734500,0,0
'2026-07-31 14:20:21.315734520,0.022734520,1,0
'2026-07-31 14:20:21.315853520,0.022853520,0,1
'2026-07-31 14:20:21.315884500,0.022884500,0,0
'2026-07-31 14:20:21.315884520,0.022884520,1,0
'2026-07-31 14:20:21.316003520,0.023003520,0,1
'2026-07-31 14:20:21.316034500,0.023034500,0,0
'2026-07-31 14:20:21.316034520,0.023034520,1,0
'2026-07-31 14:20:21.316153520,0.023153520,0,1
'2026-07-31 14:20:21.316184500,0.023184500,0,0
'2026-07-31 14:20:21.316184520,0.023184520,1,0
'2026-07-31 14:20:21.316303510,0.023303510,1,1
'2026-07-31 14:20:21.316303520,0.023303520,0,1
'2026-07-31 14:20:21.316334500,0.023334500,0,0
'2026-07-31 14:20:21.316334510,0.023334510,1,0
'2026-07-31 14:20:21.316453510,0.023453510,0,1
'2026-07-31 14:20:21.316484490,0.023484490,0,0
'2026-07-31 14:20:21.316484510,0.023484510,1,0
'2026-07-31 14:20:21.316603510,0.023603510,0,1
'2026-07-31 14:20:21.316634490,0.023634490,0,0
'2026-07-31 14:20:21.316634510,0.023634510,1,0
'2026-07-31 14:20:21.316753510,0.023753510,0,1
'2026-07-31 14:20:21.316784490,0.023784490,0,0
'2026-07-31 14:20:21.316784510,0.023784510,1,0
'2026-07-31 14:20:21.316903510,0.023903510,0,1
'2026-07-31 14:20:21.316934490,0.023934490,0,0
'2026-07-31 14:20:21.316934510,0.023934510,1,0
'2026-07-31 14:20:21.317053510,0.024053510,0,1
'2026-07-31 14:20:21.317084490,0.024084490,0,0
'2026-07-31 14:20:21.317084510,0.024084510,1,0
'2026-07-31 14:20:21.317203510,0.024203510,0,1
'2026-07-31 14:20:21.317234490,0.024234490,0,0
'2026-07-31 14:20:21.317234510,0.024234510,1,0
'2026-07-31 14:20:21.317353510,0.024353510,0,1
'2026-07-31 14:20:21.317384490,0.024384490,0,0
'2026-07-31 14:20:21.317384510,0.024384510,1,0
'2026-07-31 14:20:21.317503510,0.024503510,0,1
'2026-07-31 14:20:21.317534490,0.024534490,0,0
'2026-07-31 14:20:21.317534510,0.024534510,1,0
'2026-07-31 14:20:21.317653510,0.024653510,0,1
'2026-07-31 14:20:21.317684490,0.024684490,0,0
'2026-07-31 14:20:21.317684510,0.024684510,1,0
'2026-07-31 14:20:21.317803510,0.024803510,0,1
'2026-07-31 14:20:21.317834490,0.024834490,0,0
'2026-07-31 14:20:21.317834510,0.024834510,1,0
'2026-07-31 14:20:21.317953510,0.024953510,0,1
'2026-07-31 14:20:21.317984490,0.024984490,0,0
'2026-07-31 14:20:21.317984510,0.024984510,1,0
'2026-07-31 14:20:21.318103510,0.025103510,0,1
'2026-07-31 14:20:21.318134490,0.025134490,0,0
'2026-07-31 14:20:21.318134510,0.025134510,1,0
'2026-07-31 14:20:21.318253500,0.025253500,0,1
'2026-07-31 14:20:21.318284490,0.025284490,0,0
'2026-07-31 14:20:21.318284500,0.025284500,1,0
'2026-07-31 14:20:21.318403500,0.025403500,0,1
'2026-07-31 14:20:21.318434480,0.025434480,0,0
'2026-07-31 14:20:21.318434500,0.025434500,1,0
'2026-07-31 14:20:21.318553500,0.025553500,0,1
'2026-07-31 14:20:21.318584480,0.025584480,0,0
'2026-07-31 14:20:21.318584500,0.025584500,1,0
'2026-07-31 14:20:21.318703500,0.025703500,0,1
'2026-07-31 14:20:21.318734480,0.025734480,0,0
'2026-07-31 14:20:21.318734500,0.025734500,1,0
'2026-07-31 14:20:21.318853500,0.025853500,0,1
'2026-07-31 14:20:21.318884480,0.025884480,0,0
'2026-07-31 14:20:21.318884500,0.025884500,1,0
'2026-07-31 14:20:21.319003500,0.026003500,0,1
'2026-07-31 14:20:21.319034480,0.026034480,0,0
'2026-07-31 14:20:21.319034500,0.026034500,1,0
'2026-07-31 14:20:21.319153500,0.026153500,0,1
'2026-07-31 14:20:21.319184480,0.026184480,0,0
'2026-07-31 14:20:21.319184500,0.026184500,1,0
'2026-07-31 14:20:21.319303500,0.026303500,0,1
'2026-07-31 14:20:21.319334480,0.026334480,0,0
'2026-07-31 14:20:21.319334500,0.026334500,1,0
'2026-07-31 14:20:21.319453500,0.026453500,0,1
'2026-07-31 14:20:21.319484480,0.026484480,0,0
'2026-07-31 14:20:21.319484500,0.026484500,1,0
'2026-07-31 14:20:21.319603500,0.026603500,0,1
'2026-07-31 14:20:21.319634480,0.026634480,0,0
'2026-07-31 14:20:21.319634500,0.026634500,1,0
'2026-07-31 14:20:21.319753500,0.026753500,0,1
'2026-07-31 14:20:21.319784480,0.026784480,0,0
'2026-07-31 14:20:21.319784500,0.026784500,1,0
'2026-07-31 14:20:21.319903500,0.026903500,0,1
'2026-07-31 14:20:21.319934480,0.026934480,0,0
'2026-07-31 14:20:21.319934500,0.026934500,1,0
'2026-07-31 14:20:21.320053500,0.027053500,0,1
'2026-07-31 14:20:21.320084480,0.027084480,0,0
'2026-07-31 14:20:21.320084490,0.027084490,1,0
'2026-07-31 14:20:21.320203490,0.027203490,0,1
'2026-07-31 14:20:21.320234470,0.027234470,0,0
'2026-07-31 14:20:21.320234490,0.027234490,1,0
'2026-07-31 14:20:21.320353490,0.027353490,0,1
'2026-07-31 14:20:21.320384470,0.027384470,0,0
'2026-07-31 14:20:21.320384490,0.027384490,1,0
'2026-07-31 14:20:21.320503490,0.027503490,0,1
'2026-07-31 14:20:21.320534470,0.027534470,0,0
'2026-07-31 14:20:21.320534490,0.027534490,1,0
'2026-07-31 14:20:21.320653490,0.027653490,0,1
'2026-07-31 14:20:21.320684470,0.027684470,0,0
'2026-07-31 14:20:21.320684490,0.027684490,1,0
'2026-07-31 14:20:21.320803490,0.027803490,0,1
'2026-07-31 14:20:21.320834470,0.027834470,0,0
'2026-07-31 14:20:21.320834490,0.027834490,1,0
'2026-07-31 14:20:21.320953490,0.027953490,0,1
'2026-07-31 14:20:21.320984470,0.027984470,0,0
'2026-07-31 14:20:21.320984490,0.027984490,1,0
'2026-07-31 14:20:21.321103490,0.028103490,0,1
'2026-07-31 14:20:21.321134470,0.028134470,0,0
'2026-07-31 14:20:21.321134490,0.028134490,1,0
'2026-07-31 14:20:21.321253490,0.028253490,0,1
'2026-07-31 14:20:21.321284470,0.028284470,0,0
'2026-07-31 14:20:21.321284490,0.028284490,1,0
'2026-07-31 14:20:21.321403490,0.028403490,0,1
'2026-07-31 14:20:21.321434470,0.028434470,0,0
'2026-07-31 14:20:21.321434490,0.028434490,1,0
'2026-07-31 14:20:21.321553490,0.028553490,0,1
'2026-07-31 14:20:21.321584470,0.028584470,0,0
'2026-07-31 14:20:21.321584490,0.028584490,1,0
'2026-07-31 14:20:21.321703490,0.028703490,0,1
'2026-07-31 14:20:21.321734470,0.028734470,0,0
'2026-07-31 14:20:21.321734490,0.028734490,1,0
'2026-07-31 14:20:21.321853490,0.028853490,0,1
'2026-07-31 14:20:21.321884470,0.028884470,0,0
'2026-07-31 14:20:21.321884490,0.028884490,1,0
'2026-07-31 14:20:21.322003480,0.029003480,1,1
'2026-07-31 14:20:21.322003490,0.029003490,0,1
'2026-07-31 14:20:21.322034470,0.029034470,0,0
'2026-07-31 14:20:21.322034480,0.029034480,1,0
'2026-07-31 14:20:21.322153480,0.029153480,0,1
'2026-07-31 14:20:21.322184460,0.029184460,0,0
'2026-07-31 14:20:21.322184480,0.029184480,1,0
'2026-07-31 14:20:21.322303480,0.029303480,0,1
'2026-07-31 14:20:21.322334460,0.029334460,0,0
'2026-07-31 14:20:21.322334480,0.029334480,1,0
'2026-07-31 14:20:21.322453480,0.029453480,0,1
'2026-07-31 14:20:21.322484460,0.029484460,0,0
'2026-07-31 14:20:21.322484480,0.029484480,1,0
'2026-07-31 14:20:21.322603480,0.029603480,0,1
'2026-07-31 14:20:21.322634460,0.029634460,0,0
'2026-07-31 14:20:21.322634480,0.029634480,1,0
'2026-07-31 14:20:21.322753480,0.029753480,0,1
'2026-07-31 14:20:21.322784460,0.029784460,0,0
'2026-07-31 14:20:21.322784480,0.029784480,1,0
'2026-07-31 14:20:21.322903480,0.029903480,0,1
'2026-07-31 14:20:21.322934460,0.029934460,0,0
'2026-07-31 14:20:21.322934480,0.029934480,1,0
'2026-07-31 14:20:21.323053480,0.030053480,0,1
'2026-07-31 14:20:21.323084460,0.030084460,0,0
'2026-07-31 14:20:21.323084480,0.030084480,1,0
'2026-07-31 14:20:21.323203480,0.030203480,0,1
'2026-07-31 14:20:21.323234460,0.030234460,0,0
'2026-07-31 14:20:21.323234480,0.030234480,1,0
'2026-07-31 14:20:21.323353480,0.030353480,0,1
'2026-07-31 14:20:21.323384460,0.030384460,0,0
'2026-07-31 14:20:21.323384480,0.030384480,1,0
'2026-07-31 14:20:21.323503480,0.030503480,0,1
'2026-07-31 14:20:21.323534460,0.030534460,0,0
'2026-07-31 14:20:21.323534480,0.030534480,1,0
'2026-07-31 14:20:21.323653480,0.030653480,0,1
'2026-07-31 14:20:21.323684460,0.030684460,0,0
'2026-07-31 14:20:21.323684480,0.030684480,1,0
'2026-07-31 14:20:21.323803480,0.030803480,0,1
'2026-07-31 14:20:21.323834460,0.030834460,0,0
'2026-07-31 14:20:21.323834480,0.030834480,1,0
'2026-07-31 14:20:21.323953470,0.030953470,0,1
'2026-07-31 14:20:21.323984450,0.030984450,0,0
'2026-07-31 14:20:21.323984470,0.030984470,1,0
'2026-07-31 14:20:21.324103470,0.031103470,0,1
'2026-07-31 14:20:21.324134450,0.031134450,0,0
'2026-07-31 14:20:21.324134470,0.031134470,1,0
'2026-07-31 14:20:21.324253470,0.031253470,0,1
'2026-07-31 14:20:21.324284450,0.031284450,0,0
'2026-07-31 14:20:21.324284470,0.031284470,1,0
'2026-07-31 14:20:21.324403470,0.031403470,0,1
'2026-07-31 14:20:21.324434450,0.031434450,0,0
'2026-07-31 14:20:21.324434470,0.031434470,1,0
'2026-07-31 14:20:21.324553470,0.031553470,0,1
'2026-07-31 14:20:21.324584450,0.031584450,0,0
'2026-07-31 14:20:21.324584470,0.031584470,1,0
'2026-07-31 14:20:21.324703470,0.031703470,0,1
'2026-07-31 14:20:21.324734450,0.031734450,0,0
'2026-07-31 14:20:21.324734470,0.031734470,1,0
'2026-07-31 14:20:21.324853470,0.031853470,0,1
'2026-07-31 14:20:21.324884450,0.031884450,0,0
'2026-07-31 14:20:21.324884470,0.031884470,1,0
'2026-07-31 14:20:21.325003470,0.032003470,0,1
'2026-07-31 14:20:21.325034450,0.032034450,0,0
'2026-07-31 14:20:21.325034470,0.032034470,1,0
'2026-07-31 14:20:21.325153470,0.032153470,0,1
'2026-07-31 14:20:21.325184450,0.032184450,0,0
'2026-07-31 14:20:21.325184470,0.032184470,1,0
'2026-07-31 14:20:21.325303470,0.032303470,0,1
'2026-07-31 14:20:21.325334450,0.032334450,0,0
'2026-07-31 14:20:21.325334470,0.032334470,1,0
'2026-07-31 14:20:21.325453470,0.032453470,0,1
'2026-07-31 14:20:21.325484450,0.032484450,0,0
'2026-07-31 14:20:21.325484470,0.032484470,1,0
'2026-07-31 14:20:21.325603470,0.032603470,0,1
'2026-07-31 14:20:21.325634450,0.032634450,0,0
'2026-07-31 14:20:21.325634470,0.032634470,1,0
'2026-07-31 14:20:21.325753460,0.032753460,1,1
'2026-07-31 14:20:21.325753470,0.032753470,0,1
'2026-07-31 14:20:21.325784450,0.032784450,0,0
'2026-07-31 14:20:21.325784460,0.032784460,1,0
'2026-07-31 14:20:21.325903460,0.032903460,0,1
'2026-07-31 14:20:21.325934440,0.032934440,0,0
'2026-07-31 14:20:21.325934460,0.032934460,1,0
'2026-07-31 14:20:21.326053460,0.033053460,0,1
'2026-07-31 14:20:21.326084440,0.033084440,0,0
'2026-07-31 14:20:21.326084460,0.033084460,1,0
'2026-07-31 14:20:21.326203460,0.033203460,0,1
'2026-07-31 14:20:21.326234440,0.033234440,0,0
'2026-07-31 14:20:21.326234460,0.033234460,1,0
'2026-07-31 14:20:21.326353460,0.033353460,0,1
'2026-07-31 14:20:21.326384440,0.033384440,0,0
'2026-07-31 14:20:21.326384460,0.033384460,1,0
'2026-07-31 14:20:21.326503460,0.033503460,0,1
'2026-07-31 14:20:21.326534440,0.033534440,0,0
'2026-07-31 14:20:21.326534460,0.033534460,1,0
'2026-07-31 14:20:21.326653460,0.033653460,0,1
'2026-07-31 14:20:21.326684440,0.033684440,0,0
'2026-07-31 14:20:21.326684460,0.033684460,1,0
'2026-07-31 14:20:21.326803460,0.033803460,0,1
'2026-07-31 14:20:21.326834440,0.033834440,0,0
'2026-07-31 14:20:21.326834460,0.033834460,1,0
'2026-07-31 14:20:21.326953460,0.033953460,0,1
'2026-07-31 14:20:21.326984440,0.033984440,0,0
'2026-07-31 14:20:21.326984460,0.033984460,1,0
'2026-07-31 14:20:21.327103460,0.034103460,0,1
'2026-07-31 14:20:21.327134440,0.034134440,0,0
'2026-07-31 14:20:21.327134460,0.034134460,1,0
'2026-07-31 14:20:21.327253460,0.034253460,0,1
'2026-07-31 14:20:21.327284440,0.034284440,0,0
'2026-07-31 14:20:21.327284460,0.034284460,1,0
'2026-07-31 14:20:21.327403460,0.034403460,0,1
'2026-07-31 14:20:21.327434440,0.034434440,0,0
'2026-07-31 14:20:21.327434460,0.034434460,1,0
'2026-07-31 14:20:21.327553460,0.034553460,0,1
'2026-07-31 14:20:21.327584440,0.034584440,0,0
'2026-07-31 14:20:21.327584460,0.034584460,1,0
'2026-07-31 14:20:21.327703450,0.034703450,0,1
'2026-07-31 14:20:21.327734440,0.034734440,0,0
'2026-07-31 14:20:21.327734450,0.034734450,1,0
'2026-07-31 14:20:21.327853450,0.034853450,0,1
'2026-07-31 14:20:21.327884430,0.034884430,0,0
'2026-07-31 14:20:21.327884450,0.034884450,1,0
'2026-07-31 14:20:21.328003450,0.035003450,0,1
'2026-07-31 14:20:21.328034430,0.035034430,0,0
'2026-07-31 14:20:21.328034450,0.035034450,1,0
'2026-07-31 14:20:21.328153450,0.035153450,0,1
'2026-07-31 14:20:21.328184430,0.035184430,0,0
'2026-07-31 14:20:21.328184450,0.035184450,1,0
'2026-07-31 14:20:21.328303450,0.035303450,0,1
'2026-07-31 14:20:21.328334430,0.035334430,0,0
'2026-07-31 14:20:21.328334450,0.035334450,1,0
'2026-07-31 14:20:21.328453450,0.035453450,0,1
'2026-07-31 14:20:21.328484430,0.035484430,0,0
'2026-07-31 14:20:21.328484450,0.035484450,1,0
'2026-07-31 14:20:21.328603450,0.035603450,0,1
'2026-07-31 14:20:21.328634430,0.035634430,0,0
'2026-07-31 14:20:21.328634450,0.035634450,1,0
'2026-07-31 14:20:21.328753450,0.035753450,0,1
'2026-07-31 14:20:21.328784430,0.035784430,0,0
'2026-07-31 14:20:21.328784450,0.035784450,1,0
'2026-07-31 14:20:21.328903450,0.035903450,0,1
'2026-07-31 14:20:21.328934430,0.035934430,0,0
'2026-07-31 14:20:21.328934450,0.035934450,1,0
'2026-07-31 14:20:21.329053450,0.036053450,0,1
'2026-07-31 14:20:21.329084430,0.036084430,0,0
'2026-07-31 14:20:21.329084450,0.036084450,1,0
'2026-07-31 14:20:21.329203450,0.036203450,0,1
'2026-07-31 14:20:21.329234430,0.036234430,0,0
'2026-07-31 14:20:21.329234450,0.036234450,1,0
'2026-07-31 14:20:21.329353450,0.036353450,0,1
'2026-07-31 14:20:21.329384430,0.036384430,0,0
'2026-07-31 14:20:21.329384450,0.036384450,1,0
'2026-07-31 14:20:21.329503450,0.036503450,0,1
'2026-07-31 14:20:21.329534430,0.036534430,0,0
'2026-07-31 14:20:21.329534440,0.036534440,1,0
'2026-07-31 14:20:21.329653440,0.036653440,0,1
'2026-07-31 14:20:21.329684420,0.036684420,0,0
'2026-07-31 14:20:21.329684440,0.036684440,1,0
'2026-07-31 14:20:21.329803440,0.036803440,0,1
'2026-07-31 14:20:21.329834420,0.036834420,0,0
'2026-07-31 14:20:21.329834440,0.036834440,1,0
'2026-07-31 14:20:21.329953440,0.036953440,0,1
'2026-07-31 14:20:21.329984420,0.036984420,0,0
'2026-07-31 14:20:21.329984440,0.036984440,1,0
'2026-07-31 14:20:21.330103440,0.037103440,0,1
'2026-07-31 14:20:21.330134420,0.037134420,0,0
'2026-07-31 14:20:21.330134440,0.037134440,1,0
'2026-07-31 14:20:21.330253440,0.037253440,0,1
'2026-07-31 14:20:21.330284420,0.037284420,0,0
'2026-07-31 14:20:21.330284440,0.037284440,1,0
'2026-07-31 14:20:21.330403440,0.037403440,0,1
'2026-07-31 14:20:21.330434420,0.037434420,0,0
'2026-07-31 14:20:21.330434440,0.037434440,1,0
'2026-07-31 14:20:21.330553440,0.037553440,0,1
'2026-07-31 14:20:21.330584420,0.037584420,0,0
'2026-07-31 14:20:21.330584440,0.037584440,1,0
'2026-07-31 14:20:21.330703440,0.037703440,0,1
'2026-07-31 14:20:21.330734420,0.037734420,0,0
'2026-07-31 14:20:21.330734440,0.037734440,1,0
'2026-07-31 14:20:21.330853440,0.037853440,0,1
'2026-07-31 14:20:21.330884420,0.037884420,0,0
'2026-07-31 14:20:21.330884440,0.037884440,1,0
'2026-07-31 14:20:21.331003440,0.038003440,0,1
'2026-07-31 14:20:21.331034420,0.038034420,0,0
'2026-07-31 14:20:21.331034440,0.038034440,1,0
'2026-07-31 14:20:21.331153440,0.038153440,0,1
'2026-07-31 14:20:21.331184420,0.038184420,0,0
'2026-07-31 14:20:21.331184440,0.038184440,1,0
'2026-07-31 14:20:21.331303440,0.038303440,0,1
'2026-07-31 14:20:21.331334420,0.038334420,0,0
'2026-07-31 14:20:21.331334440,0.038334440,1,0
'2026-07-31 14:20:21.331453430,0.038453430,1,1
'2026-07-31 14:20:21.331453440,0.038453440,0,1
'2026-07-31 14:20:21.331484420,0.038484420,0,0
'2026-07-31 14:20:21.331484430,0.038484430,1,0
'2026-07-31 14:20:21.331603430,0.038603430,0,1
'2026-07-31 14:20:21.331634410,0.038634410,0,0
'2026-07-31 14:20:21.331634430,0.038634430,1,0
'2026-07-31 14:20:21.331753430,0.038753430,0,1
'2026-07-31 14:20:21.331784410,0.038784410,0,0
'2026-07-31 14:20:21.331784430,0.038784430,1,0
'2026-07-31 14:20:21.331903430,0.038903430,0,1
'2026-07-31 14:20:21.331934410,0.038934410,0,0
'2026-07-31 14:20:21.331934430,0.038934430,1,0
'2026-07-31 14:20:21.332053430,0.039053430,0,1
'2026-07-31 14:20:21.332084410,0.039084410,0,0
'2026-07-31 14:20:21.332084430,0.039084430,1,0
'2026-07-31 14:20:21.332203430,0.039203430,0,1
'2026-07-31 14:20:21.332234410,0.039234410,0,0
'2026-07-31 14:20:21.332234430,0.039234430,1,0
'2026-07-31 14:20:21.332353430,0.039353430,0,1
'2026-07-31 14:20:21.332384410,0.039384410,0,0
'2026-07-31 14:20:21.332384430,0.039384430,1,0
'2026-07-31 14:20:21.332503430,0.039503430,0,1
'2026-07-31 14:20:21.332534410,0.039534410,0,0
'2026-07-31 14:20:21.332534430,0.039534430,1,0
'2026-07-31 14:20:21.332653430,0.039653430,0,1
'2026-07-31 14:20:21.332684410,0.039684410,0,0
'2026-07-31 14:20:21.332684430,0.039684430,1,0
'2026-07-31 14:20:21.332803430,0.039803430,0,1
'2026-07-31 14:20:21.332834410,0.039834410,0,0
'2026-07-31 14:20:21.332834430,0.039834430,1,0
'2026-07-31 14:20:21.332953430,0.039953430,0,1
'2026-07-31 14:20:21.332984410,0.039984410,0,0
'2026-07-31 14:20:21.332984430,0.039984430,1,0
'2026-07-31 14:20:21.333103430,0.040103430,0,1
'2026-07-31 14:20:21.333134410,0.040134410,0,0
'2026-07-31 14:20:21.333134430,0.040134430,1,0
'2026-07-31 14:20:21.333253430,0.040253430,0,1
'2026-07-31 14:20:21.333284410,0.040284410,0,0
'2026-07-31 14:20:21.333284430,0.040284430,1,0
'2026-07-31 14:20:21.333403420,0.040403420,0,1
'2026-07-31 14:20:21.333434400,0.040434400,0,0
'2026-07-31 14:20:21.333434420,0.040434420,1,0
'2026-07-31 14:20:21.333553420,0.040553420,0,1
'2026-07-31 14:20:21.333584400,0.040584400,0,0
'2026-07-31 14:20:21.333584420,0.040584420,1,0
'2026-07-31 14:20:21.333703420,0.040703420,0,1
'2026-07-31 14:20:21.333734400,0.040734400,0,0
'2026-07-31 14:20:21.333734420,0.040734420,1,0
'2026-07-31 14:20:21.333853420,0.040853420,0,1
'2026-07-31 14:20:21.333884400,0.040884400,0,0
'2026-07-31 14:20:21.333884420,0.040884420,1,0
'2026-07-31 14:20:21.334003420,0.041003420,0,1
'2026-07-31 14:20:21.334034400,0.041034400,0,0
'2026-07-31 14:20:21.334034420,0.041034420,1,0
'2026-07-31 14:20:21.334153420,0.041153420,0,1
'2026-07-31 14:20:21.334184400,0.041184400,0,0
'2026-07-31 14:20:21.334184420,0.041184420,1,0
'2026-07-31 14:20:21.334303420,0.041303420,0,1
'2026-07-31 14:20:21.334334400,0.041334400,0,0
'2026-07-31 14:20:21.334334420,0.041334420,1,0
'2026-07-31 14:20:21.334453420,0.041453420,0,1
'2026-07-31 14:20:21.334484400,0.041484400,0,0
'2026-07-31 14:20:21.334484420,0.041484420,1,0
'2026-07-31 14:20:21.334603420,0.041603420,0,1
'2026-07-31 14:20:21.334634400,0.041634400,0,0
'2026-07-31 14:20:21.334634420,0.041634420,1,0
'2026-07-31 14:20:21.334753420,0.041753420,0,1
'2026-07-31 14:20:21.334784400,0.041784400,0,0
'2026-07-31 14:20:21.334784420,0.041784420,1,0
'2026-07-31 14:20:21.334903420,0.041903420,0,1
'2026-07-31 14:20:21.334934400,0.041934400,0,0
'2026-07-31 14:20:21.334934420,0.041934420,1,0
'2026-07-31 14:20:21.335053420,0.042053420,0,1
'2026-07-31 14:20:21.335084400,0.042084400,0,0
'2026-07-31 14:20:21.335084420,0.042084420,1,0
'2026-07-31 14:20:21.335203420,0.042203420,0,1
'2026-07-31 14:20:21.335234400,0.042234400,0,0
'2026-07-31 14:20:21.335234410,0.042234410,1,0
'2026-07-31 14:20:21.335353410,0.042353410,0,1
'2026-07-31 14:20:21.335384390,0.042384390,0,0
'2026-07-31 14:20:21.335384410,0.042384410,1,0
'2026-07-31 14:20:21.335503410,0.042503410,0,1
'2026-07-31 14:20:21.335534390,0.042534390,0,0
'2026-07-31 14:20:21.335534410,0.042534410,1,0
'2026-07-31 14:20:21.335653410,0.042653410,0,1
'2026-07-31 14:20:21.335684390,0.042684390,0,0
'2026-07-31 14:20:21.335684410,0.042684410,1,0
'2026-07-31 14:20:21.335803410,0.042803410,0,1
'2026-07-31 14:20:21.335834390,0.042834390,0,0
'2026-07-31 14:20:21.335834410,0.042834410,1,0
'2026-07-31 14:20:21.335953410,0.042953410,0,1
'2026-07-31 14:20:21.335984390,0.042984390,0,0
'2026-07-31 14:20:21.335984410,0.042984410,1,0
'2026-07-31 14:20:21.336103410,0.043103410,0,1
'2026-07-31 14:20:21.336134390,0.043134390,0,0
'2026-07-31 14:20:21.336134410,0.043134410,1,0
'2026-07-31 14:20:21.336253410,0.043253410,0,1
'2026-07-31 14:20:21.336284390,0.043284390,0,0
'2026-07-31 14:20:21.336284410,0.043284410,1,0
'2026-07-31 14:20:21.336403410,0.043403410,0,1
'2026-07-31 14:20:21.336434390,0.043434390,0,0
'2026-07-31 14:20:21.336434410,0.043434410,1,0
'2026-07-31 14:20:21.336553410,0.043553410,0,1
'2026-07-31 14:20:21.336584390,0.043584390,0,0
'2026-07-31 14:20:21.336584410,0.043584410,1,0
'2026-07-31 14:20:21.336703410,0.043703410,0,1
'2026-07-31 14:20:21.336734390,0.043734390,0,0
'2026-07-31 14:20:21.336734410,0.043734410,1,0
'2026-07-31 14:20:21.336853410,0.043853410,0,1
'2026-07-31 14:20:21.336884390,0.043884390,0,0
'2026-07-31 14:20:21.336884410,0.043884410,1,0
'2026-07-31 14:20:21.337003410,0.044003410,0,1
'2026-07-31 14:20:21.337034390,0.044034390,0,0
'2026-07-31 14:20:21.337034410,0.044034410,1,0
'2026-07-31 14:20:21.337153400,0.044153400,0,1
'2026-07-31 14:20:21.337184390,0.044184390,0,0
'2026-07-31 14:20:21.337184400,0.044184400,1,0
'2026-07-31 14:20:21.337303400,0.044303400,0,1
'2026-07-31 14:20:21.337334380,0.044334380,0,0
'2026-07-31 14:20:21.337334400,0.044334400,1,0
'2026-07-31 14:20:21.337453400,0.044453400,0,1
'2026-07-31 14:20:21.337484380,0.044484380,0,0
'2026-07-31 14:20:21.337484400,0.044484400,1,0
'2026-07-31 14:20:21.337603400,0.044603400,0,1
'2026-07-31 14:20:21.337634380,0.044634380,0,0
'2026-07-31 14:20:21.337634400,0.044634400,1,0
'2026-07-31 14:20:21.337753400,0.044753400,0,1
'2026-07-31 14:20:21.337784380,0.044784380,0,0
'2026-07-31 14:20:21.337784400,0.044784400,1,0
'2026-07-31 14:20:21.337903400,0.044903400,0,1
'2026-07-31 14:20:21.337934380,0.044934380,0,0
'2026-07-31 14:20:21.337934400,0.044934400,1,0
'2026-07-31 14:20:21.338053400,0.045053400,0,1
'2026-07-31 14:20:21.338084380,0.045084380,0,0
'2026-07-31 14:20:21.338084400,0.045084400,1,0
'2026-07-31 14:20:21.338203400,0.045203400,0,1
'2026-07-31 14:20:21.338234380,0.045234380,0,0
'2026-07-31 14:20:21.338234400,0.045234400,1,0
'2026-07-31 14:20:21.338353400,0.045353400,0,1
'2026-07-31 14:20:21.338384380,0.045384380,0,0
'2026-07-31 14:20:21.338384400,0.045384400,1,0
'2026-07-31 14:20:21.338503400,0.045503400,0,1
'2026-07-31 14:20:21.338534380,0.045534380,0,0
'2026-07-31 14:20:21.338534400,0.045534400,1,0
'2026-07-31 14:20:21.338653400,0.045653400,0,1
'2026-07-31 14:20:21.338684380,0.045684380,0,0
'2026-07-31 14:20:21.338684400,0.045684400,1,0
'2026-07-31 14:20:21.338803400,0.045803400,0,1
'2026-07-31 14:20:21.338834380,0.045834380,0,0
'2026-07-31 14:20:21.338834400,0.045834400,1,0
'2026-07-31 14:20:21.338953400,0.045953400,0,1
'2026-07-31 14:20:21.338984380,0.045984380,0,0
'2026-07-31 14:20:21.338984390,0.045984390,1,0
'2026-07-31 14:20:21.339103390,0.046103390,0,1
'2026-07-31 14:20:21.339134370,0.046134370,0,0
'2026-07-31 14:20:21.339134390,0.046134390,1,0
'2026-07-31 14:20:21.339253390,0.046253390,0,1
'2026-07-31 14:20:21.339284370,0.046284370,0,0
'2026-07-31 14:20:21.339284390,0.046284390,1,0
'2026-07-31 14:20:21.339403390,0.046403390,0,1
'2026-07-31 14:20:21.339434370,0.046434370,0,0
'2026-07-31 14:20:21.339434390,0.046434390,1,0
'2026-07-31 14:20:21.339553390,0.046553390,0,1
'2026-07-31 14:20:21.339584370,0.046584370,0,0
'2026-07-31 14:20:21.339584390,0.046584390,1,0
'2026-07-31 14:20:21.339703390,0.046703390,0,1
'2026-07-31 14:20:21.339734370,0.046734370,0,0
'2026-07-31 14:20:21.339734390,0.046734390,1,0
'2026-07-31 14:20:21.339853390,0.046853390,0,1
'2026-07-31 14:20:21.339884370,0.046884370,0,0
'2026-07-31 14:20:21.339884390,0.046884390,1,0
'2026-07-31 14:20:21.340003390,0.047003390,0,1
'2026-07-31 14:20:21.340034370,0.047034370,0,0
'2026-07-31 14:20:21.340034390,0.047034390,1,0
'2026-07-31 14:20:21.340153390,0.047153390,0,1
'2026-07-31 14:20:21.340184370,0.047184370,0,0
'2026-07-31 14:20:21.340184390,0.047184390,1,0
'2026-07-31 14:20:21.340303390,0.047303390,0,1
'2026-07-31 14:20:21.340334370,0.047334370,0,0
'2026-07-31 14:20:21.340334390,0.047334390,1,0
'2026-07-31 14:20:21.340453390,0.047453390,0,1
'2026-07-31 14:20:21.340484370,0.047484370,0,0
'2026-07-31 14:20:21.340484390,0.047484390,1,0
'2026-07-31 14:20:21.340603390,0.047603390,0,1
'2026-07-31 14:20:21.340634370,0.047634370,0,0
'2026-07-31 14:20:21.340634390,0.047634390,1,0
'2026-07-31 14:20:21.340753390,0.047753390,0,1
'2026-07-31 14:20:21.340784370,0.047784370,0,0
'2026-07-31 14:20:21.340784390,0.047784390,1,0
'2026-07-31 14:20:21.340903380,0.047903380,0,1
'2026-07-31 14:20:21.340934370,0.047934370,0,0
'2026-07-31 14:20:21.340934380,0.047934380,1,0
'2026-07-31 14:20:21.341053380,0.048053380,0,1
'2026-07-31 14:20:21.341084360,0.048084360,0,0
'2026-07-31 14:20:21.341084380,0.048084380,1,0
'2026-07-31 14:20:21.341203380,0.048203380,0,1
'2026-07-31 14:20:21.341234360,0.048234360,0,0
'2026-07-31 14:20:21.341234380,0.048234380,1,0
'2026-07-31 14:20:21.341353380,0.048353380,0,1
'2026-07-31 14:20:21.341384360,0.048384360,0,0
'2026-07-31 14:20:21.341384380,0.048384380,1,0
'2026-07-31 14:20:21.341503380,0.048503380,0,1
'2026-07-31 14:20:21.341534360,0.048534360,0,0
'2026-07-31 14:20:21.341534380,0.048534380,1,0
'2026-07-31 14:20:21.341653380,0.048653380,0,1
'2026-07-31 14:20:21.341684360,0.048684360,0,0
'2026-07-31 14:20:21.341684380,0.048684380,1,0
'2026-07-31 14:20:21.341803380,0.048803380,0,1
'2026-07-31 14:20:21.341834360,0.048834360,0,0
'2026-07-31 14:20:21.341834380,0.048834380,1,0
'2026-07-31 14:20:21.341953380,0.048953380,0,1
'2026-07-31 14:20:21.341984360,0.048984360,0,0
'2026-07-31 14:20:21.341984380,0.048984380,1,0
'2026-07-31 14:20:21.342103380,0.049103380,0,1
'2026-07-31 14:20:21.342134360,0.049134360,0,0
'2026-07-31 14:20:21.342134380,0.049134380,1,0
'2026-07-31 14:20:21.342253380,0.049253380,0,1
'2026-07-31 14:20:21.342284360,0.049284360,0,0
'2026-07-31 14:20:21.342284380,0.049284380,1,0
'2026-07-31 14:20:21.342403380,0.049403380,0,1
'2026-07-31 14:20:21.342434360,0.049434360,0,0
'2026-07-31 14:20:21.342434380,0.049434380,1,0
'2026-07-31 14:20:21.342553380,0.049553380,0,1
'2026-07-31 14:20:21.342584360,0.049584360,0,0
'2026-07-31 14:20:21.342584380,0.049584380,1,0
'2026-07-31 14:20:21.342703380,0.049703380,0,1
'2026-07-31 14:20:21.342734360,0.049734360,0,0
'2026-07-31 14:20:21.342734380,0.049734380,1,0
'2026-07-31 14:20:21.342853370,0.049853370,0,1
'2026-07-31 14:20:21.342884350,0.049884350,0,0
'2026-07-31 14:20:21.342884370,0.049884370,1,0
'2026-07-31 14:20:21.343003370,0.050003370,0,1
'2026-07-31 14:20:21.343034350,0.050034350,0,0
'2026-07-31 14:20:21.343034370,0.050034370,1,0
'2026-07-31 14:20:21.343153370,0.050153370,0,1
'2026-07-31 14:20:21.343184350,0.050184350,0,0
'2026-07-31 14:20:21.343184370,0.050184370,1,0
'2026-07-31 14:20:21.343303370,0.050303370,0,1
'2026-07-31 14:20:21.343334350,0.050334350,0,0
'2026-07-31 14:20:21.343334370,0.050334370,1,0
'2026-07-31 14:20:21.343453370,0.050453370,0,1
'2026-07-31 14:20:21.343484350,0.050484350,0,0
'2026-07-31 14:20:21.343484370,0.050484370,1,0
'2026-07-31 14:20:21.343603370,0.050603370,0,1
'2026-07-31 14:20:21.343634350,0.050634350,0,0
'2026-07-31 14:20:21.343634370,0.050634370,1,0
'2026-07-31 14:20:21.343753370,0.050753370,0,1
'2026-07-31 14:20:21.343784350,0.050784350,0,0
'2026-07-31 14:20:21.343784370,0.050784370,1,0
'2026-07-31 14:20:21.343903370,0.050903370,0,1
'2026-07-31 14:20:21.343934350,0.050934350,0,0
'2026-07-31 14:20:21.343934370,0.050934370,1,0
'2026-07-31 14:20:21.344053370,0.051053370,0,1
'2026-07-31 14:20:21.344084350,0.051084350,0,0
'2026-07-31 14:20:21.344084370,0.051084370,1,0
'2026-07-31 14:20:21.344203370,0.051203370,0,1
'2026-07-31 14:20:21.344234350,0.051234350,0,0
'2026-07-31 14:20:21.344234370,0.051234370,1,0
'2026-07-31 14:20:21.344353370,0.051353370,0,1
'2026-07-31 14:20:21.344384350,0.051384350,0,0
'2026-07-31 14:20:21.344384370,0.051384370,1,0
'2026-07-31 14:20:21.344503370,0.051503370,0,1
'2026-07-31 14:20:21.344534350,0.051534350,0,0
'2026-07-31 14:20:21.344534370,0.051534370,1,0
'2026-07-31 14:20:21.344653360,0.051653360,1,1
'2026-07-31 14:20:21.344653370,0.051653370,0,1
'2026-07-31 14:20:21.344684350,0.051684350,0,0
'2026-07-31 14:20:21.344684360,0.051684360,1,0
'2026-07-31 14:20:21.344803360,0.051803360,0,1
'2026-07-31 14:20:21.344834340,0.051834340,0,0
'2026-07-31 14:20:21.344834360,0.051834360,1,0
'2026-07-31 14:20:21.344953360,0.051953360,0,1
'2026-07-31 14:20:21.344984340,0.051984340,0,0
'2026-07-31 14:20:21.344984360,0.051984360,1,0
'2026-07-31 14:20:21.345103360,0.052103360,0,1
'2026-07-31 14:20:21.345134340,0.052134340,0,0
'2026-07-31 14:20:21.345134360,0.052134360,1,0
'2026-07-31 14:20:21.345253360,0.052253360,0,1
'2026-07-31 14:20:21.345284340,0.052284340,0,0
'2026-07-31 14:20:21.345284360,0.052284360,1,0
'2026-07-31 14:20:21.345403360,0.052403360,0,1
'2026-07-31 14:20:21.345434340,0.052434340,0,0
'2026-07-31 14:20:21.345434360,0.052434360,1,0
'2026-07-31 14:20:21.345553360,0.052553360,0,1
'2026-07-31 14:20:21.345584340,0.052584340,0,0
'2026-07-31 14:20:21.345584360,0.052584360,1,0
'2026-07-31 14:20:21.345703360,0.052703360,0,1
'2026-07-31 14:20:21.345734340,0.052734340,0,0
'2026-07-31 14:20:21.345734360,0.052734360,1,0
'2026-07-31 14:20:21.345853360,0.052853360,0,1
'2026-07-31 14:20:21.345884340,0.052884340,0,0
'2026-07-31 14:20:21.345884360,0.052884360,1,0
'2026-07-31 14:20:21.346003360,0.053003360,0,1
'2026-07-31 14:20:21.346034340,0.053034340,0,0
'2026-07-31 14:20:21.346034360,0.053034360,1,0
'2026-07-31 14:20:21.346153360,0.053153360,0,1
'2026-07-31 14:20:21.346184340,0.053184340,0,0
'2026-07-31 14:20:21.346184360,0.053184360,1,0
'2026-07-31 14:20:21.346303360,0.053303360,0,1
'2026-07-31 14:20:21.346334340,0.053334340,0,0
'2026-07-31 14:20:21.346334360,0.053334360,1,0
'2026-07-31 14:20:21.346453360,0.053453360,0,1
'2026-07-31 14:20:21.346484340,0.053484340,0,0
'2026-07-31 14:20:21.346484360,0.053484360,1,0
'2026-07-31 14:20:21.346603350,0.053603350,0,1
'2026-07-31 14:20:21.346634330,0.053634330,0,0
'2026-07-31 14:20:21.346634350,0.053634350,1,0
'2026-07-31 14:20:21.346753350,0.053753350,0,1
'2026-07-31 14:20:21.346784330,0.053784330,0,0
'2026-07-31 14:20:21.346784350,0.053784350,1,0
'2026-07-31 14:20:21.346903350,0.053903350,0,1
'2026-07-31 14:20:21.346934330,0.053934330,0,0
'2026-07-31 14:20:21.346934350,0.053934350,1,0
'2026-07-31 14:20:21.347053350,0.054053350,0,1
'2026-07-31 14:20:21.347084330,0.054084330,0,0
'2026-07-31 14:20:21.347084350,0.054084350,1,0
'2026-07-31 14:20:21.347203350,0.054203350,0,1
'2026-07-31 14:20:21.347234330,0.054234330,0,0
'2026-07-31 14:20:21.347234350,0.054234350,1,0
'2026-07-31 14:20:21.347353350,0.054353350,0,1
'2026-07-31 14:20:21.347384330,0.054384330,0,0
'2026-07-31 14:20:21.347384350,0.054384350,1,0
'2026-07-31 14:20:21.347503350,0.054503350,0,1
'2026-07-31 14:20:21.347534330,0.054534330,0,0
'2026-07-31 14:20:21.347534350,0.054534350,1,0
'2026-07-31 14:20:21.347653350,0.054653350,0,1
'2026-07-31 14:20:21.347684330,0.054684330,0,0
'2026-07-31 14:20:21.347684350,0.054684350,1,0
'2026-07-31 14:20:21.347803350,0.054803350,0,1
'2026-07-31 14:20:21.347834330,0.054834330,0,0
'2026-07-31 14:20:21.347834350,0.054834350,1,0
'2026-07-31 14:20:21.347953350,0.054953350,0,1
'2026-07-31 14:20:21.347984330,0.054984330,0,0
'2026-07-31 14:20:21.347984350,0.054984350,1,0
'2026-07-31 14:20:21.348103350,0.055103350,0,1
'2026-07-31 14:20:21.348134330,0.055134330,0,0
'2026-07-31 14:20:21.348134350,0.055134350,1,0
'2026-07-31 14:20:21.348253350,0.055253350,0,1
'2026-07-31 14:20:21.348284330,0.055284330,0,0
'2026-07-31 14:20:21.348284350,0.055284350,1,0
'2026-07-31 14:20:21.348403350,0.055403350,0,1
'2026-07-31 14:20:21.348434330,0.055434330,0,0
'2026-07-31 14:20:21.348434340,0.055434340,1,0
'2026-07-31 14:20:21.348553340,0.055553340,0,1
'2026-07-31 14:20:21.348584320,0.055584320,0,0
'2026-07-31 14:20:21.348584340,0.055584340,1,0
'2026-07-31 14:20:21.348703340,0.055703340,0,1
'2026-07-31 14:20:21.348734320,0.055734320,0,0
'2026-07-31 14:20:21.348734340,0.055734340,1,0
'2026-07-31 14:20:21.348853340,0.055853340,0,1
'2026-07-31 14:20:21.348884320,0.055884320,0,0
'2026-07-31 14:20:21.348884340,0.055884340,1,0
'2026-07-31 14:20:21.349003340,0.056003340,0,1
'2026-07-31 14:20:21.349034320,0.056034320,0,0
'2026-07-31 14:20:21.349034340,0.056034340,1,0
'2026-07-31 14:20:21.349153340,0.056153340,0,1
'2026-07-31 14:20:21.349184320,0.056184320,0,0
'2026-07-31 14:20:21.349184340,0.056184340,1,0
'2026-07-31 14:20:21.349303340,0.056303340,0,1
'2026-07-31 14:20:21.349334320,0.056334320,0,0
'2026-07-31 14:20:21.349334340,0.056334340,1,0
'2026-07-31 14:20:21.349453340,0.056453340,0,1
'2026-07-31 14:20:21.349484320,0.056484320,0,0
'2026-07-31 14:20:21.349484340,0.056484340,1,0
'2026-07-31 14:20:21.349603340,0.056603340,0,1
'2026-07-31 14:20:21.349634320,0.056634320,0,0
'2026-07-31 14:20:21.349634340,0.056634340,1,0
'2026-07-31 14:20:21.349753340,0.056753340,0,1
'2026-07-31 14:20:21.349784320,0.056784320,0,0
'2026-07-31 14:20:21.349784340,0.056784340,1,0
'2026-07-31 14:20:21.349903340,0.056903340,0,1
'2026-07-31 14:20:21.349934320,0.056934320,0,0
'2026-07-31 14:20:21.349934340,0.056934340,1,0
'2026-07-31 14:20:21.350053340,0.057053340,0,1
'2026-07-31 14:20:21.350084320,0.057084320,0,0
'2026-07-31 14:20:21.350084340,0.057084340,1,0
'2026-07-31 14:20:21.350203340,0.057203340,0,1
'2026-07-31 14:20:21.350234320,0.057234320,0,0
'2026-07-31 14:20:21.350234340,0.057234340,1,0
'2026-07-31 14:20:21.350353330,0.057353330,1,1
'2026-07-31 14:20:21.350353340,0.057353340,0,1
'2026-07-31 14:20:21.350384320,0.057384320,0,0
'2026-07-31 14:20:21.350384330,0.057384330,1,0
'2026-07-31 14:20:21.350503330,0.057503330,0,1
'2026-07-31 14:20:21.350534310,0.057534310,0,0
'2026-07-31 14:20:21.350534330,0.057534330,1,0
'2026-07-31 14:20:21.350653330,0.057653330,0,1
'2026-07-31 14:20:21.350684310,0.057684310,0,0
'2026-07-31 14:20:21.350684330,0.057684330,1,0
'2026-07-31 14:20:21.350803330,0.057803330,0,1
'2026-07-31 14:20:21.350834310,0.057834310,0,0
'2026-07-31 14:20:21.350834330,0.057834330,1,0
'2026-07-31 14:20:21.350953330,0.057953330,0,1
'2026-07-31 14:20:21.350984310,0.057984310,0,0
'2026-07-31 14:20:21.350984330,0.057984330,1,0
'2026-07-31 14:20:21.351103330,0.058103330,0,1
'2026-07-31 14:20:21.351134310,0.058134310,0,0
'2026-07-31 14:20:21.351134330,0.058134330,1,0
'2026-07-31 14:20:21.351253330,0.058253330,0,1
'2026-07-31 14:20:21.351284310,0.058284310,0,0
'2026-07-31 14:20:21.351284330,0.058284330,1,0
'2026-07-31 14:20:21.351403330,0.058403330,0,1
'2026-07-31 14:20:21.351434310,0.058434310,0,0
'2026-07-31 14:20:21.351434330,0.058434330,1,0
'2026-07-31 14:20:21.351553330,0.058553330,0,1
'2026-07-31 14:20:21.351584310,0.058584310,0,0
'2026-07-31 14:20:21.351584330,0.058584330,1,0
'2026-07-31 14:20:21.351703330,0.058703330,0,1
'2026-07-31 14:20:21.351734310,0.058734310,0,0
'2026-07-31 14:20:21.351734330,0.058734330,1,0
'2026-07-31 14:20:21.351853330,0.058853330,0,1
'2026-07-31 14:20:21.351884310,0.058884310,0,0
'2026-07-31 14:20:21.351884330,0.058884330,1,0
'2026-07-31 14:20:21.352003330,0.059003330,0,1
'2026-07-31 14:20:21.352034310,0.059034310,0,0
'2026-07-31 14:20:21.352034330,0.059034330,1,0
'2026-07-31 14:20:21.352153330,0.059153330,0,1
'2026-07-31 14:20:21.352184310,0.059184310,0,0
'2026-07-31 14:20:21.352184330,0.059184330,1,0
'2026-07-31 14:20:21.352303320,0.059303320,0,1
'2026-07-31 14:20:21.352334300,0.059334300,0,0
'2026-07-31 14:20:21.352334320,0.059334320,1,0
'2026-07-31 14:20:21.352453320,0.059453320,0,1
'2026-07-31 14:20:21.352484300,0.059484300,0,0
'2026-07-31 14:20:21.352484320,0.059484320,1,0
'2026-07-31 14:20:21.352603320,0.059603320,0,1
'2026-07-31 14:20:21.352634300,0.059634300,0,0
'2026-07-31 14:20:21.352634320,0.059634320,1,0
'2026-07-31 14:20:21.352753320,0.059753320,0,1
'2026-07-31 14:20:21.352784300,0.059784300,0,0
'2026-07-31 14:20:21.352784320,0.059784320,1,0
'2026-07-31 14:20:21.352903320,0.059903320,0,1
'2026-07-31 14:20:21.352934300,0.059934300,0,0
'2026-07-31 14:20:21.352934320,0.059934320,1,0
'2026-07-31 14:20:21.353053320,0.060053320,0,1
'2026-07-31 14:20:21.353084300,0.060084300,0,0
'2026-07-31 14:20:21.353084320,0.060084320,1,0
'2026-07-31 14:20:21.353203320,0.060203320,0,1
'2026-07-31 14:20:21.353234300,0.060234300,0,0
'2026-07-31 14:20:21.353234320,0.060234320,1,0
'2026-07-31 14:20:21.353353320,0.060353320,0,1
'2026-07-31 14:20:21.353384300,0.060384300,0,0
'2026-07-31 14:20:21.353384320,0.060384320,1,0
'2026-07-31 14:20:21.353503320,0.060503320,0,1
'2026-07-31 14:20:21.353534300,0.060534300,0,0
'2026-07-31 14:20:21.353534320,0.060534320,1,0
'2026-07-31 14:20:21.353653320,0.060653320,0,1
'2026-07-31 14:20:21.353684300,0.060684300,0,0
'2026-07-31 14:20:21.353684320,0.060684320,1,0
'2026-07-31 14:20:21.353803320,0.060803320,0,1
'2026-07-31 14:20:21.353834300,0.060834300,0,0
'2026-07-31 14:20:21.353834320,0.060834320,1,0
'2026-07-31 14:20:21.353953320,0.060953320,0,1
'2026-07-31 14:20:21.353984300,0.060984300,0,0
'2026-07-31 14:20:21.353984320,0.060984320,1,0
'2026-07-31 14:20:21.354103310,0.061103310,1,1
'2026-07-31 14:20:21.354103320,0.061103320,0,1
'2026-07-31 14:20:21.354134300,0.061134300,0,0
'2026-07-31 14:20:21.354134310,0.061134310,1,0
'2026-07-31 14:20:21.354253310,0.061253310,0,1
'2026-07-31 14:20:21.354284290,0.061284290,0,0
'2026-07-31 14:20:21.354284310,0.061284310,1,0
'2026-07-31 14:20:21.354403310,0.061403310,0,1
'2026-07-31 14:20:21.354434290,0.061434290,0,0
'2026-07-31 14:20:21.354434310,0.061434310,1,0
'2026-07-31 14:20:21.354553310,0.061553310,0,1
'2026-07-31 14:20:21.354584290,0.061584290,0,0
'2026-07-31 14:20:21.354584310,0.061584310,1,0
'2026-07-31 14:20:21.354703310,0.061703310,0,1
'2026-07-31 14:20:21.354734290,0.061734290,0,0
'2026-07-31 14:20:21.354734310,0.061734310,1,0
'2026-07-31 14:20:21.354853310,0.061853310,0,1
'2026-07-31 14:20:21.354884290,0.061884290,0,0
'2026-07-31 14:20:21.354884310,0.061884310,1,0
'2026-07-31 14:20:21.355003310,0.062003310,0,1
'2026-07-31 14:20:21.355034290,0.062034290,0,0
'2026-07-31 14:20:21.355034310,0.062034310,1,0
'2026-07-31 14:20:21.355153310,0.062153310,0,1
'2026-07-31 14:20:21.355184290,0.062184290,0,0
'2026-07-31 14:20:21.355184310,0.062184310,1,0
'2026-07-31 14:20:21.355303310,0.062303310,0,1
'2026-07-31 14:20:21.355334290,0.062334290,0,0
'2026-07-31 14:20:21.355334310,0.062334310,1,0
'2026-07-31 14:20:21.355453310,0.062453310,0,1
'2026-07-31 14:20:21.355484290,0.062484290,0,0
'2026-07-31 14:20:21.355484310,0.062484310,1,0
'2026-07-31 14:20:21.355603310,0.062603310,0,1
'2026-07-31 14:20:21.355634290,0.062634290,0,0
'2026-07-31 14:20:21.355634310,0.062634310,1,0
'2026-07-31 14:20:21.355753310,0.062753310,0,1
'2026-07-31 14:20:21.355784290,0.062784290,0,0
'2026-07-31 14:20:21.355784310,0.062784310,1,0
'2026-07-31 14:20:21.355903310,0.062903310,0,1
'2026-07-31 14:20:21.355934290,0.062934290,0,0
'2026-07-31 14:20:21.355934310,0.062934310,1,0
'2026-07-31 14:20:21.356053300,0.063053300,0,1
'2026-07-31 14:20:21.356084280,0.063084280,0,0
'2026-07-31 14:20:21.356084300,0.063084300,1,0
'2026-07-31 14:20:21.356203300,0.063203300,0,1
'2026-07-31 14:20:21.356234280,0.063234280,0,0
'2026-07-31 14:20:21.356234300,0.063234300,1,0
'2026-07-31 14:20:21.356353300,0.063353300,0,1
'2026-07-31 14:20:21.356384280,0.063384280,0,0
'2026-07-31 14:20:21.356384300,0.063384300,1,0
'2026-07-31 14:20:21.356503300,0.063503300,0,1
'2026-07-31 14:20:21.356534280,0.063534280,0,0
'2026-07-31 14:20:21.356534300,0.063534300,1,0
'2026-07-31 14:20:21.356653300,0.063653300,0,1
'2026-07-31 14:20:21.356684280,0.063684280,0,0
'2026-07-31 14:20:21.356684300,0.063684300,1,0
'2026-07-31 14:20:21.356803300,0.063803300,0,1
'2026-07-31 14:20:21.356834280,0.063834280,0,0
'2026-07-31 14:20:21.356834300,0.063834300,1,0
'2026-07-31 14:20:21.356953300,0.063953300,0,1
'2026-07-31 14:20:21.356984280,0.063984280,0,0
'2026-07-31 14:20:21.356984300,0.063984300,1,0
'2026-07-31 14:20:21.357103300,0.064103300,0,1
'2026-07-31 14:20:21.357134280,0.064134280,0,0
'2026-07-31 14:20:21.357134300,0.064134300,1,0
'2026-07-31 14:20:21.357253300,0.064253300,0,1
'2026-07-31 14:20:21.357284280,0.064284280,0,0
'2026-07-31 14:20:21.357284300,0.064284300,1,0
'2026-07-31 14:20:21.357403300,0.064403300,0,1
'2026-07-31 14:20:21.357434280,0.064434280,0,0
'2026-07-31 14:20:21.357434300,0.064434300,1,0
'2026-07-31 14:20:21.357553300,0.064553300,0,1
'2026-07-31 14:20:21.357584280,0.064584280,0,0
'2026-07-31 14:20:21.357584300,0.064584300,1,0
'2026-07-31 14:20:21.357703300,0.064703300,0,1
'2026-07-31 14:20:21.357734280,0.064734280,0,0
'2026-07-31 14:20:21.357734300,0.064734300,1,0
'2026-07-31 14:20:21.357853300,0.064853300,0,1
'2026-07-31 14:20:21.357884280,0.064884280,0,0
'2026-07-31 14:20:21.357884290,0.064884290,1,0
'2026-07-31 14:20:21.358003290,0.065003290,0,1
'2026-07-31 14:20:21.358034270,0.065034270,0,0
'2026-07-31 14:20:21.358034290,0.065034290,1,0
'2026-07-31 14:20:21.358153290,0.065153290,0,1
'2026-07-31 14:20:21.358184270,0.065184270,0,0
'2026-07-31 14:20:21.358184290,0.065184290,1,0
'2026-07-31 14:20:21.358303290,0.065303290,0,1
'2026-07-31 14:20:21.358334270,0.065334270,0,0
'2026-07-31 14:20:21.358334290,0.065334290,1,0
'2026-07-31 14:20:21.358453290,0.065453290,0,1
'2026-07-31 14:20:21.358484270,0.065484270,0,0
'2026-07-31 14:20:21.358484290,0.065484290,1,0
'2026-07-31 14:20:21.358603290,0.065603290,0,1
'2026-07-31 14:20:21.358634270,0.065634270,0,0
'2026-07-31 14:20:21.358634290,0.065634290,1,0
'2026-07-31 14:20:21.358753290,0.065753290,0,1
'2026-07-31 14:20:21.358784270,0.065784270,0,0
'2026-07-31 14:20:21.358784290,0.065784290,1,0
'2026-07-31 14:20:21.358903290,0.065903290,0,1
'2026-07-31 14:20:21.358934270,0.065934270,0,0
'2026-07-31 14:20:21.358934290,0.065934290,1,0
'2026-07-31 14:20:21.359053290,0.066053290,0,1
'2026-07-31 14:20:21.359084270,0.066084270,0,0
'2026-07-31 14:20:21.359084290,0.066084290,1,0
'2026-07-31 14:20:21.359203290,0.066203290,0,1
'2026-07-31 14:20:21.359234270,0.066234270,0,0
'2026-07-31 14:20:21.359234290,0.066234290,1,0
'2026-07-31 14:20:21.359353290,0.066353290,0,1
'2026-07-31 14:20:21.359384270,0.066384270,0,0
'2026-07-31 14:20:21.359384290,0.066384290,1,0
'2026-07-31 14:20:21.359503290,0.066503290,0,1
'2026-07-31 14:20:21.359534270,0.066534270,0,0
'2026-07-31 14:20:21.359534290,0.066534290,1,0
'2026-07-31 14:20:21.359653290,0.066653290,0,1
'2026-07-31 14:20:21.359684270,0.066684270,0,0
'2026-07-31 14:20:21.359684290,0.066684290,1,0
'2026-07-31 14:20:21.359803280,0.066803280,1,1
'2026-07-31 14:20:21.359803290,0.066803290,0,1
'2026-07-31 14:20:21.359834270,0.066834270,0,0
'2026-07-31 14:20:21.359834280,0.066834280,1,0
'2026-07-31 14:20:21.359953280,0.066953280,0,1
'2026-07-31 14:20:21.359984260,0.066984260,0,0
'2026-07-31 14:20:21.359984280,0.066984280,1,0
'2026-07-31 14:20:21.360103280,0.067103280,0,1
'2026-07-31 14:20:21.360134260,0.067134260,0,0
'2026-07-31 14:20:21.360134280,0.067134280,1,0
'2026-07-31 14:20:21.360253280,0.067253280,0,1
'2026-07-31 14:20:21.360284260,0.067284260,0,0
'2026-07-31 14:20:21.360284280,0.067284280,1,0
'2026-07-31 14:20:21.360403280,0.067403280,0,1
'2026-07-31 14:20:21.360434260,0.067434260,0,0
'2026-07-31 14:20:21.360434280,0.067434280,1,0
'2026-07-31 14:20:21.360553280,0.067553280,0,1
'2026-07-31 14:20:21.360584260,0.067584260,0,0
'2026-07-31 14:20:21.360584280,0.067584280,1,0
'2026-07-31 14:20:21.360703280,0.067703280,0,1
'2026-07-31 14:20:21.360734260,0.067734260,0,0
'2026-07-31 14:20:21.360734280,0.067734280,1,0
'2026-07-31 14:20:21.360853280,0.067853280,0,1
'2026-07-31 14:20:21.360884260,0.067884260,0,0
'2026-07-31 14:20:21.360884280,0.067884280,1,0
'2026-07-31 14:20:21.361003280,0.068003280,0,1
'2026-07-31 14:20:21.361034260,0.068034260,0,0
'2026-07-31 14:20:21.361034280,0.068034280,1,0
'2026-07-31 14:20:21.361153280,0.068153280,0,1
'2026-07-31 14:20:21.361184260,0.068184260,0,0
'2026-07-31 14:20:21.361184280,0.068184280,1,0
'2026-07-31 14:20:21.361303280,0.068303280,0,1
'2026-07-31 14:20:21.361334260,0.068334260,0,0
'2026-07-31 14:20:21.361334280,0.068334280,1,0
'2026-07-31 14:20:21.361453280,0.068453280,0,1
'2026-07-31 14:20:21.361484260,0.068484260,0,0
'2026-07-31 14:20:21.361484280,0.068484280,1,0
'2026-07-31 14:20:21.361603280,0.068603280,0,1
'2026-07-31 14:20:21.361634260,0.068634260,0,0
'2026-07-31 14:20:21.361634280,0.068634280,1,0
'2026-07-31 14:20:21.361753270,0.068753270,0,1
'2026-07-31 14:20:21.361784250,0.068784250,0,0
'2026-07-31 14:20:21.361784270,0.068784270,1,0
'2026-07-31 14:20:21.361903270,0.068903270,0,1
'2026-07-31 14:20:21.361934250,0.068934250,0,0
'2026-07-31 14:20:21.361934270,0.068934270,1,0
'2026-07-31 14:20:21.462052880,0.169052880,0,1
'2026-07-31 14:20:21.462083860,0.169083860,0,0
'2026-07-31 14:20:21.462083880,0.169083880,1,0
'2026-07-31 14:20:21.462116000,0.169116000,0,1
'2026-07-31 14:20:21.462146980,0.169146980,0,0
'2026-07-31 14:20:21.462147000,0.169147000,1,0
'2026-07-31 14:20:21.462202880,0.169202880,0,1
'2026-07-31 14:20:21.462233860,0.169233860,0,0
'2026-07-31 14:20:21.462233880,0.169233880,1,0
'2026-07-31 14:20:21.462352880,0.169352880,0,1
'2026-07-31 14:20:21.462383860,0.169383860,0,0
'2026-07-31 14:20:21.462383880,0.169383880,1,0
'2026-07-31 14:20:21.462502880,0.169502880,0,1
'2026-07-31 14:20:21.462533860,0.169533860,0,0
'2026-07-31 14:20:21.462533880,0.169533880,1,0
'2026-07-31 14:20:21.462652880,0.169652880,0,1
'2026-07-31 14:20:21.462683860,0.169683860,0,0
'2026-07-31 14:20:21.462683880,0.169683880,1,0
'2026-07-31 14:20:21.462802880,0.169802880,0,1
'2026-07-31 14:20:21.462833860,0.169833860,0,0
'2026-07-31 14:20:21.462833880,0.169833880,1,0
'2026-07-31 14:20:21.462952880,0.169952880,0,1
'2026-07-31 14:20:21.462983860,0.169983860,0,0
'2026-07-31 14:20:21.462983880,0.169983880,1,0
'2026-07-31 14:20:21.463102880,0.170102880,0,1
'2026-07-31 14:20:21.463133860,0.170133860,0,0
'2026-07-31 14:20:21.463133880,0.170133880,1,0
'2026-07-31 14:20:21.463252880,0.170252880,0,1
'2026-07-31 14:20:21.463283860,0.170283860,0,0
'2026-07-31 14:20:21.463283880,0.170283880,1,0
'2026-07-31 14:20:21.463402880,0.170402880,0,1
'2026-07-31 14:20:21.463433860,0.170433860,0,0
'2026-07-31 14:20:21.463433880,0.170433880,1,0
'2026-07-31 14:20:21.463552880,0.170552880,0,1
'2026-07-31 14:20:21.463583860,0.170583860,0,0
'2026-07-31 14:20:21.463583880,0.170583880,1,0
'2026-07-31 14:20:21.463702870,0.170702870,1,1
'2026-07-31 14:20:21.463702880,0.170702880,0,1
'2026-07-31 14:20:21.463733860,0.170733860,0,0
'2026-07-31 14:20:21.463733870,0.170733870,1,0
'2026-07-31 14:20:21.463852870,0.170852870,0,1
'2026-07-31 14:20:21.463883850,0.170883850,0,0
'2026-07-31 14:20:21.463883870,0.170883870,1,0
'2026-07-31 14:20:21.464002870,0.171002870,0,1
'2026-07-31 14:20:21.464033850,0.171033850,0,0
'2026-07-31 14:20:21.464033870,0.171033870,1,0
'2026-07-31 14:20:21.464152870,0.171152870,0,1
'2026-07-31 14:20:21.464183850,0.171183850,0,0
'2026-07-31 14:20:21.464183870,0.171183870,1,0
'2026-07-31 14:20:21.464302870,0.171302870,0,1
'2026-07-31 14:20:21.464333850,0.171333850,0,0
'2026-07-31 14:20:21.464333870,0.171333870,1,0
'2026-07-31 14:20:21.464452870,0.171452870,0,1
'2026-07-31 14:20:21.464483850,0.171483850,0,0
'2026-07-31 14:20:21.464483870,0.171483870,1,0
'2026-07-31 14:20:21.464602870,0.171602870,0,1
'2026-07-31 14:20:21.464633850,0.171633850,0,0
'2026-07-31 14:20:21.464633870,0.171633870,1,0
'2026-07-31 14:20:21.464752870,0.171752870,0,1
'2026-07-31 14:20:21.464783850,0.171783850,0,0
'2026-07-31 14:20:21.464783870,0.171783870,1,0
'2026-07-31 14:20:21.464902870,0.171902870,0,1
'2026-07-31 14:20:21.464933850,0.171933850,0,0
'2026-07-31 14:20:21.464933870,0.171933870,1,0
'2026-07-31 14:20:21.465052870,0.172052870,0,1
'2026-07-31 14:20:21.465083850,0.172083850,0,0
'2026-07-31 14:20:21.465083870,0.172083870,1,0
'2026-07-31 14:20:21.465202870,0.172202870,0,1
'2026-07-31 14:20:21.465233850,0.172233850,0,0
'2026-07-31 14:20:21.465233870,0.172233870,1,0
'2026-07-31 14:20:21.465352870,0.172352870,0,1
'2026-07-31 14:20:21.465383850,0.172383850,0,0
'2026-07-31 14:20:21.465383870,0.172383870,1,0
'2026-07-31 14:20:21.465502870,0.172502870,0,1
'2026-07-31 14:20:21.465533850,0.172533850,0,0
'2026-07-31 14:20:21.465533870,0.172533870,1,0
'2026-07-31 14:20:21.465652860,0.172652860,0,1
'2026-07-31 14:20:21.465683850,0.172683850,0,0
'2026-07-31 14:20:21.465683860,0.172683860,1,0
'2026-07-31 14:20:21.465802860,0.172802860,0,1
'2026-07-31 14:20:21.465833840,0.172833840,0,0
'2026-07-31 14:20:21.465833860,0.172833860,1,0
'2026-07-31 14:20:21.465952860,0.172952860,0,1
'2026-07-31 14:20:21.465983840,0.172983840,0,0
'2026-07-31 14:20:21.465983860,0.172983860,1,0
'2026-07-31 14:20:21.466102860,0.173102860,0,1
'2026-07-31 14:20:21.466133840,0.173133840,0,0
'2026-07-31 14:20:21.466133860,0.173133860,1,0
'2026-07-31 14:20:21.466252860,0.173252860,0,1
'2026-07-31 14:20:21.466283840,0.173283840,0,0
'2026-07-31 14:20:21.466283860,0.173283860,1,0
'2026-07-31 14:20:21.466402860,0.173402860,0,1
'2026-07-31 14:20:21.466433840,0.173433840,0,0
'2026-07-31 14:20:21.466433860,0.173433860,1,0
'2026-07-31 14:20:21.466552860,0.173552860,0,1
'2026-07-31 14:20:21.466583840,0.173583840,0,0
'2026-07-31 14:20:21.466583860,0.173583860,1,0
'2026-07-31 14:20:21.466702860,0.173702860,0,1
'2026-07-31 14:20:21.466733840,0.173733840,0,0
'2026-07-31 14:20:21.466733860,0.173733860,1,0
'2026-07-31 14:20:21.466852860,0.173852860,0,1
'2026-07-31 14:20:21.466883840,0.173883840,0,0
'2026-07-31 14:20:21.466883860,0.173883860,1,0
'2026-07-31 14:20:21.467002860,0.174002860,0,1
'2026-07-31 14:20:21.467033840,0.174033840,0,0
'2026-07-31 14:20:21.467033860,0.174033860,1,0
'2026-07-31 14:20:21.467152860,0.174152860,0,1
'2026-07-31 14:20:21.467183840,0.174183840,0,0
'2026-07-31 14:20:21.467183860,0.174183860,1,0
'2026-07-31 14:20:21.467302860,0.174302860,0,1
'2026-07-31 14:20:21.467333840,0.174333840,0,0
'2026-07-31 14:20:21.467333860,0.174333860,1,0
'2026-07-31 14:20:21.467452860,0.174452860,0,1
'2026-07-31 14:20:21.467483840,0.174483840,0,0
'2026-07-31 14:20:21.467483850,0.174483850,1,0
'2026-07-31 14:20:21.467602850,0.174602850,0,1
'2026-07-31 14:20:21.467633830,0.174633830,0,0
'2026-07-31 14:20:21.467633850,0.174633850,1,0
'2026-07-31 14:20:21.467752850,0.174752850,0,1
'2026-07-31 14:20:21.467783830,0.174783830,0,0
'2026-07-31 14:20:21.467783850,0.174783850,1,0
'2026-07-31 14:20:21.467902850,0.174902850,0,1
'2026-07-31 14:20:21.467933830,0.174933830,0,0
'2026-07-31 14:20:21.467933850,0.174933850,1,0
'2026-07-31 14:20:21.468052850,0.175052850,0,1
'2026-07-31 14:20:21.468083830,0.175083830,0,0
'2026-07-31 14:20:21.468083850,0.175083850,1,0
'2026-07-31 14:20:21.468202850,0.175202850,0,1
'2026-07-31 14:20:21.468233830,0.175233830,0,0
'2026-07-31 14:20:21.468233850,0.175233850,1,0
'2026-07-31 14:20:21.468352850,0.175352850,0,1
'2026-07-31 14:20:21.468383830,0.175383830,0,0
'2026-07-31 14:20:21.468383850,0.175383850,1,0
'2026-07-31 14:20:21.468502850,0.175502850,0,1
'2026-07-31 14:20:21.468533830,0.175533830,0,0
'2026-07-31 14:20:21.468533850,0.175533850,1,0
'2026-07-31 14:20:21.468652850,0.175652850,0,1
'2026-07-31 14:20:21.468683830,0.175683830,0,0
'2026-07-31 14:20:21.468683850,0.175683850,1,0
'2026-07-31 14:20:21.468802850,0.175802850,0,1
'2026-07-31 14:20:21.468833830,0.175833830,0,0
'2026-07-31 14:20:21.468833850,0.175833850,1,0
'2026-07-31 14:20:21.468952850,0.175952850,0,1
'2026-07-31 14:20:21.468983830,0.175983830,0,0
'2026-07-31 14:20:21.468983850,0.175983850,1,0
'2026-07-31 14:20:21.469102850,0.176102850,0,1
'2026-07-31 14:20:21.469133830,0.176133830,0,0
'2026-07-31 14:20:21.469133850,0.176133850,1,0
'2026-07-31 14:20:21.469252850,0.176252850,0,1
'2026-07-31 14:20:21.469283830,0.176283830,0,0
'2026-07-31 14:20:21.469283850,0.176283850,1,0
'2026-07-31 14:20:21.469402840,0.176402840,1,1
'2026-07-31 14:20:21.469402850,0.176402850,0,1
'2026-07-31 14:20:21.469433830,0.176433830,0,0
'2026-07-31 14:20:21.469433840,0.176433840,1,0
'2026-07-31 14:20:21.469552840,0.176552840,0,1
'2026-07-31 14:20:21.469583820,0.176583820,0,0
'2026-07-31 14:20:21.469583840,0.176583840,1,0
'2026-07-31 14:20:21.469702840,0.176702840,0,1
'2026-07-31 14:20:21.469733820,0.176733820,0,0
'2026-07-31 14:20:21.469733840,0.176733840,1,0
'2026-07-31 14:20:21.469852840,0.176852840,0,1
'2026-07-31 14:20:21.469883820,0.176883820,0,0
'2026-07-31 14:20:21.469883840,0.176883840,1,0
'2026-07-31 14:20:21.470002840,0.177002840,0,1
'2026-07-31 14:20:21.470033820,0.177033820,0,0
'2026-07-31 14:20:21.470033840,0.177033840,1,0
'2026-07-31 14:20:21.470152840,0.177152840,0,1
'2026-07-31 14:20:21.470183820,0.177183820,0,0
'2026-07-31 14:20:21.470183840,0.177183840,1,0
'2026-07-31 14:20:21.470302840,0.177302840,0,1
'2026-07-31 14:20:21.470333820,0.177333820,0,0
'2026-07-31 14:20:21.470333840,0.177333840,1,0
'2026-07-31 14:20:21.470452840,0.177452840,0,1
'2026-07-31 14:20:21.470483820,0.177483820,0,0
'2026-07-31 14:20:21.470483840,0.177483840,1,0
'2026-07-31 14:20:21.470602840,0.177602840,0,1
'2026-07-31 14:20:21.470633820,0.177633820,0,0
'2026-07-31 14:20:21.470633840,0.177633840,1,0
'2026-07-31 14:20:21.470752840,0.177752840,0,1
'2026-07-31 14:20:21.470783820,0.177783820,0,0
'2026-07-31 14:20:21.470783840,0.177783840,1,0
'2026-07-31 14:20:21.470902840,0.177902840,0,1
'2026-07-31 14:20:21.470933820,0.177933820,0,0
'2026-07-31 14:20:21.470933840,0.177933840,1,0
'2026-07-31 14:20:21.471052840,0.178052840,0,1
'2026-07-31 14:20:21.471083820,0.178083820,0,0
'2026-07-31 14:20:21.471083840,0.178083840,1,0
'2026-07-31 14:20:21.471202840,0.178202840,0,1
'2026-07-31 14:20:21.471233820,0.178233820,0,0
'2026-07-31 14:20:21.471233830,0.178233830,1,0
'2026-07-31 14:20:21.471352830,0.178352830,0,1
'2026-07-31 14:20:21.471383810,0.178383810,0,0
'2026-07-31 14:20:21.471383830,0.178383830,1,0
'2026-07-31 14:20:21.471502830,0.178502830,0,1
'2026-07-31 14:20:21.471533810,0.178533810,0,0
'2026-07-31 14:20:21.471533830,0.178533830,1,0
'2026-07-31 14:20:21.471652830,0.178652830,0,1
'2026-07-31 14:20:21.471683810,0.178683810,0,0
'2026-07-31 14:20:21.471683830,0.178683830,1,0
'2026-07-31 14:20:21.471802830,0.178802830,0,1
'2026-07-31 14:20:21.471833810,0.178833810,0,0
'2026-07-31 14:20:21.471833830,0.178833830,1,0
'2026-07-31 14:20:21.471952830,0.178952830,0,1
'2026-07-31 14:20:21.471983810,0.178983810,0,0
'2026-07-31 14:20:21.471983830,0.178983830,1,0
'2026-07-31 14:20:21.472102830,0.179102830,0,1
'2026-07-31 14:20:21.472133810,0.179133810,0,0
'2026-07-31 14:20:21.472133830,0.179133830,1,0
'2026-07-31 14:20:21.472252830,0.179252830,0,1
'2026-07-31 14:20:21.472283810,0.179283810,0,0
'2026-07-31 14:20:21.472283830,0.179283830,1,0
'2026-07-31 14:20:21.472402830,0.179402830,0,1
'2026-07-31 14:20:21.472433810,0.179433810,0,0
'2026-07-31 14:20:21.472433830,0.179433830,1,0
'2026-07-31 14:20:21.472552830,0.179552830,0,1
'2026-07-31 14:20:21.472583810,0.179583810,0,0
'2026-07-31 14:20:21.472583830,0.179583830,1,0
'2026-07-31 14:20:21.472702830,0.179702830,0,1
'2026-07-31 14:20:21.472733810,0.179733810,0,0
'2026-07-31 14:20:21.472733830,0.179733830,1,0
'2026-07-31 14:20:21.472852830,0.179852830,0,1
'2026-07-31 14:20:21.472883810,0.179883810,0,0
'2026-07-31 14:20:21.472883830,0.179883830,1,0
'2026-07-31 14:20:21.473002830,0.180002830,0,1
'2026-07-31 14:20:21.473033810,0.180033810,0,0
'2026-07-31 14:20:21.473033830,0.180033830,1,0
'2026-07-31 14:20:21.473152820,0.180152820,1,1
'2026-07-31 14:20:21.473152830,0.180152830,0,1
'2026-07-31 14:20:21.473183810,0.180183810,0,0
'2026-07-31 14:20:21.473183820,0.180183820,1,0
'2026-07-31 14:20:21.473302820,0.180302820,0,1
'2026-07-31 14:20:21.473333800,0.180333800,0,0
'2026-07-31 14:20:21.473333820,0.180333820,1,0
'2026-07-31 14:20:21.473452820,0.180452820,0,1
'2026-07-31 14:20:21.473483800,0.180483800,0,0
'2026-07-31 14:20:21.473483820,0.180483820,1,0
'2026-07-31 14:20:21.473602820,0.180602820,0,1
'2026-07-31 14:20:21.473633800,0.180633800,0,0
'2026-07-31 14:20:21.473633820,0.180633820,1,0
'2026-07-31 14:20:21.473752820,0.180752820,0,1
'2026-07-31 14:20:21.473783800,0.180783800,0,0
'2026-07-31 14:20:21.473783820,0.180783820,1,0
'2026-07-31 14:20:21.473902820,0.180902820,0,1
'2026-07-31 14:20:21.473933800,0.180933800,0,0
'2026-07-31 14:20:21.473933820,0.180933820,1,0
'2026-07-31 14:20:21.474052820,0.181052820,0,1
'2026-07-31 14:20:21.474083800,0.181083800,0,0
'2026-07-31 14:20:21.474083820,0.181083820,1,0
'2026-07-31 14:20:21.474202820,0.181202820,0,1
'2026-07-31 14:20:21.474233800,0.181233800,0,0
'2026-07-31 14:20:21.474233820,0.181233820,1,0
'2026-07-31 14:20:21.474352820,0.181352820,0,1
'2026-07-31 14:20:21.474383800,0.181383800,0,0
'2026-07-31 14:20:21.474383820,0.181383820,1,0
'2026-07-31 14:20:21.474502820,0.181502820,0,1
'2026-07-31 14:20:21.474533800,0.181533800,0,0
'2026-07-31 14:20:21.474533820,0.181533820,1,0
'2026-07-31 14:20:21.474652820,0.181652820,0,1
'2026-07-31 14:20:21.474683800,0.181683800,0,0
'2026-07-31 14:20:21.474683820,0.181683820,1,0
'2026-07-31 14:20:21.474802820,0.181802820,0,1
'2026-07-31 14:20:21.474833800,0.181833800,0,0
'2026-07-31 14:20:21.474833820,0.181833820,1,0
'2026-07-31 14:20:21.474952820,0.181952820,0,1
'2026-07-31 14:20:21.474983800,0.181983800,0,0
'2026-07-31 14:20:21.474983820,0.181983820,1,0
'2026-07-31 14:20:21.475102810,0.182102810,0,1
'2026-07-31 14:20:21.475133790,0.182133790,0,0
'2026-07-31 14:20:21.475133810,0.182133810,1,0
'2026-07-31 14:20:21.475252810,0.182252810,0,1
'2026-07-31 14:20:21.475283790,0.182283790,0,0
'2026-07-31 14:20:21.475283810,0.182283810,1,0
'2026-07-31 14:20:21.475402810,0.182402810,0,1
'2026-07-31 14:20:21.475433790,0.182433790,0,0
'2026-07-31 14:20:21.475433810,0.182433810,1,0
'2026-07-31 14:20:21.475552810,0.182552810,0,1
'2026-07-31 14:20:21.475583790,0.182583790,0,0
'2026-07-31 14:20:21.475583810,0.182583810,1,0
'2026-07-31 14:20:21.475702810,0.182702810,0,1
'2026-07-31 14:20:21.475733790,0.182733790,0,0
'2026-07-31 14:20:21.475733810,0.182733810,1,0
'2026-07-31 14:20:21.475852810,0.182852810,0,1
'2026-07-31 14:20:21.475883790,0.182883790,0,0
'2026-07-31 14:20:21.475883810,0.182883810,1,0
'2026-07-31 14:20:21.476002810,0.183002810,0,1
'2026-07-31 14:20:21.476033790,0.183033790,0,0
'2026-07-31 14:20:21.476033810,0.183033810,1,0
'2026-07-31 14:20:21.476152810,0.183152810,0,1
'2026-07-31 14:20:21.476183790,0.183183790,0,0
'2026-07-31 14:20:21.476183810,0.183183810,1,0
'2026-07-31 14:20:21.476302810,0.183302810,0,1
'2026-07-31 14:20:21.476333790,0.183333790,0,0
'2026-07-31 14:20:21.476333810,0.183333810,1,0
'2026-07-31 14:20:21.476452810,0.183452810,0,1
'2026-07-31 14:20:21.476483790,0.183483790,0,0
'2026-07-31 14:20:21.476483810,0.183483810,1,0
'2026-07-31 14:20:21.476602810,0.183602810,0,1
'2026-07-31 14:20:21.476633790,0.183633790,0,0
'2026-07-31 14:20:21.476633810,0.183633810,1,0
'2026-07-31 14:20:21.476752810,0.183752810,0,1
'2026-07-31 14:20:21.476783790,0.183783790,0,0
'2026-07-31 14:20:21.476783810,0.183783810,1,0
'2026-07-31 14:20:21.476902810,0.183902810,0,1
'2026-07-31 14:20:21.476933790,0.183933790,0,0
'2026-07-31 14:20:21.476933800,0.183933800,1,0
'2026-07-31 14:20:21.477052800,0.184052800,0,1
'2026-07-31 14:20:21.477083780,0.184083780,0,0
'2026-07-31 14:20:21.477083800,0.184083800,1,0
'2026-07-31 14:20:21.477202800,0.184202800,0,1
'2026-07-31 14:20:21.477233780,0.184233780,0,0
'2026-07-31 14:20:21.477233800,0.184233800,1,0
'2026-07-31 14:20:21.477352800,0.184352800,0,1
'2026-07-31 14:20:21.477383780,0.184383780,0,0
'2026-07-31 14:20:21.477383800,0.184383800,1,0
'2026-07-31 14:20:21.477502800,0.184502800,0,1
'2026-07-31 14:20:21.477533780,0.184533780,0,0
'2026-07-31 14:20:21.477533800,0.184533800,1,0
'2026-07-31 14:20:21.477652800,0.184652800,0,1
'2026-07-31 14:20:21.477683780,0.184683780,0,0
'2026-07-31 14:20:21.477683800,0.184683800,1,0
'2026-07-31 14:20:21.477802800,0.184802800,0,1
'2026-07-31 14:20:21.477833780,0.184833780,0,0
'2026-07-31 14:20:21.477833800,0.184833800,1,0
'2026-07-31 14:20:21.477952800,0.184952800,0,1
'2026-07-31 14:20:21.477983780,0.184983780,0,0
'2026-07-31 14:20:21.477983800,0.184983800,1,0
'2026-07-31 14:20:21.478102800,0.185102800,0,1
'2026-07-31 14:20:21.478133780,0.185133780,0,0
'2026-07-31 14:20:21.478133800,0.185133800,1,0
'2026-07-31 14:20:21.478252800,0.185252800,0,1
'2026-07-31 14:20:21.478283780,0.185283780,0,0
'2026-07-31 14:20:21.478283800,0.185283800,1,0
'2026-07-31 14:20:21.478402800,0.185402800,0,1
'2026-07-31 14:20:21.478433780,0.185433780,0,0
'2026-07-31 14:20:21.478433800,0.185433800,1,0
'2026-07-31 14:20:21.478552800,0.185552800,0,1
'2026-07-31 14:20:21.478583780,0.185583780,0,0
'2026-07-31 14:20:21.478583800,0.185583800,1,0
'2026-07-31 14:20:21.478702800,0.185702800,0,1
'2026-07-31 14:20:21.478733780,0.185733780,0,0
'2026-07-31 14:20:21.478733800,0.185733800,1,0
'2026-07-31 14:20:21.478852790,0.185852790,0,1
'2026-07-31 14:20:21.478883780,0.185883780,0,0
'2026-07-31 14:20:21.478883790,0.185883790,1,0
'2026-07-31 14:20:21.479002790,0.186002790,0,1
'2026-07-31 14:20:21.479033770,0.186033770,0,0
'2026-07-31 14:20:21.479033790,0.186033790,1,0
'2026-07-31 14:20:21.479152790,0.186152790,0,1
'2026-07-31 14:20:21.479183770,0.186183770,0,0
'2026-07-31 14:20:21.479183790,0.186183790,1,0
'2026-07-31 14:20:21.479302790,0.186302790,0,1
'2026-07-31 14:20:21.479333770,0.186333770,0,0
'2026-07-31 14:20:21.479333790,0.186333790,1,0
'2026-07-31 14:20:21.479452790,0.186452790,0,1
'2026-07-31 14:20:21.479483770,0.186483770,0,0
'2026-07-31 14:20:21.479483790,0.186483790,1,0
'2026-07-31 14:20:21.479602790,0.186602790,0,1
'2026-07-31 14:20:21.479633770,0.186633770,0,0
'2026-07-31 14:20:21.479633790,0.186633790,1,0
'2026-07-31 14:20:21.479752790,0.186752790,0,1
'2026-07-31 14:20:21.479783770,0.186783770,0,0
'2026-07-31 14:20:21.479783790,0.186783790,1,0
'2026-07-31 14:20:21.479902790,0.186902790,0,1
'2026-07-31 14:20:21.479933770,0.186933770,0,0
'2026-07-31 14:20:21.479933790,0.186933790,1,0
'2026-07-31 14:20:21.480052790,0.187052790,0,1
'2026-07-31 14:20:21.480083770,0.187083770,0,0
'2026-07-31 14:20:21.480083790,0.187083790,1,0
'2026-07-31 14:20:21.480202790,0.187202790,0,1
'2026-07-31 14:20:21.480233770,0.187233770,0,0
'2026-07-31 14:20:21.480233790,0.187233790,1,0
'2026-07-31 14:20:21.480352790,0.187352790,0,1
'2026-07-31 14:20:21.480383770,0.187383770,0,0
'2026-07-31 14:20:21.480383790,0.187383790,1,0
'2026-07-31 14:20:21.480502790,0.187502790,0,1
'2026-07-31 14:20:21.480533770,0.187533770,0,0
'2026-07-31 14:20:21.480533790,0.187533790,1,0
'2026-07-31 14:20:21.480652790,0.187652790,0,1
'2026-07-31 14:20:21.480683770,0.187683770,0,0
'2026-07-31 14:20:21.480683780,0.187683780,1,0
'2026-07-31 14:20:21.480802780,0.187802780,0,1
'2026-07-31 14:20:21.480833760,0.187833760,0,0
'2026-07-31 14:20:21.480833780,0.187833780,1,0
'2026-07-31 14:20:21.480952780,0.187952780,0,1
'2026-07-31 14:20:21.480983760,0.187983760,0,0
'2026-07-31 14:20:21.480983780,0.187983780,1,0
'2026-07-31 14:20:21.481102780,0.188102780,0,1
'2026-07-31 14:20:21.481133760,0.188133760,0,0
'2026-07-31 14:20:21.481133780,0.188133780,1,0
'2026-07-31 14:20:21.481252780,0.188252780,0,1
'2026-07-31 14:20:21.481283760,0.188283760,0,0
'2026-07-31 14:20:21.481283780,0.188283780,1,0
'2026-07-31 14:20:21.481402780,0.188402780,0,1
'2026-07-31 14:20:21.481433760,0.188433760,0,0
'2026-07-31 14:20:21.481433780,0.188433780,1,0
'2026-07-31 14:20:21.481552780,0.188552780,0,1
'2026-07-31 14:20:21.481583760,0.188583760,0,0
'2026-07-31 14:20:21.481583780,0.188583780,1,0
'2026-07-31 14:20:21.481702780,0.188702780,0,1
'2026-07-31 14:20:21.481733760,0.188733760,0,0
'2026-07-31 14:20:21.481733780,0.188733780,1,0
'2026-07-31 14:20:21.481852780,0.188852780,0,1
'2026-07-31 14:20:21.481883760,0.188883760,0,0
'2026-07-31 14:20:21.481883780,0.188883780,1,0
'2026-07-31 14:20:21.482002780,0.189002780,0,1
'2026-07-31 14:20:21.482033760,0.189033760,0,0
'2026-07-31 14:20:21.482033780,0.189033780,1,0
'2026-07-31 14:20:21.482152780,0.189152780,0,1
'2026-07-31 14:20:21.482183760,0.189183760,0,0
'2026-07-31 14:20:21.482183780,0.189183780,1,0
'2026-07-31 14:20:21.482302780,0.189302780,0,1
'2026-07-31 14:20:21.482333760,0.189333760,0,0
'2026-07-31 14:20:21.482333780,0.189333780,1,0
'2026-07-31 14:20:21.482452780,0.189452780,0,1
'2026-07-31 14:20:21.482483760,0.189483760,0,0
'2026-07-31 14:20:21.482483780,0.189483780,1,0
'2026-07-31 14:20:21.482602770,0.189602770,1,1
'2026-07-31 14:20:21.482602780,0.189602780,0,1
'2026-07-31 14:20:21.482633760,0.189633760,0,0
'2026-07-31 14:20:21.482633770,0.189633770,1,0
'2026-07-31 14:20:21.482752770,0.189752770,0,1
'2026-07-31 14:20:21.482783750,0.189783750,0,0
'2026-07-31 14:20:21.482783770,0.189783770,1,0
'2026-07-31 14:20:21.482902770,0.189902770,0,1
'2026-07-31 14:20:21.482933750,0.189933750,0,0
'2026-07-31 14:20:21.482933770,0.189933770,1,0
'2026-07-31 14:20:21.483052770,0.190052770,0,1
'2026-07-31 14:20:21.483083750,0.190083750,0,0
'2026-07-31 14:20:21.483083770,0.190083770,1,0
'2026-07-31 14:20:21.483202770,0.190202770,0,1
'2026-07-31 14:20:21.483233750,0.190233750,0,0
'2026-07-31 14:20:21.483233770,0.190233770,1,0
'2026-07-31 14:20:21.483352770,0.190352770,0,1
'2026-07-31 14:20:21.483383750,0.190383750,0,0
'2026-07-31 14:20:21.483383770,0.190383770,1,0
'2026-07-31 14:20:21.483502770,0.190502770,0,1
'2026-07-31 14:20:21.483533750,0.190533750,0,0
'2026-07-31 14:20:21.483533770,0.190533770,1,0
'2026-07-31 14:20:21.483652770,0.190652770,0,1
'2026-07-31 14:20:21.483683750,0.190683750,0,0
'2026-07-31 14:20:21.483683770,0.190683770,1,0
'2026-07-31 14:20:21.483802770,0.190802770,0,1
'2026-07-31 14:20:21.483833750,0.190833750,0,0
'2026-07-31 14:20:21.483833770,0.190833770,1,0
'2026-07-31 14:20:21.483952770,0.190952770,0,1
'2026-07-31 14:20:21.483983750,0.190983750,0,0
'2026-07-31 14:20:21.483983770,0.190983770,1,0
'2026-07-31 14:20:21.484102770,0.191102770,0,1
'2026-07-31 14:20:21.484133750,0.191133750,0,0
'2026-07-31 14:20:21.484133770,0.191133770,1,0
'2026-07-31 14:20:21.484252770,0.191252770,0,1
'2026-07-31 14:20:21.484283750,0.191283750,0,0
'2026-07-31 14:20:21.484283770,0.191283770,1,0
'2026-07-31 14:20:21.484402770,0.191402770,0,1
'2026-07-31 14:20:21.484433750,0.191433750,0,0
'2026-07-31 14:20:21.484433770,0.191433770,1,0
'2026-07-31 14:20:21.484552760,0.191552760,0,1
'2026-07-31 14:20:21.484583740,0.191583740,0,0
'2026-07-31 14:20:21.484583760,0.191583760,1,0
'2026-07-31 14:20:21.484702760,0.191702760,0,1
'2026-07-31 14:20:21.484733740,0.191733740,0,0
'2026-07-31 14:20:21.484733760,0.191733760,1,0
'2026-07-31 14:20:21.484852760,0.191852760,0,1
'2026-07-31 14:20:21.484883740,0.191883740,0,0
'2026-07-31 14:20:21.484883760,0.191883760,1,0
'2026-07-31 14:20:21.485002760,0.192002760,0,1
'2026-07-31 14:20:21.485033740,0.192033740,0,0
'2026-07-31 14:20:21.485033760,0.192033760,1,0
'2026-07-31 14:20:21.485152760,0.192152760,0,1
'2026-07-31 14:20:21.485183740,0.192183740,0,0
'2026-07-31 14:20:21.485183760,0.192183760,1,0
'2026-07-31 14:20:21.485302760,0.192302760,0,1
'2026-07-31 14:20:21.485333740,0.192333740,0,0
'2026-07-31 14:20:21.485333760,0.192333760,1,0
'2026-07-31 14:20:21.485452760,0.192452760,0,1
'2026-07-31 14:20:21.485483740,0.192483740,0,0
'2026-07-31 14:20:21.485483760,0.192483760,1,0
'2026-07-31 14:20:21.485602760,0.192602760,0,1
'2026-07-31 14:20:21.485633740,0.192633740,0,0
'2026-07-31 14:20:21.485633760,0.192633760,1,0
'2026-07-31 14:20:21.485752760,0.192752760,0,1
'2026-07-31 14:20:21.485783740,0.192783740,0,0
'2026-07-31 14:20:21.485783760,0.192783760,1,0
'2026-07-31 14:20:21.485902760,0.192902760,0,1
'2026-07-31 14:20:21.485933740,0.192933740,0,0
'2026-07-31 14:20:21.485933760,0.192933760,1,0
'2026-07-31 14:20:21.486052760,0.193052760,0,1
'2026-07-31 14:20:21.486083740,0.193083740,0,0
'2026-07-31 14:20:21.486083760,0.193083760,1,0
'2026-07-31 14:20:21.486202760,0.193202760,0,1
'2026-07-31 14:20:21.486233740,0.193233740,0,0
'2026-07-31 14:20:21.486233760,0.193233760,1,0
'2026-07-31 14:20:21.486352760,0.193352760,0,1
'2026-07-31 14:20:21.486383740,0.193383740,0,0
'2026-07-31 14:20:21.486383750,0.193383750,1,0
'2026-07-31 14:20:21.486502750,0.193502750,0,1
'2026-07-31 14:20:21.486533730,0.193533730,0,0
'2026-07-31 14:20:21.486533750,0.193533750,1,0
'2026-07-31 14:20:21.486652750,0.193652750,0,1
'2026-07-31 14:20:21.486683730,0.193683730,0,0
'2026-07-31 14:20:21.486683750,0.193683750,1,0
'2026-07-31 14:20:21.486802750,0.193802750,0,1
'2026-07-31 14:20:21.486833730,0.193833730,0,0
'2026-07-31 14:20:21.486833750,0.193833750,1,0
'2026-07-31 14:20:21.486952750,0.193952750,0,1
'2026-07-31 14:20:21.486983730,0.193983730,0,0
'2026-07-31 14:20:21.486983750,0.193983750,1,0
'2026-07-31 14:20:21.487102750,0.194102750,0,1
'2026-07-31 14:20:21.487133730,0.194133730,0,0
'2026-07-31 14:20:21.487133750,0.194133750,1,0
'2026-07-31 14:20:21.487252750,0.194252750,0,1
'2026-07-31 14:20:21.487283730,0.194283730,0,0
'2026-07-31 14:20:21.487283750,0.194283750,1,0
'2026-07-31 14:20:21.487402750,0.194402750,0,1
'2026-07-31 14:20:21.487433730,0.194433730,0,0
'2026-07-31 14:20:21.487433750,0.194433750,1,0
'2026-07-31 14:20:21.487552750,0.194552750,0,1
'2026-07-31 14:20:21.487583730,0.194583730,0,0
'2026-07-31 14:20:21.487583750,0.194583750,1,0
'2026-07-31 14:20:21.487702750,0.194702750,0,1
'2026-07-31 14:20:21.487733730,0.194733730,0,0
'2026-07-31 14:20:21.487733750,0.194733750,1,0
'2026-07-31 14:20:21.487852750,0.194852750,0,1
'2026-07-31 14:20:21.487883730,0.194883730,0,0
'2026-07-31 14:20:21.487883750,0.194883750,1,0
'2026-07-31 14:20:21.488002750,0.195002750,0,1
'2026-07-31 14:20:21.488033730,0.195033730,0,0
'2026-07-31 14:20:21.488033750,0.195033750,1,0
'2026-07-31 14:20:21.488152750,0.195152750,0,1
'2026-07-31 14:20:21.488183730,0.195183730,0,0
'2026-07-31 14:20:21.488183750,0.195183750,1,0
'2026-07-31 14:20:21.488302740,0.195302740,1,1
'2026-07-31 14:20:21.488302750,0.195302750,0,1
'2026-07-31 14:20:21.488333730,0.195333730,0,0
'2026-07-31 14:20:21.488333740,0.195333740,1,0
'2026-07-31 14:20:21.488452740,0.195452740,0,1
'2026-07-31 14:20:21.488483720,0.195483720,0,0
'2026-07-31 14:20:21.488483740,0.195483740,1,0
'2026-07-31 14:20:21.488602740,0.195602740,0,1
'2026-07-31 14:20:21.488633720,0.195633720,0,0
'2026-07-31 14:20:21.488633740,0.195633740,1,0
'2026-07-31 14:20:21.488752740,0.195752740,0,1
'2026-07-31 14:20:21.488783720,0.195783720,0,0
'2026-07-31 14:20:21.488783740,0.195783740,1,0
'2026-07-31 14:20:21.488902740,0.195902740,0,1
'2026-07-31 14:20:21.488933720,0.195933720,0,0
'2026-07-31 14:20:21.488933740,0.195933740,1,0
'2026-07-31 14:20:21.489052740,0.196052740,0,1
'2026-07-31 14:20:21.489083720,0.196083720,0,0
'2026-07-31 14:20:21.489083740,0.196083740,1,0
'2026-07-31 14:20:21.489202740,0.196202740,0,1
'2026-07-31 14:20:21.489233720,0.196233720,0,0
'2026-07-31 14:20:21.489233740,0.196233740,1,0
'2026-07-31 14:20:21.489352740,0.196352740,0,1
'2026-07-31 14:20:21.489383720,0.196383720,0,0
'2026-07-31 14:20:21.489383740,0.196383740,1,0
'2026-07-31 14:20:21.489502740,0.196502740,0,1
'2026-07-31 14:20:21.489533720,0.196533720,0,0
'2026-07-31 14:20:21.489533740,0.196533740,1,0
'2026-07-31 14:20:21.489652740,0.196652740,0,1
'2026-07-31 14:20:21.489683720,0.196683720,0,0
'2026-07-31 14:20:21.489683740,0.196683740,1,0
'2026-07-31 14:20:21.489802740,0.196802740,0,1
'2026-07-31 14:20:21.489833720,0.196833720,0,0
'2026-07-31 14:20:21.489833740,0.196833740,1,0
'2026-07-31 14:20:21.489952740,0.196952740,0,1
'2026-07-31 14:20:21.489983720,0.196983720,0,0
'2026-07-31 14:20:21.489983740,0.196983740,1,0
'2026-07-31 14:20:21.490102740,0.197102740,0,1
'2026-07-31 14:20:21.490133720,0.197133720,0,0
'2026-07-31 14:20:21.490133740,0.197133740,1,0
'2026-07-31 14:20:21.490252730,0.197252730,0,1
'2026-07-31 14:20:21.490283710,0.197283710,0,0
'2026-07-31 14:20:21.490283730,0.197283730,1,0
'2026-07-31 14:20:21.490402730,0.197402730,0,1
'2026-07-31 14:20:21.490433710,0.197433710,0,0
'2026-07-31 14:20:21.490433730,0.197433730,1,0
'2026-07-31 14:20:21.490552730,0.197552730,0,1
'2026-07-31 14:20:21.490583710,0.197583710,0,0
'2026-07-31 14:20:21.490583730,0.197583730,1,0
'2026-07-31 14:20:21.490702730,0.197702730,0,1
'2026-07-31 14:20:21.490733710,0.197733710,0,0
'2026-07-31 14:20:21.490733730,0.197733730,1,0
'2026-07-31 14:20:21.490852730,0.197852730,0,1
'2026-07-31 14:20:21.490883710,0.197883710,0,0
'2026-07-31 14:20:21.490883730,0.197883730,1,0
'2026-07-31 14:20:21.491002730,0.198002730,0,1
'2026-07-31 14:20:21.491033710,0.198033710,0,0
'2026-07-31 14:20:21.491033730,0.198033730,1,0
'2026-07-31 14:20:21.491152730,0.198152730,0,1
'2026-07-31 14:20:21.491183710,0.198183710,0,0
'2026-07-31 14:20:21.491183730,0.198183730,1,0
'2026-07-31 14:20:21.491302730,0.198302730,0,1
'2026-07-31 14:20:21.491333710,0.198333710,0,0
'2026-07-31 14:20:21.491333730,0.198333730,1,0
'2026-07-31 14:20:21.491452730,0.198452730,0,1
'2026-07-31 14:20:21.491483710,0.198483710,0,0
'2026-07-31 14:20:21.491483730,0.198483730,1,0
'2026-07-31 14:20:21.491602730,0.198602730,0,1
'2026-07-31 14:20:21.491633710,0.198633710,0,0
'2026-07-31 14:20:21.491633730,0.198633730,1,0
'2026-07-31 14:20:21.491752730,0.198752730,0,1
'2026-07-31 14:20:21.491783710,0.198783710,0,0
'2026-07-31 14:20:21.491783730,0.198783730,1,0
'2026-07-31 14:20:21.491902730,0.198902730,0,1
'2026-07-31 14:20:21.491933710,0.198933710,0,0
'2026-07-31 14:20:21.491933730,0.198933730,1,0
'2026-07-31 14:20:21.492052720,0.199052720,1,1
'2026-07-31 14:20:21.492052730,0.199052730,0,1
'2026-07-31 14:20:21.492083710,0.199083710,0,0
'2026-07-31 14:20:21.492083720,0.199083720,1,0
'2026-07-31 14:20:21.492202720,0.199202720,0,1
'2026-07-31 14:20:21.492233700,0.199233700,0,0
'2026-07-31 14:20:21.492233720,0.199233720,1,0
'2026-07-31 14:20:21.492352720,0.199352720,0,1
'2026-07-31 14:20:21.492383700,0.199383700,0,0
'2026-07-31 14:20:21.492383720,0.199383720,1,0
'2026-07-31 14:20:21.492502720,0.199502720,0,1
'2026-07-31 14:20:21.492533700,0.199533700,0,0
'2026-07-31 14:20:21.492533720,0.199533720,1,0
'2026-07-31 14:20:21.492652720,0.199652720,0,1
'2026-07-31 14:20:21.492683700,0.199683700,0,0
'2026-07-31 14:20:21.492683720,0.199683720,1,0
'2026-07-31 14:20:21.492802720,0.199802720,0,1
'2026-07-31 14:20:21.492833700,0.199833700,0,0
'2026-07-31 14:20:21.492833720,0.199833720,1,0
'2026-07-31 14:20:21.492952720,0.199952720,0,1
'2026-07-31 14:20:21.492983700,0.199983700,0,0
'2026-07-31 14:20:21.492983720,0.199983720,1,0
'2026-07-31 14:20:21.493102720,0.200102720,0,1
'2026-07-31 14:20:21.493133700,0.200133700,0,0
'2026-07-31 14:20:21.493133720,0.200133720,1,0
'2026-07-31 14:20:21.493252720,0.200252720,0,1
'2026-07-31 14:20:21.493283700,0.200283700,0,0
'2026-07-31 14:20:21.493283720,0.200283720,1,0
'2026-07-31 14:20:21.493402720,0.200402720,0,1
'2026-07-31 14:20:21.493433700,0.200433700,0,0
'2026-07-31 14:20:21.493433720,0.200433720,1,0
'2026-07-31 14:20:21.493552720,0.200552720,0,1
'2026-07-31 14:20:21.493583700,0.200583700,0,0
'2026-07-31 14:20:21.493583720,0.200583720,1,0
'2026-07-31 14:20:21.493702720,0.200702720,0,1
'2026-07-31 14:20:21.493733700,0.200733700,0,0
'2026-07-31 14:20:21.493733720,0.200733720,1,0
'2026-07-31 14:20:21.493852720,0.200852720,0,1
'2026-07-31 14:20:21.493883700,0.200883700,0,0
'2026-07-31 14:20:21.493883720,0.200883720,1,0
'2026-07-31 14:20:21.494002710,0.201002710,0,1
'2026-07-31 14:20:21.494033690,0.201033690,0,0
'2026-07-31 14:20:21.494033710,0.201033710,1,0
'2026-07-31 14:20:21.494152710,0.201152710,0,1
'2026-07-31 14:20:21.494183690,0.201183690,0,0
'2026-07-31 14:20:21.494183710,0.201183710,1,0
'2026-07-31 14:20:21.494302710,0.201302710,0,1
'2026-07-31 14:20:21.494333690,0.201333690,0,0
'2026-07-31 14:20:21.494333710,0.201333710,1,0
'2026-07-31 14:20:21.494452710,0.201452710,0,1
'2026-07-31 14:20:21.494483690,0.201483690,0,0
'2026-07-31 14:20:21.494483710,0.201483710,1,0
'2026-07-31 14:20:21.494602710,0.201602710,0,1
'2026-07-31 14:20:21.494633690,0.201633690,0,0
'2026-07-31 14:20:21.494633710,0.201633710,1,0
'2026-07-31 14:20:21.494752710,0.201752710,0,1
'2026-07-31 14:20:21.494783690,0.201783690,0,0
'2026-07-31 14:20:21.494783710,0.201783710,1,0
'2026-07-31 14:20:21.494902710,0.201902710,0,1
'2026-07-31 14:20:21.494933690,0.201933690,0,0
'2026-07-31 14:20:21.494933710,0.201933710,1,0
'2026-07-31 14:20:21.495052710,0.202052710,0,1
'2026-07-31 14:20:21.495083690,0.202083690,0,0
'2026-07-31 14:20:21.495083710,0.202083710,1,0
'2026-07-31 14:20:21.495202710,0.202202710,0,1
'2026-07-31 14:20:21.495233690,0.202233690,0,0
'2026-07-31 14:20:21.495233710,0.202233710,1,0
'2026-07-31 14:20:21.495352710,0.202352710,0,1
'2026-07-31 14:20:21.495383690,0.202383690,0,0
'2026-07-31 14:20:21.495383710,0.202383710,1,0
'2026-07-31 14:20:21.495502710,0.202502710,0,1
'2026-07-31 14:20:21.495533690,0.202533690,0,0
'2026-07-31 14:20:21.495533710,0.202533710,1,0
'2026-07-31 14:20:21.495652710,0.202652710,0,1
'2026-07-31 14:20:21.495683690,0.202683690,0,0
'2026-07-31 14:20:21.495683710,0.202683710,1,0
'2026-07-31 14:20:21.495802710,0.202802710,0,1
'2026-07-31 14:20:21.495833690,0.202833690,0,0
'2026-07-31 14:20:21.495833700,0.202833700,1,0
'2026-07-31 14:20:21.495952700,0.202952700,0,1
'2026-07-31 14:20:21.495983680,0.202983680,0,0
'2026-07-31 14:20:21.495983700,0.202983700,1,0
'2026-07-31 14:20:21.496102700,0.203102700,0,1
'2026-07-31 14:20:21.496133680,0.203133680,0,0
'2026-07-31 14:20:21.496133700,0.203133700,1,0
'2026-07-31 14:20:21.496252700,0.203252700,0,1
'2026-07-31 14:20:21.496283680,0.203283680,0,0
'2026-07-31 14:20:21.496283700,0.203283700,1,0
'2026-07-31 14:20:21.496402700,0.203402700,0,1
'2026-07-31 14:20:21.496433680,0.203433680,0,0
'2026-07-31 14:20:21.496433700,0.203433700,1,0
'2026-07-31 14:20:21.496552700,0.203552700,0,1
'2026-07-31 14:20:21.496583680,0.203583680,0,0
'2026-07-31 14:20:21.496583700,0.203583700,1,0
'2026-07-31 14:20:21.496702700,0.203702700,0,1
'2026-07-31 14:20:21.496733680,0.203733680,0,0
'2026-07-31 14:20:21.496733700,0.203733700,1,0
'2026-07-31 14:20:21.496852700,0.203852700,0,1
'2026-07-31 14:20:21.496883680,0.203883680,0,0
'2026-07-31 14:20:21.496883700,0.203883700,1,0
'2026-07-31 14:20:21.497002700,0.204002700,0,1
'2026-07-31 14:20:21.497033680,0.204033680,0,0
'2026-07-31 14:20:21.497033700,0.204033700,1,0
'2026-07-31 14:20:21.497152700,0.204152700,0,1
'2026-07-31 14:20:21.497183680,0.204183680,0,0
'2026-07-31 14:20:21.497183700,0.204183700,1,0
'2026-07-31 14:20:21.497302700,0.204302700,0,1
'2026-07-31 14:20:21.497333680,0.204333680,0,0
'2026-07-31 14:20:21.497333700,0.204333700,1,0
'2026-07-31 14:20:21.497452700,0.204452700,0,1
'2026-07-31 14:20:21.497483680,0.204483680,0,0
'2026-07-31 14:20:21.497483700,0.204483700,1,0
'2026-07-31 14:20:21.497602700,0.204602700,0,1
'2026-07-31 14:20:21.497633680,0.204633680,0,0
'2026-07-31 14:20:21.497633700,0.204633700,1,0
'2026-07-31 14:20:21.497752690,0.204752690,0,1
'2026-07-31 14:20:21.497783680,0.204783680,0,0
'2026-07-31 14:20:21.497783690,0.204783690,1,0
'2026-07-31 14:20:21.497902690,0.204902690,0,1
'2026-07-31 14:20:21.497933670,0.204933670,0,0
'2026-07-31 14:20:21.497933690,0.204933690,1,0
'2026-07-31 14:20:21.498052690,0.205052690,0,1
'2026-07-31 14:20:21.498083670,0.205083670,0,0
'2026-07-31 14:20:21.498083690,0.205083690,1,0
'2026-07-31 14:20:21.498202690,0.205202690,0,1
'2026-07-31 14:20:21.498233670,0.205233670,0,0
'2026-07-31 14:20:21.498233690,0.205233690,1,0
'2026-07-31 14:20:21.498352690,0.205352690,0,1
'2026-07-31 14:20:21.498383670,0.205383670,0,0
'2026-07-31 14:20:21.498383690,0.205383690,1,0
'2026-07-31 14:20:21.498502690,0.205502690,0,1
'2026-07-31 14:20:21.498533670,0.205533670,0,0
'2026-07-31 14:20:21.498533690,0.205533690,1,0
'2026-07-31 14:20:21.498652690,0.205652690,0,1
'2026-07-31 14:20:21.498683670,0.205683670,0,0
'2026-07-31 14:20:21.498683690,0.205683690,1,0
'2026-07-31 14:20:21.498802690,0.205802690,0,1
'2026-07-31 14:20:21.498833670,0.205833670,0,0
'2026-07-31 14:20:21.498833690,0.205833690,1,0
'2026-07-31 14:20:21.498952690,0.205952690,0,1
'2026-07-31 14:20:21.498983670,0.205983670,0,0
'2026-07-31 14:20:21.498983690,0.205983690,1,0
'2026-07-31 14:20:21.499102690,0.206102690,0,1
'2026-07-31 14:20:21.499133670,0.206133670,0,0
'2026-07-31 14:20:21.499133690,0.206133690,1,0
'2026-07-31 14:20:21.499252690,0.206252690,0,1
'2026-07-31 14:20:21.499283670,0.206283670,0,0
'2026-07-31 14:20:21.499283690,0.206283690,1,0
'2026-07-31 14:20:21.499402690,0.206402690,0,1
'2026-07-31 14:20:21.499433670,0.206433670,0,0
'2026-07-31 14:20:21.499433690,0.206433690,1,0
'2026-07-31 14:20:21.499552690,0.206552690,0,1
'2026-07-31 14:20:21.499583670,0.206583670,0,0
'2026-07-31 14:20:21.499583690,0.206583690,1,0
'2026-07-31 14:20:21.499702680,0.206702680,0,1
'2026-07-31 14:20:21.499733660,0.206733660,0,0
'2026-07-31 14:20:21.499733680,0.206733680,1,0
'2026-07-31 14:20:21.499852680,0.206852680,0,1
'2026-07-31 14:20:21.499883660,0.206883660,0,0
'2026-07-31 14:20:21.499883680,0.206883680,1,0
'2026-07-31 14:20:21.500002680,0.207002680,0,1
'2026-07-31 14:20:21.500033660,0.207033660,0,0
'2026-07-31 14:20:21.500033680,0.207033680,1,0
'2026-07-31 14:20:21.500152680,0.207152680,0,1
'2026-07-31 14:20:21.500183660,0.207183660,0,0
'2026-07-31 14:20:21.500183680,0.207183680,1,0
'2026-07-31 14:20:21.500302680,0.207302680,0,1
'2026-07-31 14:20:21.500333660,0.207333660,0,0
'2026-07-31 14:20:21.500333680,0.207333680,1,0
'2026-07-31 14:20:21.500452680,0.207452680,0,1
'2026-07-31 14:20:21.500483660,0.207483660,0,0
'2026-07-31 14:20:21.500483680,0.207483680,1,0
'2026-07-31 14:20:21.500602680,0.207602680,0,1
'2026-07-31 14:20:21.500633660,0.207633660,0,0
'2026-07-31 14:20:21.500633680,0.207633680,1,0
'2026-07-31 14:20:21.500752680,0.207752680,0,1
'2026-07-31 14:20:21.500783660,0.207783660,0,0
'2026-07-31 14:20:21.500783680,0.207783680,1,0
'2026-07-31 14:20:21.500902680,0.207902680,0,1
'2026-07-31 14:20:21.500933660,0.207933660,0,0
'2026-07-31 14:20:21.500933680,0.207933680,1,0
'2026-07-31 14:20:21.501052680,0.208052680,0,1
'2026-07-31 14:20:21.501083660,0.208083660,0,0
'2026-07-31 14:20:21.501083680,0.208083680,1,0
'2026-07-31 14:20:21.501202680,0.208202680,0,1
'2026-07-31 14:20:21.501233660,0.208233660,0,0
'2026-07-31 14:20:21.501233680,0.208233680,1,0
'2026-07-31 14:20:21.501352680,0.208352680,0,1
'2026-07-31 14:20:21.501383660,0.208383660,0,0
'2026-07-31 14:20:21.501383680,0.208383680,1,0
'2026-07-31 14:20:21.501502670,0.208502670,1,1
'2026-07-31 14:20:21.501502680,0.208502680,0,1
'2026-07-31 14:20:21.501533660,0.208533660,0,0
'2026-07-31 14:20:21.501533670,0.208533670,1,0
'2026-07-31 14:20:21.501652670,0.208652670,0,1
'2026-07-31 14:20:21.501683650,0.208683650,0,0
'2026-07-31 14:20:21.501683670,0.208683670,1,0
'2026-07-31 14:20:21.501802670,0.208802670,0,1
'2026-07-31 14:20:21.501833650,0.208833650,0,0
'2026-07-31 14:20:21.501833670,0.208833670,1,0
'2026-07-31 14:20:21.501952670,0.208952670,0,1
'2026-07-31 14:20:21.501983650,0.208983650,0,0
'2026-07-31 14:20:21.501983670,0.208983670,1,0
'2026-07-31 14:20:21.502102670,0.209102670,0,1
'2026-07-31 14:20:21.502133650,0.209133650,0,0
'2026-07-31 14:20:21.502133670,0.209133670,1,0
'2026-07-31 14:20:21.502252670,0.209252670,0,1
'2026-07-31 14:20:21.502283650,0.209283650,0,0
'2026-07-31 14:20:21.502283670,0.209283670,1,0
'2026-07-31 14:20:21.502402670,0.209402670,0,1
'2026-07-31 14:20:21.502433650,0.209433650,0,0
'2026-07-31 14:20:21.502433670,0.209433670,1,0
'2026-07-31 14:20:21.502552670,0.209552670,0,1
'2026-07-31 14:20:21.502583650,0.209583650,0,0
'2026-07-31 14:20:21.502583670,0.209583670,1,0
'2026-07-31 14:20:21.502702670,0.209702670,0,1
'2026-07-31 14:20:21.502733650,0.209733650,0,0
'2026-07-31 14:20:21.502733670,0.209733670,1,0
'2026-07-31 14:20:21.502852670,0.209852670,0,1
'2026-07-31 14:20:21.502883650,0.209883650,0,0
'2026-07-31 14:20:21.502883670,0.209883670,1,0
'2026-07-31 14:20:21.503002670,0.210002670,0,1
'2026-07-31 14:20:21.503033650,0.210033650,0,0
'2026-07-31 14:20:21.503033670,0.210033670,1,0
'2026-07-31 14:20:21.503152670,0.210152670,0,1
'2026-07-31 14:20:21.503183650,0.210183650,0,0
'2026-07-31 14:20:21.503183670,0.210183670,1,0
'2026-07-31 14:20:21.503302670,0.210302670,0,1
'2026-07-31 14:20:21.503333650,0.210333650,0,0
'2026-07-31 14:20:21.503333670,0.210333670,1,0
'2026-07-31 14:20:21.503452660,0.210452660,0,1
'2026-07-31 14:20:21.503483640,0.210483640,0,0
'2026-07-31 14:20:21.503483660,0.210483660,1,0
'2026-07-31 14:20:21.503602660,0.210602660,0,1
'2026-07-31 14:20:21.503633640,0.210633640,0,0
'2026-07-31 14:20:21.503633660,0.210633660,1,0
'2026-07-31 14:20:21.503752660,0.210752660,0,1
'2026-07-31 14:20:21.503783640,0.210783640,0,0
'2026-07-31 14:20:21.503783660,0.210783660,1,0
'2026-07-31 14:20:21.503902660,0.210902660,0,1
'2026-07-31 14:20:21.503933640,0.210933640,0,0
'2026-07-31 14:20:21.503933660,0.210933660,1,0
'2026-07-31 14:20:21.504052660,0.211052660,0,1
'2026-07-31 14:20:21.504083640,0.211083640,0,0
'2026-07-31 14:20:21.504083660,0.211083660,1,0
'2026-07-31 14:20:21.504202660,0.211202660,0,1
'2026-07-31 14:20:21.504233640,0.211233640,0,0
'2026-07-31 14:20:21.504233660,0.211233660,1,0
'2026-07-31 14:20:21.504352660,0.211352660,0,1
'2026-07-31 14:20:21.504383640,0.211383640,0,0
'2026-07-31 14:20:21.504383660,0.211383660,1,0
'2026-07-31 14:20:21.504502660,0.211502660,0,1
'2026-07-31 14:20:21.504533640,0.211533640,0,0
'2026-07-31 14:20:21.504533660,0.211533660,1,0
'2026-07-31 14:20:21.504652660,0.211652660,0,1
'2026-07-31 14:20:21.504683640,0.211683640,0,0
'2026-07-31 14:20:21.504683660,0.211683660,1,0
'2026-07-31 14:20:21.504802660,0.211802660,0,1
'2026-07-31 14:20:21.504833640,0.211833640,0,0
'2026-07-31 14:20:21.504833660,0.211833660,1,0
'2026-07-31 14:20:21.504952660,0.211952660,0,1
'2026-07-31 14:20:21.504983640,0.211983640,0,0
'2026-07-31 14:20:21.504983660,0.211983660,1,0
'2026-07-31 14:20:21.505102660,0.212102660,0,1
'2026-07-31 14:20:21.505133640,0.212133640,0,0
'2026-07-31 14:20:21.505133660,0.212133660,1,0
'2026-07-31 14:20:21.505252660,0.212252660,0,1
'2026-07-31 14:20:21.505283640,0.212283640,0,0
'2026-07-31 14:20:21.505283650,0.212283650,1,0
'2026-07-31 14:20:21.505402650,0.212402650,0,1
'2026-07-31 14:20:21.505433630,0.212433630,0,0
'2026-07-31 14:20:21.505433650,0.212433650,1,0
'2026-07-31 14:20:21.505552650,0.212552650,0,1
'2026-07-31 14:20:21.505583630,0.212583630,0,0
'2026-07-31 14:20:21.505583650,0.212583650,1,0
'2026-07-31 14:20:21.505702650,0.212702650,0,1
'2026-07-31 14:20:21.505733630,0.212733630,0,0
'2026-07-31 14:20:21.505733650,0.212733650,1,0
'2026-07-31 14:20:21.505852650,0.212852650,0,1
'2026-07-31 14:20:21.505883630,0.212883630,0,0
'2026-07-31 14:20:21.505883650,0.212883650,1,0
'2026-07-31 14:20:21.506002650,0.213002650,0,1
'2026-07-31 14:20:21.506033630,0.213033630,0,0
'2026-07-31 14:20:21.506033650,0.213033650,1,0
'2026-07-31 14:20:21.506152650,0.213152650,0,1
'2026-07-31 14:20:21.506183630,0.213183630,0,0
'2026-07-31 14:20:21.506183650,0.213183650,1,0
'2026-07-31 14:20:21.506302650,0.213302650,0,1
'2026-07-31 14:20:21.506333630,0.213333630,0,0
'2026-07-31 14:20:21.506333650,0.213333650,1,0
'2026-07-31 14:20:21.506452650,0.213452650,0,1
'2026-07-31 14:20:21.506483630,0.213483630,0,0
'2026-07-31 14:20:21.506483650,0.213483650,1,0
'2026-07-31 14:20:21.506602650,0.213602650,0,1
'2026-07-31 14:20:21.506633630,0.213633630,0,0
'2026-07-31 14:20:21.506633650,0.213633650,1,0
'2026-07-31 14:20:21.506752650,0.213752650,0,1
'2026-07-31 14:20:21.506783630,0.213783630,0,0
'2026-07-31 14:20:21.506783650,0.213783650,1,0
'2026-07-31 14:20:21.506902650,0.213902650,0,1
'2026-07-31 14:20:21.506933630,0.213933630,0,0
'2026-07-31 14:20:21.506933650,0.213933650,1,0
'2026-07-31 14:20:21.507052650,0.214052650,0,1
'2026-07-31 14:20:21.507083630,0.214083630,0,0
'2026-07-31 14:20:21.507083650,0.214083650,1,0
'2026-07-31 14:20:21.507202640,0.214202640,0,1
'2026-07-31 14:20:21.507233630,0.214233630,0,0
'2026-07-31 14:20:21.507233640,0.214233640,1,0
'2026-07-31 14:20:21.507352640,0.214352640,0,1
'2026-07-31 14:20:21.507383620,0.214383620,0,0
'2026-07-31 14:20:21.507383640,0.214383640,1,0
'2026-07-31 14:20:21.507502640,0.214502640,0,1
'2026-07-31 14:20:21.507533620,0.214533620,0,0
'2026-07-31 14:20:21.507533640,0.214533640,1,0
'2026-07-31 14:20:21.507652640,0.214652640,0,1
'2026-07-31 14:20:21.507683620,0.214683620,0,0
'2026-07-31 14:20:21.507683640,0.214683640,1,0
'2026-07-31 14:20:21.507802640,0.214802640,0,1
'2026-07-31 14:20:21.507833620,0.214833620,0,0
'2026-07-31 14:20:21.507833640,0.214833640,1,0
'2026-07-31 14:20:21.507952640,0.214952640,0,1
'2026-07-31 14:20:21.507983620,0.214983620,0,0
'2026-07-31 14:20:21.507983640,0.214983640,1,0
'2026-07-31 14:20:21.508102640,0.215102640,0,1
'2026-07-31 14:20:21.508133620,0.215133620,0,0
'2026-07-31 14:20:21.508133640,0.215133640,1,0
'2026-07-31 14:20:21.508252640,0.215252640,0,1
'2026-07-31 14:20:21.508283620,0.215283620,0,0
'2026-07-31 14:20:21.508283640,0.215283640,1,0
'2026-07-31 14:20:21.508402640,0.215402640,0,1
'2026-07-31 14:20:21.508433620,0.215433620,0,0
'2026-07-31 14:20:21.508433640,0.215433640,1,0
'2026-07-31 14:20:21.508552640,0.215552640,0,1
'2026-07-31 14:20:21.508583620,0.215583620,0,0
'2026-07-31 14:20:21.508583640,0.215583640,1,0
'2026-07-31 14:20:21.508702640,0.215702640,0,1
'2026-07-31 14:20:21.508733620,0.215733620,0,0
'2026-07-31 14:20:21.508733640,0.215733640,1,0
'2026-07-31 14:20:21.508852640,0.215852640,0,1
'2026-07-31 14:20:21.508883620,0.215883620,0,0
'2026-07-31 14:20:21.508883640,0.215883640,1,0
'2026-07-31 14:20:21.509002640,0.216002640,0,1
'2026-07-31 14:20:21.509033620,0.216033620,0,0
'2026-07-31 14:20:21.509033640,0.216033640,1,0
'2026-07-31 14:20:21.509152630,0.216152630,0,1
'2026-07-31 14:20:21.509183610,0.216183610,0,0
'2026-07-31 14:20:21.509183630,0.216183630,1,0
'2026-07-31 14:20:21.509302630,0.216302630,0,1
'2026-07-31 14:20:21.509333610,0.216333610,0,0
'2026-07-31 14:20:21.509333630,0.216333630,1,0
'2026-07-31 14:20:21.509452630,0.216452630,0,1
'2026-07-31 14:20:21.509483610,0.216483610,0,0
'2026-07-31 14:20:21.509483630,0.216483630,1,0
'2026-07-31 14:20:21.509602630,0.216602630,0,1
'2026-07-31 14:20:21.509633610,0.216633610,0,0
'2026-07-31 14:20:21.509633630,0.216633630,1,0
'2026-07-31 14:20:21.509752630,0.216752630,0,1
'2026-07-31 14:20:21.509783610,0.216783610,0,0
'2026-07-31 14:20:21.509783630,0.216783630,1,0
'2026-07-31 14:20:21.509902630,0.216902630,0,1
'2026-07-31 14:20:21.509933610,0.216933610,0,0
'2026-07-31 14:20:21.509933630,0.216933630,1,0
'2026-07-31 14:20:21.510052630,0.217052630,0,1
'2026-07-31 14:20:21.510083610,0.217083610,0,0
'2026-07-31 14:20:21.510083630,0.217083630,1,0
'2026-07-31 14:20:21.510202630,0.217202630,0,1
'2026-07-31 14:20:21.510233610,0.217233610,0,0
'2026-07-31 14:20:21.510233630,0.217233630,1,0
'2026-07-31 14:20:21.510352630,0.217352630,0,1
'2026-07-31 14:20:21.510383610,0.217383610,0,0
'2026-07-31 14:20:21.510383630,0.217383630,1,0
'2026-07-31 14:20:21.510502630,0.217502630,0,1
'2026-07-31 14:20:21.510533610,0.217533610,0,0
'2026-07-31 14:20:21.510533630,0.217533630,1,0
'2026-07-31 14:20:21.510652630,0.217652630,0,1
'2026-07-31 14:20:21.510683610,0.217683610,0,0
'2026-07-31 14:20:21.510683630,0.217683630,1,0
'2026-07-31 14:20:21.510802630,0.217802630,0,1
'2026-07-31 14:20:21.510833610,0.217833610,0,0
'2026-07-31 14:20:21.510833630,0.217833630,1,0
'2026-07-31 14:20:21.510952620,0.217952620,1,1
'2026-07-31 14:20:21.510952630,0.217952630,0,1
'2026-07-31 14:20:21.510983610,0.217983610,0,0
'2026-07-31 14:20:21.510983620,0.217983620,1,0
'2026-07-31 14:20:21.511102620,0.218102620,0,1
'2026-07-31 14:20:21.511133600,0.218133600,0,0
'2026-07-31 14:20:21.511133620,0.218133620,1,0
'2026-07-31 14:20:21.511252620,0.218252620,0,1
'2026-07-31 14:20:21.511283600,0.218283600,0,0
'2026-07-31 14:20:21.511283620,0.218283620,1,0
'2026-07-31 14:20:21.511402620,0.218402620,0,1
'2026-07-31 14:20:21.511433600,0.218433600,0,0
'2026-07-31 14:20:21.511433620,0.218433620,1,0
'2026-07-31 14:20:21.511552620,0.218552620,0,1
'2026-07-31 14:20:21.511583600,0.218583600,0,0
'2026-07-31 14:20:21.511583620,0.218583620,1,0
'2026-07-31 14:20:21.511702620,0.218702620,0,1
'2026-07-31 14:20:21.511733600,0.218733600,0,0
'2026-07-31 14:20:21.511733620,0.218733620,1,0
'2026-07-31 14:20:21.511852620,0.218852620,0,1
'2026-07-31 14:20:21.511883600,0.218883600,0,0
'2026-07-31 14:20:21.511883620,0.218883620,1,0
'2026-07-31 14:20:21.512002620,0.219002620,0,1
'2026-07-31 14:20:21.512033600,0.219033600,0,0
'2026-07-31 14:20:21.512033620,0.219033620,1,0
'2026-07-31 14:20:21.512152620,0.219152620,0,1
'2026-07-31 14:20:21.512183600,0.219183600,0,0
'2026-07-31 14:20:21.512183620,0.219183620,1,0
'2026-07-31 14:20:21.512302620,0.219302620,0,1
'2026-07-31 14:20:21.512333600,0.219333600,0,0
'2026-07-31 14:20:21.512333620,0.219333620,1,0
'2026-07-31 14:20:21.512452620,0.219452620,0,1
'2026-07-31 14:20:21.512483600,0.219483600,0,0
'2026-07-31 14:20:21.512483620,0.219483620,1,0
'2026-07-31 14:20:21.512602620,0.219602620,0,1
'2026-07-31 14:20:21.512633600,0.219633600,0,0
'2026-07-31 14:20:21.512633620,0.219633620,1,0
'2026-07-31 14:20:21.512752620,0.219752620,0,1
'2026-07-31 14:20:21.512783600,0.219783600,0,0
'2026-07-31 14:20:21.512783620,0.219783620,1,0
'2026-07-31 14:20:21.512902610,0.219902610,0,1
'2026-07-31 14:20:21.512933590,0.219933590,0,0
'2026-07-31 14:20:21.512933610,0.219933610,1,0
'2026-07-31 14:20:21.513052610,0.220052610,0,1
'2026-07-31 14:20:21.513083590,0.220083590,0,0
'2026-07-31 14:20:21.513083610,0.220083610,1,0
'2026-07-31 14:20:21.513202610,0.220202610,0,1
'2026-07-31 14:20:21.513233590,0.220233590,0,0
'2026-07-31 14:20:21.513233610,0.220233610,1,0
'2026-07-31 14:20:21.513352610,0.220352610,0,1
'2026-07-31 14:20:21.513383590,0.220383590,0,0
'2026-07-31 14:20:21.513383610,0.220383610,1,0
'2026-07-31 14:20:21.513502610,0.220502610,0,1
'2026-07-31 14:20:21.513533590,0.220533590,0,0
'2026-07-31 14:20:21.513533610,0.220533610,1,0
'2026-07-31 14:20:21.513652610,0.220652610,0,1
'2026-07-31 14:20:21.513683590,0.220683590,0,0
'2026-07-31 14:20:21.513683610,0.220683610,1,0
'2026-07-31 14:20:21.513802610,0.220802610,0,1
'2026-07-31 14:20:21.513833590,0.220833590,0,0
'2026-07-31 14:20:21.513833610,0.220833610,1,0
'2026-07-31 14:20:21.513952610,0.220952610,0,1
'2026-07-31 14:20:21.513983590,0.220983590,0,0
'2026-07-31 14:20:21.513983610,0.220983610,1,0
'2026-07-31 14:20:21.514102610,0.221102610,0,1
'2026-07-31 14:20:21.514133590,0.221133590,0,0
'2026-07-31 14:20:21.514133610,0.221133610,1,0
'2026-07-31 14:20:21.514252610,0.221252610,0,1
'2026-07-31 14:20:21.514283590,0.221283590,0,0
'2026-07-31 14:20:21.514283610,0.221283610,1,0
'2026-07-31 14:20:21.514402610,0.221402610,0,1
'2026-07-31 14:20:21.514433590,0.221433590,0,0
'2026-07-31 14:20:21.514433610,0.221433610,1,0
'2026-07-31 14:20:21.514552610,0.221552610,0,1
'2026-07-31 14:20:21.514583590,0.221583590,0,0
'2026-07-31 14:20:21.514583610,0.221583610,1,0
'2026-07-31 14:20:21.514702610,0.221702610,0,1
'2026-07-31 14:20:21.514733590,0.221733590,0,0
'2026-07-31 14:20:21.514733600,0.221733600,1,0
'2026-07-31 14:20:21.514852600,0.221852600,0,1
'2026-07-31 14:20:21.514883580,0.221883580,0,0
'2026-07-31 14:20:21.514883600,0.221883600,1,0
'2026-07-31 14:20:21.515002600,0.222002600,0,1
'2026-07-31 14:20:21.515033580,0.222033580,0,0
'2026-07-31 14:20:21.515033600,0.222033600,1,0
'2026-07-31 14:20:21.515152600,0.222152600,0,1
'2026-07-31 14:20:21.515183580,0.222183580,0,0
'2026-07-31 14:20:21.515183600,0.222183600,1,0
'2026-07-31 14:20:21.515302600,0.222302600,0,1
'2026-07-31 14:20:21.515333580,0.222333580,0,0
'2026-07-31 14:20:21.515333600,0.222333600,1,0
'2026-07-31 14:20:21.515452600,0.222452600,0,1
'2026-07-31 14:20:21.515483580,0.222483580,0,0
'2026-07-31 14:20:21.515483600,0.222483600,1,0
'2026-07-31 14:20:21.515602600,0.222602600,0,1
'2026-07-31 14:20:21.515633580,0.222633580,0,0
'2026-07-31 14:20:21.515633600,0.222633600,1,0
'2026-07-31 14:20:21.515752600,0.222752600,0,1
'2026-07-31 14:20:21.515783580,0.222783580,0,0
'2026-07-31 14:20:21.515783600,0.222783600,1,0
'2026-07-31 14:20:21.515902600,0.222902600,0,1
'2026-07-31 14:20:21.515933580,0.222933580,0,0
'2026-07-31 14:20:21.515933600,0.222933600,1,0
'2026-07-31 14:20:21.516052600,0.223052600,0,1
'2026-07-31 14:20:21.516083580,0.223083580,0,0
'2026-07-31 14:20:21.516083600,0.223083600,1,0
'2026-07-31 14:20:21.516202600,0.223202600,0,1
'2026-07-31 14:20:21.516233580,0.223233580,0,0
'2026-07-31 14:20:21.516233600,0.223233600,1,0
'2026-07-31 14:20:21.516352600,0.223352600,0,1
'2026-07-31 14:20:21.516383580,0.223383580,0,0
'2026-07-31 14:20:21.516383600,0.223383600,1,0
'2026-07-31 14:20:21.516502600,0.223502600,0,1
'2026-07-31 14:20:21.516533580,0.223533580,0,0
'2026-07-31 14:20:21.516533600,0.223533600,1,0
'2026-07-31 14:20:21.516652590,0.223652590,0,1
'2026-07-31 14:20:21.516683580,0.223683580,0,0
'2026-07-31 14:20:21.516683590,0.223683590,1,0
'2026-07-31 14:20:21.516802590,0.223802590,0,1
'2026-07-31 14:20:21.516833570,0.223833570,0,0
'2026-07-31 14:20:21.516833590,0.223833590,1,0
'2026-07-31 14:20:21.516952590,0.223952590,0,1
'2026-07-31 14:20:21.516983570,0.223983570,0,0
'2026-07-31 14:20:21.516983590,0.223983590,1,0
'2026-07-31 14:20:21.517102590,0.224102590,0,1
'2026-07-31 14:20:21.517133570,0.224133570,0,0
'2026-07-31 14:20:21.517133590,0.224133590,1,0
'2026-07-31 14:20:21.517252590,0.224252590,0,1
'2026-07-31 14:20:21.517283570,0.224283570,0,0
'2026-07-31 14:20:21.517283590,0.224283590,1,0
'2026-07-31 14:20:21.517402590,0.224402590,0,1
'2026-07-31 14:20:21.517433570,0.224433570,0,0
'2026-07-31 14:20:21.517433590,0.224433590,1,0
'2026-07-31 14:20:21.517552590,0.224552590,0,1
'2026-07-31 14:20:21.517583570,0.224583570,0,0
'2026-07-31 14:20:21.517583590,0.224583590,1,0
'2026-07-31 14:20:21.517702590,0.224702590,0,1
'2026-07-31 14:20:21.517733570,0.224733570,0,0
'2026-07-31 14:20:21.517733590,0.224733590,1,0
'2026-07-31 14:20:21.517852590,0.224852590,0,1
'2026-07-31 14:20:21.517883570,0.224883570,0,0
'2026-07-31 14:20:21.517883590,0.224883590,1,0
'2026-07-31 14:20:21.518002590,0.225002590,0,1
'2026-07-31 14:20:21.518033570,0.225033570,0,0
'2026-07-31 14:20:21.518033590,0.225033590,1,0
'2026-07-31 14:20:21.518152590,0.225152590,0,1
'2026-07-31 14:20:21.518183570,0.225183570,0,0
'2026-07-31 14:20:21.518183590,0.225183590,1,0
'2026-07-31 14:20:21.518302590,0.225302590,0,1
'2026-07-31 14:20:21.518333570,0.225333570,0,0
'2026-07-31 14:20:21.518333590,0.225333590,1,0
'2026-07-31 14:20:21.518452590,0.225452590,0,1
'2026-07-31 14:20:21.518483570,0.225483570,0,0
'2026-07-31 14:20:21.518483590,0.225483590,1,0
'2026-07-31 14:20:21.518602580,0.225602580,0,1
'2026-07-31 14:20:21.518633560,0.225633560,0,0
'2026-07-31 14:20:21.518633580,0.225633580,1,0
'2026-07-31 14:20:21.518752580,0.225752580,0,1
'2026-07-31 14:20:21.518783560,0.225783560,0,0
'2026-07-31 14:20:21.518783580,0.225783580,1,0
'2026-07-31 14:20:21.518902580,0.225902580,0,1
'2026-07-31 14:20:21.518933560,0.225933560,0,0
'2026-07-31 14:20:21.518933580,0.225933580,1,0
'2026-07-31 14:20:21.519052580,0.226052580,0,1
'2026-07-31 14:20:21.519083560,0.226083560,0,0
'2026-07-31 14:20:21.519083580,0.226083580,1,0
'2026-07-31 14:20:21.519202580,0.226202580,0,1
'2026-07-31 14:20:21.519233560,0.226233560,0,0
'2026-07-31 14:20:21.519233580,0.226233580,1,0
'2026-07-31 14:20:21.519352580,0.226352580,0,1
'2026-07-31 14:20:21.519383560,0.226383560,0,0
'2026-07-31 14:20:21.519383580,0.226383580,1,0
'2026-07-31 14:20:21.519502580,0.226502580,0,1
'2026-07-31 14:20:21.519533560,0.226533560,0,0
'2026-07-31 14:20:21.519533580,0.226533580,1,0
'2026-07-31 14:20:21.519652580,0.226652580,0,1
'2026-07-31 14:20:21.519683560,0.226683560,0,0
'2026-07-31 14:20:21.519683580,0.226683580,1,0
'2026-07-31 14:20:21.519802580,0.226802580,0,1
'2026-07-31 14:20:21.519833560,0.226833560,0,0
'2026-07-31 14:20:21.519833580,0.226833580,1,0
'2026-07-31 14:20:21.519952580,0.226952580,0,1
'2026-07-31 14:20:21.519983560,0.226983560,0,0
'2026-07-31 14:20:21.519983580,0.226983580,1,0
'2026-07-31 14:20:21.520102580,0.227102580,0,1
'2026-07-31 14:20:21.520133560,0.227133560,0,0
'2026-07-31 14:20:21.520133580,0.227133580,1,0
'2026-07-31 14:20:21.520252580,0.227252580,0,1
'2026-07-31 14:20:21.520283560,0.227283560,0,0
'2026-07-31 14:20:21.520283580,0.227283580,1,0
'2026-07-31 14:20:21.520402570,0.227402570,1,1
'2026-07-31 14:20:21.520402580,0.227402580,0,1
'2026-07-31 14:20:21.520433560,0.227433560,0,0
'2026-07-31 14:20:21.520433570,0.227433570,1,0
'2026-07-31 14:20:21.520552570,0.227552570,0,1
'2026-07-31 14:20:21.520583550,0.227583550,0,0
'2026-07-31 14:20:21.520583570,0.227583570,1,0
'2026-07-31 14:20:21.520702570,0.227702570,0,1
'2026-07-31 14:20:21.520733550,0.227733550,0,0
'2026-07-31 14:20:21.520733570,0.227733570,1,0
'2026-07-31 14:20:21.520852570,0.227852570,0,1
'2026-07-31 14:20:21.520883550,0.227883550,0,0
'2026-07-31 14:20:21.520883570,0.227883570,1,0
'2026-07-31 14:20:21.521002570,0.228002570,0,1
'2026-07-31 14:20:21.521033550,0.228033550,0,0
'2026-07-31 14:20:21.521033570,0.228033570,1,0
'2026-07-31 14:20:21.521152570,0.228152570,0,1
'2026-07-31 14:20:21.521183550,0.228183550,0,0
'2026-07-31 14:20:21.521183570,0.228183570,1,0
'2026-07-31 14:20:21.521302570,0.228302570,0,1
'2026-07-31 14:20:21.521333550,0.228333550,0,0
'2026-07-31 14:20:21.521333570,0.228333570,1,0
'2026-07-31 14:20:21.521452570,0.228452570,0,1
'2026-07-31 14:20:21.521483550,0.228483550,0,0
'2026-07-31 14:20:21.521483570,0.228483570,1,0
'2026-07-31 14:20:21.521602570,0.228602570,0,1
'2026-07-31 14:20:21.521633550,0.228633550,0,0
'2026-07-31 14:20:21.521633570,0.228633570,1,0
'2026-07-31 14:20:21.521752570,0.228752570,0,1
'2026-07-31 14:20:21.521783550,0.228783550,0,0
'2026-07-31 14:20:21.521783570,0.228783570,1,0
'2026-07-31 14:20:21.521902570,0.228902570,0,1
'2026-07-31 14:20:21.521933550,0.228933550,0,0
'2026-07-31 14:20:21.521933570,0.228933570,1,0
'2026-07-31 14:20:21.522052570,0.229052570,0,1
'2026-07-31 14:20:21.522083550,0.229083550,0,0
'2026-07-31 14:20:21.522083570,0.229083570,1,0
'2026-07-31 14:20:21.522202570,0.229202570,0,1
'2026-07-31 14:20:21.522233550,0.229233550,0,0
'2026-07-31 14:20:21.522233570,0.229233570,1,0
'2026-07-31 14:20:21.522352560,0.229352560,0,1
'2026-07-31 14:20:21.522383550,0.229383550,0,0
'2026-07-31 14:20:21.522383560,0.229383560,1,0
'2026-07-31 14:20:21.522502560,0.229502560,0,1
'2026-07-31 14:20:21.522533540,0.229533540,0,0
'2026-07-31 14:20:21.522533560,0.229533560,1,0
'2026-07-31 14:20:21.522652560,0.229652560,0,1
'2026-07-31 14:20:21.522683540,0.229683540,0,0
'2026-07-31 14:20:21.522683560,0.229683560,1,0
'2026-07-31 14:20:21.522802560,0.229802560,0,1
'2026-07-31 14:20:21.522833540,0.229833540,0,0
'2026-07-31 14:20:21.522833560,0.229833560,1,0
'2026-07-31 14:20:21.522952560,0.229952560,0,1
'2026-07-31 14:20:21.522983540,0.229983540,0,0
'2026-07-31 14:20:21.522983560,0.229983560,1,0
'2026-07-31 14:20:21.523102560,0.230102560,0,1
'2026-07-31 14:20:21.523133540,0.230133540,0,0
'2026-07-31 14:20:21.523133560,0.230133560,1,0
'2026-07-31 14:20:21.523252560,0.230252560,0,1
'2026-07-31 14:20:21.523283540,0.230283540,0,0
'2026-07-31 14:20:21.523283560,0.230283560,1,0
'2026-07-31 14:20:21.523402560,0.230402560,0,1
'2026-07-31 14:20:21.523433540,0.230433540,0,0
'2026-07-31 14:20:21.523433560,0.230433560,1,0
'2026-07-31 14:20:21.523552560,0.230552560,0,1
'2026-07-31 14:20:21.523583540,0.230583540,0,0
'2026-07-31 14:20:21.523583560,0.230583560,1,0
'2026-07-31 14:20:21.523702560,0.230702560,0,1
'2026-07-31 14:20:21.523733540,0.230733540,0,0
'2026-07-31 14:20:21.523733560,0.230733560,1,0
'2026-07-31 14:20:21.523852560,0.230852560,0,1
'2026-07-31 14:20:21.523883540,0.230883540,0,0
'2026-07-31 14:20:21.523883560,0.230883560,1,0
'2026-07-31 14:20:21.524002560,0.231002560,0,1
'2026-07-31 14:20:21.524033540,0.231033540,0,0
'2026-07-31 14:20:21.524033560,0.231033560,1,0
'2026-07-31 14:20:21.524152560,0.231152560,0,1
'2026-07-31 14:20:21.524183540,0.231183540,0,0
'2026-07-31 14:20:21.524183550,0.231183550,1,0
'2026-07-31 14:20:21.524302550,0.231302550,0,1
'2026-07-31 14:20:21.524333530,0.231333530,0,0
'2026-07-31 14:20:21.524333550,0.231333550,1,0
'2026-07-31 14:20:21.524452550,0.231452550,0,1
'2026-07-31 14:20:21.524483530,0.231483530,0,0
'2026-07-31 14:20:21.524483550,0.231483550,1,0
'2026-07-31 14:20:21.524602550,0.231602550,0,1
'2026-07-31 14:20:21.524633530,0.231633530,0,0
'2026-07-31 14:20:21.524633550,0.231633550,1,0
'2026-07-31 14:20:21.524752550,0.231752550,0,1
'2026-07-31 14:20:21.524783530,0.231783530,0,0
'2026-07-31 14:20:21.524783550,0.231783550,1,0
'2026-07-31 14:20:21.524902550,0.231902550,0,1
'2026-07-31 14:20:21.524933530,0.231933530,0,0
'2026-07-31 14:20:21.524933550,0.231933550,1,0
'2026-07-31 14:20:21.525052550,0.232052550,0,1
'2026-07-31 14:20:21.525083530,0.232083530,0,0
'2026-07-31 14:20:21.525083550,0.232083550,1,0
'2026-07-31 14:20:21.525202550,0.232202550,0,1
'2026-07-31 14:20:21.525233530,0.232233530,0,0
'2026-07-31 14:20:21.525233550,0.232233550,1,0
'2026-07-31 14:20:21.525352550,0.232352550,0,1
'2026-07-31 14:20:21.525383530,0.232383530,0,0
'2026-07-31 14:20:21.525383550,0.232383550,1,0
'2026-07-31 14:20:21.525502550,0.232502550,0,1
'2026-07-31 14:20:21.525533530,0.232533530,0,0
'2026-07-31 14:20:21.525533550,0.232533550,1,0
'2026-07-31 14:20:21.525652550,0.232652550,0,1
'2026-07-31 14:20:21.525683530,0.232683530,0,0
'2026-07-31 14:20:21.525683550,0.232683550,1,0
'2026-07-31 14:20:21.525802550,0.232802550,0,1
'2026-07-31 14:20:21.525833530,0.232833530,0,0
'2026-07-31 14:20:21.525833550,0.232833550,1,0
'2026-07-31 14:20:21.525952550,0.232952550,0,1
'2026-07-31 14:20:21.525983530,0.232983530,0,0
'2026-07-31 14:20:21.525983550,0.232983550,1,0
'2026-07-31 14:20:21.526102540,0.233102540,1,1
'2026-07-31 14:20:21.526102550,0.233102550,0,1
'2026-07-31 14:20:21.526133530,0.233133530,0,0
'2026-07-31 14:20:21.526133540,0.233133540,1,0
'2026-07-31 14:20:21.526252540,0.233252540,0,1
'2026-07-31 14:20:21.526283520,0.233283520,0,0
'2026-07-31 14:20:21.526283540,0.233283540,1,0
'2026-07-31 14:20:21.526402540,0.233402540,0,1
'2026-07-31 14:20:21.526433520,0.233433520,0,0
'2026-07-31 14:20:21.526433540,0.233433540,1,0
'2026-07-31 14:20:21.526552540,0.233552540,0,1
'2026-07-31 14:20:21.526583520,0.233583520,0,0
'2026-07-31 14:20:21.526583540,0.233583540,1,0
'2026-07-31 14:20:21.526702540,0.233702540,0,1
'2026-07-31 14:20:21.526733520,0.233733520,0,0
'2026-07-31 14:20:21.526733540,0.233733540,1,0
'2026-07-31 14:20:21.526852540,0.233852540,0,1
'2026-07-31 14:20:21.526883520,0.233883520,0,0
'2026-07-31 14:20:21.526883540,0.233883540,1,0
'2026-07-31 14:20:21.527002540,0.234002540,0,1
'2026-07-31 14:20:21.527033520,0.234033520,0,0
'2026-07-31 14:20:21.527033540,0.234033540,1,0
'2026-07-31 14:20:21.527152540,0.234152540,0,1
'2026-07-31 14:20:21.527183520,0.234183520,0,0
'2026-07-31 14:20:21.527183540,0.234183540,1,0
'2026-07-31 14:20:21.527302540,0.234302540,0,1
'2026-07-31 14:20:21.527333520,0.234333520,0,0
'2026-07-31 14:20:21.527333540,0.234333540,1,0
'2026-07-31 14:20:21.527452540,0.234452540,0,1
'2026-07-31 14:20:21.527483520,0.234483520,0,0
'2026-07-31 14:20:21.527483540,0.234483540,1,0
'2026-07-31 14:20:21.527602540,0.234602540,0,1
'2026-07-31 14:20:21.527633520,0.234633520,0,0
'2026-07-31 14:20:21.527633540,0.234633540,1,0
'2026-07-31 14:20:21.527752540,0.234752540,0,1
'2026-07-31 14:20:21.527783520,0.234783520,0,0
'2026-07-31 14:20:21.527783540,0.234783540,1,0
'2026-07-31 14:20:21.527902540,0.234902540,0,1
'2026-07-31 14:20:21.527933520,0.234933520,0,0
'2026-07-31 14:20:21.527933530,0.234933530,1,0
'2026-07-31 14:20:21.528052530,0.235052530,0,1
'2026-07-31 14:20:21.528083510,0.235083510,0,0
'2026-07-31 14:20:21.528083530,0.235083530,1,0
'2026-07-31 14:20:21.528202530,0.235202530,0,1
'2026-07-31 14:20:21.528233510,0.235233510,0,0
'2026-07-31 14:20:21.528233530,0.235233530,1,0
'2026-07-31 14:20:21.528352530,0.235352530,0,1
'2026-07-31 14:20:21.528383510,0.235383510,0,0
'2026-07-31 14:20:21.528383530,0.235383530,1,0
'2026-07-31 14:20:21.528502530,0.235502530,0,1
'2026-07-31 14:20:21.528533510,0.235533510,0,0
'2026-07-31 14:20:21.528533530,0.235533530,1,0
'2026-07-31 14:20:21.528652530,0.235652530,0,1
'2026-07-31 14:20:21.528683510,0.235683510,0,0
'2026-07-31 14:20:21.528683530,0.235683530,1,0
'2026-07-31 14:20:21.528802530,0.235802530,0,1
'2026-07-31 14:20:21.528833510,0.235833510,0,0
'2026-07-31 14:20:21.528833530,0.235833530,1,0
'2026-07-31 14:20:21.528952530,0.235952530,0,1
'2026-07-31 14:20:21.528983510,0.235983510,0,0
'2026-07-31 14:20:21.528983530,0.235983530,1,0
'2026-07-31 14:20:21.529102530,0.236102530,0,1
'2026-07-31 14:20:21.529133510,0.236133510,0,0
'2026-07-31 14:20:21.529133530,0.236133530,1,0
'2026-07-31 14:20:21.529252530,0.236252530,0,1
'2026-07-31 14:20:21.529283510,0.236283510,0,0
'2026-07-31 14:20:21.529283530,0.236283530,1,0
'2026-07-31 14:20:21.529402530,0.236402530,0,1
'2026-07-31 14:20:21.529433510,0.236433510,0,0
'2026-07-31 14:20:21.529433530,0.236433530,1,0
'2026-07-31 14:20:21.529552530,0.236552530,0,1
'2026-07-31 14:20:21.529583510,0.236583510,0,0
'2026-07-31 14:20:21.529583530,0.236583530,1,0
'2026-07-31 14:20:21.529702530,0.236702530,0,1
'2026-07-31 14:20:21.529733510,0.236733510,0,0
'2026-07-31 14:20:21.529733530,0.236733530,1,0
'2026-07-31 14:20:21.529852520,0.236852520,1,1
'2026-07-31 14:20:21.529852530,0.236852530,0,1
'2026-07-31 14:20:21.529883510,0.236883510,0,0
'2026-07-31 14:20:21.529883520,0.236883520,1,0
'2026-07-31 14:20:21.530002520,0.237002520,0,1
'2026-07-31 14:20:21.530033500,0.237033500,0,0
'2026-07-31 14:20:21.530033520,0.237033520,1,0
'2026-07-31 14:20:21.530152520,0.237152520,0,1
'2026-07-31 14:20:21.530183500,0.237183500,0,0
'2026-07-31 14:20:21.530183520,0.237183520,1,0
'2026-07-31 14:20:21.530302520,0.237302520,0,1
'2026-07-31 14:20:21.530333500,0.237333500,0,0
'2026-07-31 14:20:21.530333520,0.237333520,1,0
'2026-07-31 14:20:21.530452520,0.237452520,0,1
'2026-07-31 14:20:21.530483500,0.237483500,0,0
'2026-07-31 14:20:21.530483520,0.237483520,1,0
'2026-07-31 14:20:21.530602520,0.237602520,0,1
'2026-07-31 14:20:21.530633500,0.237633500,0,0
'2026-07-31 14:20:21.530633520,0.237633520,1,0
'2026-07-31 14:20:21.530752520,0.237752520,0,1
'2026-07-31 14:20:21.530783500,0.237783500,0,0
'2026-07-31 14:20:21.530783520,0.237783520,1,0
'2026-07-31 14:20:21.530902520,0.237902520,0,1
'2026-07-31 14:20:21.530933500,0.237933500,0,0
'2026-07-31 14:20:21.530933520,0.237933520,1,0
'2026-07-31 14:20:21.531052520,0.238052520,0,1
'2026-07-31 14:20:21.531083500,0.238083500,0,0
'2026-07-31 14:20:21.531083520,0.238083520,1,0
'2026-07-31 14:20:21.531202520,0.238202520,0,1
'2026-07-31 14:20:21.531233500,0.238233500,0,0
'2026-07-31 14:20:21.531233520,0.238233520,1,0
'2026-07-31 14:20:21.531352520,0.238352520,0,1
'2026-07-31 14:20:21.531383500,0.238383500,0,0
'2026-07-31 14:20:21.531383520,0.238383520,1,0
'2026-07-31 14:20:21.531502520,0.238502520,0,1
'2026-07-31 14:20:21.531533500,0.238533500,0,0
'2026-07-31 14:20:21.531533520,0.238533520,1,0
'2026-07-31 14:20:21.531652520,0.238652520,0,1
'2026-07-31 14:20:21.531683500,0.238683500,0,0
'2026-07-31 14:20:21.531683520,0.238683520,1,0
'2026-07-31 14:20:21.531802510,0.238802510,0,1
'2026-07-31 14:20:21.531833490,0.238833490,0,0
'2026-07-31 14:20:21.531833510,0.238833510,1,0
'2026-07-31 14:20:21.531952510,0.238952510,0,1
'2026-07-31 14:20:21.531983490,0.238983490,0,0
'2026-07-31 14:20:21.531983510,0.238983510,1,0
'2026-07-31 14:20:21.532102510,0.239102510,0,1
'2026-07-31 14:20:21.532133490,0.239133490,0,0
'2026-07-31 14:20:21.532133510,0.239133510,1,0
'2026-07-31 14:20:21.532252510,0.239252510,0,1
'2026-07-31 14:20:21.532283490,0.239283490,0,0
'2026-07-31 14:20:21.532283510,0.239283510,1,0
'2026-07-31 14:20:21.532402510,0.239402510,0,1
'2026-07-31 14:20:21.532433490,0.239433490,0,0
'2026-07-31 14:20:21.532433510,0.239433510,1,0
'2026-07-31 14:20:21.532552510,0.239552510,0,1
'2026-07-31 14:20:21.532583490,0.239583490,0,0
'2026-07-31 14:20:21.532583510,0.239583510,1,0
'2026-07-31 14:20:21.532702510,0.239702510,0,1
'2026-07-31 14:20:21.532733490,0.239733490,0,0
'2026-07-31 14:20:21.532733510,0.239733510,1,0
'2026-07-31 14:20:21.532852510,0.239852510,0,1
'2026-07-31 14:20:21.532883490,0.239883490,0,0
'2026-07-31 14:20:21.532883510,0.239883510,1,0
'2026-07-31 14:20:21.533002510,0.240002510,0,1
'2026-07-31 14:20:21.533033490,0.240033490,0,0
'2026-07-31 14:20:21.533033510,0.240033510,1,0
'2026-07-31 14:20:21.533152510,0.240152510,0,1
'2026-07-31 14:20:21.533183490,0.240183490,0,0
'2026-07-31 14:20:21.533183510,0.240183510,1,0
'2026-07-31 14:20:21.533302510,0.240302510,0,1
'2026-07-31 14:20:21.533333490,0.240333490,0,0
'2026-07-31 14:20:21.533333510,0.240333510,1,0
'2026-07-31 14:20:21.533452510,0.240452510,0,1
'2026-07-31 14:20:21.533483490,0.240483490,0,0
'2026-07-31 14:20:21.533483510,0.240483510,1,0
'2026-07-31 14:20:21.533602510,0.240602510,0,1
'2026-07-31 14:20:21.533633490,0.240633490,0,0
'2026-07-31 14:20:21.533633500,0.240633500,1,0
'2026-07-31 14:20:21.533752500,0.240752500,0,1
'2026-07-31 14:20:21.533783480,0.240783480,0,0
'2026-07-31 14:20:21.533783500,0.240783500,1,0
'2026-07-31 14:20:21.533902500,0.240902500,0,1
'2026-07-31 14:20:21.533933480,0.240933480,0,0
'2026-07-31 14:20:21.533933500,0.240933500,1,0
'2026-07-31 14:20:21.534052500,0.241052500,0,1
'2026-07-31 14:20:21.534083480,0.241083480,0,0
'2026-07-31 14:20:21.534083500,0.241083500,1,0
'2026-07-31 14:20:21.534202500,0.241202500,0,1
'2026-07-31 14:20:21.534233480,0.241233480,0,0
'2026-07-31 14:20:21.534233500,0.241233500,1,0
'2026-07-31 14:20:21.534352500,0.241352500,0,1
'2026-07-31 14:20:21.534383480,0.241383480,0,0
'2026-07-31 14:20:21.534383500,0.241383500,1,0
'2026-07-31 14:20:21.534502500,0.241502500,0,1
'2026-07-31 14:20:21.534533480,0.241533480,0,0
'2026-07-31 14:20:21.534533500,0.241533500,1,0
'2026-07-31 14:20:21.534652500,0.241652500,0,1
'2026-07-31 14:20:21.534683480,0.241683480,0,0
'2026-07-31 14:20:21.534683500,0.241683500,1,0
'2026-07-31 14:20:21.534802500,0.241802500,0,1
'2026-07-31 14:20:21.534833480,0.241833480,0,0
'2026-07-31 14:20:21.534833500,0.241833500,1,0
'2026-07-31 14:20:21.534952500,0.241952500,0,1
'2026-07-31 14:20:21.534983480,0.241983480,0,0
'2026-07-31 14:20:21.534983500,0.241983500,1,0
'2026-07-31 14:20:21.535102500,0.242102500,0,1
'2026-07-31 14:20:21.535133480,0.242133480,0,0
'2026-07-31 14:20:21.535133500,0.242133500,1,0
'2026-07-31 14:20:21.535252500,0.242252500,0,1
'2026-07-31 14:20:21.535283480,0.242283480,0,0
'2026-07-31 14:20:21.535283500,0.242283500,1,0
'2026-07-31 14:20:21.535402500,0.242402500,0,1
'2026-07-31 14:20:21.535433480,0.242433480,0,0
'2026-07-31 14:20:21.535433500,0.242433500,1,0
'2026-07-31 14:20:21.535552490,0.242552490,0,1
'2026-07-31 14:20:21.535583480,0.242583480,0,0
'2026-07-31 14:20:21.535583490,0.242583490,1,0
'2026-07-31 14:20:21.535702490,0.242702490,0,1
'2026-07-31 14:20:21.535733470,0.242733470,0,0
'2026-07-31 14:20:21.535733490,0.242733490,1,0
'2026-07-31 14:20:21.535852490,0.242852490,0,1
'2026-07-31 14:20:21.535883470,0.242883470,0,0
'2026-07-31 14:20:21.535883490,0.242883490,1,0
'2026-07-31 14:20:21.536002490,0.243002490,0,1
'2026-07-31 14:20:21.536033470,0.243033470,0,0
'2026-07-31 14:20:21.536033490,0.243033490,1,0
'2026-07-31 14:20:21.536152490,0.243152490,0,1
'2026-07-31 14:20:21.536183470,0.243183470,0,0
'2026-07-31 14:20:21.536183490,0.243183490,1,0
'2026-07-31 14:20:21.536302490,0.243302490,0,1
'2026-07-31 14:20:21.536333470,0.243333470,0,0
'2026-07-31 14:20:21.536333490,0.243333490,1,0
'2026-07-31 14:20:21.536452490,0.243452490,0,1
'2026-07-31 14:20:21.536483470,0.243483470,0,0
'2026-07-31 14:20:21.536483490,0.243483490,1,0
'2026-07-31 14:20:21.536602490,0.243602490,0,1
'2026-07-31 14:20:21.536633470,0.243633470,0,0
'2026-07-31 14:20:21.536633490,0.243633490,1,0
'2026-07-31 14:20:21.536752490,0.243752490,0,1
'2026-07-31 14:20:21.536783470,0.243783470,0,0
'2026-07-31 14:20:21.536783490,0.243783490,1,0
'2026-07-31 14:20:21.536902490,0.243902490,0,1
'2026-07-31 14:20:21.536933470,0.243933470,0,0
'2026-07-31 14:20:21.536933490,0.243933490,1,0
'2026-07-31 14:20:21.537052490,0.244052490,0,1
'2026-07-31 14:20:21.537083470,0.244083470,0,0
'2026-07-31 14:20:21.537083490,0.244083490,1,0
'2026-07-31 14:20:21.537202490,0.244202490,0,1
'2026-07-31 14:20:21.537233470,0.244233470,0,0
'2026-07-31 14:20:21.537233490,0.244233490,1,0
'2026-07-31 14:20:21.537352490,0.244352490,0,1
'2026-07-31 14:20:21.537383470,0.244383470,0,0
'2026-07-31 14:20:21.537383490,0.244383490,1,0
'2026-07-31 14:20:21.537502480,0.244502480,0,1
'2026-07-31 14:20:21.537533460,0.244533460,0,0
'2026-07-31 14:20:21.537533480,0.244533480,1,0
'2026-07-31 14:20:21.537652480,0.244652480,0,1
'2026-07-31 14:20:21.537683460,0.244683460,0,0
'2026-07-31 14:20:21.537683480,0.244683480,1,0
'2026-07-31 14:20:21.537802480,0.244802480,0,1
'2026-07-31 14:20:21.537833460,0.244833460,0,0
'2026-07-31 14:20:21.537833480,0.244833480,1,0
'2026-07-31 14:20:21.537952480,0.244952480,0,1
'2026-07-31 14:20:21.537983460,0.244983460,0,0
'2026-07-31 14:20:21.537983480,0.244983480,1,0
'2026-07-31 14:20:21.538102480,0.245102480,0,1
'2026-07-31 14:20:21.538133460,0.245133460,0,0
'2026-07-31 14:20:21.538133480,0.245133480,1,0
'2026-07-31 14:20:21.538252480,0.245252480,0,1
'2026-07-31 14:20:21.538283460,0.245283460,0,0
'2026-07-31 14:20:21.538283480,0.245283480,1,0
'2026-07-31 14:20:21.538402480,0.245402480,0,1
'2026-07-31 14:20:21.538433460,0.245433460,0,0
'2026-07-31 14:20:21.538433480,0.245433480,1,0
'2026-07-31 14:20:21.538552480,0.245552480,0,1
'2026-07-31 14:20:21.538583460,0.245583460,0,0
'2026-07-31 14:20:21.538583480,0.245583480,1,0
'2026-07-31 14:20:21.538702480,0.245702480,0,1
'2026-07-31 14:20:21.538733460,0.245733460,0,0
'2026-07-31 14:20:21.538733480,0.245733480,1,0
'2026-07-31 14:20:21.538852480,0.245852480,0,1
'2026-07-31 14:20:21.538883460,0.245883460,0,0
'2026-07-31 14:20:21.538883480,0.245883480,1,0
'2026-07-31 14:20:21.539002480,0.246002480,0,1
'2026-07-31 14:20:21.539033460,0.246033460,0,0
'2026-07-31 14:20:21.539033480,0.246033480,1,0
'2026-07-31 14:20:21.539152480,0.246152480,0,1
'2026-07-31 14:20:21.539183460,0.246183460,0,0
'2026-07-31 14:20:21.539183480,0.246183480,1,0
'2026-07-31 14:20:21.539302470,0.246302470,1,1
'2026-07-31 14:20:21.539302480,0.246302480,0,1
'2026-07-31 14:20:21.539333460,0.246333460,0,0
'2026-07-31 14:20:21.539333470,0.246333470,1,0
'2026-07-31 14:20:21.539452470,0.246452470,0,1
'2026-07-31 14:20:21.539483450,0.246483450,0,0
'2026-07-31 14:20:21.539483470,0.246483470,1,0
'2026-07-31 14:20:21.539602470,0.246602470,0,1
'2026-07-31 14:20:21.539633450,0.246633450,0,0
'2026-07-31 14:20:21.539633470,0.246633470,1,0
'2026-07-31 14:20:21.539752470,0.246752470,0,1
'2026-07-31 14:20:21.539783450,0.246783450,0,0
'2026-07-31 14:20:21.539783470,0.246783470,1,0
'2026-07-31 14:20:21.539902470,0.246902470,0,1
'2026-07-31 14:20:21.539933450,0.246933450,0,0
'2026-07-31 14:20:21.539933470,0.246933470,1,0
'2026-07-31 14:20:21.540052470,0.247052470,0,1
'2026-07-31 14:20:21.540083450,0.247083450,0,0
'2026-07-31 14:20:21.540083470,0.247083470,1,0
'2026-07-31 14:20:21.540202470,0.247202470,0,1
'2026-07-31 14:20:21.540233450,0.247233450,0,0
'2026-07-31 14:20:21.540233470,0.247233470,1,0
'2026-07-31 14:20:21.540352470,0.247352470,0,1
'2026-07-31 14:20:21.540383450,0.247383450,0,0
'2026-07-31 14:20:21.540383470,0.247383470,1,0
'2026-07-31 14:20:21.540502470,0.247502470,0,1
'2026-07-31 14:20:21.540533450,0.247533450,0,0
'2026-07-31 14:20:21.540533470,0.247533470,1,0
'2026-07-31 14:20:21.540652470,0.247652470,0,1
'2026-07-31 14:20:21.540683450,0.247683450,0,0
'2026-07-31 14:20:21.540683470,0.247683470,1,0
'2026-07-31 14:20:21.540802470,0.247802470,0,1
'2026-07-31 14:20:21.540833450,0.247833450,0,0
'2026-07-31 14:20:21.540833470,0.247833470,1,0
'2026-07-31 14:20:21.540952470,0.247952470,0,1
'2026-07-31 14:20:21.540983450,0.247983450,0,0
'2026-07-31 14:20:21.540983470,0.247983470,1,0
'2026-07-31 14:20:21.541102470,0.248102470,0,1
'2026-07-31 14:20:21.541133450,0.248133450,0,0
'2026-07-31 14:20:21.541133470,0.248133470,1,0
'2026-07-31 14:20:21.541252460,0.248252460,0,1
'2026-07-31 14:20:21.541283440,0.248283440,0,0
'2026-07-31 14:20:21.541283460,0.248283460,1,0
'2026-07-31 14:20:21.541402460,0.248402460,0,1
'2026-07-31 14:20:21.541433440,0.248433440,0,0
'2026-07-31 14:20:21.541433460,0.248433460,1,0
'2026-07-31 14:20:21.541552460,0.248552460,0,1
'2026-07-31 14:20:21.541583440,0.248583440,0,0
'2026-07-31 14:20:21.541583460,0.248583460,1,0
'2026-07-31 14:20:21.541702460,0.248702460,0,1
'2026-07-31 14:20:21.541733440,0.248733440,0,0
'2026-07-31 14:20:21.541733460,0.248733460,1,0
'2026-07-31 14:20:21.541852460,0.248852460,0,1
'2026-07-31 14:20:21.541883440,0.248883440,0,0
'2026-07-31 14:20:21.541883460,0.248883460,1,0
'2026-07-31 14:20:21.542002460,0.249002460,0,1
'2026-07-31 14:20:21.542033440,0.249033440,0,0
'2026-07-31 14:20:21.542033460,0.249033460,1,0
'2026-07-31 14:20:21.542152460,0.249152460,0,1
'2026-07-31 14:20:21.542183440,0.249183440,0,0
'2026-07-31 14:20:21.542183460,0.249183460,1,0
'2026-07-31 14:20:21.542302460,0.249302460,0,1
'2026-07-31 14:20:21.542333440,0.249333440,0,0
'2026-07-31 14:20:21.542333460,0.249333460,1,0
'2026-07-31 14:20:21.542452460,0.249452460,0,1
'2026-07-31 14:20:21.542483440,0.249483440,0,0
'2026-07-31 14:20:21.542483460,0.249483460,1,0
'2026-07-31 14:20:21.542602460,0.249602460,0,1
'2026-07-31 14:20:21.542633440,0.249633440,0,0
'2026-07-31 14:20:21.542633460,0.249633460,1,0
'2026-07-31 14:20:21.542752460,0.249752460,0,1
'2026-07-31 14:20:21.542783440,0.249783440,0,0
'2026-07-31 14:20:21.542783460,0.249783460,1,0
'2026-07-31 14:20:21.542902460,0.249902460,0,1
'2026-07-31 14:20:21.542933440,0.249933440,0,0
'2026-07-31 14:20:21.542933460,0.249933460,1,0
'2026-07-31 14:20:21.643052070,0.350052070,0,1
'2026-07-31 14:20:21.643083050,0.350083050,0,0
'2026-07-31 14:20:21.643083070,0.350083070,1,0
'2026-07-31 14:20:21.643115190,0.350115190,0,1
'2026-07-31 14:20:21.643146170,0.350146170,0,0
'2026-07-31 14:20:21.643146190,0.350146190,1,0
'2026-07-31 14:20:21.643202070,0.350202070,0,1
'2026-07-31 14:20:21.643233050,0.350233050,0,0
'2026-07-31 14:20:21.643233060,0.350233060,1,0
'2026-07-31 14:20:21.643352060,0.350352060,0,1
'2026-07-31 14:20:21.643383040,0.350383040,0,0
'2026-07-31 14:20:21.643383060,0.350383060,1,0
'2026-07-31 14:20:21.643502060,0.350502060,0,1
'2026-07-31 14:20:21.643533040,0.350533040,0,0
'2026-07-31 14:20:21.643533060,0.350533060,1,0
'2026-07-31 14:20:21.643652060,0.350652060,0,1
'2026-07-31 14:20:21.643683040,0.350683040,0,0
'2026-07-31 14:20:21.643683060,0.350683060,1,0
'2026-07-31 14:20:21.643802060,0.350802060,0,1
'2026-07-31 14:20:21.643833040,0.350833040,0,0
'2026-07-31 14:20:21.643833060,0.350833060,1,0
'2026-07-31 14:20:21.643952060,0.350952060,0,1
'2026-07-31 14:20:21.643983040,0.350983040,0,0
'2026-07-31 14:20:21.643983060,0.350983060,1,0
'2026-07-31 14:20:21.644102060,0.351102060,0,1
'2026-07-31 14:20:21.644133040,0.351133040,0,0
'2026-07-31 14:20:21.644133060,0.351133060,1,0
'2026-07-31 14:20:21.644252060,0.351252060,0,1
'2026-07-31 14:20:21.644283040,0.351283040,0,0
'2026-07-31 14:20:21.644283060,0.351283060,1,0
'2026-07-31 14:20:21.644402060,0.351402060,0,1
'2026-07-31 14:20:21.644433040,0.351433040,0,0
'2026-07-31 14:20:21.644433060,0.351433060,1,0
'2026-07-31 14:20:21.644552060,0.351552060,0,1
'2026-07-31 14:20:21.644583040,0.351583040,0,0
'2026-07-31 14:20:21.644583060,0.351583060,1,0
'2026-07-31 14:20:21.644702060,0.351702060,0,1
'2026-07-31 14:20:21.644733040,0.351733040,0,0
'2026-07-31 14:20:21.644733060,0.351733060,1,0
'2026-07-31 14:20:21.644852060,0.351852060,0,1
'2026-07-31 14:20:21.644883040,0.351883040,0,0
'2026-07-31 14:20:21.644883060,0.351883060,1,0
'2026-07-31 14:20:21.645002060,0.352002060,0,1
'2026-07-31 14:20:21.645033040,0.352033040,0,0
'2026-07-31 14:20:21.645033060,0.352033060,1,0
'2026-07-31 14:20:21.645152050,0.352152050,1,1
'2026-07-31 14:20:21.645152060,0.352152060,0,1
'2026-07-31 14:20:21.645183040,0.352183040,0,0
'2026-07-31 14:20:21.645183050,0.352183050,1,0
'2026-07-31 14:20:21.645302050,0.352302050,0,1
'2026-07-31 14:20:21.645333030,0.352333030,0,0
'2026-07-31 14:20:21.645333050,0.352333050,1,0
'2026-07-31 14:20:21.645452050,0.352452050,0,1
'2026-07-31 14:20:21.645483030,0.352483030,0,0
'2026-07-31 14:20:21.645483050,0.352483050,1,0
'2026-07-31 14:20:21.645602050,0.352602050,0,1
'2026-07-31 14:20:21.645633030,0.352633030,0,0
'2026-07-31 14:20:21.645633050,0.352633050,1,0
'2026-07-31 14:20:21.645752050,0.352752050,0,1
'2026-07-31 14:20:21.645783030,0.352783030,0,0
'2026-07-31 14:20:21.645783050,0.352783050,1,0
'2026-07-31 14:20:21.645902050,0.352902050,0,1
'2026-07-31 14:20:21.645933030,0.352933030,0,0
'2026-07-31 14:20:21.645933050,0.352933050,1,0
'2026-07-31 14:20:21.646052050,0.353052050,0,1
'2026-07-31 14:20:21.646083030,0.353083030,0,0
'2026-07-31 14:20:21.646083050,0.353083050,1,0
'2026-07-31 14:20:21.646202050,0.353202050,0,1
'2026-07-31 14:20:21.646233030,0.353233030,0,0
'2026-07-31 14:20:21.646233050,0.353233050,1,0
'2026-07-31 14:20:21.646352050,0.353352050,0,1
'2026-07-31 14:20:21.646383030,0.353383030,0,0
'2026-07-31 14:20:21.646383050,0.353383050,1,0
'2026-07-31 14:20:21.646502050,0.353502050,0,1
'2026-07-31 14:20:21.646533030,0.353533030,0,0
'2026-07-31 14:20:21.646533050,0.353533050,1,0
'2026-07-31 14:20:21.646652050,0.353652050,0,1
'2026-07-31 14:20:21.646683030,0.353683030,0,0
'2026-07-31 14:20:21.646683050,0.353683050,1,0
'2026-07-31 14:20:21.646802050,0.353802050,0,1
'2026-07-31 14:20:21.646833030,0.353833030,0,0
'2026-07-31 14:20:21.646833050,0.353833050,1,0
'2026-07-31 14:20:21.646952050,0.353952050,0,1
'2026-07-31 14:20:21.646983030,0.353983030,0,0
'2026-07-31 14:20:21.646983050,0.353983050,1,0
'2026-07-31 14:20:21.647102040,0.354102040,0,1
'2026-07-31 14:20:21.647133020,0.354133020,0,0
'2026-07-31 14:20:21.647133040,0.354133040,1,0
'2026-07-31 14:20:21.647252040,0.354252040,0,1
'2026-07-31 14:20:21.647283020,0.354283020,0,0
'2026-07-31 14:20:21.647283040,0.354283040,1,0
'2026-07-31 14:20:21.647402040,0.354402040,0,1
'2026-07-31 14:20:21.647433020,0.354433020,0,0
'2026-07-31 14:20:21.647433040,0.354433040,1,0
'2026-07-31 14:20:21.647552040,0.354552040,0,1
'2026-07-31 14:20:21.647583020,0.354583020,0,0
'2026-07-31 14:20:21.647583040,0.354583040,1,0
'2026-07-31 14:20:21.647702040,0.354702040,0,1
'2026-07-31 14:20:21.647733020,0.354733020,0,0
'2026-07-31 14:20:21.647733040,0.354733040,1,0
'2026-07-31 14:20:21.647852040,0.354852040,0,1
'2026-07-31 14:20:21.647883020,0.354883020,0,0
'2026-07-31 14:20:21.647883040,0.354883040,1,0
'2026-07-31 14:20:21.648002040,0.355002040,0,1
'2026-07-31 14:20:21.648033020,0.355033020,0,0
'2026-07-31 14:20:21.648033040,0.355033040,1,0
'2026-07-31 14:20:21.648152040,0.355152040,0,1
'2026-07-31 14:20:21.648183020,0.355183020,0,0
'2026-07-31 14:20:21.648183040,0.355183040,1,0
'2026-07-31 14:20:21.648302040,0.355302040,0,1
'2026-07-31 14:20:21.648333020,0.355333020,0,0
'2026-07-31 14:20:21.648333040,0.355333040,1,0
'2026-07-31 14:20:21.648452040,0.355452040,0,1
'2026-07-31 14:20:21.648483020,0.355483020,0,0
'2026-07-31 14:20:21.648483040,0.355483040,1,0
'2026-07-31 14:20:21.648602040,0.355602040,0,1
'2026-07-31 14:20:21.648633020,0.355633020,0,0
'2026-07-31 14:20:21.648633040,0.355633040,1,0
'2026-07-31 14:20:21.648752040,0.355752040,0,1
'2026-07-31 14:20:21.648783020,0.355783020,0,0
'2026-07-31 14:20:21.648783040,0.355783040,1,0
'2026-07-31 14:20:21.648902040,0.355902040,0,1
'2026-07-31 14:20:21.648933020,0.355933020,0,0
'2026-07-31 14:20:21.648933030,0.355933030,1,0
'2026-07-31 14:20:21.649052030,0.356052030,0,1
'2026-07-31 14:20:21.649083010,0.356083010,0,0
'2026-07-31 14:20:21.649083030,0.356083030,1,0
'2026-07-31 14:20:21.649202030,0.356202030,0,1
'2026-07-31 14:20:21.649233010,0.356233010,0,0
'2026-07-31 14:20:21.649233030,0.356233030,1,0
'2026-07-31 14:20:21.649352030,0.356352030,0,1
'2026-07-31 14:20:21.649383010,0.356383010,0,0
'2026-07-31 14:20:21.649383030,0.356383030,1,0
'2026-07-31 14:20:21.649502030,0.356502030,0,1
'2026-07-31 14:20:21.649533010,0.356533010,0,0
'2026-07-31 14:20:21.649533030,0.356533030,1,0
'2026-07-31 14:20:21.649652030,0.356652030,0,1
'2026-07-31 14:20:21.649683010,0.356683010,0,0
'2026-07-31 14:20:21.649683030,0.356683030,1,0
'2026-07-31 14:20:21.649802030,0.356802030,0,1
'2026-07-31 14:20:21.649833010,0.356833010,0,0
'2026-07-31 14:20:21.649833030,0.356833030,1,0
'2026-07-31 14:20:21.649952030,0.356952030,0,1
'2026-07-31 14:20:21.649983010,0.356983010,0,0
'2026-07-31 14:20:21.649983030,0.356983030,1,0
'2026-07-31 14:20:21.650102030,0.357102030,0,1
'2026-07-31 14:20:21.650133010,0.357133010,0,0
'2026-07-31 14:20:21.650133030,0.357133030,1,0
'2026-07-31 14:20:21.650252030,0.357252030,0,1
'2026-07-31 14:20:21.650283010,0.357283010,0,0
'2026-07-31 14:20:21.650283030,0.357283030,1,0
'2026-07-31 14:20:21.650402030,0.357402030,0,1
'2026-07-31 14:20:21.650433010,0.357433010,0,0
'2026-07-31 14:20:21.650433030,0.357433030,1,0
'2026-07-31 14:20:21.650552030,0.357552030,0,1
'2026-07-31 14:20:21.650583010,0.357583010,0,0
'2026-07-31 14:20:21.650583030,0.357583030,1,0
'2026-07-31 14:20:21.650702030,0.357702030,0,1
'2026-07-31 14:20:21.650733010,0.357733010,0,0
'2026-07-31 14:20:21.650733030,0.357733030,1,0
'2026-07-31 14:20:21.650852020,0.357852020,0,1
'2026-07-31 14:20:21.650883010,0.357883010,0,0
'2026-07-31 14:20:21.650883020,0.357883020,1,0
'2026-07-31 14:20:21.651002020,0.358002020,0,1
'2026-07-31 14:20:21.651033000,0.358033000,0,0
'2026-07-31 14:20:21.651033020,0.358033020,1,0
'2026-07-31 14:20:21.651152020,0.358152020,0,1
'2026-07-31 14:20:21.651183000,0.358183000,0,0
'2026-07-31 14:20:21.651183020,0.358183020,1,0
'2026-07-31 14:20:21.651302020,0.358302020,0,1
'2026-07-31 14:20:21.651333000,0.358333000,0,0
'2026-07-31 14:20:21.651333020,0.358333020,1,0
'2026-07-31 14:20:21.651452020,0.358452020,0,1
'2026-07-31 14:20:21.651483000,0.358483000,0,0
'2026-07-31 14:20:21.651483020,0.358483020,1,0
'2026-07-31 14:20:21.651602020,0.358602020,0,1
'2026-07-31 14:20:21.651633000,0.358633000,0,0
'2026-07-31 14:20:21.651633020,0.358633020,1,0
'2026-07-31 14:20:21.651752020,0.358752020,0,1
'2026-07-31 14:20:21.651783000,0.358783000,0,0
'2026-07-31 14:20:21.651783020,0.358783020,1,0
'2026-07-31 14:20:21.651902020,0.358902020,0,1
'2026-07-31 14:20:21.651933000,0.358933000,0,0
'2026-07-31 14:20:21.651933020,0.358933020,1,0
'2026-07-31 14:20:21.652052020,0.359052020,0,1
'2026-07-31 14:20:21.652083000,0.359083000,0,0
'2026-07-31 14:20:21.652083020,0.359083020,1,0
'2026-07-31 14:20:21.652202020,0.359202020,0,1
'2026-07-31 14:20:21.652233000,0.359233000,0,0
'2026-07-31 14:20:21.652233020,0.359233020,1,0
'2026-07-31 14:20:21.652352020,0.359352020,0,1
'2026-07-31 14:20:21.652383000,0.359383000,0,0
'2026-07-31 14:20:21.652383020,0.359383020,1,0
'2026-07-31 14:20:21.652502020,0.359502020,0,1
'2026-07-31 14:20:21.652533000,0.359533000,0,0
'2026-07-31 14:20:21.652533020,0.359533020,1,0
'2026-07-31 14:20:21.652652020,0.359652020,0,1
'2026-07-31 14:20:21.652683000,0.359683000,0,0
'2026-07-31 14:20:21.652683010,0.359683010,1,0
'2026-07-31 14:20:21.652802010,0.359802010,0,1
'2026-07-31 14:20:21.652832990,0.359832990,0,0
'2026-07-31 14:20:21.652833010,0.359833010,1,0
'2026-07-31 14:20:21.652952010,0.359952010,0,1
'2026-07-31 14:20:21.652982990,0.359982990,0,0
'2026-07-31 14:20:21.652983010,0.359983010,1,0
'2026-07-31 14:20:21.653102010,0.360102010,0,1
'2026-07-31 14:20:21.653132990,0.360132990,0,0
'2026-07-31 14:20:21.653133010,0.360133010,1,0
'2026-07-31 14:20:21.653252010,0.360252010,0,1
'2026-07-31 14:20:21.653282990,0.360282990,0,0
'2026-07-31 14:20:21.653283010,0.360283010,1,0
'2026-07-31 14:20:21.653402010,0.360402010,0,1
'2026-07-31 14:20:21.653432990,0.360432990,0,0
'2026-07-31 14:20:21.653433010,0.360433010,1,0
'2026-07-31 14:20:21.653552010,0.360552010,0,1
'2026-07-31 14:20:21.653582990,0.360582990,0,0
'2026-07-31 14:20:21.653583010,0.360583010,1,0
'2026-07-31 14:20:21.653702010,0.360702010,0,1
'2026-07-31 14:20:21.653732990,0.360732990,0,0
'2026-07-31 14:20:21.653733010,0.360733010,1,0
'2026-07-31 14:20:21.653852010,0.360852010,0,1
'2026-07-31 14:20:21.653882990,0.360882990,0,0
'2026-07-31 14:20:21.653883010,0.360883010,1,0
'2026-07-31 14:20:21.654002010,0.361002010,0,1
'2026-07-31 14:20:21.654032990,0.361032990,0,0
'2026-07-31 14:20:21.654033010,0.361033010,1,0
'2026-07-31 14:20:21.654152010,0.361152010,0,1
'2026-07-31 14:20:21.654182990,0.361182990,0,0
'2026-07-31 14:20:21.654183010,0.361183010,1,0
'2026-07-31 14:20:21.654302010,0.361302010,0,1
'2026-07-31 14:20:21.654332990,0.361332990,0,0
'2026-07-31 14:20:21.654333010,0.361333010,1,0
'2026-07-31 14:20:21.654452010,0.361452010,0,1
'2026-07-31 14:20:21.654482990,0.361482990,0,0
'2026-07-31 14:20:21.654483010,0.361483010,1,0
'2026-07-31 14:20:21.654602000,0.361602000,1,1
'2026-07-31 14:20:21.654602010,0.361602010,0,1
'2026-07-31 14:20:21.654632990,0.361632990,0,0
'2026-07-31 14:20:21.654633000,0.361633000,1,0
'2026-07-31 14:20:21.654752000,0.361752000,0,1
'2026-07-31 14:20:21.654782980,0.361782980,0,0
'2026-07-31 14:20:21.654783000,0.361783000,1,0
'2026-07-31 14:20:21.654902000,0.361902000,0,1
'2026-07-31 14:20:21.654932980,0.361932980,0,0
'2026-07-31 14:20:21.654933000,0.361933000,1,0
'2026-07-31 14:20:21.655052000,0.362052000,0,1
'2026-07-31 14:20:21.655082980,0.362082980,0,0
'2026-07-31 14:20:21.655083000,0.362083000,1,0
'2026-07-31 14:20:21.655202000,0.362202000,0,1
'2026-07-31 14:20:21.655232980,0.362232980,0,0
'2026-07-31 14:20:21.655233000,0.362233000,1,0
'2026-07-31 14:20:21.655352000,0.362352000,0,1
'2026-07-31 14:20:21.655382980,0.362382980,0,0
'2026-07-31 14:20:21.655383000,0.362383000,1,0
'2026-07-31 14:20:21.655502000,0.362502000,0,1
'2026-07-31 14:20:21.655532980,0.362532980,0,0
'2026-07-31 14:20:21.655533000,0.362533000,1,0
'2026-07-31 14:20:21.655652000,0.362652000,0,1
'2026-07-31 14:20:21.655682980,0.362682980,0,0
'2026-07-31 14:20:21.655683000,0.362683000,1,0
'2026-07-31 14:20:21.655802000,0.362802000,0,1
'2026-07-31 14:20:21.655832980,0.362832980,0,0
'2026-07-31 14:20:21.655833000,0.362833000,1,0
'2026-07-31 14:20:21.655952000,0.362952000,0,1
'2026-07-31 14:20:21.655982980,0.362982980,0,0
'2026-07-31 14:20:21.655983000,0.362983000,1,0
'2026-07-31 14:20:21.656102000,0.363102000,0,1
'2026-07-31 14:20:21.656132980,0.363132980,0,0
'2026-07-31 14:20:21.656133000,0.363133000,1,0
'2026-07-31 14:20:21.656252000,0.363252000,0,1
'2026-07-31 14:20:21.656282980,0.363282980,0,0
'2026-07-31 14:20:21.656283000,0.363283000,1,0
'2026-07-31 14:20:21.656402000,0.363402000,0,1
'2026-07-31 14:20:21.656432980,0.363432980,0,0
'2026-07-31 14:20:21.656433000,0.363433000,1,0
'2026-07-31 14:20:21.656551990,0.363551990,0,1
'2026-07-31 14:20:21.656582970,0.363582970,0,0
'2026-07-31 14:20:21.656582990,0.363582990,1,0
'2026-07-31 14:20:21.656701990,0.363701990,0,1
'2026-07-31 14:20:21.656732970,0.363732970,0,0
'2026-07-31 14:20:21.656732990,0.363732990,1,0
'2026-07-31 14:20:21.656851990,0.363851990,0,1
'2026-07-31 14:20:21.656882970,0.363882970,0,0
'2026-07-31 14:20:21.656882990,0.363882990,1,0
'2026-07-31 14:20:21.657001990,0.364001990,0,1
'2026-07-31 14:20:21.657032970,0.364032970,0,0
'2026-07-31 14:20:21.657032990,0.364032990,1,0
'2026-07-31 14:20:21.657151990,0.364151990,0,1
'2026-07-31 14:20:21.657182970,0.364182970,0,0
'2026-07-31 14:20:21.657182990,0.364182990,1,0
'2026-07-31 14:20:21.657301990,0.364301990,0,1
'2026-07-31 14:20:21.657332970,0.364332970,0,0
'2026-07-31 14:20:21.657332990,0.364332990,1,0
'2026-07-31 14:20:21.657451990,0.364451990,0,1
'2026-07-31 14:20:21.657482970,0.364482970,0,0
'2026-07-31 14:20:21.657482990,0.364482990,1,0
'2026-07-31 14:20:21.657601990,0.364601990,0,1
'2026-07-31 14:20:21.657632970,0.364632970,0,0
'2026-07-31 14:20:21.657632990,0.364632990,1,0
'2026-07-31 14:20:21.657751990,0.364751990,0,1
'2026-07-31 14:20:21.657782970,0.364782970,0,0
'2026-07-31 14:20:21.657782990,0.364782990,1,0
'2026-07-31 14:20:21.657901990,0.364901990,0,1
'2026-07-31 14:20:21.657932970,0.364932970,0,0
'2026-07-31 14:20:21.657932990,0.364932990,1,0
'2026-07-31 14:20:21.658051990,0.365051990,0,1
'2026-07-31 14:20:21.658082970,0.365082970,0,0
'2026-07-31 14:20:21.658082990,0.365082990,1,0
'2026-07-31 14:20:21.658201990,0.365201990,0,1
'2026-07-31 14:20:21.658232970,0.365232970,0,0
'2026-07-31 14:20:21.658232990,0.365232990,1,0
'2026-07-31 14:20:21.658351990,0.365351990,0,1
'2026-07-31 14:20:21.658382970,0.365382970,0,0
'2026-07-31 14:20:21.658382980,0.365382980,1,0
'2026-07-31 14:20:21.658501980,0.365501980,0,1
'2026-07-31 14:20:21.658532960,0.365532960,0,0
'2026-07-31 14:20:21.658532980,0.365532980,1,0
'2026-07-31 14:20:21.658651980,0.365651980,0,1
'2026-07-31 14:20:21.658682960,0.365682960,0,0
'2026-07-31 14:20:21.658682980,0.365682980,1,0
'2026-07-31 14:20:21.658801980,0.365801980,0,1
'2026-07-31 14:20:21.658832960,0.365832960,0,0
'2026-07-31 14:20:21.658832980,0.365832980,1,0
'2026-07-31 14:20:21.658951980,0.365951980,0,1
'2026-07-31 14:20:21.658982960,0.365982960,0,0
'2026-07-31 14:20:21.658982980,0.365982980,1,0
'2026-07-31 14:20:21.659101980,0.366101980,0,1
'2026-07-31 14:20:21.659132960,0.366132960,0,0
'2026-07-31 14:20:21.659132980,0.366132980,1,0
'2026-07-31 14:20:21.659251980,0.366251980,0,1
'2026-07-31 14:20:21.659282960,0.366282960,0,0
'2026-07-31 14:20:21.659282980,0.366282980,1,0
'2026-07-31 14:20:21.659401980,0.366401980,0,1
'2026-07-31 14:20:21.659432960,0.366432960,0,0
'2026-07-31 14:20:21.659432980,0.366432980,1,0
'2026-07-31 14:20:21.659551980,0.366551980,0,1
'2026-07-31 14:20:21.659582960,0.366582960,0,0
'2026-07-31 14:20:21.659582980,0.366582980,1,0
'2026-07-31 14:20:21.659701980,0.366701980,0,1
'2026-07-31 14:20:21.659732960,0.366732960,0,0
'2026-07-31 14:20:21.659732980,0.366732980,1,0
'2026-07-31 14:20:21.659851980,0.366851980,0,1
'2026-07-31 14:20:21.659882960,0.366882960,0,0
'2026-07-31 14:20:21.659882980,0.366882980,1,0
'2026-07-31 14:20:21.660001980,0.367001980,0,1
'2026-07-31 14:20:21.660032960,0.367032960,0,0
'2026-07-31 14:20:21.660032980,0.367032980,1,0
'2026-07-31 14:20:21.660151980,0.367151980,0,1
'2026-07-31 14:20:21.660182960,0.367182960,0,0
'2026-07-31 14:20:21.660182980,0.367182980,1,0
'2026-07-31 14:20:21.660301970,0.367301970,0,1
'2026-07-31 14:20:21.660332960,0.367332960,0,0
'2026-07-31 14:20:21.660332970,0.367332970,1,0
'2026-07-31 14:20:21.660451970,0.367451970,0,1
'2026-07-31 14:20:21.660482950,0.367482950,0,0
'2026-07-31 14:20:21.660482970,0.367482970,1,0
'2026-07-31 14:20:21.660601970,0.367601970,0,1
'2026-07-31 14:20:21.660632950,0.367632950,0,0
'2026-07-31 14:20:21.660632970,0.367632970,1,0
'2026-07-31 14:20:21.660751970,0.367751970,0,1
'2026-07-31 14:20:21.660782950,0.367782950,0,0
'2026-07-31 14:20:21.660782970,0.367782970,1,0
'2026-07-31 14:20:21.660901970,0.367901970,0,1
'2026-07-31 14:20:21.660932950,0.367932950,0,0
'2026-07-31 14:20:21.660932970,0.367932970,1,0
'2026-07-31 14:20:21.661051970,0.368051970,0,1
'2026-07-31 14:20:21.661082950,0.368082950,0,0
'2026-07-31 14:20:21.661082970,0.368082970,1,0
'2026-07-31 14:20:21.661201970,0.368201970,0,1
'2026-07-31 14:20:21.661232950,0.368232950,0,0
'2026-07-31 14:20:21.661232970,0.368232970,1,0
'2026-07-31 14:20:21.661351970,0.368351970,0,1
'2026-07-31 14:20:21.661382950,0.368382950,0,0
'2026-07-31 14:20:21.661382970,0.368382970,1,0
'2026-07-31 14:20:21.661501970,0.368501970,0,1
'2026-07-31 14:20:21.661532950,0.368532950,0,0
'2026-07-31 14:20:21.661532970,0.368532970,1,0
'2026-07-31 14:20:21.661651970,0.368651970,0,1
'2026-07-31 14:20:21.661682950,0.368682950,0,0
'2026-07-31 14:20:21.661682970,0.368682970,1,0
'2026-07-31 14:20:21.661801970,0.368801970,0,1
'2026-07-31 14:20:21.661832950,0.368832950,0,0
'2026-07-31 14:20:21.661832970,0.368832970,1,0
'2026-07-31 14:20:21.661951970,0.368951970,0,1
'2026-07-31 14:20:21.661982950,0.368982950,0,0
'2026-07-31 14:20:21.661982970,0.368982970,1,0
'2026-07-31 14:20:21.662101970,0.369101970,0,1
'2026-07-31 14:20:21.662132950,0.369132950,0,0
'2026-07-31 14:20:21.662132960,0.369132960,1,0
'2026-07-31 14:20:21.662251960,0.369251960,0,1
'2026-07-31 14:20:21.662282940,0.369282940,0,0
'2026-07-31 14:20:21.662282960,0.369282960,1,0
'2026-07-31 14:20:21.662401960,0.369401960,0,1
'2026-07-31 14:20:21.662432940,0.369432940,0,0
'2026-07-31 14:20:21.662432960,0.369432960,1,0
'2026-07-31 14:20:21.662551960,0.369551960,0,1
'2026-07-31 14:20:21.662582940,0.369582940,0,0
'2026-07-31 14:20:21.662582960,0.369582960,1,0
'2026-07-31 14:20:21.662701960,0.369701960,0,1
'2026-07-31 14:20:21.662732940,0.369732940,0,0
'2026-07-31 14:20:21.662732960,0.369732960,1,0
'2026-07-31 14:20:21.662851960,0.369851960,0,1
'2026-07-31 14:20:21.662882940,0.369882940,0,0
'2026-07-31 14:20:21.662882960,0.369882960,1,0
'2026-07-31 14:20:21.663001960,0.370001960,0,1
'2026-07-31 14:20:21.663032940,0.370032940,0,0
'2026-07-31 14:20:21.663032960,0.370032960,1,0
'2026-07-31 14:20:21.663151960,0.370151960,0,1
'2026-07-31 14:20:21.663182940,0.370182940,0,0
'2026-07-31 14:20:21.663182960,0.370182960,1,0
'2026-07-31 14:20:21.663301960,0.370301960,0,1
'2026-07-31 14:20:21.663332940,0.370332940,0,0
'2026-07-31 14:20:21.663332960,0.370332960,1,0
'2026-07-31 14:20:21.663451960,0.370451960,0,1
'2026-07-31 14:20:21.663482940,0.370482940,0,0
'2026-07-31 14:20:21.663482960,0.370482960,1,0
'2026-07-31 14:20:21.663601960,0.370601960,0,1
'2026-07-31 14:20:21.663632940,0.370632940,0,0
'2026-07-31 14:20:21.663632960,0.370632960,1,0
'2026-07-31 14:20:21.663751960,0.370751960,0,1
'2026-07-31 14:20:21.663782940,0.370782940,0,0
'2026-07-31 14:20:21.663782960,0.370782960,1,0
'2026-07-31 14:20:21.663901960,0.370901960,0,1
'2026-07-31 14:20:21.663932940,0.370932940,0,0
'2026-07-31 14:20:21.663932960,0.370932960,1,0
'2026-07-31 14:20:21.664051950,0.371051950,1,1
'2026-07-31 14:20:21.664051960,0.371051960,0,1
'2026-07-31 14:20:21.664082940,0.371082940,0,0
'2026-07-31 14:20:21.664082950,0.371082950,1,0
'2026-07-31 14:20:21.664201950,0.371201950,0,1
'2026-07-31 14:20:21.664232930,0.371232930,0,0
'2026-07-31 14:20:21.664232950,0.371232950,1,0
'2026-07-31 14:20:21.664351950,0.371351950,0,1
'2026-07-31 14:20:21.664382930,0.371382930,0,0
'2026-07-31 14:20:21.664382950,0.371382950,1,0
'2026-07-31 14:20:21.664501950,0.371501950,0,1
'2026-07-31 14:20:21.664532930,0.371532930,0,0
'2026-07-31 14:20:21.664532950,0.371532950,1,0
'2026-07-31 14:20:21.664651950,0.371651950,0,1
'2026-07-31 14:20:21.664682930,0.371682930,0,0
'2026-07-31 14:20:21.664682950,0.371682950,1,0
'2026-07-31 14:20:21.664801950,0.371801950,0,1
'2026-07-31 14:20:21.664832930,0.371832930,0,0
'2026-07-31 14:20:21.664832950,0.371832950,1,0
'2026-07-31 14:20:21.664951950,0.371951950,0,1
'2026-07-31 14:20:21.664982930,0.371982930,0,0
'2026-07-31 14:20:21.664982950,0.371982950,1,0
'2026-07-31 14:20:21.665101950,0.372101950,0,1
'2026-07-31 14:20:21.665132930,0.372132930,0,0
'2026-07-31 14:20:21.665132950,0.372132950,1,0
'2026-07-31 14:20:21.665251950,0.372251950,0,1
'2026-07-31 14:20:21.665282930,0.372282930,0,0
'2026-07-31 14:20:21.665282950,0.372282950,1,0
'2026-07-31 14:20:21.665401950,0.372401950,0,1
'2026-07-31 14:20:21.665432930,0.372432930,0,0
'2026-07-31 14:20:21.665432950,0.372432950,1,0
'2026-07-31 14:20:21.665551950,0.372551950,0,1
'2026-07-31 14:20:21.665582930,0.372582930,0,0
'2026-07-31 14:20:21.665582950,0.372582950,1,0
'2026-07-31 14:20:21.665701950,0.372701950,0,1
'2026-07-31 14:20:21.665732930,0.372732930,0,0
'2026-07-31 14:20:21.665732950,0.372732950,1,0
'2026-07-31 14:20:21.665851950,0.372851950,0,1
'2026-07-31 14:20:21.665882930,0.372882930,0,0
'2026-07-31 14:20:21.665882950,0.372882950,1,0
'2026-07-31 14:20:21.666001940,0.373001940,0,1
'2026-07-31 14:20:21.666032920,0.373032920,0,0
'2026-07-31 14:20:21.666032940,0.373032940,1,0
'2026-07-31 14:20:21.666151940,0.373151940,0,1
'2026-07-31 14:20:21.666182920,0.373182920,0,0
'2026-07-31 14:20:21.666182940,0.373182940,1,0
'2026-07-31 14:20:21.666301940,0.373301940,0,1
'2026-07-31 14:20:21.666332920,0.373332920,0,0
'2026-07-31 14:20:21.666332940,0.373332940,1,0
'2026-07-31 14:20:21.666451940,0.373451940,0,1
'2026-07-31 14:20:21.666482920,0.373482920,0,0
'2026-07-31 14:20:21.666482940,0.373482940,1,0
'2026-07-31 14:20:21.666601940,0.373601940,0,1
'2026-07-31 14:20:21.666632920,0.373632920,0,0
'2026-07-31 14:20:21.666632940,0.373632940,1,0
'2026-07-31 14:20:21.666751940,0.373751940,0,1
'2026-07-31 14:20:21.666782920,0.373782920,0,0
'2026-07-31 14:20:21.666782940,0.373782940,1,0
'2026-07-31 14:20:21.666901940,0.373901940,0,1
'2026-07-31 14:20:21.666932920,0.373932920,0,0
'2026-07-31 14:20:21.666932940,0.373932940,1,0
'2026-07-31 14:20:21.667051940,0.374051940,0,1
'2026-07-31 14:20:21.667082920,0.374082920,0,0
'2026-07-31 14:20:21.667082940,0.374082940,1,0
'2026-07-31 14:20:21.667201940,0.374201940,0,1
'2026-07-31 14:20:21.667232920,0.374232920,0,0
'2026-07-31 14:20:21.667232940,0.374232940,1,0
'2026-07-31 14:20:21.667351940,0.374351940,0,1
'2026-07-31 14:20:21.667382920,0.374382920,0,0
'2026-07-31 14:20:21.667382940,0.374382940,1,0
'2026-07-31 14:20:21.667501940,0.374501940,0,1
'2026-07-31 14:20:21.667532920,0.374532920,0,0
'2026-07-31 14:20:21.667532940,0.374532940,1,0
'2026-07-31 14:20:21.667651940,0.374651940,0,1
'2026-07-31 14:20:21.667682920,0.374682920,0,0
'2026-07-31 14:20:21.667682940,0.374682940,1,0
'2026-07-31 14:20:21.667801940,0.374801940,0,1
'2026-07-31 14:20:21.667832920,0.374832920,0,0
'2026-07-31 14:20:21.667832930,0.374832930,1,0
'2026-07-31 14:20:21.667951930,0.374951930,0,1
'2026-07-31 14:20:21.667982910,0.374982910,0,0
'2026-07-31 14:20:21.667982930,0.374982930,1,0
'2026-07-31 14:20:21.668101930,0.375101930,0,1
'2026-07-31 14:20:21.668132910,0.375132910,0,0
'2026-07-31 14:20:21.668132930,0.375132930,1,0
'2026-07-31 14:20:21.668251930,0.375251930,0,1
'2026-07-31 14:20:21.668282910,0.375282910,0,0
'2026-07-31 14:20:21.668282930,0.375282930,1,0
'2026-07-31 14:20:21.668401930,0.375401930,0,1
'2026-07-31 14:20:21.668432910,0.375432910,0,0
'2026-07-31 14:20:21.668432930,0.375432930,1,0
'2026-07-31 14:20:21.668551930,0.375551930,0,1
'2026-07-31 14:20:21.668582910,0.375582910,0,0
'2026-07-31 14:20:21.668582930,0.375582930,1,0
'2026-07-31 14:20:21.668701930,0.375701930,0,1
'2026-07-31 14:20:21.668732910,0.375732910,0,0
'2026-07-31 14:20:21.668732930,0.375732930,1,0
'2026-07-31 14:20:21.668851930,0.375851930,0,1
'2026-07-31 14:20:21.668882910,0.375882910,0,0
'2026-07-31 14:20:21.668882930,0.375882930,1,0
'2026-07-31 14:20:21.669001930,0.376001930,0,1
'2026-07-31 14:20:21.669032910,0.376032910,0,0
'2026-07-31 14:20:21.669032930,0.376032930,1,0
'2026-07-31 14:20:21.669151930,0.376151930,0,1
'2026-07-31 14:20:21.669182910,0.376182910,0,0
'2026-07-31 14:20:21.669182930,0.376182930,1,0
'2026-07-31 14:20:21.669301930,0.376301930,0,1
'2026-07-31 14:20:21.669332910,0.376332910,0,0
'2026-07-31 14:20:21.669332930,0.376332930,1,0
'2026-07-31 14:20:21.669451930,0.376451930,0,1
'2026-07-31 14:20:21.669482910,0.376482910,0,0
'2026-07-31 14:20:21.669482930,0.376482930,1,0
'2026-07-31 14:20:21.669601930,0.376601930,0,1
'2026-07-31 14:20:21.669632910,0.376632910,0,0
'2026-07-31 14:20:21.669632930,0.376632930,1,0
'2026-07-31 14:20:21.669751920,0.376751920,0,1
'2026-07-31 14:20:21.669782910,0.376782910,0,0
'2026-07-31 14:20:21.669782920,0.376782920,1,0
'2026-07-31 14:20:21.669901920,0.376901920,0,1
'2026-07-31 14:20:21.669932900,0.376932900,0,0
'2026-07-31 14:20:21.669932920,0.376932920,1,0
'2026-07-31 14:20:21.670051920,0.377051920,0,1
'2026-07-31 14:20:21.670082900,0.377082900,0,0
'2026-07-31 14:20:21.670082920,0.377082920,1,0
'2026-07-31 14:20:21.670201920,0.377201920,0,1
'2026-07-31 14:20:21.670232900,0.377232900,0,0
'2026-07-31 14:20:21.670232920,0.377232920,1,0
'2026-07-31 14:20:21.670351920,0.377351920,0,1
'2026-07-31 14:20:21.670382900,0.377382900,0,0
'2026-07-31 14:20:21.670382920,0.377382920,1,0
'2026-07-31 14:20:21.670501920,0.377501920,0,1
'2026-07-31 14:20:21.670532900,0.377532900,0,0
'2026-07-31 14:20:21.670532920,0.377532920,1,0
'2026-07-31 14:20:21.670651920,0.377651920,0,1
'2026-07-31 14:20:21.670682900,0.377682900,0,0
'2026-07-31 14:20:21.670682920,0.377682920,1,0
'2026-07-31 14:20:21.670801920,0.377801920,0,1
'2026-07-31 14:20:21.670832900,0.377832900,0,0
'2026-07-31 14:20:21.670832920,0.377832920,1,0
'2026-07-31 14:20:21.670951920,0.377951920,0,1
'2026-07-31 14:20:21.670982900,0.377982900,0,0
'2026-07-31 14:20:21.670982920,0.377982920,1,0
'2026-07-31 14:20:21.671101920,0.378101920,0,1
'2026-07-31 14:20:21.671132900,0.378132900,0,0
'2026-07-31 14:20:21.671132920,0.378132920,1,0
'2026-07-31 14:20:21.671251920,0.378251920,0,1
'2026-07-31 14:20:21.671282900,0.378282900,0,0
'2026-07-31 14:20:21.671282920,0.378282920,1,0
'2026-07-31 14:20:21.671401920,0.378401920,0,1
'2026-07-31 14:20:21.671432900,0.378432900,0,0
'2026-07-31 14:20:21.671432920,0.378432920,1,0
'2026-07-31 14:20:21.671551920,0.378551920,0,1
'2026-07-31 14:20:21.671582900,0.378582900,0,0
'2026-07-31 14:20:21.671582910,0.378582910,1,0
'2026-07-31 14:20:21.671701910,0.378701910,0,1
'2026-07-31 14:20:21.671732890,0.378732890,0,0
'2026-07-31 14:20:21.671732910,0.378732910,1,0
'2026-07-31 14:20:21.671851910,0.378851910,0,1
'2026-07-31 14:20:21.671882890,0.378882890,0,0
'2026-07-31 14:20:21.671882910,0.378882910,1,0
'2026-07-31 14:20:21.672001910,0.379001910,0,1
'2026-07-31 14:20:21.672032890,0.379032890,0,0
'2026-07-31 14:20:21.672032910,0.379032910,1,0
'2026-07-31 14:20:21.672151910,0.379151910,0,1
'2026-07-31 14:20:21.672182890,0.379182890,0,0
'2026-07-31 14:20:21.672182910,0.379182910,1,0
'2026-07-31 14:20:21.672301910,0.379301910,0,1
'2026-07-31 14:20:21.672332890,0.379332890,0,0
'2026-07-31 14:20:21.672332910,0.379332910,1,0
'2026-07-31 14:20:21.672451910,0.379451910,0,1
'2026-07-31 14:20:21.672482890,0.379482890,0,0
'2026-07-31 14:20:21.672482910,0.379482910,1,0
'2026-07-31 14:20:21.672601910,0.379601910,0,1
'2026-07-31 14:20:21.672632890,0.379632890,0,0
'2026-07-31 14:20:21.672632910,0.379632910,1,0
'2026-07-31 14:20:21.672751910,0.379751910,0,1
'2026-07-31 14:20:21.672782890,0.379782890,0,0
'2026-07-31 14:20:21.672782910,0.379782910,1,0
'2026-07-31 14:20:21.672901910,0.379901910,0,1
'2026-07-31 14:20:21.672932890,0.379932890,0,0
'2026-07-31 14:20:21.672932910,0.379932910,1,0
'2026-07-31 14:20:21.673051910,0.380051910,0,1
'2026-07-31 14:20:21.673082890,0.380082890,0,0
'2026-07-31 14:20:21.673082910,0.380082910,1,0
'2026-07-31 14:20:21.673201910,0.380201910,0,1
'2026-07-31 14:20:21.673232890,0.380232890,0,0
'2026-07-31 14:20:21.673232910,0.380232910,1,0
'2026-07-31 14:20:21.673351910,0.380351910,0,1
'2026-07-31 14:20:21.673382890,0.380382890,0,0
'2026-07-31 14:20:21.673382910,0.380382910,1,0
'2026-07-31 14:20:21.673501900,0.380501900,1,1
'2026-07-31 14:20:21.673501910,0.380501910,0,1
'2026-07-31 14:20:21.673532890,0.380532890,0,0
'2026-07-31 14:20:21.673532900,0.380532900,1,0
'2026-07-31 14:20:21.673651900,0.380651900,0,1
'2026-07-31 14:20:21.673682880,0.380682880,0,0
'2026-07-31 14:20:21.673682900,0.380682900,1,0
'2026-07-31 14:20:21.673801900,0.380801900,0,1
'2026-07-31 14:20:21.673832880,0.380832880,0,0
'2026-07-31 14:20:21.673832900,0.380832900,1,0
'2026-07-31 14:20:21.673951900,0.380951900,0,1
'2026-07-31 14:20:21.673982880,0.380982880,0,0
'2026-07-31 14:20:21.673982900,0.380982900,1,0
'2026-07-31 14:20:21.674101900,0.381101900,0,1
'2026-07-31 14:20:21.674132880,0.381132880,0,0
'2026-07-31 14:20:21.674132900,0.381132900,1,0
'2026-07-31 14:20:21.674251900,0.381251900,0,1
'2026-07-31 14:20:21.674282880,0.381282880,0,0
'2026-07-31 14:20:21.674282900,0.381282900,1,0
'2026-07-31 14:20:21.674401900,0.381401900,0,1
'2026-07-31 14:20:21.674432880,0.381432880,0,0
'2026-07-31 14:20:21.674432900,0.381432900,1,0
'2026-07-31 14:20:21.674551900,0.381551900,0,1
'2026-07-31 14:20:21.674582880,0.381582880,0,0
'2026-07-31 14:20:21.674582900,0.381582900,1,0
'2026-07-31 14:20:21.674701900,0.381701900,0,1
'2026-07-31 14:20:21.674732880,0.381732880,0,0
'2026-07-31 14:20:21.674732900,0.381732900,1,0
'2026-07-31 14:20:21.674851900,0.381851900,0,1
'2026-07-31 14:20:21.674882880,0.381882880,0,0
'2026-07-31 14:20:21.674882900,0.381882900,1,0
'2026-07-31 14:20:21.675001900,0.382001900,0,1
'2026-07-31 14:20:21.675032880,0.382032880,0,0
'2026-07-31 14:20:21.675032900,0.382032900,1,0
'2026-07-31 14:20:21.675151900,0.382151900,0,1
'2026-07-31 14:20:21.675182880,0.382182880,0,0
'2026-07-31 14:20:21.675182900,0.382182900,1,0
'2026-07-31 14:20:21.675301900,0.382301900,0,1
'2026-07-31 14:20:21.675332880,0.382332880,0,0
'2026-07-31 14:20:21.675332900,0.382332900,1,0
'2026-07-31 14:20:21.675451890,0.382451890,0,1
'2026-07-31 14:20:21.675482870,0.382482870,0,0
'2026-07-31 14:20:21.675482890,0.382482890,1,0
'2026-07-31 14:20:21.675601890,0.382601890,0,1
'2026-07-31 14:20:21.675632870,0.382632870,0,0
'2026-07-31 14:20:21.675632890,0.382632890,1,0
'2026-07-31 14:20:21.675751890,0.382751890,0,1
'2026-07-31 14:20:21.675782870,0.382782870,0,0
'2026-07-31 14:20:21.675782890,0.382782890,1,0
'2026-07-31 14:20:21.675901890,0.382901890,0,1
'2026-07-31 14:20:21.675932870,0.382932870,0,0
'2026-07-31 14:20:21.675932890,0.382932890,1,0
'2026-07-31 14:20:21.676051890,0.383051890,0,1
'2026-07-31 14:20:21.676082870,0.383082870,0,0
'2026-07-31 14:20:21.676082890,0.383082890,1,0
'2026-07-31 14:20:21.676201890,0.383201890,0,1
'2026-07-31 14:20:21.676232870,0.383232870,0,0
'2026-07-31 14:20:21.676232890,0.383232890,1,0
'2026-07-31 14:20:21.676351890,0.383351890,0,1
'2026-07-31 14:20:21.676382870,0.383382870,0,0
'2026-07-31 14:20:21.676382890,0.383382890,1,0
'2026-07-31 14:20:21.676501890,0.383501890,0,1
'2026-07-31 14:20:21.676532870,0.383532870,0,0
'2026-07-31 14:20:21.676532890,0.383532890,1,0
'2026-07-31 14:20:21.676651890,0.383651890,0,1
'2026-07-31 14:20:21.676682870,0.383682870,0,0
'2026-07-31 14:20:21.676682890,0.383682890,1,0
'2026-07-31 14:20:21.676801890,0.383801890,0,1
'2026-07-31 14:20:21.676832870,0.383832870,0,0
'2026-07-31 14:20:21.676832890,0.383832890,1,0
'2026-07-31 14:20:21.676951890,0.383951890,0,1
'2026-07-31 14:20:21.676982870,0.383982870,0,0
'2026-07-31 14:20:21.676982890,0.383982890,1,0
'2026-07-31 14:20:21.677101890,0.384101890,0,1
'2026-07-31 14:20:21.677132870,0.384132870,0,0
'2026-07-31 14:20:21.677132890,0.384132890,1,0
'2026-07-31 14:20:21.677251890,0.384251890,0,1
'2026-07-31 14:20:21.677282870,0.384282870,0,0
'2026-07-31 14:20:21.677282880,0.384282880,1,0
'2026-07-31 14:20:21.677401880,0.384401880,0,1
'2026-07-31 14:20:21.677432860,0.384432860,0,0
'2026-07-31 14:20:21.677432880,0.384432880,1,0
'2026-07-31 14:20:21.677551880,0.384551880,0,1
'2026-07-31 14:20:21.677582860,0.384582860,0,0
'2026-07-31 14:20:21.677582880,0.384582880,1,0
'2026-07-31 14:20:21.677701880,0.384701880,0,1
'2026-07-31 14:20:21.677732860,0.384732860,0,0
'2026-07-31 14:20:21.677732880,0.384732880,1,0
'2026-07-31 14:20:21.677851880,0.384851880,0,1
'2026-07-31 14:20:21.677882860,0.384882860,0,0
'2026-07-31 14:20:21.677882880,0.384882880,1,0
'2026-07-31 14:20:21.678001880,0.385001880,0,1
'2026-07-31 14:20:21.678032860,0.385032860,0,0
'2026-07-31 14:20:21.678032880,0.385032880,1,0
'2026-07-31 14:20:21.678151880,0.385151880,0,1
'2026-07-31 14:20:21.678182860,0.385182860,0,0
'2026-07-31 14:20:21.678182880,0.385182880,1,0
'2026-07-31 14:20:21.678301880,0.385301880,0,1
'2026-07-31 14:20:21.678332860,0.385332860,0,0
'2026-07-31 14:20:21.678332880,0.385332880,1,0
'2026-07-31 14:20:21.678451880,0.385451880,0,1
'2026-07-31 14:20:21.678482860,0.385482860,0,0
'2026-07-31 14:20:21.678482880,0.385482880,1,0
'2026-07-31 14:20:21.678601880,0.385601880,0,1
'2026-07-31 14:20:21.678632860,0.385632860,0,0
'2026-07-31 14:20:21.678632880,0.385632880,1,0
'2026-07-31 14:20:21.678751880,0.385751880,0,1
'2026-07-31 14:20:21.678782860,0.385782860,0,0
'2026-07-31 14:20:21.678782880,0.385782880,1,0
'2026-07-31 14:20:21.678901880,0.385901880,0,1
'2026-07-31 14:20:21.678932860,0.385932860,0,0
'2026-07-31 14:20:21.678932880,0.385932880,1,0
'2026-07-31 14:20:21.679051880,0.386051880,0,1
'2026-07-31 14:20:21.679082860,0.386082860,0,0
'2026-07-31 14:20:21.679082880,0.386082880,1,0
'2026-07-31 14:20:21.679201870,0.386201870,0,1
'2026-07-31 14:20:21.679232860,0.386232860,0,0
'2026-07-31 14:20:21.679232870,0.386232870,1,0
'2026-07-31 14:20:21.679351870,0.386351870,0,1
'2026-07-31 14:20:21.679382850,0.386382850,0,0
'2026-07-31 14:20:21.679382870,0.386382870,1,0
'2026-07-31 14:20:21.679501870,0.386501870,0,1
'2026-07-31 14:20:21.679532850,0.386532850,0,0
'2026-07-31 14:20:21.679532870,0.386532870,1,0
'2026-07-31 14:20:21.679651870,0.386651870,0,1
'2026-07-31 14:20:21.679682850,0.386682850,0,0
'2026-07-31 14:20:21.679682870,0.386682870,1,0
'2026-07-31 14:20:21.679801870,0.386801870,0,1
'2026-07-31 14:20:21.679832850,0.386832850,0,0
'2026-07-31 14:20:21.679832870,0.386832870,1,0
'2026-07-31 14:20:21.679951870,0.386951870,0,1
'2026-07-31 14:20:21.679982850,0.386982850,0,0
'2026-07-31 14:20:21.679982870,0.386982870,1,0
'2026-07-31 14:20:21.680101870,0.387101870,0,1
'2026-07-31 14:20:21.680132850,0.387132850,0,0
'2026-07-31 14:20:21.680132870,0.387132870,1,0
'2026-07-31 14:20:21.680251870,0.387251870,0,1
'2026-07-31 14:20:21.680282850,0.387282850,0,0
'2026-07-31 14:20:21.680282870,0.387282870,1,0
'2026-07-31 14:20:21.680401870,0.387401870,0,1
'2026-07-31 14:20:21.680432850,0.387432850,0,0
'2026-07-31 14:20:21.680432870,0.387432870,1,0
'2026-07-31 14:20:21.680551870,0.387551870,0,1
'2026-07-31 14:20:21.680582850,0.387582850,0,0
'2026-07-31 14:20:21.680582870,0.387582870,1,0
'2026-07-31 14:20:21.680701870,0.387701870,0,1
'2026-07-31 14:20:21.680732850,0.387732850,0,0
'2026-07-31 14:20:21.680732870,0.387732870,1,0
'2026-07-31 14:20:21.680851870,0.387851870,0,1
'2026-07-31 14:20:21.680882850,0.387882850,0,0
'2026-07-31 14:20:21.680882870,0.387882870,1,0
'2026-07-31 14:20:21.681001870,0.388001870,0,1
'2026-07-31 14:20:21.681032850,0.388032850,0,0
'2026-07-31 14:20:21.681032860,0.388032860,1,0
'2026-07-31 14:20:21.681151860,0.388151860,0,1
'2026-07-31 14:20:21.681182840,0.388182840,0,0
'2026-07-31 14:20:21.681182860,0.388182860,1,0
'2026-07-31 14:20:21.681301860,0.388301860,0,1
'2026-07-31 14:20:21.681332840,0.388332840,0,0
'2026-07-31 14:20:21.681332860,0.388332860,1,0
'2026-07-31 14:20:21.681451860,0.388451860,0,1
'2026-07-31 14:20:21.681482840,0.388482840,0,0
'2026-07-31 14:20:21.681482860,0.388482860,1,0
'2026-07-31 14:20:21.681601860,0.388601860,0,1
'2026-07-31 14:20:21.681632840,0.388632840,0,0
'2026-07-31 14:20:21.681632860,0.388632860,1,0
'2026-07-31 14:20:21.681751860,0.388751860,0,1
'2026-07-31 14:20:21.681782840,0.388782840,0,0
'2026-07-31 14:20:21.681782860,0.388782860,1,0
'2026-07-31 14:20:21.681901860,0.388901860,0,1
'2026-07-31 14:20:21.681932840,0.388932840,0,0
'2026-07-31 14:20:21.681932860,0.388932860,1,0
'2026-07-31 14:20:21.682051860,0.389051860,0,1
'2026-07-31 14:20:21.682082840,0.389082840,0,0
'2026-07-31 14:20:21.682082860,0.389082860,1,0
'2026-07-31 14:20:21.682201860,0.389201860,0,1
'2026-07-31 14:20:21.682232840,0.389232840,0,0
'2026-07-31 14:20:21.682232860,0.389232860,1,0
'2026-07-31 14:20:21.682351860,0.389351860,0,1
'2026-07-31 14:20:21.682382840,0.389382840,0,0
'2026-07-31 14:20:21.682382860,0.389382860,1,0
'2026-07-31 14:20:21.682501860,0.389501860,0,1
'2026-07-31 14:20:21.682532840,0.389532840,0,0
'2026-07-31 14:20:21.682532860,0.389532860,1,0
'2026-07-31 14:20:21.682651860,0.389651860,0,1
'2026-07-31 14:20:21.682682840,0.389682840,0,0
'2026-07-31 14:20:21.682682860,0.389682860,1,0
'2026-07-31 14:20:21.682801860,0.389801860,0,1
'2026-07-31 14:20:21.682832840,0.389832840,0,0
'2026-07-31 14:20:21.682832860,0.389832860,1,0
'2026-07-31 14:20:21.682951850,0.389951850,1,1
'2026-07-31 14:20:21.682951860,0.389951860,0,1
'2026-07-31 14:20:21.682982840,0.389982840,0,0
'2026-07-31 14:20:21.682982850,0.389982850,1,0
'2026-07-31 14:20:21.683101850,0.390101850,0,1
'2026-07-31 14:20:21.683132830,0.390132830,0,0
'2026-07-31 14:20:21.683132850,0.390132850,1,0
'2026-07-31 14:20:21.683251850,0.390251850,0,1
'2026-07-31 14:20:21.683282830,0.390282830,0,0
'2026-07-31 14:20:21.683282850,0.390282850,1,0
'2026-07-31 14:20:21.683401850,0.390401850,0,1
'2026-07-31 14:20:21.683432830,0.390432830,0,0
'2026-07-31 14:20:21.683432850,0.390432850,1,0
'2026-07-31 14:20:21.683551850,0.390551850,0,1
'2026-07-31 14:20:21.683582830,0.390582830,0,0
'2026-07-31 14:20:21.683582850,0.390582850,1,0
'2026-07-31 14:20:21.683701850,0.390701850,0,1
'2026-07-31 14:20:21.683732830,0.390732830,0,0
'2026-07-31 14:20:21.683732850,0.390732850,1,0
'2026-07-31 14:20:21.683851850,0.390851850,0,1
'2026-07-31 14:20:21.683882830,0.390882830,0,0
'2026-07-31 14:20:21.683882850,0.390882850,1,0
'2026-07-31 14:20:21.684001850,0.391001850,0,1
'2026-07-31 14:20:21.684032830,0.391032830,0,0
'2026-07-31 14:20:21.684032850,0.391032850,1,0
'2026-07-31 14:20:21.684151850,0.391151850,0,1
'2026-07-31 14:20:21.684182830,0.391182830,0,0
'2026-07-31 14:20:21.684182850,0.391182850,1,0
'2026-07-31 14:20:21.684301850,0.391301850,0,1
'2026-07-31 14:20:21.684332830,0.391332830,0,0
'2026-07-31 14:20:21.684332850,0.391332850,1,0
'2026-07-31 14:20:21.684451850,0.391451850,0,1
'2026-07-31 14:20:21.684482830,0.391482830,0,0
'2026-07-31 14:20:21.684482850,0.391482850,1,0
'2026-07-31 14:20:21.684601850,0.391601850,0,1
'2026-07-31 14:20:21.684632830,0.391632830,0,0
'2026-07-31 14:20:21.684632850,0.391632850,1,0
'2026-07-31 14:20:21.684751850,0.391751850,0,1
'2026-07-31 14:20:21.684782830,0.391782830,0,0
'2026-07-31 14:20:21.684782850,0.391782850,1,0
'2026-07-31 14:20:21.684901840,0.391901840,0,1
'2026-07-31 14:20:21.684932820,0.391932820,0,0
'2026-07-31 14:20:21.684932840,0.391932840,1,0
'2026-07-31 14:20:21.685051840,0.392051840,0,1
'2026-07-31 14:20:21.685082820,0.392082820,0,0
'2026-07-31 14:20:21.685082840,0.392082840,1,0
'2026-07-31 14:20:21.685201840,0.392201840,0,1
'2026-07-31 14:20:21.685232820,0.392232820,0,0
'2026-07-31 14:20:21.685232840,0.392232840,1,0
'2026-07-31 14:20:21.685351840,0.392351840,0,1
'2026-07-31 14:20:21.685382820,0.392382820,0,0
'2026-07-31 14:20:21.685382840,0.392382840,1,0
'2026-07-31 14:20:21.685501840,0.392501840,0,1
'2026-07-31 14:20:21.685532820,0.392532820,0,0
'2026-07-31 14:20:21.685532840,0.392532840,1,0
'2026-07-31 14:20:21.685651840,0.392651840,0,1
'2026-07-31 14:20:21.685682820,0.392682820,0,0
'2026-07-31 14:20:21.685682840,0.392682840,1,0
'2026-07-31 14:20:21.685801840,0.392801840,0,1
'2026-07-31 14:20:21.685832820,0.392832820,0,0
'2026-07-31 14:20:21.685832840,0.392832840,1,0
'2026-07-31 14:20:21.685951840,0.392951840,0,1
'2026-07-31 14:20:21.685982820,0.392982820,0,0
'2026-07-31 14:20:21.685982840,0.392982840,1,0
'2026-07-31 14:20:21.686101840,0.393101840,0,1
'2026-07-31 14:20:21.686132820,0.393132820,0,0
'2026-07-31 14:20:21.686132840,0.393132840,1,0
'2026-07-31 14:20:21.686251840,0.393251840,0,1
'2026-07-31 14:20:21.686282820,0.393282820,0,0
'2026-07-31 14:20:21.686282840,0.393282840,1,0
'2026-07-31 14:20:21.686401840,0.393401840,0,1
'2026-07-31 14:20:21.686432820,0.393432820,0,0
'2026-07-31 14:20:21.686432840,0.393432840,1,0
'2026-07-31 14:20:21.686551840,0.393551840,0,1
'2026-07-31 14:20:21.686582820,0.393582820,0,0
'2026-07-31 14:20:21.686582840,0.393582840,1,0
'2026-07-31 14:20:21.686701840,0.393701840,0,1
'2026-07-31 14:20:21.686732820,0.393732820,0,0
'2026-07-31 14:20:21.686732830,0.393732830,1,0
'2026-07-31 14:20:21.686851830,0.393851830,0,1
'2026-07-31 14:20:21.686882810,0.393882810,0,0
'2026-07-31 14:20:21.686882830,0.393882830,1,0
'2026-07-31 14:20:21.687001830,0.394001830,0,1
'2026-07-31 14:20:21.687032810,0.394032810,0,0
'2026-07-31 14:20:21.687032830,0.394032830,1,0
'2026-07-31 14:20:21.687151830,0.394151830,0,1
'2026-07-31 14:20:21.687182810,0.394182810,0,0
'2026-07-31 14:20:21.687182830,0.394182830,1,0
'2026-07-31 14:20:21.687301830,0.394301830,0,1
'2026-07-31 14:20:21.687332810,0.394332810,0,0
'2026-07-31 14:20:21.687332830,0.394332830,1,0
'2026-07-31 14:20:21.687451830,0.394451830,0,1
'2026-07-31 14:20:21.687482810,0.394482810,0,0
'2026-07-31 14:20:21.687482830,0.394482830,1,0
'2026-07-31 14:20:21.687601830,0.394601830,0,1
'2026-07-31 14:20:21.687632810,0.394632810,0,0
'2026-07-31 14:20:21.687632830,0.394632830,1,0
'2026-07-31 14:20:21.687751830,0.394751830,0,1
'2026-07-31 14:20:21.687782810,0.394782810,0,0
'2026-07-31 14:20:21.687782830,0.394782830,1,0
'2026-07-31 14:20:21.687901830,0.394901830,0,1
'2026-07-31 14:20:21.687932810,0.394932810,0,0
'2026-07-31 14:20:21.687932830,0.394932830,1,0
'2026-07-31 14:20:21.688051830,0.395051830,0,1
'2026-07-31 14:20:21.688082810,0.395082810,0,0
'2026-07-31 14:20:21.688082830,0.395082830,1,0
'2026-07-31 14:20:21.688201830,0.395201830,0,1
'2026-07-31 14:20:21.688232810,0.395232810,0,0
'2026-07-31 14:20:21.688232830,0.395232830,1,0
'2026-07-31 14:20:21.688351830,0.395351830,0,1
'2026-07-31 14:20:21.688382810,0.395382810,0,0
'2026-07-31 14:20:21.688382830,0.395382830,1,0
'2026-07-31 14:20:21.688501830,0.395501830,0,1
'2026-07-31 14:20:21.688532810,0.395532810,0,0
'2026-07-31 14:20:21.688532830,0.395532830,1,0
'2026-07-31 14:20:21.688651820,0.395651820,0,1
'2026-07-31 14:20:21.688682810,0.395682810,0,0
'2026-07-31 14:20:21.688682820,0.395682820,1,0
'2026-07-31 14:20:21.688801820,0.395801820,0,1
'2026-07-31 14:20:21.688832800,0.395832800,0,0
'2026-07-31 14:20:21.688832820,0.395832820,1,0
'2026-07-31 14:20:21.688951820,0.395951820,0,1
'2026-07-31 14:20:21.688982800,0.395982800,0,0
'2026-07-31 14:20:21.688982820,0.395982820,1,0
'2026-07-31 14:20:21.689101820,0.396101820,0,1
'2026-07-31 14:20:21.689132800,0.396132800,0,0
'2026-07-31 14:20:21.689132820,0.396132820,1,0
'2026-07-31 14:20:21.689251820,0.396251820,0,1
'2026-07-31 14:20:21.689282800,0.396282800,0,0
'2026-07-31 14:20:21.689282820,0.396282820,1,0
'2026-07-31 14:20:21.689401820,0.396401820,0,1
'2026-07-31 14:20:21.689432800,0.396432800,0,0
'2026-07-31 14:20:21.689432820,0.396432820,1,0
'2026-07-31 14:20:21.689551820,0.396551820,0,1
'2026-07-31 14:20:21.689582800,0.396582800,0,0
'2026-07-31 14:20:21.689582820,0.396582820,1,0
'2026-07-31 14:20:21.689701820,0.396701820,0,1
'2026-07-31 14:20:21.689732800,0.396732800,0,0
'2026-07-31 14:20:21.689732820,0.396732820,1,0
'2026-07-31 14:20:21.689851820,0.396851820,0,1
'2026-07-31 14:20:21.689882800,0.396882800,0,0
'2026-07-31 14:20:21.689882820,0.396882820,1,0
'2026-07-31 14:20:21.690001820,0.397001820,0,1
'2026-07-31 14:20:21.690032800,0.397032800,0,0
'2026-07-31 14:20:21.690032820,0.397032820,1,0
'2026-07-31 14:20:21.690151820,0.397151820,0,1
'2026-07-31 14:20:21.690182800,0.397182800,0,0
'2026-07-31 14:20:21.690182820,0.397182820,1,0
'2026-07-31 14:20:21.690301820,0.397301820,0,1
'2026-07-31 14:20:21.690332800,0.397332800,0,0
'2026-07-31 14:20:21.690332820,0.397332820,1,0
'2026-07-31 14:20:21.690451820,0.397451820,0,1
'2026-07-31 14:20:21.690482800,0.397482800,0,0
'2026-07-31 14:20:21.690482810,0.397482810,1,0
'2026-07-31 14:20:21.690601810,0.397601810,0,1
'2026-07-31 14:20:21.690632790,0.397632790,0,0
'2026-07-31 14:20:21.690632810,0.397632810,1,0
'2026-07-31 14:20:21.690751810,0.397751810,0,1
'2026-07-31 14:20:21.690782790,0.397782790,0,0
'2026-07-31 14:20:21.690782810,0.397782810,1,0
'2026-07-31 14:20:21.690901810,0.397901810,0,1
'2026-07-31 14:20:21.690932790,0.397932790,0,0
'2026-07-31 14:20:21.690932810,0.397932810,1,0
'2026-07-31 14:20:21.691051810,0.398051810,0,1
'2026-07-31 14:20:21.691082790,0.398082790,0,0
'2026-07-31 14:20:21.691082810,0.398082810,1,0
'2026-07-31 14:20:21.691201810,0.398201810,0,1
'2026-07-31 14:20:21.691232790,0.398232790,0,0
'2026-07-31 14:20:21.691232810,0.398232810,1,0
'2026-07-31 14:20:21.691351810,0.398351810,0,1
'2026-07-31 14:20:21.691382790,0.398382790,0,0
'2026-07-31 14:20:21.691382810,0.398382810,1,0
'2026-07-31 14:20:21.691501810,0.398501810,0,1
'2026-07-31 14:20:21.691532790,0.398532790,0,0
'2026-07-31 14:20:21.691532810,0.398532810,1,0
'2026-07-31 14:20:21.691651810,0.398651810,0,1
'2026-07-31 14:20:21.691682790,0.398682790,0,0
'2026-07-31 14:20:21.691682810,0.398682810,1,0
'2026-07-31 14:20:21.691801810,0.398801810,0,1
'2026-07-31 14:20:21.691832790,0.398832790,0,0
'2026-07-31 14:20:21.691832810,0.398832810,1,0
'2026-07-31 14:20:21.691951810,0.398951810,0,1
'2026-07-31 14:20:21.691982790,0.398982790,0,0
'2026-07-31 14:20:21.691982810,0.398982810,1,0
'2026-07-31 14:20:21.692101810,0.399101810,0,1
'2026-07-31 14:20:21.692132790,0.399132790,0,0
'2026-07-31 14:20:21.692132810,0.399132810,1,0
'2026-07-31 14:20:21.692251810,0.399251810,0,1
'2026-07-31 14:20:21.692282790,0.399282790,0,0
'2026-07-31 14:20:21.692282810,0.399282810,1,0
'2026-07-31 14:20:21.692401800,0.399401800,1,1
'2026-07-31 14:20:21.692401810,0.399401810,0,1
'2026-07-31 14:20:21.692432790,0.399432790,0,0
'2026-07-31 14:20:21.692432800,0.399432800,1,0
'2026-07-31 14:20:21.692551800,0.399551800,0,1
'2026-07-31 14:20:21.692582780,0.399582780,0,0
'2026-07-31 14:20:21.692582800,0.399582800,1,0
'2026-07-31 14:20:21.692701800,0.399701800,0,1
'2026-07-31 14:20:21.692732780,0.399732780,0,0
'2026-07-31 14:20:21.692732800,0.399732800,1,0
'2026-07-31 14:20:21.692851800,0.399851800,0,1
'2026-07-31 14:20:21.692882780,0.399882780,0,0
'2026-07-31 14:20:21.692882800,0.399882800,1,0
'2026-07-31 14:20:21.693001800,0.400001800,0,1
'2026-07-31 14:20:21.693032780,0.400032780,0,0
'2026-07-31 14:20:21.693032800,0.400032800,1,0
'2026-07-31 14:20:21.693151800,0.400151800,0,1
'2026-07-31 14:20:21.693182780,0.400182780,0,0
'2026-07-31 14:20:21.693182800,0.400182800,1,0
'2026-07-31 14:20:21.693301800,0.400301800,0,1
'2026-07-31 14:20:21.693332780,0.400332780,0,0
'2026-07-31 14:20:21.693332800,0.400332800,1,0
'2026-07-31 14:20:21.693451800,0.400451800,0,1
'2026-07-31 14:20:21.693482780,0.400482780,0,0
'2026-07-31 14:20:21.693482800,0.400482800,1,0
'2026-07-31 14:20:21.693601800,0.400601800,0,1
'2026-07-31 14:20:21.693632780,0.400632780,0,0
'2026-07-31 14:20:21.693632800,0.400632800,1,0
'2026-07-31 14:20:21.693751800,0.400751800,0,1
'2026-07-31 14:20:21.693782780,0.400782780,0,0
'2026-07-31 14:20:21.693782800,0.400782800,1,0
'2026-07-31 14:20:21.693901800,0.400901800,0,1
'2026-07-31 14:20:21.693932780,0.400932780,0,0
'2026-07-31 14:20:21.693932800,0.400932800,1,0
'2026-07-31 14:20:21.694051800,0.401051800,0,1
'2026-07-31 14:20:21.694082780,0.401082780,0,0
'2026-07-31 14:20:21.694082800,0.401082800,1,0
'2026-07-31 14:20:21.694201800,0.401201800,0,1
'2026-07-31 14:20:21.694232780,0.401232780,0,0
'2026-07-31 14:20:21.694232800,0.401232800,1,0
'2026-07-31 14:20:21.694351790,0.401351790,0,1
'2026-07-31 14:20:21.694382770,0.401382770,0,0
'2026-07-31 14:20:21.694382790,0.401382790,1,0
'2026-07-31 14:20:21.694501790,0.401501790,0,1
'2026-07-31 14:20:21.694532770,0.401532770,0,0
'2026-07-31 14:20:21.694532790,0.401532790,1,0
'2026-07-31 14:20:21.694651790,0.401651790,0,1
'2026-07-31 14:20:21.694682770,0.401682770,0,0
'2026-07-31 14:20:21.694682790,0.401682790,1,0
'2026-07-31 14:20:21.694801790,0.401801790,0,1
'2026-07-31 14:20:21.694832770,0.401832770,0,0
'2026-07-31 14:20:21.694832790,0.401832790,1,0
'2026-07-31 14:20:21.694951790,0.401951790,0,1
'2026-07-31 14:20:21.694982770,0.401982770,0,0
'2026-07-31 14:20:21.694982790,0.401982790,1,0
'2026-07-31 14:20:21.695101790,0.402101790,0,1
'2026-07-31 14:20:21.695132770,0.402132770,0,0
'2026-07-31 14:20:21.695132790,0.402132790,1,0
'2026-07-31 14:20:21.695251790,0.402251790,0,1
'2026-07-31 14:20:21.695282770,0.402282770,0,0
'2026-07-31 14:20:21.695282790,0.402282790,1,0
'2026-07-31 14:20:21.695401790,0.402401790,0,1
'2026-07-31 14:20:21.695432770,0.402432770,0,0
'2026-07-31 14:20:21.695432790,0.402432790,1,0
'2026-07-31 14:20:21.695551790,0.402551790,0,1
'2026-07-31 14:20:21.695582770,0.402582770,0,0
'2026-07-31 14:20:21.695582790,0.402582790,1,0
'2026-07-31 14:20:21.695701790,0.402701790,0,1
'2026-07-31 14:20:21.695732770,0.402732770,0,0
'2026-07-31 14:20:21.695732790,0.402732790,1,0
'2026-07-31 14:20:21.695851790,0.402851790,0,1
'2026-07-31 14:20:21.695882770,0.402882770,0,0
'2026-07-31 14:20:21.695882790,0.402882790,1,0
'2026-07-31 14:20:21.696001790,0.403001790,0,1
'2026-07-31 14:20:21.696032770,0.403032770,0,0
'2026-07-31 14:20:21.696032790,0.403032790,1,0
'2026-07-31 14:20:21.696151790,0.403151790,0,1
'2026-07-31 14:20:21.696182770,0.403182770,0,0
'2026-07-31 14:20:21.696182780,0.403182780,1,0
'2026-07-31 14:20:21.696301780,0.403301780,0,1
'2026-07-31 14:20:21.696332760,0.403332760,0,0
'2026-07-31 14:20:21.696332780,0.403332780,1,0
'2026-07-31 14:20:21.696451780,0.403451780,0,1
'2026-07-31 14:20:21.696482760,0.403482760,0,0
'2026-07-31 14:20:21.696482780,0.403482780,1,0
'2026-07-31 14:20:21.696601780,0.403601780,0,1
'2026-07-31 14:20:21.696632760,0.403632760,0,0
'2026-07-31 14:20:21.696632780,0.403632780,1,0
'2026-07-31 14:20:21.696751780,0.403751780,0,1
'2026-07-31 14:20:21.696782760,0.403782760,0,0
'2026-07-31 14:20:21.696782780,0.403782780,1,0
'2026-07-31 14:20:21.696901780,0.403901780,0,1
'2026-07-31 14:20:21.696932760,0.403932760,0,0
'2026-07-31 14:20:21.696932780,0.403932780,1,0
'2026-07-31 14:20:21.697051780,0.404051780,0,1
'2026-07-31 14:20:21.697082760,0.404082760,0,0
'2026-07-31 14:20:21.697082780,0.404082780,1,0
'2026-07-31 14:20:21.697201780,0.404201780,0,1
'2026-07-31 14:20:21.697232760,0.404232760,0,0
'2026-07-31 14:20:21.697232780,0.404232780,1,0
'2026-07-31 14:20:21.697351780,0.404351780,0,1
'2026-07-31 14:20:21.697382760,0.404382760,0,0
'2026-07-31 14:20:21.697382780,0.404382780,1,0
'2026-07-31 14:20:21.697501780,0.404501780,0,1
'2026-07-31 14:20:21.697532760,0.404532760,0,0
'2026-07-31 14:20:21.697532780,0.404532780,1,0
'2026-07-31 14:20:21.697651780,0.404651780,0,1
'2026-07-31 14:20:21.697682760,0.404682760,0,0
'2026-07-31 14:20:21.697682780,0.404682780,1,0
'2026-07-31 14:20:21.697801780,0.404801780,0,1
'2026-07-31 14:20:21.697832760,0.404832760,0,0
'2026-07-31 14:20:21.697832780,0.404832780,1,0
'2026-07-31 14:20:21.697951780,0.404951780,0,1
'2026-07-31 14:20:21.697982760,0.404982760,0,0
'2026-07-31 14:20:21.697982780,0.404982780,1,0
'2026-07-31 14:20:21.698101770,0.405101770,0,1
'2026-07-31 14:20:21.698132760,0.405132760,0,0
'2026-07-31 14:20:21.698132770,0.405132770,1,0
'2026-07-31 14:20:21.698251770,0.405251770,0,1
'2026-07-31 14:20:21.698282750,0.405282750,0,0
'2026-07-31 14:20:21.698282770,0.405282770,1,0
'2026-07-31 14:20:21.698401770,0.405401770,0,1
'2026-07-31 14:20:21.698432750,0.405432750,0,0
'2026-07-31 14:20:21.698432770,0.405432770,1,0
'2026-07-31 14:20:21.698551770,0.405551770,0,1
'2026-07-31 14:20:21.698582750,0.405582750,0,0
'2026-07-31 14:20:21.698582770,0.405582770,1,0
'2026-07-31 14:20:21.698701770,0.405701770,0,1
'2026-07-31 14:20:21.698732750,0.405732750,0,0
'2026-07-31 14:20:21.698732770,0.405732770,1,0
'2026-07-31 14:20:21.698851770,0.405851770,0,1
'2026-07-31 14:20:21.698882750,0.405882750,0,0
'2026-07-31 14:20:21.698882770,0.405882770,1,0
'2026-07-31 14:20:21.699001770,0.406001770,0,1
'2026-07-31 14:20:21.699032750,0.406032750,0,0
'2026-07-31 14:20:21.699032770,0.406032770,1,0
'2026-07-31 14:20:21.699151770,0.406151770,0,1
'2026-07-31 14:20:21.699182750,0.406182750,0,0
'2026-07-31 14:20:21.699182770,0.406182770,1,0
'2026-07-31 14:20:21.699301770,0.406301770,0,1
'2026-07-31 14:20:21.699332750,0.406332750,0,0
'2026-07-31 14:20:21.699332770,0.406332770,1,0
'2026-07-31 14:20:21.699451770,0.406451770,0,1
'2026-07-31 14:20:21.699482750,0.406482750,0,0
'2026-07-31 14:20:21.699482770,0.406482770,1,0
'2026-07-31 14:20:21.699601770,0.406601770,0,1
'2026-07-31 14:20:21.699632750,0.406632750,0,0
'2026-07-31 14:20:21.699632770,0.406632770,1,0
'2026-07-31 14:20:21.699751770,0.406751770,0,1
'2026-07-31 14:20:21.699782750,0.406782750,0,0
'2026-07-31 14:20:21.699782770,0.406782770,1,0
'2026-07-31 14:20:21.699901770,0.406901770,0,1
'2026-07-31 14:20:21.699932750,0.406932750,0,0
'2026-07-31 14:20:21.699932760,0.406932760,1,0
'2026-07-31 14:20:21.700051760,0.407051760,0,1
'2026-07-31 14:20:21.700082740,0.407082740,0,0
'2026-07-31 14:20:21.700082760,0.407082760,1,0
'2026-07-31 14:20:21.700201760,0.407201760,0,1
'2026-07-31 14:20:21.700232740,0.407232740,0,0
'2026-07-31 14:20:21.700232760,0.407232760,1,0
'2026-07-31 14:20:21.700351760,0.407351760,0,1
'2026-07-31 14:20:21.700382740,0.407382740,0,0
'2026-07-31 14:20:21.700382760,0.407382760,1,0
'2026-07-31 14:20:21.700501760,0.407501760,0,1
'2026-07-31 14:20:21.700532740,0.407532740,0,0
'2026-07-31 14:20:21.700532760,0.407532760,1,0
'2026-07-31 14:20:21.700651760,0.407651760,0,1
'2026-07-31 14:20:21.700682740,0.407682740,0,0
'2026-07-31 14:20:21.700682760,0.407682760,1,0
'2026-07-31 14:20:21.700801760,0.407801760,0,1
'2026-07-31 14:20:21.700832740,0.407832740,0,0
'2026-07-31 14:20:21.700832760,0.407832760,1,0
'2026-07-31 14:20:21.700951760,0.407951760,0,1
'2026-07-31 14:20:21.700982740,0.407982740,0,0
'2026-07-31 14:20:21.700982760,0.407982760,1,0
'2026-07-31 14:20:21.701101760,0.408101760,0,1
'2026-07-31 14:20:21.701132740,0.408132740,0,0
'2026-07-31 14:20:21.701132760,0.408132760,1,0
'2026-07-31 14:20:21.701251760,0.408251760,0,1
'2026-07-31 14:20:21.701282740,0.408282740,0,0
'2026-07-31 14:20:21.701282760,0.408282760,1,0
'2026-07-31 14:20:21.701401760,0.408401760,0,1
'2026-07-31 14:20:21.701432740,0.408432740,0,0
'2026-07-31 14:20:21.701432760,0.408432760,1,0
'2026-07-31 14:20:21.701551760,0.408551760,0,1
'2026-07-31 14:20:21.701582740,0.408582740,0,0
'2026-07-31 14:20:21.701582760,0.408582760,1,0
'2026-07-31 14:20:21.701701760,0.408701760,0,1
'2026-07-31 14:20:21.701732740,0.408732740,0,0
'2026-07-31 14:20:21.701732760,0.408732760,1,0
'2026-07-31 14:20:21.701851750,0.408851750,1,1
'2026-07-31 14:20:21.701851760,0.408851760,0,1
'2026-07-31 14:20:21.701882740,0.408882740,0,0
'2026-07-31 14:20:21.701882750,0.408882750,1,0
'2026-07-31 14:20:21.702001750,0.409001750,0,1
'2026-07-31 14:20:21.702032730,0.409032730,0,0
'2026-07-31 14:20:21.702032750,0.409032750,1,0
'2026-07-31 14:20:21.702151750,0.409151750,0,1
'2026-07-31 14:20:21.702182730,0.409182730,0,0
'2026-07-31 14:20:21.702182750,0.409182750,1,0
'2026-07-31 14:20:21.702301750,0.409301750,0,1
'2026-07-31 14:20:21.702332730,0.409332730,0,0
'2026-07-31 14:20:21.702332750,0.409332750,1,0
'2026-07-31 14:20:21.702451750,0.409451750,0,1
'2026-07-31 14:20:21.702482730,0.409482730,0,0
'2026-07-31 14:20:21.702482750,0.409482750,1,0
'2026-07-31 14:20:21.702601750,0.409601750,0,1
'2026-07-31 14:20:21.702632730,0.409632730,0,0
'2026-07-31 14:20:21.702632750,0.409632750,1,0
'2026-07-31 14:20:21.702751750,0.409751750,0,1
'2026-07-31 14:20:21.702782730,0.409782730,0,0
'2026-07-31 14:20:21.702782750,0.409782750,1,0
'2026-07-31 14:20:21.702901750,0.409901750,0,1
'2026-07-31 14:20:21.702932730,0.409932730,0,0
'2026-07-31 14:20:21.702932750,0.409932750,1,0
'2026-07-31 14:20:21.703051750,0.410051750,0,1
'2026-07-31 14:20:21.703082730,0.410082730,0,0
'2026-07-31 14:20:21.703082750,0.410082750,1,0
'2026-07-31 14:20:21.703201750,0.410201750,0,1
'2026-07-31 14:20:21.703232730,0.410232730,0,0
'2026-07-31 14:20:21.703232750,0.410232750,1,0
'2026-07-31 14:20:21.703351750,0.410351750,0,1
'2026-07-31 14:20:21.703382730,0.410382730,0,0
'2026-07-31 14:20:21.703382750,0.410382750,1,0
'2026-07-31 14:20:21.703501750,0.410501750,0,1
'2026-07-31 14:20:21.703532730,0.410532730,0,0
'2026-07-31 14:20:21.703532750,0.410532750,1,0
'2026-07-31 14:20:21.703651750,0.410651750,0,1
'2026-07-31 14:20:21.703682730,0.410682730,0,0
'2026-07-31 14:20:21.703682750,0.410682750,1,0
'2026-07-31 14:20:21.703801740,0.410801740,0,1
'2026-07-31 14:20:21.703832720,0.410832720,0,0
'2026-07-31 14:20:21.703832740,0.410832740,1,0
'2026-07-31 14:20:21.703951740,0.410951740,0,1
'2026-07-31 14:20:21.703982720,0.410982720,0,0
'2026-07-31 14:20:21.703982740,0.410982740,1,0
'2026-07-31 14:20:21.704101740,0.411101740,0,1
'2026-07-31 14:20:21.704132720,0.411132720,0,0
'2026-07-31 14:20:21.704132740,0.411132740,1,0
'2026-07-31 14:20:21.704251740,0.411251740,0,1
'2026-07-31 14:20:21.704282720,0.411282720,0,0
'2026-07-31 14:20:21.704282740,0.411282740,1,0
'2026-07-31 14:20:21.704401740,0.411401740,0,1
'2026-07-31 14:20:21.704432720,0.411432720,0,0
'2026-07-31 14:20:21.704432740,0.411432740,1,0
'2026-07-31 14:20:21.704551740,0.411551740,0,1
'2026-07-31 14:20:21.704582720,0.411582720,0,0
'2026-07-31 14:20:21.704582740,0.411582740,1,0
'2026-07-31 14:20:21.704701740,0.411701740,0,1
'2026-07-31 14:20:21.704732720,0.411732720,0,0
'2026-07-31 14:20:21.704732740,0.411732740,1,0
'2026-07-31 14:20:21.704851740,0.411851740,0,1
'2026-07-31 14:20:21.704882720,0.411882720,0,0
'2026-07-31 14:20:21.704882740,0.411882740,1,0
'2026-07-31 14:20:21.705001740,0.412001740,0,1
'2026-07-31 14:20:21.705032720,0.412032720,0,0
'2026-07-31 14:20:21.705032740,0.412032740,1,0
'2026-07-31 14:20:21.705151740,0.412151740,0,1
'2026-07-31 14:20:21.705182720,0.412182720,0,0
'2026-07-31 14:20:21.705182740,0.412182740,1,0
'2026-07-31 14:20:21.705301740,0.412301740,0,1
'2026-07-31 14:20:21.705332720,0.412332720,0,0
'2026-07-31 14:20:21.705332740,0.412332740,1,0
'2026-07-31 14:20:21.705451740,0.412451740,0,1
'2026-07-31 14:20:21.705482720,0.412482720,0,0
'2026-07-31 14:20:21.705482740,0.412482740,1,0
'2026-07-31 14:20:21.705601740,0.412601740,0,1
'2026-07-31 14:20:21.705632720,0.412632720,0,0
'2026-07-31 14:20:21.705632730,0.412632730,1,0
'2026-07-31 14:20:21.705751730,0.412751730,0,1
'2026-07-31 14:20:21.705782710,0.412782710,0,0
'2026-07-31 14:20:21.705782730,0.412782730,1,0
'2026-07-31 14:20:21.705901730,0.412901730,0,1
'2026-07-31 14:20:21.705932710,0.412932710,0,0
'2026-07-31 14:20:21.705932730,0.412932730,1,0
'2026-07-31 14:20:21.706051730,0.413051730,0,1
'2026-07-31 14:20:21.706082710,0.413082710,0,0
'2026-07-31 14:20:21.706082730,0.413082730,1,0
'2026-07-31 14:20:21.706201730,0.413201730,0,1
'2026-07-31 14:20:21.706232710,0.413232710,0,0
'2026-07-31 14:20:21.706232730,0.413232730,1,0
'2026-07-31 14:20:21.706351730,0.413351730,0,1
'2026-07-31 14:20:21.706382710,0.413382710,0,0
'2026-07-31 14:20:21.706382730,0.413382730,1,0
'2026-07-31 14:20:21.706501730,0.413501730,0,1
'2026-07-31 14:20:21.706532710,0.413532710,0,0
'2026-07-31 14:20:21.706532730,0.413532730,1,0
'2026-07-31 14:20:21.706651730,0.413651730,0,1
'2026-07-31 14:20:21.706682710,0.413682710,0,0
'2026-07-31 14:20:21.706682730,0.413682730,1,0
'2026-07-31 14:20:21.706801730,0.413801730,0,1
'2026-07-31 14:20:21.706832710,0.413832710,0,0
'2026-07-31 14:20:21.706832730,0.413832730,1,0
'2026-07-31 14:20:21.706951730,0.413951730,0,1
'2026-07-31 14:20:21.706982710,0.413982710,0,0
'2026-07-31 14:20:21.706982730,0.413982730,1,0
'2026-07-31 14:20:21.707101730,0.414101730,0,1
'2026-07-31 14:20:21.707132710,0.414132710,0,0
'2026-07-31 14:20:21.707132730,0.414132730,1,0
'2026-07-31 14:20:21.707251730,0.414251730,0,1
'2026-07-31 14:20:21.707282710,0.414282710,0,0
'2026-07-31 14:20:21.707282730,0.414282730,1,0
'2026-07-31 14:20:21.707401730,0.414401730,0,1
'2026-07-31 14:20:21.707432710,0.414432710,0,0
'2026-07-31 14:20:21.707432730,0.414432730,1,0
'2026-07-31 14:20:21.707551720,0.414551720,0,1
'2026-07-31 14:20:21.707582710,0.414582710,0,0
'2026-07-31 14:20:21.707582720,0.414582720,1,0
'2026-07-31 14:20:21.707701720,0.414701720,0,1
'2026-07-31 14:20:21.707732700,0.414732700,0,0
'2026-07-31 14:20:21.707732720,0.414732720,1,0
'2026-07-31 14:20:21.707851720,0.414851720,0,1
'2026-07-31 14:20:21.707882700,0.414882700,0,0
'2026-07-31 14:20:21.707882720,0.414882720,1,0
'2026-07-31 14:20:21.708001720,0.415001720,0,1
'2026-07-31 14:20:21.708032700,0.415032700,0,0
'2026-07-31 14:20:21.708032720,0.415032720,1,0
'2026-07-31 14:20:21.708151720,0.415151720,0,1
'2026-07-31 14:20:21.708182700,0.415182700,0,0
'2026-07-31 14:20:21.708182720,0.415182720,1,0
'2026-07-31 14:20:21.708301720,0.415301720,0,1
'2026-07-31 14:20:21.708332700,0.415332700,0,0
'2026-07-31 14:20:21.708332720,0.415332720,1,0
'2026-07-31 14:20:21.708451720,0.415451720,0,1
'2026-07-31 14:20:21.708482700,0.415482700,0,0
'2026-07-31 14:20:21.708482720,0.415482720,1,0
'2026-07-31 14:20:21.708601720,0.415601720,0,1
'2026-07-31 14:20:21.708632700,0.415632700,0,0
'2026-07-31 14:20:21.708632720,0.415632720,1,0
'2026-07-31 14:20:21.708751720,0.415751720,0,1
'2026-07-31 14:20:21.708782700,0.415782700,0,0
'2026-07-31 14:20:21.708782720,0.415782720,1,0
'2026-07-31 14:20:21.708901720,0.415901720,0,1
'2026-07-31 14:20:21.708932700,0.415932700,0,0
'2026-07-31 14:20:21.708932720,0.415932720,1,0
'2026-07-31 14:20:21.709051720,0.416051720,0,1
'2026-07-31 14:20:21.709082700,0.416082700,0,0
'2026-07-31 14:20:21.709082720,0.416082720,1,0
'2026-07-31 14:20:21.709201720,0.416201720,0,1
'2026-07-31 14:20:21.709232700,0.416232700,0,0
'2026-07-31 14:20:21.709232720,0.416232720,1,0
'2026-07-31 14:20:21.709351720,0.416351720,0,1
'2026-07-31 14:20:21.709382700,0.416382700,0,0
'2026-07-31 14:20:21.709382710,0.416382710,1,0
'2026-07-31 14:20:21.709501710,0.416501710,0,1
'2026-07-31 14:20:21.709532690,0.416532690,0,0
'2026-07-31 14:20:21.709532710,0.416532710,1,0
'2026-07-31 14:20:21.709651710,0.416651710,0,1
'2026-07-31 14:20:21.709682690,0.416682690,0,0
'2026-07-31 14:20:21.709682710,0.416682710,1,0
'2026-07-31 14:20:21.709801710,0.416801710,0,1
'2026-07-31 14:20:21.709832690,0.416832690,0,0
'2026-07-31 14:20:21.709832710,0.416832710,1,0
'2026-07-31 14:20:21.709951710,0.416951710,0,1
'2026-07-31 14:20:21.709982690,0.416982690,0,0
'2026-07-31 14:20:21.709982710,0.416982710,1,0
'2026-07-31 14:20:21.710101710,0.417101710,0,1
'2026-07-31 14:20:21.710132690,0.417132690,0,0
'2026-07-31 14:20:21.710132710,0.417132710,1,0
'2026-07-31 14:20:21.710251710,0.417251710,0,1
'2026-07-31 14:20:21.710282690,0.417282690,0,0
'2026-07-31 14:20:21.710282710,0.417282710,1,0
'2026-07-31 14:20:21.710401710,0.417401710,0,1
'2026-07-31 14:20:21.710432690,0.417432690,0,0
'2026-07-31 14:20:21.710432710,0.417432710,1,0
'2026-07-31 14:20:21.710551710,0.417551710,0,1
'2026-07-31 14:20:21.710582690,0.417582690,0,0
'2026-07-31 14:20:21.710582710,0.417582710,1,0
'2026-07-31 14:20:21.710701710,0.417701710,0,1
'2026-07-31 14:20:21.710732690,0.417732690,0,0
'2026-07-31 14:20:21.710732710,0.417732710,1,0
'2026-07-31 14:20:21.710851710,0.417851710,0,1
'2026-07-31 14:20:21.710882690,0.417882690,0,0
'2026-07-31 14:20:21.710882710,0.417882710,1,0
'2026-07-31 14:20:21.711001710,0.418001710,0,1
'2026-07-31 14:20:21.711032690,0.418032690,0,0
'2026-07-31 14:20:21.711032710,0.418032710,1,0
'2026-07-31 14:20:21.711151710,0.418151710,0,1
'2026-07-31 14:20:21.711182690,0.418182690,0,0
'2026-07-31 14:20:21.711182710,0.418182710,1,0
'2026-07-31 14:20:21.711301710,0.418301710,0,1
'2026-07-31 14:20:21.711332690,0.418332690,0,0
'2026-07-31 14:20:21.711332700,0.418332700,1,0
'2026-07-31 14:20:21.711451700,0.418451700,0,1
'2026-07-31 14:20:21.711482680,0.418482680,0,0
'2026-07-31 14:20:21.711482700,0.418482700,1,0
'2026-07-31 14:20:21.711601700,0.418601700,0,1
'2026-07-31 14:20:21.711632680,0.418632680,0,0
'2026-07-31 14:20:21.711632700,0.418632700,1,0
'2026-07-31 14:20:21.711751700,0.418751700,0,1
'2026-07-31 14:20:21.711782680,0.418782680,0,0
'2026-07-31 14:20:21.711782700,0.418782700,1,0
'2026-07-31 14:20:21.711901700,0.418901700,0,1
'2026-07-31 14:20:21.711932680,0.418932680,0,0
'2026-07-31 14:20:21.711932700,0.418932700,1,0
'2026-07-31 14:20:21.712051700,0.419051700,0,1
'2026-07-31 14:20:21.712082680,0.419082680,0,0
'2026-07-31 14:20:21.712082700,0.419082700,1,0
'2026-07-31 14:20:21.712201700,0.419201700,0,1
'2026-07-31 14:20:21.712232680,0.419232680,0,0
'2026-07-31 14:20:21.712232700,0.419232700,1,0
'2026-07-31 14:20:21.712351700,0.419351700,0,1
'2026-07-31 14:20:21.712382680,0.419382680,0,0
'2026-07-31 14:20:21.712382700,0.419382700,1,0
'2026-07-31 14:20:21.712501700,0.419501700,0,1
'2026-07-31 14:20:21.712532680,0.419532680,0,0
'2026-07-31 14:20:21.712532700,0.419532700,1,0
'2026-07-31 14:20:21.712651700,0.419651700,0,1
'2026-07-31 14:20:21.712682680,0.419682680,0,0
'2026-07-31 14:20:21.712682700,0.419682700,1,0
'2026-07-31 14:20:21.712801700,0.419801700,0,1
'2026-07-31 14:20:21.712832680,0.419832680,0,0
'2026-07-31 14:20:21.712832700,0.419832700,1,0
'2026-07-31 14:20:21.712951700,0.419951700,0,1
'2026-07-31 14:20:21.712982680,0.419982680,0,0
'2026-07-31 14:20:21.712982700,0.419982700,1,0
'2026-07-31 14:20:21.713101700,0.420101700,0,1
'2026-07-31 14:20:21.713132680,0.420132680,0,0
'2026-07-31 14:20:21.713132700,0.420132700,1,0
'2026-07-31 14:20:21.713251690,0.420251690,0,1
'2026-07-31 14:20:21.713282670,0.420282670,0,0
'2026-07-31 14:20:21.713282690,0.420282690,1,0
'2026-07-31 14:20:21.713401690,0.420401690,0,1
'2026-07-31 14:20:21.713432670,0.420432670,0,0
'2026-07-31 14:20:21.713432690,0.420432690,1,0
'2026-07-31 14:20:21.713551690,0.420551690,0,1
'2026-07-31 14:20:21.713582670,0.420582670,0,0
'2026-07-31 14:20:21.713582690,0.420582690,1,0
'2026-07-31 14:20:21.713701690,0.420701690,0,1
'2026-07-31 14:20:21.713732670,0.420732670,0,0
'2026-07-31 14:20:21.713732690,0.420732690,1,0
'2026-07-31 14:20:21.713851690,0.420851690,0,1
'2026-07-31 14:20:21.713882670,0.420882670,0,0
'2026-07-31 14:20:21.713882690,0.420882690,1,0
'2026-07-31 14:20:21.714001690,0.421001690,0,1
'2026-07-31 14:20:21.714032670,0.421032670,0,0
'2026-07-31 14:20:21.714032690,0.421032690,1,0
'2026-07-31 14:20:21.714151690,0.421151690,0,1
'2026-07-31 14:20:21.714182670,0.421182670,0,0
'2026-07-31 14:20:21.714182690,0.421182690,1,0
'2026-07-31 14:20:21.714301690,0.421301690,0,1
'2026-07-31 14:20:21.714332670,0.421332670,0,0
'2026-07-31 14:20:21.714332690,0.421332690,1,0
'2026-07-31 14:20:21.714451690,0.421451690,0,1
'2026-07-31 14:20:21.714482670,0.421482670,0,0
'2026-07-31 14:20:21.714482690,0.421482690,1,0
'2026-07-31 14:20:21.714601690,0.421601690,0,1
'2026-07-31 14:20:21.714632670,0.421632670,0,0
'2026-07-31 14:20:21.714632690,0.421632690,1,0
'2026-07-31 14:20:21.714751690,0.421751690,0,1
'2026-07-31 14:20:21.714782670,0.421782670,0,0
'2026-07-31 14:20:21.714782690,0.421782690,1,0
'2026-07-31 14:20:21.714901690,0.421901690,0,1
'2026-07-31 14:20:21.714932670,0.421932670,0,0
'2026-07-31 14:20:21.714932690,0.421932690,1,0
'2026-07-31 14:20:21.715051690,0.422051690,0,1
'2026-07-31 14:20:21.715082670,0.422082670,0,0
'2026-07-31 14:20:21.715082680,0.422082680,1,0
'2026-07-31 14:20:21.715201680,0.422201680,0,1
'2026-07-31 14:20:21.715232660,0.422232660,0,0
'2026-07-31 14:20:21.715232680,0.422232680,1,0
'2026-07-31 14:20:21.715351680,0.422351680,0,1
'2026-07-31 14:20:21.715382660,0.422382660,0,0
'2026-07-31 14:20:21.715382680,0.422382680,1,0
'2026-07-31 14:20:21.715501680,0.422501680,0,1
'2026-07-31 14:20:21.715532660,0.422532660,0,0
'2026-07-31 14:20:21.715532680,0.422532680,1,0
'2026-07-31 14:20:21.715651680,0.422651680,0,1
'2026-07-31 14:20:21.715682660,0.422682660,0,0
'2026-07-31 14:20:21.715682680,0.422682680,1,0
'2026-07-31 14:20:21.715801680,0.422801680,0,1
'2026-07-31 14:20:21.715832660,0.422832660,0,0
'2026-07-31 14:20:21.715832680,0.422832680,1,0
'2026-07-31 14:20:21.715951680,0.422951680,0,1
'2026-07-31 14:20:21.715982660,0.422982660,0,0
'2026-07-31 14:20:21.715982680,0.422982680,1,0
'2026-07-31 14:20:21.716101680,0.423101680,0,1
'2026-07-31 14:20:21.716132660,0.423132660,0,0
'2026-07-31 14:20:21.716132680,0.423132680,1,0
'2026-07-31 14:20:21.716251680,0.423251680,0,1
'2026-07-31 14:20:21.716282660,0.423282660,0,0
'2026-07-31 14:20:21.716282680,0.423282680,1,0
'2026-07-31 14:20:21.716401680,0.423401680,0,1
'2026-07-31 14:20:21.716432660,0.423432660,0,0
'2026-07-31 14:20:21.716432680,0.423432680,1,0
'2026-07-31 14:20:21.716551680,0.423551680,0,1
'2026-07-31 14:20:21.716582660,0.423582660,0,0
'2026-07-31 14:20:21.716582680,0.423582680,1,0
'2026-07-31 14:20:21.716701680,0.423701680,0,1
'2026-07-31 14:20:21.716732660,0.423732660,0,0
'2026-07-31 14:20:21.716732680,0.423732680,1,0
'2026-07-31 14:20:21.716851680,0.423851680,0,1
'2026-07-31 14:20:21.716882660,0.423882660,0,0
'2026-07-31 14:20:21.716882680,0.423882680,1,0
'2026-07-31 14:20:21.717001670,0.424001670,0,1
'2026-07-31 14:20:21.717032660,0.424032660,0,0
'2026-07-31 14:20:21.717032670,0.424032670,1,0
'2026-07-31 14:20:21.717151670,0.424151670,0,1
'2026-07-31 14:20:21.717182650,0.424182650,0,0
'2026-07-31 14:20:21.717182670,0.424182670,1,0
'2026-07-31 14:20:21.717301670,0.424301670,0,1
'2026-07-31 14:20:21.717332650,0.424332650,0,0
'2026-07-31 14:20:21.717332670,0.424332670,1,0
'2026-07-31 14:20:21.717451670,0.424451670,0,1
'2026-07-31 14:20:21.717482650,0.424482650,0,0
'2026-07-31 14:20:21.717482670,0.424482670,1,0
'2026-07-31 14:20:21.717601670,0.424601670,0,1
'2026-07-31 14:20:21.717632650,0.424632650,0,0
'2026-07-31 14:20:21.717632670,0.424632670,1,0
'2026-07-31 14:20:21.717751670,0.424751670,0,1
'2026-07-31 14:20:21.717782650,0.424782650,0,0
'2026-07-31 14:20:21.717782670,0.424782670,1,0
'2026-07-31 14:20:21.717901670,0.424901670,0,1
'2026-07-31 14:20:21.717932650,0.424932650,0,0
'2026-07-31 14:20:21.717932670,0.424932670,1,0
'2026-07-31 14:20:21.718051670,0.425051670,0,1
'2026-07-31 14:20:21.718082650,0.425082650,0,0
'2026-07-31 14:20:21.718082670,0.425082670,1,0
'2026-07-31 14:20:21.718201670,0.425201670,0,1
'2026-07-31 14:20:21.718232650,0.425232650,0,0
'2026-07-31 14:20:21.718232670,0.425232670,1,0
'2026-07-31 14:20:21.718351670,0.425351670,0,1
'2026-07-31 14:20:21.718382650,0.425382650,0,0
'2026-07-31 14:20:21.718382670,0.425382670,1,0
'2026-07-31 14:20:21.718501670,0.425501670,0,1
'2026-07-31 14:20:21.718532650,0.425532650,0,0
'2026-07-31 14:20:21.718532670,0.425532670,1,0
'2026-07-31 14:20:21.718651670,0.425651670,0,1
'2026-07-31 14:20:21.718682650,0.425682650,0,0
'2026-07-31 14:20:21.718682670,0.425682670,1,0
'2026-07-31 14:20:21.718801670,0.425801670,0,1
'2026-07-31 14:20:21.718832650,0.425832650,0,0
'2026-07-31 14:20:21.718832670,0.425832670,1,0
'2026-07-31 14:20:21.718951660,0.425951660,0,1
'2026-07-31 14:20:21.718982640,0.425982640,0,0
'2026-07-31 14:20:21.718982660,0.425982660,1,0
'2026-07-31 14:20:21.719101660,0.426101660,0,1
'2026-07-31 14:20:21.719132640,0.426132640,0,0
'2026-07-31 14:20:21.719132660,0.426132660,1,0
'2026-07-31 14:20:21.719251660,0.426251660,0,1
'2026-07-31 14:20:21.719282640,0.426282640,0,0
'2026-07-31 14:20:21.719282660,0.426282660,1,0
'2026-07-31 14:20:21.719401660,0.426401660,0,1
'2026-07-31 14:20:21.719432640,0.426432640,0,0
'2026-07-31 14:20:21.719432660,0.426432660,1,0
'2026-07-31 14:20:21.719551660,0.426551660,0,1
'2026-07-31 14:20:21.719582640,0.426582640,0,0
'2026-07-31 14:20:21.719582660,0.426582660,1,0
'2026-07-31 14:20:21.719701660,0.426701660,0,1
'2026-07-31 14:20:21.719732640,0.426732640,0,0
'2026-07-31 14:20:21.719732660,0.426732660,1,0
'2026-07-31 14:20:21.719851660,0.426851660,0,1
'2026-07-31 14:20:21.719882640,0.426882640,0,0
'2026-07-31 14:20:21.719882660,0.426882660,1,0
'2026-07-31 14:20:21.720001660,0.427001660,0,1
'2026-07-31 14:20:21.720032640,0.427032640,0,0
'2026-07-31 14:20:21.720032660,0.427032660,1,0
'2026-07-31 14:20:21.720151660,0.427151660,0,1
'2026-07-31 14:20:21.720182640,0.427182640,0,0
'2026-07-31 14:20:21.720182660,0.427182660,1,0
'2026-07-31 14:20:21.720301660,0.427301660,0,1
'2026-07-31 14:20:21.720332640,0.427332640,0,0
'2026-07-31 14:20:21.720332660,0.427332660,1,0
'2026-07-31 14:20:21.720451660,0.427451660,0,1
'2026-07-31 14:20:21.720482640,0.427482640,0,0
'2026-07-31 14:20:21.720482660,0.427482660,1,0
'2026-07-31 14:20:21.720601660,0.427601660,0,1
'2026-07-31 14:20:21.720632640,0.427632640,0,0
'2026-07-31 14:20:21.720632660,0.427632660,1,0
'2026-07-31 14:20:21.720751650,0.427751650,1,1
'2026-07-31 14:20:21.720751660,0.427751660,0,1
'2026-07-31 14:20:21.720782640,0.427782640,0,0
'2026-07-31 14:20:21.720782650,0.427782650,1,0
'2026-07-31 14:20:21.720901650,0.427901650,0,1
'2026-07-31 14:20:21.720932630,0.427932630,0,0
'2026-07-31 14:20:21.720932650,0.427932650,1,0
'2026-07-31 14:20:21.721051650,0.428051650,0,1
'2026-07-31 14:20:21.721082630,0.428082630,0,0
'2026-07-31 14:20:21.721082650,0.428082650,1,0
'2026-07-31 14:20:21.721201650,0.428201650,0,1
'2026-07-31 14:20:21.721232630,0.428232630,0,0
'2026-07-31 14:20:21.721232650,0.428232650,1,0
'2026-07-31 14:20:21.721351650,0.428351650,0,1
'2026-07-31 14:20:21.721382630,0.428382630,0,0
'2026-07-31 14:20:21.721382650,0.428382650,1,0
'2026-07-31 14:20:21.721501650,0.428501650,0,1
'2026-07-31 14:20:21.721532630,0.428532630,0,0
'2026-07-31 14:20:21.721532650,0.428532650,1,0
'2026-07-31 14:20:21.721651650,0.428651650,0,1
'2026-07-31 14:20:21.721682630,0.428682630,0,0
'2026-07-31 14:20:21.721682650,0.428682650,1,0
'2026-07-31 14:20:21.721801650,0.428801650,0,1
'2026-07-31 14:20:21.721832630,0.428832630,0,0
'2026-07-31 14:20:21.721832650,0.428832650,1,0
'2026-07-31 14:20:21.721951650,0.428951650,0,1
'2026-07-31 14:20:21.721982630,0.428982630,0,0
'2026-07-31 14:20:21.721982650,0.428982650,1,0
'2026-07-31 14:20:21.722101650,0.429101650,0,1
'2026-07-31 14:20:21.722132630,0.429132630,0,0
'2026-07-31 14:20:21.722132650,0.429132650,1,0
'2026-07-31 14:20:21.722251650,0.429251650,0,1
'2026-07-31 14:20:21.722282630,0.429282630,0,0
'2026-07-31 14:20:21.722282650,0.429282650,1,0
'2026-07-31 14:20:21.722401650,0.429401650,0,1
'2026-07-31 14:20:21.722432630,0.429432630,0,0
'2026-07-31 14:20:21.722432650,0.429432650,1,0
'2026-07-31 14:20:21.722551650,0.429551650,0,1
'2026-07-31 14:20:21.722582630,0.429582630,0,0
'2026-07-31 14:20:21.722582650,0.429582650,1,0
'2026-07-31 14:20:21.722701640,0.429701640,0,1
'2026-07-31 14:20:21.722732620,0.429732620,0,0
'2026-07-31 14:20:21.722732640,0.429732640,1,0
'2026-07-31 14:20:21.722851640,0.429851640,0,1
'2026-07-31 14:20:21.722882620,0.429882620,0,0
'2026-07-31 14:20:21.722882640,0.429882640,1,0
'2026-07-31 14:20:21.723001640,0.430001640,0,1
'2026-07-31 14:20:21.723032620,0.430032620,0,0
'2026-07-31 14:20:21.723032640,0.430032640,1,0
'2026-07-31 14:20:21.723151640,0.430151640,0,1
'2026-07-31 14:20:21.723182620,0.430182620,0,0
'2026-07-31 14:20:21.723182640,0.430182640,1,0
'2026-07-31 14:20:21.723301640,0.430301640,0,1
'2026-07-31 14:20:21.723332620,0.430332620,0,0
'2026-07-31 14:20:21.723332640,0.430332640,1,0
'2026-07-31 14:20:21.723451640,0.430451640,0,1
'2026-07-31 14:20:21.723482620,0.430482620,0,0
'2026-07-31 14:20:21.723482640,0.430482640,1,0
'2026-07-31 14:20:21.723601640,0.430601640,0,1
'2026-07-31 14:20:21.723632620,0.430632620,0,0
'2026-07-31 14:20:21.723632640,0.430632640,1,0
'2026-07-31 14:20:21.723751640,0.430751640,0,1
'2026-07-31 14:20:21.723782620,0.430782620,0,0
'2026-07-31 14:20:21.723782640,0.430782640,1,0
'2026-07-31 14:20:21.723901640,0.430901640,0,1
'2026-07-31 14:20:21.723932620,0.430932620,0,0
'2026-07-31 14:20:21.723932640,0.430932640,1,0
'2026-07-31 14:20:21.793000000,0.500000000,1,0
