Copyright 1986-2022 Xilinx, Inc. All Rights Reserved. Copyright 2022-2023 Advanced Micro Devices, Inc. All Rights Reserved.
--------------------------------------------------------------------------------------------------------------------------------------------------------------------------------
| Tool Version : Vivado v.2023.2 (lin64) Build 4029153 Fri Oct 13 20:13:54 MDT 2023
| Date         : Tue Jul  7 14:29:01 2026
| Host         : Furiosa running 64-bit Arch Linux
| Command      : report_timing_summary -max_paths 10 -file top_timing_summary_routed.rpt -pb top_timing_summary_routed.pb -rpx top_timing_summary_routed.rpx -warn_on_violation
| Design       : top
| Device       : 7a200t-fbg484
| Speed File   : -2  PRODUCTION 1.23 2018-06-13
| Design State : Routed
--------------------------------------------------------------------------------------------------------------------------------------------------------------------------------

Timing Summary Report

------------------------------------------------------------------------------------------------
| Timer Settings
| --------------
------------------------------------------------------------------------------------------------

  Enable Multi Corner Analysis               :  Yes
  Enable Pessimism Removal                   :  Yes
  Pessimism Removal Resolution               :  Nearest Common Node
  Enable Input Delay Default Clock           :  No
  Enable Preset / Clear Arcs                 :  No
  Disable Flight Delays                      :  No
  Ignore I/O Paths                           :  No
  Timing Early Launch at Borrowing Latches   :  No
  Borrow Time for Max Delay Exceptions       :  Yes
  Merge Timing Exceptions                    :  Yes
  Inter-SLR Compensation                     :  Conservative

  Corner  Analyze    Analyze    
  Name    Max Paths  Min Paths  
  ------  ---------  ---------  
  Slow    Yes        Yes        
  Fast    Yes        Yes        


------------------------------------------------------------------------------------------------
| Report Methodology
| ------------------
------------------------------------------------------------------------------------------------

Rule       Severity  Description                    Violations  
---------  --------  -----------------------------  ----------  
LUTAR-1    Warning   LUT drives async reset alert   1           
TIMING-18  Warning   Missing input or output delay  11          

Note: This report is based on the most recent report_methodology run and may not be up-to-date. Run report_methodology on the current design for the latest report.



check_timing report

Table of Contents
-----------------
1. checking no_clock (0)
2. checking constant_clock (0)
3. checking pulse_width_clock (0)
4. checking unconstrained_internal_endpoints (0)
5. checking no_input_delay (5)
6. checking no_output_delay (29)
7. checking multiple_clock (0)
8. checking generated_clocks (0)
9. checking loops (0)
10. checking partial_input_delay (0)
11. checking partial_output_delay (0)
12. checking latch_loops (0)

1. checking no_clock (0)
------------------------
 There are 0 register/latch pins with no clock.


2. checking constant_clock (0)
------------------------------
 There are 0 register/latch pins with constant_clock.


3. checking pulse_width_clock (0)
---------------------------------
 There are 0 register/latch pins which need pulse_width check


4. checking unconstrained_internal_endpoints (0)
------------------------------------------------
 There are 0 pins that are not constrained for maximum delay.

 There are 0 pins that are not constrained for maximum delay due to constant clock.


5. checking no_input_delay (5)
------------------------------
 There are 5 input ports with no input delay specified. (HIGH)

 There are 0 input ports with no input delay but user has a false path constraint.


6. checking no_output_delay (29)
--------------------------------
 There are 29 ports with no output delay specified. (HIGH)

 There are 0 ports with no output delay but user has a false path constraint

 There are 0 ports with no output delay but with a timing clock defined on it or propagating through it


7. checking multiple_clock (0)
------------------------------
 There are 0 register/latch pins with multiple clocks.


8. checking generated_clocks (0)
--------------------------------
 There are 0 generated clocks that are not connected to a clock source.


9. checking loops (0)
---------------------
 There are 0 combinational loops in the design.


10. checking partial_input_delay (0)
------------------------------------
 There are 0 input ports with partial input delay specified.


11. checking partial_output_delay (0)
-------------------------------------
 There are 0 ports with partial output delay specified.


12. checking latch_loops (0)
----------------------------
 There are 0 combinational latch loops in the design through latch input



------------------------------------------------------------------------------------------------
| Design Timing Summary
| ---------------------
------------------------------------------------------------------------------------------------

    WNS(ns)      TNS(ns)  TNS Failing Endpoints  TNS Total Endpoints      WHS(ns)      THS(ns)  THS Failing Endpoints  THS Total Endpoints     WPWS(ns)     TPWS(ns)  TPWS Failing Endpoints  TPWS Total Endpoints  
    -------      -------  ---------------------  -------------------      -------      -------  ---------------------  -------------------     --------     --------  ----------------------  --------------------  
      1.177        0.000                      0                 4766        0.077        0.000                      0                 4758        3.500        0.000                       0                  1680  


All user specified timing constraints are met.


------------------------------------------------------------------------------------------------
| Clock Summary
| -------------
------------------------------------------------------------------------------------------------

Clock                 Waveform(ns)         Period(ns)      Frequency(MHz)
-----                 ------------         ----------      --------------
sys_clk               {0.000 10.000}       20.000          50.000          
  clk_out1_clk_wiz_0  {0.000 10.000}       20.000          50.000          
  clk_out2_clk_wiz_0  {0.000 5.000}        10.000          100.000         
  clk_out3_clk_wiz_0  {0.000 4.000}        8.000           125.000         
  clkfbout_clk_wiz_0  {0.000 10.000}       20.000          50.000          


------------------------------------------------------------------------------------------------
| Intra Clock Table
| -----------------
------------------------------------------------------------------------------------------------

Clock                     WNS(ns)      TNS(ns)  TNS Failing Endpoints  TNS Total Endpoints      WHS(ns)      THS(ns)  THS Failing Endpoints  THS Total Endpoints     WPWS(ns)     TPWS(ns)  TPWS Failing Endpoints  TPWS Total Endpoints  
-----                     -------      -------  ---------------------  -------------------      -------      -------  ---------------------  -------------------     --------     --------  ----------------------  --------------------  
sys_clk                                                                                                                                                                 7.000        0.000                       0                     1  
  clk_out1_clk_wiz_0       14.954        0.000                      0                  129        0.174        0.000                      0                  129        9.500        0.000                       0                    77  
  clk_out2_clk_wiz_0        1.978        0.000                      0                 2665        0.082        0.000                      0                 2665        4.500        0.000                       0                  1239  
  clk_out3_clk_wiz_0        1.177        0.000                      0                  690        0.077        0.000                      0                  690        3.500        0.000                       0                   360  
  clkfbout_clk_wiz_0                                                                                                                                                   18.408        0.000                       0                     3  


------------------------------------------------------------------------------------------------
| Inter Clock Table
| -----------------
------------------------------------------------------------------------------------------------

From Clock          To Clock                WNS(ns)      TNS(ns)  TNS Failing Endpoints  TNS Total Endpoints      WHS(ns)      THS(ns)  THS Failing Endpoints  THS Total Endpoints  
----------          --------                -------      -------  ---------------------  -------------------      -------      -------  ---------------------  -------------------  
clk_out2_clk_wiz_0  clk_out1_clk_wiz_0        7.658        0.000                      0                    4        0.135        0.000                      0                    4  
clk_out1_clk_wiz_0  clk_out2_clk_wiz_0        7.897        0.000                      0                    1        0.233        0.000                      0                    1  
clk_out3_clk_wiz_0  clk_out2_clk_wiz_0        6.987        0.000                      0                    4                                                                        
clk_out2_clk_wiz_0  clk_out3_clk_wiz_0        8.982        0.000                      0                    4                                                                        


------------------------------------------------------------------------------------------------
| Other Path Groups Table
| -----------------------
------------------------------------------------------------------------------------------------

Path Group          From Clock          To Clock                WNS(ns)      TNS(ns)  TNS Failing Endpoints  TNS Total Endpoints      WHS(ns)      THS(ns)  THS Failing Endpoints  THS Total Endpoints  
----------          ----------          --------                -------      -------  ---------------------  -------------------      -------      -------  ---------------------  -------------------  
**async_default**   clk_out1_clk_wiz_0  clk_out1_clk_wiz_0       16.104        0.000                      0                   73        0.825        0.000                      0                   73  
**async_default**   clk_out2_clk_wiz_0  clk_out2_clk_wiz_0        3.119        0.000                      0                 1196        0.686        0.000                      0                 1196  


------------------------------------------------------------------------------------------------
| Timing Details
| --------------
------------------------------------------------------------------------------------------------


---------------------------------------------------------------------------------------------------
From Clock:  sys_clk
  To Clock:  sys_clk

Setup :           NA  Failing Endpoints,  Worst Slack           NA  ,  Total Violation           NA
Hold  :           NA  Failing Endpoints,  Worst Slack           NA  ,  Total Violation           NA
PW    :            0  Failing Endpoints,  Worst Slack        7.000ns,  Total Violation        0.000ns
---------------------------------------------------------------------------------------------------


Pulse Width Checks
--------------------------------------------------------------------------------------
Clock Name:         sys_clk
Waveform(ns):       { 0.000 10.000 }
Period(ns):         20.000
Sources:            { sys_clk }

Check Type        Corner  Lib Pin            Reference Pin  Required(ns)  Actual(ns)  Slack(ns)  Location         Pin
Min Period        n/a     MMCME2_ADV/CLKIN1  n/a            1.249         20.000      18.751     MMCME2_ADV_X1Y2  u_mmcm/inst/mmcm_adv_inst/CLKIN1
Max Period        n/a     MMCME2_ADV/CLKIN1  n/a            100.000       20.000      80.000     MMCME2_ADV_X1Y2  u_mmcm/inst/mmcm_adv_inst/CLKIN1
Low Pulse Width   Slow    MMCME2_ADV/CLKIN1  n/a            3.000         10.000      7.000      MMCME2_ADV_X1Y2  u_mmcm/inst/mmcm_adv_inst/CLKIN1
Low Pulse Width   Fast    MMCME2_ADV/CLKIN1  n/a            3.000         10.000      7.000      MMCME2_ADV_X1Y2  u_mmcm/inst/mmcm_adv_inst/CLKIN1
High Pulse Width  Slow    MMCME2_ADV/CLKIN1  n/a            3.000         10.000      7.000      MMCME2_ADV_X1Y2  u_mmcm/inst/mmcm_adv_inst/CLKIN1
High Pulse Width  Fast    MMCME2_ADV/CLKIN1  n/a            3.000         10.000      7.000      MMCME2_ADV_X1Y2  u_mmcm/inst/mmcm_adv_inst/CLKIN1



---------------------------------------------------------------------------------------------------
From Clock:  clk_out1_clk_wiz_0
  To Clock:  clk_out1_clk_wiz_0

Setup :            0  Failing Endpoints,  Worst Slack       14.954ns,  Total Violation        0.000ns
Hold  :            0  Failing Endpoints,  Worst Slack        0.174ns,  Total Violation        0.000ns
PW    :            0  Failing Endpoints,  Worst Slack        9.500ns,  Total Violation        0.000ns
---------------------------------------------------------------------------------------------------


Max Delay Paths
--------------------------------------------------------------------------------------
Slack (MET) :             14.954ns  (required time - arrival time)
  Source:                 u_nt39565d/shift_cnt_reg[1]/C
                            (rising edge-triggered cell FDCE clocked by clk_out1_clk_wiz_0  {rise@0.000ns fall@10.000ns period=20.000ns})
  Destination:            u_nt39565d/FSM_sequential_state_reg[0]/D
                            (rising edge-triggered cell FDCE clocked by clk_out1_clk_wiz_0  {rise@0.000ns fall@10.000ns period=20.000ns})
  Path Group:             clk_out1_clk_wiz_0
  Path Type:              Setup (Max at Slow Process Corner)
  Requirement:            20.000ns  (clk_out1_clk_wiz_0 rise@20.000ns - clk_out1_clk_wiz_0 rise@0.000ns)
  Data Path Delay:        4.937ns  (logic 2.337ns (47.340%)  route 2.600ns (52.660%))
  Logic Levels:           7  (CARRY4=4 LUT2=1 LUT5=1 LUT6=1)
  Clock Path Skew:        -0.039ns (DCD - SCD + CPR)
    Destination Clock Delay (DCD):    -1.247ns = ( 18.753 - 20.000 ) 
    Source Clock Delay      (SCD):    -0.813ns
    Clock Pessimism Removal (CPR):    0.396ns
  Clock Uncertainty:      0.102ns  ((TSJ^2 + DJ^2)^1/2) / 2 + PE
    Total System Jitter     (TSJ):    0.071ns
    Discrete Jitter          (DJ):    0.192ns
    Phase Error              (PE):    0.000ns

    Location             Delay type                Incr(ns)  Path(ns)    Netlist Resource(s)
  -------------------------------------------------------------------    -------------------
                         (clock clk_out1_clk_wiz_0 rise edge)
                                                      0.000     0.000 r  
    R4                                                0.000     0.000 r  sys_clk (IN)
                         net (fo=0)                   0.000     0.000    u_mmcm/inst/clk_in1
    R4                   IBUF (Prop_ibuf_I_O)         1.419     1.419 r  u_mmcm/inst/clkin1_ibufg/O
                         net (fo=1, routed)           1.065     2.484    u_mmcm/inst/clk_in1_clk_wiz_0
    MMCME2_ADV_X1Y2      MMCME2_ADV (Prop_mmcme2_adv_CLKIN1_CLKOUT0)
                                                     -6.273    -3.789 r  u_mmcm/inst/mmcm_adv_inst/CLKOUT0
                         net (fo=1, routed)           1.524    -2.265    u_mmcm/inst/clk_out1_clk_wiz_0
    BUFGCTRL_X0Y2        BUFG (Prop_bufg_I_O)         0.081    -2.184 r  u_mmcm/inst/clkout1_buf/O
                         net (fo=75, routed)          1.371    -0.813    u_nt39565d/clk_out1
    SLICE_X72Y177        FDCE                                         r  u_nt39565d/shift_cnt_reg[1]/C
  -------------------------------------------------------------------    -------------------
    SLICE_X72Y177        FDCE (Prop_fdce_C_Q)         0.398    -0.415 r  u_nt39565d/shift_cnt_reg[1]/Q
                         net (fo=1, routed)           0.513     0.099    u_nt39565d/shift_cnt_reg_n_0_[1]
    SLICE_X73Y177        CARRY4 (Prop_carry4_S[0]_CO[3])
                                                      0.672     0.771 r  u_nt39565d/state2_carry/CO[3]
                         net (fo=1, routed)           0.000     0.771    u_nt39565d/state2_carry_n_0
    SLICE_X73Y178        CARRY4 (Prop_carry4_CI_CO[3])
                                                      0.098     0.869 r  u_nt39565d/state2_carry__0/CO[3]
                         net (fo=1, routed)           0.000     0.869    u_nt39565d/state2_carry__0_n_0
    SLICE_X73Y179        CARRY4 (Prop_carry4_CI_O[1])
                                                      0.265     1.134 f  u_nt39565d/state2_carry__1/O[1]
                         net (fo=3, routed)           0.664     1.798    u_nt39565d/state2[10]
    SLICE_X72Y179        LUT2 (Prop_lut2_I1_O)        0.250     2.048 r  u_nt39565d/i__carry__0_i_7/O
                         net (fo=1, routed)           0.000     2.048    u_nt39565d/i__carry__0_i_7_n_0
    SLICE_X72Y179        CARRY4 (Prop_carry4_S[1]_CO[3])
                                                      0.444     2.492 f  u_nt39565d/state1_inferred__5/i__carry__0/CO[3]
                         net (fo=17, routed)          1.199     3.690    u_nt39565d/state1_inferred__5/i__carry__0_n_0
    SLICE_X69Y176        LUT6 (Prop_lut6_I4_O)        0.105     3.795 r  u_nt39565d/FSM_sequential_state[0]_i_2__1/O
                         net (fo=1, routed)           0.224     4.019    u_nt39565d/FSM_sequential_state[0]_i_2__1_n_0
    SLICE_X69Y177        LUT5 (Prop_lut5_I0_O)        0.105     4.124 r  u_nt39565d/FSM_sequential_state[0]_i_1__3/O
                         net (fo=1, routed)           0.000     4.124    u_nt39565d/state__1[0]
    SLICE_X69Y177        FDCE                                         r  u_nt39565d/FSM_sequential_state_reg[0]/D
  -------------------------------------------------------------------    -------------------

                         (clock clk_out1_clk_wiz_0 rise edge)
                                                     20.000    20.000 r  
    R4                                                0.000    20.000 r  sys_clk (IN)
                         net (fo=0)                   0.000    20.000    u_mmcm/inst/clk_in1
    R4                   IBUF (Prop_ibuf_I_O)         1.353    21.353 r  u_mmcm/inst/clkin1_ibufg/O
                         net (fo=1, routed)           1.004    22.357    u_mmcm/inst/clk_in1_clk_wiz_0
    MMCME2_ADV_X1Y2      MMCME2_ADV (Prop_mmcme2_adv_CLKIN1_CLKOUT0)
                                                     -6.399    15.957 r  u_mmcm/inst/mmcm_adv_inst/CLKOUT0
                         net (fo=1, routed)           1.452    17.410    u_mmcm/inst/clk_out1_clk_wiz_0
    BUFGCTRL_X0Y2        BUFG (Prop_bufg_I_O)         0.077    17.487 r  u_mmcm/inst/clkout1_buf/O
                         net (fo=75, routed)          1.266    18.753    u_nt39565d/clk_out1
    SLICE_X69Y177        FDCE                                         r  u_nt39565d/FSM_sequential_state_reg[0]/C
                         clock pessimism              0.396    19.148    
                         clock uncertainty           -0.102    19.046    
    SLICE_X69Y177        FDCE (Setup_fdce_C_D)        0.032    19.078    u_nt39565d/FSM_sequential_state_reg[0]
  -------------------------------------------------------------------
                         required time                         19.078    
                         arrival time                          -4.124    
  -------------------------------------------------------------------
                         slack                                 14.954    

Slack (MET) :             15.366ns  (required time - arrival time)
  Source:                 u_nt39565d/cnt_reg[9]/C
                            (rising edge-triggered cell FDCE clocked by clk_out1_clk_wiz_0  {rise@0.000ns fall@10.000ns period=20.000ns})
  Destination:            u_nt39565d/FSM_sequential_state_reg[3]/CE
                            (rising edge-triggered cell FDCE clocked by clk_out1_clk_wiz_0  {rise@0.000ns fall@10.000ns period=20.000ns})
  Path Group:             clk_out1_clk_wiz_0
  Path Type:              Setup (Max at Slow Process Corner)
  Requirement:            20.000ns  (clk_out1_clk_wiz_0 rise@20.000ns - clk_out1_clk_wiz_0 rise@0.000ns)
  Data Path Delay:        4.366ns  (logic 0.903ns (20.684%)  route 3.463ns (79.316%))
  Logic Levels:           4  (LUT4=1 LUT6=3)
  Clock Path Skew:        -0.030ns (DCD - SCD + CPR)
    Destination Clock Delay (DCD):    -1.247ns = ( 18.753 - 20.000 ) 
    Source Clock Delay      (SCD):    -0.806ns
    Clock Pessimism Removal (CPR):    0.412ns
  Clock Uncertainty:      0.102ns  ((TSJ^2 + DJ^2)^1/2) / 2 + PE
    Total System Jitter     (TSJ):    0.071ns
    Discrete Jitter          (DJ):    0.192ns
    Phase Error              (PE):    0.000ns

    Location             Delay type                Incr(ns)  Path(ns)    Netlist Resource(s)
  -------------------------------------------------------------------    -------------------
                         (clock clk_out1_clk_wiz_0 rise edge)
                                                      0.000     0.000 r  
    R4                                                0.000     0.000 r  sys_clk (IN)
                         net (fo=0)                   0.000     0.000    u_mmcm/inst/clk_in1
    R4                   IBUF (Prop_ibuf_I_O)         1.419     1.419 r  u_mmcm/inst/clkin1_ibufg/O
                         net (fo=1, routed)           1.065     2.484    u_mmcm/inst/clk_in1_clk_wiz_0
    MMCME2_ADV_X1Y2      MMCME2_ADV (Prop_mmcme2_adv_CLKIN1_CLKOUT0)
                                                     -6.273    -3.789 r  u_mmcm/inst/mmcm_adv_inst/CLKOUT0
                         net (fo=1, routed)           1.524    -2.265    u_mmcm/inst/clk_out1_clk_wiz_0
    BUFGCTRL_X0Y2        BUFG (Prop_bufg_I_O)         0.081    -2.184 r  u_mmcm/inst/clkout1_buf/O
                         net (fo=75, routed)          1.378    -0.806    u_nt39565d/clk_out1
    SLICE_X69Y182        FDCE                                         r  u_nt39565d/cnt_reg[9]/C
  -------------------------------------------------------------------    -------------------
    SLICE_X69Y182        FDCE (Prop_fdce_C_Q)         0.348    -0.458 r  u_nt39565d/cnt_reg[9]/Q
                         net (fo=2, routed)           0.667     0.209    u_nt39565d/cnt_reg_n_0_[9]
    SLICE_X69Y181        LUT4 (Prop_lut4_I3_O)        0.240     0.449 r  u_nt39565d/FSM_sequential_state[1]_i_5__0/O
                         net (fo=6, routed)           0.636     1.085    u_nt39565d/FSM_sequential_state[1]_i_5__0_n_0
    SLICE_X70Y181        LUT6 (Prop_lut6_I4_O)        0.105     1.190 r  u_nt39565d/FSM_sequential_state[3]_i_13/O
                         net (fo=4, routed)           1.148     2.338    u_nt39565d/FSM_sequential_state[3]_i_13_n_0
    SLICE_X69Y176        LUT6 (Prop_lut6_I3_O)        0.105     2.443 r  u_nt39565d/FSM_sequential_state[3]_i_5/O
                         net (fo=1, routed)           0.524     2.967    u_nt39565d/FSM_sequential_state[3]_i_5_n_0
    SLICE_X68Y177        LUT6 (Prop_lut6_I1_O)        0.105     3.072 r  u_nt39565d/FSM_sequential_state[3]_i_1/O
                         net (fo=4, routed)           0.488     3.560    u_nt39565d/FSM_sequential_state[3]_i_1_n_0
    SLICE_X68Y177        FDCE                                         r  u_nt39565d/FSM_sequential_state_reg[3]/CE
  -------------------------------------------------------------------    -------------------

                         (clock clk_out1_clk_wiz_0 rise edge)
                                                     20.000    20.000 r  
    R4                                                0.000    20.000 r  sys_clk (IN)
                         net (fo=0)                   0.000    20.000    u_mmcm/inst/clk_in1
    R4                   IBUF (Prop_ibuf_I_O)         1.353    21.353 r  u_mmcm/inst/clkin1_ibufg/O
                         net (fo=1, routed)           1.004    22.357    u_mmcm/inst/clk_in1_clk_wiz_0
    MMCME2_ADV_X1Y2      MMCME2_ADV (Prop_mmcme2_adv_CLKIN1_CLKOUT0)
                                                     -6.399    15.957 r  u_mmcm/inst/mmcm_adv_inst/CLKOUT0
                         net (fo=1, routed)           1.452    17.410    u_mmcm/inst/clk_out1_clk_wiz_0
    BUFGCTRL_X0Y2        BUFG (Prop_bufg_I_O)         0.077    17.487 r  u_mmcm/inst/clkout1_buf/O
                         net (fo=75, routed)          1.266    18.753    u_nt39565d/clk_out1
    SLICE_X68Y177        FDCE                                         r  u_nt39565d/FSM_sequential_state_reg[3]/C
                         clock pessimism              0.412    19.164    
                         clock uncertainty           -0.102    19.062    
    SLICE_X68Y177        FDCE (Setup_fdce_C_CE)      -0.136    18.926    u_nt39565d/FSM_sequential_state_reg[3]
  -------------------------------------------------------------------
                         required time                         18.926    
                         arrival time                          -3.560    
  -------------------------------------------------------------------
                         slack                                 15.366    

Slack (MET) :             15.391ns  (required time - arrival time)
  Source:                 u_nt39565d/cnt_reg[9]/C
                            (rising edge-triggered cell FDCE clocked by clk_out1_clk_wiz_0  {rise@0.000ns fall@10.000ns period=20.000ns})
  Destination:            u_nt39565d/shift_cnt_reg[10]/CE
                            (rising edge-triggered cell FDCE clocked by clk_out1_clk_wiz_0  {rise@0.000ns fall@10.000ns period=20.000ns})
  Path Group:             clk_out1_clk_wiz_0
  Path Type:              Setup (Max at Slow Process Corner)
  Requirement:            20.000ns  (clk_out1_clk_wiz_0 rise@20.000ns - clk_out1_clk_wiz_0 rise@0.000ns)
  Data Path Delay:        4.130ns  (logic 0.808ns (19.563%)  route 3.322ns (80.437%))
  Logic Levels:           3  (LUT4=1 LUT5=1 LUT6=1)
  Clock Path Skew:        -0.046ns (DCD - SCD + CPR)
    Destination Clock Delay (DCD):    -1.247ns = ( 18.753 - 20.000 ) 
    Source Clock Delay      (SCD):    -0.806ns
    Clock Pessimism Removal (CPR):    0.396ns
  Clock Uncertainty:      0.102ns  ((TSJ^2 + DJ^2)^1/2) / 2 + PE
    Total System Jitter     (TSJ):    0.071ns
    Discrete Jitter          (DJ):    0.192ns
    Phase Error              (PE):    0.000ns

    Location             Delay type                Incr(ns)  Path(ns)    Netlist Resource(s)
  -------------------------------------------------------------------    -------------------
                         (clock clk_out1_clk_wiz_0 rise edge)
                                                      0.000     0.000 r  
    R4                                                0.000     0.000 r  sys_clk (IN)
                         net (fo=0)                   0.000     0.000    u_mmcm/inst/clk_in1
    R4                   IBUF (Prop_ibuf_I_O)         1.419     1.419 r  u_mmcm/inst/clkin1_ibufg/O
                         net (fo=1, routed)           1.065     2.484    u_mmcm/inst/clk_in1_clk_wiz_0
    MMCME2_ADV_X1Y2      MMCME2_ADV (Prop_mmcme2_adv_CLKIN1_CLKOUT0)
                                                     -6.273    -3.789 r  u_mmcm/inst/mmcm_adv_inst/CLKOUT0
                         net (fo=1, routed)           1.524    -2.265    u_mmcm/inst/clk_out1_clk_wiz_0
    BUFGCTRL_X0Y2        BUFG (Prop_bufg_I_O)         0.081    -2.184 r  u_mmcm/inst/clkout1_buf/O
                         net (fo=75, routed)          1.378    -0.806    u_nt39565d/clk_out1
    SLICE_X69Y182        FDCE                                         r  u_nt39565d/cnt_reg[9]/C
  -------------------------------------------------------------------    -------------------
    SLICE_X69Y182        FDCE (Prop_fdce_C_Q)         0.348    -0.458 r  u_nt39565d/cnt_reg[9]/Q
                         net (fo=2, routed)           0.667     0.209    u_nt39565d/cnt_reg_n_0_[9]
    SLICE_X69Y181        LUT4 (Prop_lut4_I3_O)        0.240     0.449 r  u_nt39565d/FSM_sequential_state[1]_i_5__0/O
                         net (fo=6, routed)           1.104     1.553    u_nt39565d/FSM_sequential_state[1]_i_5__0_n_0
    SLICE_X70Y180        LUT6 (Prop_lut6_I1_O)        0.105     1.658 r  u_nt39565d/shift_cnt[15]_i_3/O
                         net (fo=6, routed)           0.936     2.594    u_nt39565d/shift_cnt[15]_i_3_n_0
    SLICE_X69Y176        LUT5 (Prop_lut5_I0_O)        0.115     2.709 r  u_nt39565d/shift_cnt[15]_i_1/O
                         net (fo=16, routed)          0.616     3.325    u_nt39565d/shift_cnt[15]_i_1_n_0
    SLICE_X71Y179        FDCE                                         r  u_nt39565d/shift_cnt_reg[10]/CE
  -------------------------------------------------------------------    -------------------

                         (clock clk_out1_clk_wiz_0 rise edge)
                                                     20.000    20.000 r  
    R4                                                0.000    20.000 r  sys_clk (IN)
                         net (fo=0)                   0.000    20.000    u_mmcm/inst/clk_in1
    R4                   IBUF (Prop_ibuf_I_O)         1.353    21.353 r  u_mmcm/inst/clkin1_ibufg/O
                         net (fo=1, routed)           1.004    22.357    u_mmcm/inst/clk_in1_clk_wiz_0
    MMCME2_ADV_X1Y2      MMCME2_ADV (Prop_mmcme2_adv_CLKIN1_CLKOUT0)
                                                     -6.399    15.957 r  u_mmcm/inst/mmcm_adv_inst/CLKOUT0
                         net (fo=1, routed)           1.452    17.410    u_mmcm/inst/clk_out1_clk_wiz_0
    BUFGCTRL_X0Y2        BUFG (Prop_bufg_I_O)         0.077    17.487 r  u_mmcm/inst/clkout1_buf/O
                         net (fo=75, routed)          1.266    18.753    u_nt39565d/clk_out1
    SLICE_X71Y179        FDCE                                         r  u_nt39565d/shift_cnt_reg[10]/C
                         clock pessimism              0.396    19.148    
                         clock uncertainty           -0.102    19.046    
    SLICE_X71Y179        FDCE (Setup_fdce_C_CE)      -0.330    18.716    u_nt39565d/shift_cnt_reg[10]
  -------------------------------------------------------------------
                         required time                         18.716    
                         arrival time                          -3.325    
  -------------------------------------------------------------------
                         slack                                 15.391    

Slack (MET) :             15.391ns  (required time - arrival time)
  Source:                 u_nt39565d/cnt_reg[9]/C
                            (rising edge-triggered cell FDCE clocked by clk_out1_clk_wiz_0  {rise@0.000ns fall@10.000ns period=20.000ns})
  Destination:            u_nt39565d/shift_cnt_reg[11]/CE
                            (rising edge-triggered cell FDCE clocked by clk_out1_clk_wiz_0  {rise@0.000ns fall@10.000ns period=20.000ns})
  Path Group:             clk_out1_clk_wiz_0
  Path Type:              Setup (Max at Slow Process Corner)
  Requirement:            20.000ns  (clk_out1_clk_wiz_0 rise@20.000ns - clk_out1_clk_wiz_0 rise@0.000ns)
  Data Path Delay:        4.130ns  (logic 0.808ns (19.563%)  route 3.322ns (80.437%))
  Logic Levels:           3  (LUT4=1 LUT5=1 LUT6=1)
  Clock Path Skew:        -0.046ns (DCD - SCD + CPR)
    Destination Clock Delay (DCD):    -1.247ns = ( 18.753 - 20.000 ) 
    Source Clock Delay      (SCD):    -0.806ns
    Clock Pessimism Removal (CPR):    0.396ns
  Clock Uncertainty:      0.102ns  ((TSJ^2 + DJ^2)^1/2) / 2 + PE
    Total System Jitter     (TSJ):    0.071ns
    Discrete Jitter          (DJ):    0.192ns
    Phase Error              (PE):    0.000ns

    Location             Delay type                Incr(ns)  Path(ns)    Netlist Resource(s)
  -------------------------------------------------------------------    -------------------
                         (clock clk_out1_clk_wiz_0 rise edge)
                                                      0.000     0.000 r  
    R4                                                0.000     0.000 r  sys_clk (IN)
                         net (fo=0)                   0.000     0.000    u_mmcm/inst/clk_in1
    R4                   IBUF (Prop_ibuf_I_O)         1.419     1.419 r  u_mmcm/inst/clkin1_ibufg/O
                         net (fo=1, routed)           1.065     2.484    u_mmcm/inst/clk_in1_clk_wiz_0
    MMCME2_ADV_X1Y2      MMCME2_ADV (Prop_mmcme2_adv_CLKIN1_CLKOUT0)
                                                     -6.273    -3.789 r  u_mmcm/inst/mmcm_adv_inst/CLKOUT0
                         net (fo=1, routed)           1.524    -2.265    u_mmcm/inst/clk_out1_clk_wiz_0
    BUFGCTRL_X0Y2        BUFG (Prop_bufg_I_O)         0.081    -2.184 r  u_mmcm/inst/clkout1_buf/O
                         net (fo=75, routed)          1.378    -0.806    u_nt39565d/clk_out1
    SLICE_X69Y182        FDCE                                         r  u_nt39565d/cnt_reg[9]/C
  -------------------------------------------------------------------    -------------------
    SLICE_X69Y182        FDCE (Prop_fdce_C_Q)         0.348    -0.458 r  u_nt39565d/cnt_reg[9]/Q
                         net (fo=2, routed)           0.667     0.209    u_nt39565d/cnt_reg_n_0_[9]
    SLICE_X69Y181        LUT4 (Prop_lut4_I3_O)        0.240     0.449 r  u_nt39565d/FSM_sequential_state[1]_i_5__0/O
                         net (fo=6, routed)           1.104     1.553    u_nt39565d/FSM_sequential_state[1]_i_5__0_n_0
    SLICE_X70Y180        LUT6 (Prop_lut6_I1_O)        0.105     1.658 r  u_nt39565d/shift_cnt[15]_i_3/O
                         net (fo=6, routed)           0.936     2.594    u_nt39565d/shift_cnt[15]_i_3_n_0
    SLICE_X69Y176        LUT5 (Prop_lut5_I0_O)        0.115     2.709 r  u_nt39565d/shift_cnt[15]_i_1/O
                         net (fo=16, routed)          0.616     3.325    u_nt39565d/shift_cnt[15]_i_1_n_0
    SLICE_X71Y179        FDCE                                         r  u_nt39565d/shift_cnt_reg[11]/CE
  -------------------------------------------------------------------    -------------------

                         (clock clk_out1_clk_wiz_0 rise edge)
                                                     20.000    20.000 r  
    R4                                                0.000    20.000 r  sys_clk (IN)
                         net (fo=0)                   0.000    20.000    u_mmcm/inst/clk_in1
    R4                   IBUF (Prop_ibuf_I_O)         1.353    21.353 r  u_mmcm/inst/clkin1_ibufg/O
                         net (fo=1, routed)           1.004    22.357    u_mmcm/inst/clk_in1_clk_wiz_0
    MMCME2_ADV_X1Y2      MMCME2_ADV (Prop_mmcme2_adv_CLKIN1_CLKOUT0)
                                                     -6.399    15.957 r  u_mmcm/inst/mmcm_adv_inst/CLKOUT0
                         net (fo=1, routed)           1.452    17.410    u_mmcm/inst/clk_out1_clk_wiz_0
    BUFGCTRL_X0Y2        BUFG (Prop_bufg_I_O)         0.077    17.487 r  u_mmcm/inst/clkout1_buf/O
                         net (fo=75, routed)          1.266    18.753    u_nt39565d/clk_out1
    SLICE_X71Y179        FDCE                                         r  u_nt39565d/shift_cnt_reg[11]/C
                         clock pessimism              0.396    19.148    
                         clock uncertainty           -0.102    19.046    
    SLICE_X71Y179        FDCE (Setup_fdce_C_CE)      -0.330    18.716    u_nt39565d/shift_cnt_reg[11]
  -------------------------------------------------------------------
                         required time                         18.716    
                         arrival time                          -3.325    
  -------------------------------------------------------------------
                         slack                                 15.391    

Slack (MET) :             15.391ns  (required time - arrival time)
  Source:                 u_nt39565d/cnt_reg[9]/C
                            (rising edge-triggered cell FDCE clocked by clk_out1_clk_wiz_0  {rise@0.000ns fall@10.000ns period=20.000ns})
  Destination:            u_nt39565d/shift_cnt_reg[12]/CE
                            (rising edge-triggered cell FDCE clocked by clk_out1_clk_wiz_0  {rise@0.000ns fall@10.000ns period=20.000ns})
  Path Group:             clk_out1_clk_wiz_0
  Path Type:              Setup (Max at Slow Process Corner)
  Requirement:            20.000ns  (clk_out1_clk_wiz_0 rise@20.000ns - clk_out1_clk_wiz_0 rise@0.000ns)
  Data Path Delay:        4.130ns  (logic 0.808ns (19.563%)  route 3.322ns (80.437%))
  Logic Levels:           3  (LUT4=1 LUT5=1 LUT6=1)
  Clock Path Skew:        -0.046ns (DCD - SCD + CPR)
    Destination Clock Delay (DCD):    -1.247ns = ( 18.753 - 20.000 ) 
    Source Clock Delay      (SCD):    -0.806ns
    Clock Pessimism Removal (CPR):    0.396ns
  Clock Uncertainty:      0.102ns  ((TSJ^2 + DJ^2)^1/2) / 2 + PE
    Total System Jitter     (TSJ):    0.071ns
    Discrete Jitter          (DJ):    0.192ns
    Phase Error              (PE):    0.000ns

    Location             Delay type                Incr(ns)  Path(ns)    Netlist Resource(s)
  -------------------------------------------------------------------    -------------------
                         (clock clk_out1_clk_wiz_0 rise edge)
                                                      0.000     0.000 r  
    R4                                                0.000     0.000 r  sys_clk (IN)
                         net (fo=0)                   0.000     0.000    u_mmcm/inst/clk_in1
    R4                   IBUF (Prop_ibuf_I_O)         1.419     1.419 r  u_mmcm/inst/clkin1_ibufg/O
                         net (fo=1, routed)           1.065     2.484    u_mmcm/inst/clk_in1_clk_wiz_0
    MMCME2_ADV_X1Y2      MMCME2_ADV (Prop_mmcme2_adv_CLKIN1_CLKOUT0)
                                                     -6.273    -3.789 r  u_mmcm/inst/mmcm_adv_inst/CLKOUT0
                         net (fo=1, routed)           1.524    -2.265    u_mmcm/inst/clk_out1_clk_wiz_0
    BUFGCTRL_X0Y2        BUFG (Prop_bufg_I_O)         0.081    -2.184 r  u_mmcm/inst/clkout1_buf/O
                         net (fo=75, routed)          1.378    -0.806    u_nt39565d/clk_out1
    SLICE_X69Y182        FDCE                                         r  u_nt39565d/cnt_reg[9]/C
  -------------------------------------------------------------------    -------------------
    SLICE_X69Y182        FDCE (Prop_fdce_C_Q)         0.348    -0.458 r  u_nt39565d/cnt_reg[9]/Q
                         net (fo=2, routed)           0.667     0.209    u_nt39565d/cnt_reg_n_0_[9]
    SLICE_X69Y181        LUT4 (Prop_lut4_I3_O)        0.240     0.449 r  u_nt39565d/FSM_sequential_state[1]_i_5__0/O
                         net (fo=6, routed)           1.104     1.553    u_nt39565d/FSM_sequential_state[1]_i_5__0_n_0
    SLICE_X70Y180        LUT6 (Prop_lut6_I1_O)        0.105     1.658 r  u_nt39565d/shift_cnt[15]_i_3/O
                         net (fo=6, routed)           0.936     2.594    u_nt39565d/shift_cnt[15]_i_3_n_0
    SLICE_X69Y176        LUT5 (Prop_lut5_I0_O)        0.115     2.709 r  u_nt39565d/shift_cnt[15]_i_1/O
                         net (fo=16, routed)          0.616     3.325    u_nt39565d/shift_cnt[15]_i_1_n_0
    SLICE_X71Y179        FDCE                                         r  u_nt39565d/shift_cnt_reg[12]/CE
  -------------------------------------------------------------------    -------------------

                         (clock clk_out1_clk_wiz_0 rise edge)
                                                     20.000    20.000 r  
    R4                                                0.000    20.000 r  sys_clk (IN)
                         net (fo=0)                   0.000    20.000    u_mmcm/inst/clk_in1
    R4                   IBUF (Prop_ibuf_I_O)         1.353    21.353 r  u_mmcm/inst/clkin1_ibufg/O
                         net (fo=1, routed)           1.004    22.357    u_mmcm/inst/clk_in1_clk_wiz_0
    MMCME2_ADV_X1Y2      MMCME2_ADV (Prop_mmcme2_adv_CLKIN1_CLKOUT0)
                                                     -6.399    15.957 r  u_mmcm/inst/mmcm_adv_inst/CLKOUT0
                         net (fo=1, routed)           1.452    17.410    u_mmcm/inst/clk_out1_clk_wiz_0
    BUFGCTRL_X0Y2        BUFG (Prop_bufg_I_O)         0.077    17.487 r  u_mmcm/inst/clkout1_buf/O
                         net (fo=75, routed)          1.266    18.753    u_nt39565d/clk_out1
    SLICE_X71Y179        FDCE                                         r  u_nt39565d/shift_cnt_reg[12]/C
                         clock pessimism              0.396    19.148    
                         clock uncertainty           -0.102    19.046    
    SLICE_X71Y179        FDCE (Setup_fdce_C_CE)      -0.330    18.716    u_nt39565d/shift_cnt_reg[12]
  -------------------------------------------------------------------
                         required time                         18.716    
                         arrival time                          -3.325    
  -------------------------------------------------------------------
                         slack                                 15.391    

Slack (MET) :             15.391ns  (required time - arrival time)
  Source:                 u_nt39565d/cnt_reg[9]/C
                            (rising edge-triggered cell FDCE clocked by clk_out1_clk_wiz_0  {rise@0.000ns fall@10.000ns period=20.000ns})
  Destination:            u_nt39565d/shift_cnt_reg[13]/CE
                            (rising edge-triggered cell FDCE clocked by clk_out1_clk_wiz_0  {rise@0.000ns fall@10.000ns period=20.000ns})
  Path Group:             clk_out1_clk_wiz_0
  Path Type:              Setup (Max at Slow Process Corner)
  Requirement:            20.000ns  (clk_out1_clk_wiz_0 rise@20.000ns - clk_out1_clk_wiz_0 rise@0.000ns)
  Data Path Delay:        4.130ns  (logic 0.808ns (19.563%)  route 3.322ns (80.437%))
  Logic Levels:           3  (LUT4=1 LUT5=1 LUT6=1)
  Clock Path Skew:        -0.046ns (DCD - SCD + CPR)
    Destination Clock Delay (DCD):    -1.247ns = ( 18.753 - 20.000 ) 
    Source Clock Delay      (SCD):    -0.806ns
    Clock Pessimism Removal (CPR):    0.396ns
  Clock Uncertainty:      0.102ns  ((TSJ^2 + DJ^2)^1/2) / 2 + PE
    Total System Jitter     (TSJ):    0.071ns
    Discrete Jitter          (DJ):    0.192ns
    Phase Error              (PE):    0.000ns

    Location             Delay type                Incr(ns)  Path(ns)    Netlist Resource(s)
  -------------------------------------------------------------------    -------------------
                         (clock clk_out1_clk_wiz_0 rise edge)
                                                      0.000     0.000 r  
    R4                                                0.000     0.000 r  sys_clk (IN)
                         net (fo=0)                   0.000     0.000    u_mmcm/inst/clk_in1
    R4                   IBUF (Prop_ibuf_I_O)         1.419     1.419 r  u_mmcm/inst/clkin1_ibufg/O
                         net (fo=1, routed)           1.065     2.484    u_mmcm/inst/clk_in1_clk_wiz_0
    MMCME2_ADV_X1Y2      MMCME2_ADV (Prop_mmcme2_adv_CLKIN1_CLKOUT0)
                                                     -6.273    -3.789 r  u_mmcm/inst/mmcm_adv_inst/CLKOUT0
                         net (fo=1, routed)           1.524    -2.265    u_mmcm/inst/clk_out1_clk_wiz_0
    BUFGCTRL_X0Y2        BUFG (Prop_bufg_I_O)         0.081    -2.184 r  u_mmcm/inst/clkout1_buf/O
                         net (fo=75, routed)          1.378    -0.806    u_nt39565d/clk_out1
    SLICE_X69Y182        FDCE                                         r  u_nt39565d/cnt_reg[9]/C
  -------------------------------------------------------------------    -------------------
    SLICE_X69Y182        FDCE (Prop_fdce_C_Q)         0.348    -0.458 r  u_nt39565d/cnt_reg[9]/Q
                         net (fo=2, routed)           0.667     0.209    u_nt39565d/cnt_reg_n_0_[9]
    SLICE_X69Y181        LUT4 (Prop_lut4_I3_O)        0.240     0.449 r  u_nt39565d/FSM_sequential_state[1]_i_5__0/O
                         net (fo=6, routed)           1.104     1.553    u_nt39565d/FSM_sequential_state[1]_i_5__0_n_0
    SLICE_X70Y180        LUT6 (Prop_lut6_I1_O)        0.105     1.658 r  u_nt39565d/shift_cnt[15]_i_3/O
                         net (fo=6, routed)           0.936     2.594    u_nt39565d/shift_cnt[15]_i_3_n_0
    SLICE_X69Y176        LUT5 (Prop_lut5_I0_O)        0.115     2.709 r  u_nt39565d/shift_cnt[15]_i_1/O
                         net (fo=16, routed)          0.616     3.325    u_nt39565d/shift_cnt[15]_i_1_n_0
    SLICE_X71Y179        FDCE                                         r  u_nt39565d/shift_cnt_reg[13]/CE
  -------------------------------------------------------------------    -------------------

                         (clock clk_out1_clk_wiz_0 rise edge)
                                                     20.000    20.000 r  
    R4                                                0.000    20.000 r  sys_clk (IN)
                         net (fo=0)                   0.000    20.000    u_mmcm/inst/clk_in1
    R4                   IBUF (Prop_ibuf_I_O)         1.353    21.353 r  u_mmcm/inst/clkin1_ibufg/O
                         net (fo=1, routed)           1.004    22.357    u_mmcm/inst/clk_in1_clk_wiz_0
    MMCME2_ADV_X1Y2      MMCME2_ADV (Prop_mmcme2_adv_CLKIN1_CLKOUT0)
                                                     -6.399    15.957 r  u_mmcm/inst/mmcm_adv_inst/CLKOUT0
                         net (fo=1, routed)           1.452    17.410    u_mmcm/inst/clk_out1_clk_wiz_0
    BUFGCTRL_X0Y2        BUFG (Prop_bufg_I_O)         0.077    17.487 r  u_mmcm/inst/clkout1_buf/O
                         net (fo=75, routed)          1.266    18.753    u_nt39565d/clk_out1
    SLICE_X71Y179        FDCE                                         r  u_nt39565d/shift_cnt_reg[13]/C
                         clock pessimism              0.396    19.148    
                         clock uncertainty           -0.102    19.046    
    SLICE_X71Y179        FDCE (Setup_fdce_C_CE)      -0.330    18.716    u_nt39565d/shift_cnt_reg[13]
  -------------------------------------------------------------------
                         required time                         18.716    
                         arrival time                          -3.325    
  -------------------------------------------------------------------
                         slack                                 15.391    

Slack (MET) :             15.391ns  (required time - arrival time)
  Source:                 u_nt39565d/cnt_reg[9]/C
                            (rising edge-triggered cell FDCE clocked by clk_out1_clk_wiz_0  {rise@0.000ns fall@10.000ns period=20.000ns})
  Destination:            u_nt39565d/shift_cnt_reg[14]/CE
                            (rising edge-triggered cell FDCE clocked by clk_out1_clk_wiz_0  {rise@0.000ns fall@10.000ns period=20.000ns})
  Path Group:             clk_out1_clk_wiz_0
  Path Type:              Setup (Max at Slow Process Corner)
  Requirement:            20.000ns  (clk_out1_clk_wiz_0 rise@20.000ns - clk_out1_clk_wiz_0 rise@0.000ns)
  Data Path Delay:        4.130ns  (logic 0.808ns (19.563%)  route 3.322ns (80.437%))
  Logic Levels:           3  (LUT4=1 LUT5=1 LUT6=1)
  Clock Path Skew:        -0.046ns (DCD - SCD + CPR)
    Destination Clock Delay (DCD):    -1.247ns = ( 18.753 - 20.000 ) 
    Source Clock Delay      (SCD):    -0.806ns
    Clock Pessimism Removal (CPR):    0.396ns
  Clock Uncertainty:      0.102ns  ((TSJ^2 + DJ^2)^1/2) / 2 + PE
    Total System Jitter     (TSJ):    0.071ns
    Discrete Jitter          (DJ):    0.192ns
    Phase Error              (PE):    0.000ns

    Location             Delay type                Incr(ns)  Path(ns)    Netlist Resource(s)
  -------------------------------------------------------------------    -------------------
                         (clock clk_out1_clk_wiz_0 rise edge)
                                                      0.000     0.000 r  
    R4                                                0.000     0.000 r  sys_clk (IN)
                         net (fo=0)                   0.000     0.000    u_mmcm/inst/clk_in1
    R4                   IBUF (Prop_ibuf_I_O)         1.419     1.419 r  u_mmcm/inst/clkin1_ibufg/O
                         net (fo=1, routed)           1.065     2.484    u_mmcm/inst/clk_in1_clk_wiz_0
    MMCME2_ADV_X1Y2      MMCME2_ADV (Prop_mmcme2_adv_CLKIN1_CLKOUT0)
                                                     -6.273    -3.789 r  u_mmcm/inst/mmcm_adv_inst/CLKOUT0
                         net (fo=1, routed)           1.524    -2.265    u_mmcm/inst/clk_out1_clk_wiz_0
    BUFGCTRL_X0Y2        BUFG (Prop_bufg_I_O)         0.081    -2.184 r  u_mmcm/inst/clkout1_buf/O
                         net (fo=75, routed)          1.378    -0.806    u_nt39565d/clk_out1
    SLICE_X69Y182        FDCE                                         r  u_nt39565d/cnt_reg[9]/C
  -------------------------------------------------------------------    -------------------
    SLICE_X69Y182        FDCE (Prop_fdce_C_Q)         0.348    -0.458 r  u_nt39565d/cnt_reg[9]/Q
                         net (fo=2, routed)           0.667     0.209    u_nt39565d/cnt_reg_n_0_[9]
    SLICE_X69Y181        LUT4 (Prop_lut4_I3_O)        0.240     0.449 r  u_nt39565d/FSM_sequential_state[1]_i_5__0/O
                         net (fo=6, routed)           1.104     1.553    u_nt39565d/FSM_sequential_state[1]_i_5__0_n_0
    SLICE_X70Y180        LUT6 (Prop_lut6_I1_O)        0.105     1.658 r  u_nt39565d/shift_cnt[15]_i_3/O
                         net (fo=6, routed)           0.936     2.594    u_nt39565d/shift_cnt[15]_i_3_n_0
    SLICE_X69Y176        LUT5 (Prop_lut5_I0_O)        0.115     2.709 r  u_nt39565d/shift_cnt[15]_i_1/O
                         net (fo=16, routed)          0.616     3.325    u_nt39565d/shift_cnt[15]_i_1_n_0
    SLICE_X71Y179        FDCE                                         r  u_nt39565d/shift_cnt_reg[14]/CE
  -------------------------------------------------------------------    -------------------

                         (clock clk_out1_clk_wiz_0 rise edge)
                                                     20.000    20.000 r  
    R4                                                0.000    20.000 r  sys_clk (IN)
                         net (fo=0)                   0.000    20.000    u_mmcm/inst/clk_in1
    R4                   IBUF (Prop_ibuf_I_O)         1.353    21.353 r  u_mmcm/inst/clkin1_ibufg/O
                         net (fo=1, routed)           1.004    22.357    u_mmcm/inst/clk_in1_clk_wiz_0
    MMCME2_ADV_X1Y2      MMCME2_ADV (Prop_mmcme2_adv_CLKIN1_CLKOUT0)
                                                     -6.399    15.957 r  u_mmcm/inst/mmcm_adv_inst/CLKOUT0
                         net (fo=1, routed)           1.452    17.410    u_mmcm/inst/clk_out1_clk_wiz_0
    BUFGCTRL_X0Y2        BUFG (Prop_bufg_I_O)         0.077    17.487 r  u_mmcm/inst/clkout1_buf/O
                         net (fo=75, routed)          1.266    18.753    u_nt39565d/clk_out1
    SLICE_X71Y179        FDCE                                         r  u_nt39565d/shift_cnt_reg[14]/C
                         clock pessimism              0.396    19.148    
                         clock uncertainty           -0.102    19.046    
    SLICE_X71Y179        FDCE (Setup_fdce_C_CE)      -0.330    18.716    u_nt39565d/shift_cnt_reg[14]
  -------------------------------------------------------------------
                         required time                         18.716    
                         arrival time                          -3.325    
  -------------------------------------------------------------------
                         slack                                 15.391    

Slack (MET) :             15.391ns  (required time - arrival time)
  Source:                 u_nt39565d/cnt_reg[9]/C
                            (rising edge-triggered cell FDCE clocked by clk_out1_clk_wiz_0  {rise@0.000ns fall@10.000ns period=20.000ns})
  Destination:            u_nt39565d/shift_cnt_reg[15]/CE
                            (rising edge-triggered cell FDCE clocked by clk_out1_clk_wiz_0  {rise@0.000ns fall@10.000ns period=20.000ns})
  Path Group:             clk_out1_clk_wiz_0
  Path Type:              Setup (Max at Slow Process Corner)
  Requirement:            20.000ns  (clk_out1_clk_wiz_0 rise@20.000ns - clk_out1_clk_wiz_0 rise@0.000ns)
  Data Path Delay:        4.130ns  (logic 0.808ns (19.563%)  route 3.322ns (80.437%))
  Logic Levels:           3  (LUT4=1 LUT5=1 LUT6=1)
  Clock Path Skew:        -0.046ns (DCD - SCD + CPR)
    Destination Clock Delay (DCD):    -1.247ns = ( 18.753 - 20.000 ) 
    Source Clock Delay      (SCD):    -0.806ns
    Clock Pessimism Removal (CPR):    0.396ns
  Clock Uncertainty:      0.102ns  ((TSJ^2 + DJ^2)^1/2) / 2 + PE
    Total System Jitter     (TSJ):    0.071ns
    Discrete Jitter          (DJ):    0.192ns
    Phase Error              (PE):    0.000ns

    Location             Delay type                Incr(ns)  Path(ns)    Netlist Resource(s)
  -------------------------------------------------------------------    -------------------
                         (clock clk_out1_clk_wiz_0 rise edge)
                                                      0.000     0.000 r  
    R4                                                0.000     0.000 r  sys_clk (IN)
                         net (fo=0)                   0.000     0.000    u_mmcm/inst/clk_in1
    R4                   IBUF (Prop_ibuf_I_O)         1.419     1.419 r  u_mmcm/inst/clkin1_ibufg/O
                         net (fo=1, routed)           1.065     2.484    u_mmcm/inst/clk_in1_clk_wiz_0
    MMCME2_ADV_X1Y2      MMCME2_ADV (Prop_mmcme2_adv_CLKIN1_CLKOUT0)
                                                     -6.273    -3.789 r  u_mmcm/inst/mmcm_adv_inst/CLKOUT0
                         net (fo=1, routed)           1.524    -2.265    u_mmcm/inst/clk_out1_clk_wiz_0
    BUFGCTRL_X0Y2        BUFG (Prop_bufg_I_O)         0.081    -2.184 r  u_mmcm/inst/clkout1_buf/O
                         net (fo=75, routed)          1.378    -0.806    u_nt39565d/clk_out1
    SLICE_X69Y182        FDCE                                         r  u_nt39565d/cnt_reg[9]/C
  -------------------------------------------------------------------    -------------------
    SLICE_X69Y182        FDCE (Prop_fdce_C_Q)         0.348    -0.458 r  u_nt39565d/cnt_reg[9]/Q
                         net (fo=2, routed)           0.667     0.209    u_nt39565d/cnt_reg_n_0_[9]
    SLICE_X69Y181        LUT4 (Prop_lut4_I3_O)        0.240     0.449 r  u_nt39565d/FSM_sequential_state[1]_i_5__0/O
                         net (fo=6, routed)           1.104     1.553    u_nt39565d/FSM_sequential_state[1]_i_5__0_n_0
    SLICE_X70Y180        LUT6 (Prop_lut6_I1_O)        0.105     1.658 r  u_nt39565d/shift_cnt[15]_i_3/O
                         net (fo=6, routed)           0.936     2.594    u_nt39565d/shift_cnt[15]_i_3_n_0
    SLICE_X69Y176        LUT5 (Prop_lut5_I0_O)        0.115     2.709 r  u_nt39565d/shift_cnt[15]_i_1/O
                         net (fo=16, routed)          0.616     3.325    u_nt39565d/shift_cnt[15]_i_1_n_0
    SLICE_X71Y179        FDCE                                         r  u_nt39565d/shift_cnt_reg[15]/CE
  -------------------------------------------------------------------    -------------------

                         (clock clk_out1_clk_wiz_0 rise edge)
                                                     20.000    20.000 r  
    R4                                                0.000    20.000 r  sys_clk (IN)
                         net (fo=0)                   0.000    20.000    u_mmcm/inst/clk_in1
    R4                   IBUF (Prop_ibuf_I_O)         1.353    21.353 r  u_mmcm/inst/clkin1_ibufg/O
                         net (fo=1, routed)           1.004    22.357    u_mmcm/inst/clk_in1_clk_wiz_0
    MMCME2_ADV_X1Y2      MMCME2_ADV (Prop_mmcme2_adv_CLKIN1_CLKOUT0)
                                                     -6.399    15.957 r  u_mmcm/inst/mmcm_adv_inst/CLKOUT0
                         net (fo=1, routed)           1.452    17.410    u_mmcm/inst/clk_out1_clk_wiz_0
    BUFGCTRL_X0Y2        BUFG (Prop_bufg_I_O)         0.077    17.487 r  u_mmcm/inst/clkout1_buf/O
                         net (fo=75, routed)          1.266    18.753    u_nt39565d/clk_out1
    SLICE_X71Y179        FDCE                                         r  u_nt39565d/shift_cnt_reg[15]/C
                         clock pessimism              0.396    19.148    
                         clock uncertainty           -0.102    19.046    
    SLICE_X71Y179        FDCE (Setup_fdce_C_CE)      -0.330    18.716    u_nt39565d/shift_cnt_reg[15]
  -------------------------------------------------------------------
                         required time                         18.716    
                         arrival time                          -3.325    
  -------------------------------------------------------------------
                         slack                                 15.391    

Slack (MET) :             15.391ns  (required time - arrival time)
  Source:                 u_nt39565d/cnt_reg[9]/C
                            (rising edge-triggered cell FDCE clocked by clk_out1_clk_wiz_0  {rise@0.000ns fall@10.000ns period=20.000ns})
  Destination:            u_nt39565d/shift_cnt_reg[8]/CE
                            (rising edge-triggered cell FDCE clocked by clk_out1_clk_wiz_0  {rise@0.000ns fall@10.000ns period=20.000ns})
  Path Group:             clk_out1_clk_wiz_0
  Path Type:              Setup (Max at Slow Process Corner)
  Requirement:            20.000ns  (clk_out1_clk_wiz_0 rise@20.000ns - clk_out1_clk_wiz_0 rise@0.000ns)
  Data Path Delay:        4.130ns  (logic 0.808ns (19.563%)  route 3.322ns (80.437%))
  Logic Levels:           3  (LUT4=1 LUT5=1 LUT6=1)
  Clock Path Skew:        -0.046ns (DCD - SCD + CPR)
    Destination Clock Delay (DCD):    -1.247ns = ( 18.753 - 20.000 ) 
    Source Clock Delay      (SCD):    -0.806ns
    Clock Pessimism Removal (CPR):    0.396ns
  Clock Uncertainty:      0.102ns  ((TSJ^2 + DJ^2)^1/2) / 2 + PE
    Total System Jitter     (TSJ):    0.071ns
    Discrete Jitter          (DJ):    0.192ns
    Phase Error              (PE):    0.000ns

    Location             Delay type                Incr(ns)  Path(ns)    Netlist Resource(s)
  -------------------------------------------------------------------    -------------------
                         (clock clk_out1_clk_wiz_0 rise edge)
                                                      0.000     0.000 r  
    R4                                                0.000     0.000 r  sys_clk (IN)
                         net (fo=0)                   0.000     0.000    u_mmcm/inst/clk_in1
    R4                   IBUF (Prop_ibuf_I_O)         1.419     1.419 r  u_mmcm/inst/clkin1_ibufg/O
                         net (fo=1, routed)           1.065     2.484    u_mmcm/inst/clk_in1_clk_wiz_0
    MMCME2_ADV_X1Y2      MMCME2_ADV (Prop_mmcme2_adv_CLKIN1_CLKOUT0)
                                                     -6.273    -3.789 r  u_mmcm/inst/mmcm_adv_inst/CLKOUT0
                         net (fo=1, routed)           1.524    -2.265    u_mmcm/inst/clk_out1_clk_wiz_0
    BUFGCTRL_X0Y2        BUFG (Prop_bufg_I_O)         0.081    -2.184 r  u_mmcm/inst/clkout1_buf/O
                         net (fo=75, routed)          1.378    -0.806    u_nt39565d/clk_out1
    SLICE_X69Y182        FDCE                                         r  u_nt39565d/cnt_reg[9]/C
  -------------------------------------------------------------------    -------------------
    SLICE_X69Y182        FDCE (Prop_fdce_C_Q)         0.348    -0.458 r  u_nt39565d/cnt_reg[9]/Q
                         net (fo=2, routed)           0.667     0.209    u_nt39565d/cnt_reg_n_0_[9]
    SLICE_X69Y181        LUT4 (Prop_lut4_I3_O)        0.240     0.449 r  u_nt39565d/FSM_sequential_state[1]_i_5__0/O
                         net (fo=6, routed)           1.104     1.553    u_nt39565d/FSM_sequential_state[1]_i_5__0_n_0
    SLICE_X70Y180        LUT6 (Prop_lut6_I1_O)        0.105     1.658 r  u_nt39565d/shift_cnt[15]_i_3/O
                         net (fo=6, routed)           0.936     2.594    u_nt39565d/shift_cnt[15]_i_3_n_0
    SLICE_X69Y176        LUT5 (Prop_lut5_I0_O)        0.115     2.709 r  u_nt39565d/shift_cnt[15]_i_1/O
                         net (fo=16, routed)          0.616     3.325    u_nt39565d/shift_cnt[15]_i_1_n_0
    SLICE_X71Y179        FDCE                                         r  u_nt39565d/shift_cnt_reg[8]/CE
  -------------------------------------------------------------------    -------------------

                         (clock clk_out1_clk_wiz_0 rise edge)
                                                     20.000    20.000 r  
    R4                                                0.000    20.000 r  sys_clk (IN)
                         net (fo=0)                   0.000    20.000    u_mmcm/inst/clk_in1
    R4                   IBUF (Prop_ibuf_I_O)         1.353    21.353 r  u_mmcm/inst/clkin1_ibufg/O
                         net (fo=1, routed)           1.004    22.357    u_mmcm/inst/clk_in1_clk_wiz_0
    MMCME2_ADV_X1Y2      MMCME2_ADV (Prop_mmcme2_adv_CLKIN1_CLKOUT0)
                                                     -6.399    15.957 r  u_mmcm/inst/mmcm_adv_inst/CLKOUT0
                         net (fo=1, routed)           1.452    17.410    u_mmcm/inst/clk_out1_clk_wiz_0
    BUFGCTRL_X0Y2        BUFG (Prop_bufg_I_O)         0.077    17.487 r  u_mmcm/inst/clkout1_buf/O
                         net (fo=75, routed)          1.266    18.753    u_nt39565d/clk_out1
    SLICE_X71Y179        FDCE                                         r  u_nt39565d/shift_cnt_reg[8]/C
                         clock pessimism              0.396    19.148    
                         clock uncertainty           -0.102    19.046    
    SLICE_X71Y179        FDCE (Setup_fdce_C_CE)      -0.330    18.716    u_nt39565d/shift_cnt_reg[8]
  -------------------------------------------------------------------
                         required time                         18.716    
                         arrival time                          -3.325    
  -------------------------------------------------------------------
                         slack                                 15.391    

Slack (MET) :             15.391ns  (required time - arrival time)
  Source:                 u_nt39565d/cnt_reg[9]/C
                            (rising edge-triggered cell FDCE clocked by clk_out1_clk_wiz_0  {rise@0.000ns fall@10.000ns period=20.000ns})
  Destination:            u_nt39565d/shift_cnt_reg[9]/CE
                            (rising edge-triggered cell FDCE clocked by clk_out1_clk_wiz_0  {rise@0.000ns fall@10.000ns period=20.000ns})
  Path Group:             clk_out1_clk_wiz_0
  Path Type:              Setup (Max at Slow Process Corner)
  Requirement:            20.000ns  (clk_out1_clk_wiz_0 rise@20.000ns - clk_out1_clk_wiz_0 rise@0.000ns)
  Data Path Delay:        4.130ns  (logic 0.808ns (19.563%)  route 3.322ns (80.437%))
  Logic Levels:           3  (LUT4=1 LUT5=1 LUT6=1)
  Clock Path Skew:        -0.046ns (DCD - SCD + CPR)
    Destination Clock Delay (DCD):    -1.247ns = ( 18.753 - 20.000 ) 
    Source Clock Delay      (SCD):    -0.806ns
    Clock Pessimism Removal (CPR):    0.396ns
  Clock Uncertainty:      0.102ns  ((TSJ^2 + DJ^2)^1/2) / 2 + PE
    Total System Jitter     (TSJ):    0.071ns
    Discrete Jitter          (DJ):    0.192ns
    Phase Error              (PE):    0.000ns

    Location             Delay type                Incr(ns)  Path(ns)    Netlist Resource(s)
  -------------------------------------------------------------------    -------------------
                         (clock clk_out1_clk_wiz_0 rise edge)
                                                      0.000     0.000 r  
    R4                                                0.000     0.000 r  sys_clk (IN)
                         net (fo=0)                   0.000     0.000    u_mmcm/inst/clk_in1
    R4                   IBUF (Prop_ibuf_I_O)         1.419     1.419 r  u_mmcm/inst/clkin1_ibufg/O
                         net (fo=1, routed)           1.065     2.484    u_mmcm/inst/clk_in1_clk_wiz_0
    MMCME2_ADV_X1Y2      MMCME2_ADV (Prop_mmcme2_adv_CLKIN1_CLKOUT0)
                                                     -6.273    -3.789 r  u_mmcm/inst/mmcm_adv_inst/CLKOUT0
                         net (fo=1, routed)           1.524    -2.265    u_mmcm/inst/clk_out1_clk_wiz_0
    BUFGCTRL_X0Y2        BUFG (Prop_bufg_I_O)         0.081    -2.184 r  u_mmcm/inst/clkout1_buf/O
                         net (fo=75, routed)          1.378    -0.806    u_nt39565d/clk_out1
    SLICE_X69Y182        FDCE                                         r  u_nt39565d/cnt_reg[9]/C
  -------------------------------------------------------------------    -------------------
    SLICE_X69Y182        FDCE (Prop_fdce_C_Q)         0.348    -0.458 r  u_nt39565d/cnt_reg[9]/Q
                         net (fo=2, routed)           0.667     0.209    u_nt39565d/cnt_reg_n_0_[9]
    SLICE_X69Y181        LUT4 (Prop_lut4_I3_O)        0.240     0.449 r  u_nt39565d/FSM_sequential_state[1]_i_5__0/O
                         net (fo=6, routed)           1.104     1.553    u_nt39565d/FSM_sequential_state[1]_i_5__0_n_0
    SLICE_X70Y180        LUT6 (Prop_lut6_I1_O)        0.105     1.658 r  u_nt39565d/shift_cnt[15]_i_3/O
                         net (fo=6, routed)           0.936     2.594    u_nt39565d/shift_cnt[15]_i_3_n_0
    SLICE_X69Y176        LUT5 (Prop_lut5_I0_O)        0.115     2.709 r  u_nt39565d/shift_cnt[15]_i_1/O
                         net (fo=16, routed)          0.616     3.325    u_nt39565d/shift_cnt[15]_i_1_n_0
    SLICE_X71Y179        FDCE                                         r  u_nt39565d/shift_cnt_reg[9]/CE
  -------------------------------------------------------------------    -------------------

                         (clock clk_out1_clk_wiz_0 rise edge)
                                                     20.000    20.000 r  
    R4                                                0.000    20.000 r  sys_clk (IN)
                         net (fo=0)                   0.000    20.000    u_mmcm/inst/clk_in1
    R4                   IBUF (Prop_ibuf_I_O)         1.353    21.353 r  u_mmcm/inst/clkin1_ibufg/O
                         net (fo=1, routed)           1.004    22.357    u_mmcm/inst/clk_in1_clk_wiz_0
    MMCME2_ADV_X1Y2      MMCME2_ADV (Prop_mmcme2_adv_CLKIN1_CLKOUT0)
                                                     -6.399    15.957 r  u_mmcm/inst/mmcm_adv_inst/CLKOUT0
                         net (fo=1, routed)           1.452    17.410    u_mmcm/inst/clk_out1_clk_wiz_0
    BUFGCTRL_X0Y2        BUFG (Prop_bufg_I_O)         0.077    17.487 r  u_mmcm/inst/clkout1_buf/O
                         net (fo=75, routed)          1.266    18.753    u_nt39565d/clk_out1
    SLICE_X71Y179        FDCE                                         r  u_nt39565d/shift_cnt_reg[9]/C
                         clock pessimism              0.396    19.148    
                         clock uncertainty           -0.102    19.046    
    SLICE_X71Y179        FDCE (Setup_fdce_C_CE)      -0.330    18.716    u_nt39565d/shift_cnt_reg[9]
  -------------------------------------------------------------------
                         required time                         18.716    
                         arrival time                          -3.325    
  -------------------------------------------------------------------
                         slack                                 15.391    





Min Delay Paths
--------------------------------------------------------------------------------------
Slack (MET) :             0.174ns  (arrival time - required time)
  Source:                 gap_cnt_reg[1]/C
                            (rising edge-triggered cell FDCE clocked by clk_out1_clk_wiz_0  {rise@0.000ns fall@10.000ns period=20.000ns})
  Destination:            gap_cnt_reg[3]/D
                            (rising edge-triggered cell FDCE clocked by clk_out1_clk_wiz_0  {rise@0.000ns fall@10.000ns period=20.000ns})
  Path Group:             clk_out1_clk_wiz_0
  Path Type:              Hold (Min at Fast Process Corner)
  Requirement:            0.000ns  (clk_out1_clk_wiz_0 rise@0.000ns - clk_out1_clk_wiz_0 rise@0.000ns)
  Data Path Delay:        0.308ns  (logic 0.186ns (60.317%)  route 0.122ns (39.683%))
  Logic Levels:           1  (LUT5=1)
  Clock Path Skew:        0.013ns (DCD - SCD - CPR)
    Destination Clock Delay (DCD):    -0.971ns
    Source Clock Delay      (SCD):    -0.725ns
    Clock Pessimism Removal (CPR):    -0.259ns

    Location             Delay type                Incr(ns)  Path(ns)    Netlist Resource(s)
  -------------------------------------------------------------------    -------------------
                         (clock clk_out1_clk_wiz_0 rise edge)
                                                      0.000     0.000 r  
    R4                                                0.000     0.000 r  sys_clk (IN)
                         net (fo=0)                   0.000     0.000    u_mmcm/inst/clk_in1
    R4                   IBUF (Prop_ibuf_I_O)         0.256     0.256 r  u_mmcm/inst/clkin1_ibufg/O
                         net (fo=1, routed)           0.440     0.696    u_mmcm/inst/clk_in1_clk_wiz_0
    MMCME2_ADV_X1Y2      MMCME2_ADV (Prop_mmcme2_adv_CLKIN1_CLKOUT0)
                                                     -2.540    -1.844 r  u_mmcm/inst/mmcm_adv_inst/CLKOUT0
                         net (fo=1, routed)           0.531    -1.313    u_mmcm/inst/clk_out1_clk_wiz_0
    BUFGCTRL_X0Y2        BUFG (Prop_bufg_I_O)         0.026    -1.287 r  u_mmcm/inst/clkout1_buf/O
                         net (fo=75, routed)          0.562    -0.725    gate_clk
    SLICE_X71Y174        FDCE                                         r  gap_cnt_reg[1]/C
  -------------------------------------------------------------------    -------------------
    SLICE_X71Y174        FDCE (Prop_fdce_C_Q)         0.141    -0.584 r  gap_cnt_reg[1]/Q
                         net (fo=6, routed)           0.122    -0.462    gap_cnt_reg_n_0_[1]
    SLICE_X70Y174        LUT5 (Prop_lut5_I3_O)        0.045    -0.417 r  gap_cnt[3]_i_1/O
                         net (fo=1, routed)           0.000    -0.417    gap_cnt[3]_i_1_n_0
    SLICE_X70Y174        FDCE                                         r  gap_cnt_reg[3]/D
  -------------------------------------------------------------------    -------------------

                         (clock clk_out1_clk_wiz_0 rise edge)
                                                      0.000     0.000 r  
    R4                                                0.000     0.000 r  sys_clk (IN)
                         net (fo=0)                   0.000     0.000    u_mmcm/inst/clk_in1
    R4                   IBUF (Prop_ibuf_I_O)         0.444     0.444 r  u_mmcm/inst/clkin1_ibufg/O
                         net (fo=1, routed)           0.480     0.924    u_mmcm/inst/clk_in1_clk_wiz_0
    MMCME2_ADV_X1Y2      MMCME2_ADV (Prop_mmcme2_adv_CLKIN1_CLKOUT0)
                                                     -3.332    -2.409 r  u_mmcm/inst/mmcm_adv_inst/CLKOUT0
                         net (fo=1, routed)           0.579    -1.830    u_mmcm/inst/clk_out1_clk_wiz_0
    BUFGCTRL_X0Y2        BUFG (Prop_bufg_I_O)         0.029    -1.801 r  u_mmcm/inst/clkout1_buf/O
                         net (fo=75, routed)          0.830    -0.971    gate_clk
    SLICE_X70Y174        FDCE                                         r  gap_cnt_reg[3]/C
                         clock pessimism              0.259    -0.712    
    SLICE_X70Y174        FDCE (Hold_fdce_C_D)         0.121    -0.591    gap_cnt_reg[3]
  -------------------------------------------------------------------
                         required time                          0.591    
                         arrival time                          -0.417    
  -------------------------------------------------------------------
                         slack                                  0.174    

Slack (MET) :             0.196ns  (arrival time - required time)
  Source:                 gap_cnt_reg[2]/C
                            (rising edge-triggered cell FDCE clocked by clk_out1_clk_wiz_0  {rise@0.000ns fall@10.000ns period=20.000ns})
  Destination:            gap_cnt_reg[4]/D
                            (rising edge-triggered cell FDCE clocked by clk_out1_clk_wiz_0  {rise@0.000ns fall@10.000ns period=20.000ns})
  Path Group:             clk_out1_clk_wiz_0
  Path Type:              Hold (Min at Fast Process Corner)
  Requirement:            0.000ns  (clk_out1_clk_wiz_0 rise@0.000ns - clk_out1_clk_wiz_0 rise@0.000ns)
  Data Path Delay:        0.330ns  (logic 0.186ns (56.381%)  route 0.144ns (43.619%))
  Logic Levels:           1  (LUT6=1)
  Clock Path Skew:        0.013ns (DCD - SCD - CPR)
    Destination Clock Delay (DCD):    -0.971ns
    Source Clock Delay      (SCD):    -0.725ns
    Clock Pessimism Removal (CPR):    -0.259ns

    Location             Delay type                Incr(ns)  Path(ns)    Netlist Resource(s)
  -------------------------------------------------------------------    -------------------
                         (clock clk_out1_clk_wiz_0 rise edge)
                                                      0.000     0.000 r  
    R4                                                0.000     0.000 r  sys_clk (IN)
                         net (fo=0)                   0.000     0.000    u_mmcm/inst/clk_in1
    R4                   IBUF (Prop_ibuf_I_O)         0.256     0.256 r  u_mmcm/inst/clkin1_ibufg/O
                         net (fo=1, routed)           0.440     0.696    u_mmcm/inst/clk_in1_clk_wiz_0
    MMCME2_ADV_X1Y2      MMCME2_ADV (Prop_mmcme2_adv_CLKIN1_CLKOUT0)
                                                     -2.540    -1.844 r  u_mmcm/inst/mmcm_adv_inst/CLKOUT0
                         net (fo=1, routed)           0.531    -1.313    u_mmcm/inst/clk_out1_clk_wiz_0
    BUFGCTRL_X0Y2        BUFG (Prop_bufg_I_O)         0.026    -1.287 r  u_mmcm/inst/clkout1_buf/O
                         net (fo=75, routed)          0.562    -0.725    gate_clk
    SLICE_X71Y174        FDCE                                         r  gap_cnt_reg[2]/C
  -------------------------------------------------------------------    -------------------
    SLICE_X71Y174        FDCE (Prop_fdce_C_Q)         0.141    -0.584 r  gap_cnt_reg[2]/Q
                         net (fo=7, routed)           0.144    -0.440    gap_cnt_reg_n_0_[2]
    SLICE_X70Y174        LUT6 (Prop_lut6_I0_O)        0.045    -0.395 r  gap_cnt[4]_i_1/O
                         net (fo=1, routed)           0.000    -0.395    gap_cnt[4]_i_1_n_0
    SLICE_X70Y174        FDCE                                         r  gap_cnt_reg[4]/D
  -------------------------------------------------------------------    -------------------

                         (clock clk_out1_clk_wiz_0 rise edge)
                                                      0.000     0.000 r  
    R4                                                0.000     0.000 r  sys_clk (IN)
                         net (fo=0)                   0.000     0.000    u_mmcm/inst/clk_in1
    R4                   IBUF (Prop_ibuf_I_O)         0.444     0.444 r  u_mmcm/inst/clkin1_ibufg/O
                         net (fo=1, routed)           0.480     0.924    u_mmcm/inst/clk_in1_clk_wiz_0
    MMCME2_ADV_X1Y2      MMCME2_ADV (Prop_mmcme2_adv_CLKIN1_CLKOUT0)
                                                     -3.332    -2.409 r  u_mmcm/inst/mmcm_adv_inst/CLKOUT0
                         net (fo=1, routed)           0.579    -1.830    u_mmcm/inst/clk_out1_clk_wiz_0
    BUFGCTRL_X0Y2        BUFG (Prop_bufg_I_O)         0.029    -1.801 r  u_mmcm/inst/clkout1_buf/O
                         net (fo=75, routed)          0.830    -0.971    gate_clk
    SLICE_X70Y174        FDCE                                         r  gap_cnt_reg[4]/C
                         clock pessimism              0.259    -0.712    
    SLICE_X70Y174        FDCE (Hold_fdce_C_D)         0.121    -0.591    gap_cnt_reg[4]
  -------------------------------------------------------------------
                         required time                          0.591    
                         arrival time                          -0.395    
  -------------------------------------------------------------------
                         slack                                  0.196    

Slack (MET) :             0.237ns  (arrival time - required time)
  Source:                 gap_cnt_reg[5]/C
                            (rising edge-triggered cell FDCE clocked by clk_out1_clk_wiz_0  {rise@0.000ns fall@10.000ns period=20.000ns})
  Destination:            gap_cnt_reg[2]/D
                            (rising edge-triggered cell FDCE clocked by clk_out1_clk_wiz_0  {rise@0.000ns fall@10.000ns period=20.000ns})
  Path Group:             clk_out1_clk_wiz_0
  Path Type:              Hold (Min at Fast Process Corner)
  Requirement:            0.000ns  (clk_out1_clk_wiz_0 rise@0.000ns - clk_out1_clk_wiz_0 rise@0.000ns)
  Data Path Delay:        0.328ns  (logic 0.186ns (56.782%)  route 0.142ns (43.218%))
  Logic Levels:           1  (LUT6=1)
  Clock Path Skew:        0.000ns (DCD - SCD - CPR)
    Destination Clock Delay (DCD):    -0.971ns
    Source Clock Delay      (SCD):    -0.725ns
    Clock Pessimism Removal (CPR):    -0.246ns

    Location             Delay type                Incr(ns)  Path(ns)    Netlist Resource(s)
  -------------------------------------------------------------------    -------------------
                         (clock clk_out1_clk_wiz_0 rise edge)
                                                      0.000     0.000 r  
    R4                                                0.000     0.000 r  sys_clk (IN)
                         net (fo=0)                   0.000     0.000    u_mmcm/inst/clk_in1
    R4                   IBUF (Prop_ibuf_I_O)         0.256     0.256 r  u_mmcm/inst/clkin1_ibufg/O
                         net (fo=1, routed)           0.440     0.696    u_mmcm/inst/clk_in1_clk_wiz_0
    MMCME2_ADV_X1Y2      MMCME2_ADV (Prop_mmcme2_adv_CLKIN1_CLKOUT0)
                                                     -2.540    -1.844 r  u_mmcm/inst/mmcm_adv_inst/CLKOUT0
                         net (fo=1, routed)           0.531    -1.313    u_mmcm/inst/clk_out1_clk_wiz_0
    BUFGCTRL_X0Y2        BUFG (Prop_bufg_I_O)         0.026    -1.287 r  u_mmcm/inst/clkout1_buf/O
                         net (fo=75, routed)          0.562    -0.725    gate_clk
    SLICE_X71Y174        FDCE                                         r  gap_cnt_reg[5]/C
  -------------------------------------------------------------------    -------------------
    SLICE_X71Y174        FDCE (Prop_fdce_C_Q)         0.141    -0.584 f  gap_cnt_reg[5]/Q
                         net (fo=6, routed)           0.142    -0.443    gap_cnt_reg_n_0_[5]
    SLICE_X71Y174        LUT6 (Prop_lut6_I1_O)        0.045    -0.398 r  gap_cnt[2]_i_1/O
                         net (fo=1, routed)           0.000    -0.398    gap_cnt[2]_i_1_n_0
    SLICE_X71Y174        FDCE                                         r  gap_cnt_reg[2]/D
  -------------------------------------------------------------------    -------------------

                         (clock clk_out1_clk_wiz_0 rise edge)
                                                      0.000     0.000 r  
    R4                                                0.000     0.000 r  sys_clk (IN)
                         net (fo=0)                   0.000     0.000    u_mmcm/inst/clk_in1
    R4                   IBUF (Prop_ibuf_I_O)         0.444     0.444 r  u_mmcm/inst/clkin1_ibufg/O
                         net (fo=1, routed)           0.480     0.924    u_mmcm/inst/clk_in1_clk_wiz_0
    MMCME2_ADV_X1Y2      MMCME2_ADV (Prop_mmcme2_adv_CLKIN1_CLKOUT0)
                                                     -3.332    -2.409 r  u_mmcm/inst/mmcm_adv_inst/CLKOUT0
                         net (fo=1, routed)           0.579    -1.830    u_mmcm/inst/clk_out1_clk_wiz_0
    BUFGCTRL_X0Y2        BUFG (Prop_bufg_I_O)         0.029    -1.801 r  u_mmcm/inst/clkout1_buf/O
                         net (fo=75, routed)          0.830    -0.971    gate_clk
    SLICE_X71Y174        FDCE                                         r  gap_cnt_reg[2]/C
                         clock pessimism              0.246    -0.725    
    SLICE_X71Y174        FDCE (Hold_fdce_C_D)         0.091    -0.634    gap_cnt_reg[2]
  -------------------------------------------------------------------
                         required time                          0.634    
                         arrival time                          -0.398    
  -------------------------------------------------------------------
                         slack                                  0.237    

Slack (MET) :             0.242ns  (arrival time - required time)
  Source:                 rst_sync1_50m_reg/C
                            (rising edge-triggered cell FDCE clocked by clk_out1_clk_wiz_0  {rise@0.000ns fall@10.000ns period=20.000ns})
  Destination:            rst_sync2_50m_reg/D
                            (rising edge-triggered cell FDCE clocked by clk_out1_clk_wiz_0  {rise@0.000ns fall@10.000ns period=20.000ns})
  Path Group:             clk_out1_clk_wiz_0
  Path Type:              Hold (Min at Fast Process Corner)
  Requirement:            0.000ns  (clk_out1_clk_wiz_0 rise@0.000ns - clk_out1_clk_wiz_0 rise@0.000ns)
  Data Path Delay:        0.308ns  (logic 0.141ns (45.766%)  route 0.167ns (54.234%))
  Logic Levels:           0  
  Clock Path Skew:        0.000ns (DCD - SCD - CPR)
    Destination Clock Delay (DCD):    -0.968ns
    Source Clock Delay      (SCD):    -0.721ns
    Clock Pessimism Removal (CPR):    -0.247ns

    Location             Delay type                Incr(ns)  Path(ns)    Netlist Resource(s)
  -------------------------------------------------------------------    -------------------
                         (clock clk_out1_clk_wiz_0 rise edge)
                                                      0.000     0.000 r  
    R4                                                0.000     0.000 r  sys_clk (IN)
                         net (fo=0)                   0.000     0.000    u_mmcm/inst/clk_in1
    R4                   IBUF (Prop_ibuf_I_O)         0.256     0.256 r  u_mmcm/inst/clkin1_ibufg/O
                         net (fo=1, routed)           0.440     0.696    u_mmcm/inst/clk_in1_clk_wiz_0
    MMCME2_ADV_X1Y2      MMCME2_ADV (Prop_mmcme2_adv_CLKIN1_CLKOUT0)
                                                     -2.540    -1.844 r  u_mmcm/inst/mmcm_adv_inst/CLKOUT0
                         net (fo=1, routed)           0.531    -1.313    u_mmcm/inst/clk_out1_clk_wiz_0
    BUFGCTRL_X0Y2        BUFG (Prop_bufg_I_O)         0.026    -1.287 r  u_mmcm/inst/clkout1_buf/O
                         net (fo=75, routed)          0.566    -0.721    gate_clk
    SLICE_X93Y173        FDCE                                         r  rst_sync1_50m_reg/C
  -------------------------------------------------------------------    -------------------
    SLICE_X93Y173        FDCE (Prop_fdce_C_Q)         0.141    -0.580 r  rst_sync1_50m_reg/Q
                         net (fo=1, routed)           0.167    -0.413    rst_sync1_50m
    SLICE_X93Y173        FDCE                                         r  rst_sync2_50m_reg/D
  -------------------------------------------------------------------    -------------------

                         (clock clk_out1_clk_wiz_0 rise edge)
                                                      0.000     0.000 r  
    R4                                                0.000     0.000 r  sys_clk (IN)
                         net (fo=0)                   0.000     0.000    u_mmcm/inst/clk_in1
    R4                   IBUF (Prop_ibuf_I_O)         0.444     0.444 r  u_mmcm/inst/clkin1_ibufg/O
                         net (fo=1, routed)           0.480     0.924    u_mmcm/inst/clk_in1_clk_wiz_0
    MMCME2_ADV_X1Y2      MMCME2_ADV (Prop_mmcme2_adv_CLKIN1_CLKOUT0)
                                                     -3.332    -2.409 r  u_mmcm/inst/mmcm_adv_inst/CLKOUT0
                         net (fo=1, routed)           0.579    -1.830    u_mmcm/inst/clk_out1_clk_wiz_0
    BUFGCTRL_X0Y2        BUFG (Prop_bufg_I_O)         0.029    -1.801 r  u_mmcm/inst/clkout1_buf/O
                         net (fo=75, routed)          0.832    -0.968    gate_clk
    SLICE_X93Y173        FDCE                                         r  rst_sync2_50m_reg/C
                         clock pessimism              0.247    -0.721    
    SLICE_X93Y173        FDCE (Hold_fdce_C_D)         0.066    -0.655    rst_sync2_50m_reg
  -------------------------------------------------------------------
                         required time                          0.655    
                         arrival time                          -0.413    
  -------------------------------------------------------------------
                         slack                                  0.242    

Slack (MET) :             0.265ns  (arrival time - required time)
  Source:                 frame_start_toggle_50m_reg/C
                            (rising edge-triggered cell FDCE clocked by clk_out1_clk_wiz_0  {rise@0.000ns fall@10.000ns period=20.000ns})
  Destination:            frame_start_toggle_50m_reg/D
                            (rising edge-triggered cell FDCE clocked by clk_out1_clk_wiz_0  {rise@0.000ns fall@10.000ns period=20.000ns})
  Path Group:             clk_out1_clk_wiz_0
  Path Type:              Hold (Min at Fast Process Corner)
  Requirement:            0.000ns  (clk_out1_clk_wiz_0 rise@0.000ns - clk_out1_clk_wiz_0 rise@0.000ns)
  Data Path Delay:        0.385ns  (logic 0.209ns (54.262%)  route 0.176ns (45.738%))
  Logic Levels:           1  (LUT2=1)
  Clock Path Skew:        0.000ns (DCD - SCD - CPR)
    Destination Clock Delay (DCD):    -0.967ns
    Source Clock Delay      (SCD):    -0.721ns
    Clock Pessimism Removal (CPR):    -0.246ns

    Location             Delay type                Incr(ns)  Path(ns)    Netlist Resource(s)
  -------------------------------------------------------------------    -------------------
                         (clock clk_out1_clk_wiz_0 rise edge)
                                                      0.000     0.000 r  
    R4                                                0.000     0.000 r  sys_clk (IN)
                         net (fo=0)                   0.000     0.000    u_mmcm/inst/clk_in1
    R4                   IBUF (Prop_ibuf_I_O)         0.256     0.256 r  u_mmcm/inst/clkin1_ibufg/O
                         net (fo=1, routed)           0.440     0.696    u_mmcm/inst/clk_in1_clk_wiz_0
    MMCME2_ADV_X1Y2      MMCME2_ADV (Prop_mmcme2_adv_CLKIN1_CLKOUT0)
                                                     -2.540    -1.844 r  u_mmcm/inst/mmcm_adv_inst/CLKOUT0
                         net (fo=1, routed)           0.531    -1.313    u_mmcm/inst/clk_out1_clk_wiz_0
    BUFGCTRL_X0Y2        BUFG (Prop_bufg_I_O)         0.026    -1.287 r  u_mmcm/inst/clkout1_buf/O
                         net (fo=75, routed)          0.566    -0.721    gate_clk
    SLICE_X66Y177        FDCE                                         r  frame_start_toggle_50m_reg/C
  -------------------------------------------------------------------    -------------------
    SLICE_X66Y177        FDCE (Prop_fdce_C_Q)         0.164    -0.557 r  frame_start_toggle_50m_reg/Q
                         net (fo=2, routed)           0.176    -0.381    frame_start_toggle_50m
    SLICE_X66Y177        LUT2 (Prop_lut2_I1_O)        0.045    -0.336 r  frame_start_toggle_50m_i_1/O
                         net (fo=1, routed)           0.000    -0.336    frame_start_toggle_50m_i_1_n_0
    SLICE_X66Y177        FDCE                                         r  frame_start_toggle_50m_reg/D
  -------------------------------------------------------------------    -------------------

                         (clock clk_out1_clk_wiz_0 rise edge)
                                                      0.000     0.000 r  
    R4                                                0.000     0.000 r  sys_clk (IN)
                         net (fo=0)                   0.000     0.000    u_mmcm/inst/clk_in1
    R4                   IBUF (Prop_ibuf_I_O)         0.444     0.444 r  u_mmcm/inst/clkin1_ibufg/O
                         net (fo=1, routed)           0.480     0.924    u_mmcm/inst/clk_in1_clk_wiz_0
    MMCME2_ADV_X1Y2      MMCME2_ADV (Prop_mmcme2_adv_CLKIN1_CLKOUT0)
                                                     -3.332    -2.409 r  u_mmcm/inst/mmcm_adv_inst/CLKOUT0
                         net (fo=1, routed)           0.579    -1.830    u_mmcm/inst/clk_out1_clk_wiz_0
    BUFGCTRL_X0Y2        BUFG (Prop_bufg_I_O)         0.029    -1.801 r  u_mmcm/inst/clkout1_buf/O
                         net (fo=75, routed)          0.833    -0.967    gate_clk
    SLICE_X66Y177        FDCE                                         r  frame_start_toggle_50m_reg/C
                         clock pessimism              0.246    -0.721    
    SLICE_X66Y177        FDCE (Hold_fdce_C_D)         0.120    -0.601    frame_start_toggle_50m_reg
  -------------------------------------------------------------------
                         required time                          0.601    
                         arrival time                          -0.336    
  -------------------------------------------------------------------
                         slack                                  0.265    

Slack (MET) :             0.265ns  (arrival time - required time)
  Source:                 FSM_onehot_top_state_reg[4]/C
                            (rising edge-triggered cell FDCE clocked by clk_out1_clk_wiz_0  {rise@0.000ns fall@10.000ns period=20.000ns})
  Destination:            frame_start_reg/D
                            (rising edge-triggered cell FDCE clocked by clk_out1_clk_wiz_0  {rise@0.000ns fall@10.000ns period=20.000ns})
  Path Group:             clk_out1_clk_wiz_0
  Path Type:              Hold (Min at Fast Process Corner)
  Requirement:            0.000ns  (clk_out1_clk_wiz_0 rise@0.000ns - clk_out1_clk_wiz_0 rise@0.000ns)
  Data Path Delay:        0.309ns  (logic 0.148ns (47.859%)  route 0.161ns (52.141%))
  Logic Levels:           0  
  Clock Path Skew:        0.034ns (DCD - SCD - CPR)
    Destination Clock Delay (DCD):    -0.970ns
    Source Clock Delay      (SCD):    -0.724ns
    Clock Pessimism Removal (CPR):    -0.280ns

    Location             Delay type                Incr(ns)  Path(ns)    Netlist Resource(s)
  -------------------------------------------------------------------    -------------------
                         (clock clk_out1_clk_wiz_0 rise edge)
                                                      0.000     0.000 r  
    R4                                                0.000     0.000 r  sys_clk (IN)
                         net (fo=0)                   0.000     0.000    u_mmcm/inst/clk_in1
    R4                   IBUF (Prop_ibuf_I_O)         0.256     0.256 r  u_mmcm/inst/clkin1_ibufg/O
                         net (fo=1, routed)           0.440     0.696    u_mmcm/inst/clk_in1_clk_wiz_0
    MMCME2_ADV_X1Y2      MMCME2_ADV (Prop_mmcme2_adv_CLKIN1_CLKOUT0)
                                                     -2.540    -1.844 r  u_mmcm/inst/mmcm_adv_inst/CLKOUT0
                         net (fo=1, routed)           0.531    -1.313    u_mmcm/inst/clk_out1_clk_wiz_0
    BUFGCTRL_X0Y2        BUFG (Prop_bufg_I_O)         0.026    -1.287 r  u_mmcm/inst/clkout1_buf/O
                         net (fo=75, routed)          0.563    -0.724    gate_clk
    SLICE_X68Y174        FDCE                                         r  FSM_onehot_top_state_reg[4]/C
  -------------------------------------------------------------------    -------------------
    SLICE_X68Y174        FDCE (Prop_fdce_C_Q)         0.148    -0.576 r  FSM_onehot_top_state_reg[4]/Q
                         net (fo=3, routed)           0.161    -0.415    frame_start
    SLICE_X68Y175        FDCE                                         r  frame_start_reg/D
  -------------------------------------------------------------------    -------------------

                         (clock clk_out1_clk_wiz_0 rise edge)
                                                      0.000     0.000 r  
    R4                                                0.000     0.000 r  sys_clk (IN)
                         net (fo=0)                   0.000     0.000    u_mmcm/inst/clk_in1
    R4                   IBUF (Prop_ibuf_I_O)         0.444     0.444 r  u_mmcm/inst/clkin1_ibufg/O
                         net (fo=1, routed)           0.480     0.924    u_mmcm/inst/clk_in1_clk_wiz_0
    MMCME2_ADV_X1Y2      MMCME2_ADV (Prop_mmcme2_adv_CLKIN1_CLKOUT0)
                                                     -3.332    -2.409 r  u_mmcm/inst/mmcm_adv_inst/CLKOUT0
                         net (fo=1, routed)           0.579    -1.830    u_mmcm/inst/clk_out1_clk_wiz_0
    BUFGCTRL_X0Y2        BUFG (Prop_bufg_I_O)         0.029    -1.801 r  u_mmcm/inst/clkout1_buf/O
                         net (fo=75, routed)          0.831    -0.970    gate_clk
    SLICE_X68Y175        FDCE                                         r  frame_start_reg/C
                         clock pessimism              0.280    -0.690    
    SLICE_X68Y175        FDCE (Hold_fdce_C_D)         0.010    -0.680    frame_start_reg
  -------------------------------------------------------------------
                         required time                          0.680    
                         arrival time                          -0.415    
  -------------------------------------------------------------------
                         slack                                  0.265    

Slack (MET) :             0.267ns  (arrival time - required time)
  Source:                 line_start_sync1_reg/C
                            (rising edge-triggered cell FDCE clocked by clk_out1_clk_wiz_0  {rise@0.000ns fall@10.000ns period=20.000ns})
  Destination:            line_start_sync2_reg/D
                            (rising edge-triggered cell FDCE clocked by clk_out1_clk_wiz_0  {rise@0.000ns fall@10.000ns period=20.000ns})
  Path Group:             clk_out1_clk_wiz_0
  Path Type:              Hold (Min at Fast Process Corner)
  Requirement:            0.000ns  (clk_out1_clk_wiz_0 rise@0.000ns - clk_out1_clk_wiz_0 rise@0.000ns)
  Data Path Delay:        0.353ns  (logic 0.164ns (46.400%)  route 0.189ns (53.600%))
  Logic Levels:           0  
  Clock Path Skew:        0.000ns (DCD - SCD - CPR)
    Destination Clock Delay (DCD):    -0.965ns
    Source Clock Delay      (SCD):    -0.720ns
    Clock Pessimism Removal (CPR):    -0.245ns

    Location             Delay type                Incr(ns)  Path(ns)    Netlist Resource(s)
  -------------------------------------------------------------------    -------------------
                         (clock clk_out1_clk_wiz_0 rise edge)
                                                      0.000     0.000 r  
    R4                                                0.000     0.000 r  sys_clk (IN)
                         net (fo=0)                   0.000     0.000    u_mmcm/inst/clk_in1
    R4                   IBUF (Prop_ibuf_I_O)         0.256     0.256 r  u_mmcm/inst/clkin1_ibufg/O
                         net (fo=1, routed)           0.440     0.696    u_mmcm/inst/clk_in1_clk_wiz_0
    MMCME2_ADV_X1Y2      MMCME2_ADV (Prop_mmcme2_adv_CLKIN1_CLKOUT0)
                                                     -2.540    -1.844 r  u_mmcm/inst/mmcm_adv_inst/CLKOUT0
                         net (fo=1, routed)           0.531    -1.313    u_mmcm/inst/clk_out1_clk_wiz_0
    BUFGCTRL_X0Y2        BUFG (Prop_bufg_I_O)         0.026    -1.287 r  u_mmcm/inst/clkout1_buf/O
                         net (fo=75, routed)          0.567    -0.720    gate_clk
    SLICE_X68Y179        FDCE                                         r  line_start_sync1_reg/C
  -------------------------------------------------------------------    -------------------
    SLICE_X68Y179        FDCE (Prop_fdce_C_Q)         0.164    -0.556 r  line_start_sync1_reg/Q
                         net (fo=1, routed)           0.189    -0.367    line_start_sync1
    SLICE_X68Y179        FDCE                                         r  line_start_sync2_reg/D
  -------------------------------------------------------------------    -------------------

                         (clock clk_out1_clk_wiz_0 rise edge)
                                                      0.000     0.000 r  
    R4                                                0.000     0.000 r  sys_clk (IN)
                         net (fo=0)                   0.000     0.000    u_mmcm/inst/clk_in1
    R4                   IBUF (Prop_ibuf_I_O)         0.444     0.444 r  u_mmcm/inst/clkin1_ibufg/O
                         net (fo=1, routed)           0.480     0.924    u_mmcm/inst/clk_in1_clk_wiz_0
    MMCME2_ADV_X1Y2      MMCME2_ADV (Prop_mmcme2_adv_CLKIN1_CLKOUT0)
                                                     -3.332    -2.409 r  u_mmcm/inst/mmcm_adv_inst/CLKOUT0
                         net (fo=1, routed)           0.579    -1.830    u_mmcm/inst/clk_out1_clk_wiz_0
    BUFGCTRL_X0Y2        BUFG (Prop_bufg_I_O)         0.029    -1.801 r  u_mmcm/inst/clkout1_buf/O
                         net (fo=75, routed)          0.836    -0.965    gate_clk
    SLICE_X68Y179        FDCE                                         r  line_start_sync2_reg/C
                         clock pessimism              0.245    -0.720    
    SLICE_X68Y179        FDCE (Hold_fdce_C_D)         0.086    -0.634    line_start_sync2_reg
  -------------------------------------------------------------------
                         required time                          0.634    
                         arrival time                          -0.367    
  -------------------------------------------------------------------
                         slack                                  0.267    

Slack (MET) :             0.272ns  (arrival time - required time)
  Source:                 gap_cnt_reg[0]/C
                            (rising edge-triggered cell FDCE clocked by clk_out1_clk_wiz_0  {rise@0.000ns fall@10.000ns period=20.000ns})
  Destination:            gap_cnt_reg[1]/D
                            (rising edge-triggered cell FDCE clocked by clk_out1_clk_wiz_0  {rise@0.000ns fall@10.000ns period=20.000ns})
  Path Group:             clk_out1_clk_wiz_0
  Path Type:              Hold (Min at Fast Process Corner)
  Requirement:            0.000ns  (clk_out1_clk_wiz_0 rise@0.000ns - clk_out1_clk_wiz_0 rise@0.000ns)
  Data Path Delay:        0.377ns  (logic 0.209ns (55.494%)  route 0.168ns (44.506%))
  Logic Levels:           1  (LUT4=1)
  Clock Path Skew:        0.013ns (DCD - SCD - CPR)
    Destination Clock Delay (DCD):    -0.971ns
    Source Clock Delay      (SCD):    -0.725ns
    Clock Pessimism Removal (CPR):    -0.259ns

    Location             Delay type                Incr(ns)  Path(ns)    Netlist Resource(s)
  -------------------------------------------------------------------    -------------------
                         (clock clk_out1_clk_wiz_0 rise edge)
                                                      0.000     0.000 r  
    R4                                                0.000     0.000 r  sys_clk (IN)
                         net (fo=0)                   0.000     0.000    u_mmcm/inst/clk_in1
    R4                   IBUF (Prop_ibuf_I_O)         0.256     0.256 r  u_mmcm/inst/clkin1_ibufg/O
                         net (fo=1, routed)           0.440     0.696    u_mmcm/inst/clk_in1_clk_wiz_0
    MMCME2_ADV_X1Y2      MMCME2_ADV (Prop_mmcme2_adv_CLKIN1_CLKOUT0)
                                                     -2.540    -1.844 r  u_mmcm/inst/mmcm_adv_inst/CLKOUT0
                         net (fo=1, routed)           0.531    -1.313    u_mmcm/inst/clk_out1_clk_wiz_0
    BUFGCTRL_X0Y2        BUFG (Prop_bufg_I_O)         0.026    -1.287 r  u_mmcm/inst/clkout1_buf/O
                         net (fo=75, routed)          0.562    -0.725    gate_clk
    SLICE_X70Y174        FDCE                                         r  gap_cnt_reg[0]/C
  -------------------------------------------------------------------    -------------------
    SLICE_X70Y174        FDCE (Prop_fdce_C_Q)         0.164    -0.561 r  gap_cnt_reg[0]/Q
                         net (fo=7, routed)           0.168    -0.393    gap_cnt_reg_n_0_[0]
    SLICE_X71Y174        LUT4 (Prop_lut4_I1_O)        0.045    -0.348 r  gap_cnt[1]_i_1/O
                         net (fo=1, routed)           0.000    -0.348    gap_cnt[1]_i_1_n_0
    SLICE_X71Y174        FDCE                                         r  gap_cnt_reg[1]/D
  -------------------------------------------------------------------    -------------------

                         (clock clk_out1_clk_wiz_0 rise edge)
                                                      0.000     0.000 r  
    R4                                                0.000     0.000 r  sys_clk (IN)
                         net (fo=0)                   0.000     0.000    u_mmcm/inst/clk_in1
    R4                   IBUF (Prop_ibuf_I_O)         0.444     0.444 r  u_mmcm/inst/clkin1_ibufg/O
                         net (fo=1, routed)           0.480     0.924    u_mmcm/inst/clk_in1_clk_wiz_0
    MMCME2_ADV_X1Y2      MMCME2_ADV (Prop_mmcme2_adv_CLKIN1_CLKOUT0)
                                                     -3.332    -2.409 r  u_mmcm/inst/mmcm_adv_inst/CLKOUT0
                         net (fo=1, routed)           0.579    -1.830    u_mmcm/inst/clk_out1_clk_wiz_0
    BUFGCTRL_X0Y2        BUFG (Prop_bufg_I_O)         0.029    -1.801 r  u_mmcm/inst/clkout1_buf/O
                         net (fo=75, routed)          0.830    -0.971    gate_clk
    SLICE_X71Y174        FDCE                                         r  gap_cnt_reg[1]/C
                         clock pessimism              0.259    -0.712    
    SLICE_X71Y174        FDCE (Hold_fdce_C_D)         0.092    -0.620    gap_cnt_reg[1]
  -------------------------------------------------------------------
                         required time                          0.620    
                         arrival time                          -0.348    
  -------------------------------------------------------------------
                         slack                                  0.272    

Slack (MET) :             0.273ns  (arrival time - required time)
  Source:                 u_nt39565d/frame_pending_reg/C
                            (rising edge-triggered cell FDCE clocked by clk_out1_clk_wiz_0  {rise@0.000ns fall@10.000ns period=20.000ns})
  Destination:            u_nt39565d/frame_pending_reg/D
                            (rising edge-triggered cell FDCE clocked by clk_out1_clk_wiz_0  {rise@0.000ns fall@10.000ns period=20.000ns})
  Path Group:             clk_out1_clk_wiz_0
  Path Type:              Hold (Min at Fast Process Corner)
  Requirement:            0.000ns  (clk_out1_clk_wiz_0 rise@0.000ns - clk_out1_clk_wiz_0 rise@0.000ns)
  Data Path Delay:        0.393ns  (logic 0.209ns (53.116%)  route 0.184ns (46.884%))
  Logic Levels:           1  (LUT6=1)
  Clock Path Skew:        0.000ns (DCD - SCD - CPR)
    Destination Clock Delay (DCD):    -0.969ns
    Source Clock Delay      (SCD):    -0.723ns
    Clock Pessimism Removal (CPR):    -0.246ns

    Location             Delay type                Incr(ns)  Path(ns)    Netlist Resource(s)
  -------------------------------------------------------------------    -------------------
                         (clock clk_out1_clk_wiz_0 rise edge)
                                                      0.000     0.000 r  
    R4                                                0.000     0.000 r  sys_clk (IN)
                         net (fo=0)                   0.000     0.000    u_mmcm/inst/clk_in1
    R4                   IBUF (Prop_ibuf_I_O)         0.256     0.256 r  u_mmcm/inst/clkin1_ibufg/O
                         net (fo=1, routed)           0.440     0.696    u_mmcm/inst/clk_in1_clk_wiz_0
    MMCME2_ADV_X1Y2      MMCME2_ADV (Prop_mmcme2_adv_CLKIN1_CLKOUT0)
                                                     -2.540    -1.844 r  u_mmcm/inst/mmcm_adv_inst/CLKOUT0
                         net (fo=1, routed)           0.531    -1.313    u_mmcm/inst/clk_out1_clk_wiz_0
    BUFGCTRL_X0Y2        BUFG (Prop_bufg_I_O)         0.026    -1.287 r  u_mmcm/inst/clkout1_buf/O
                         net (fo=75, routed)          0.564    -0.723    u_nt39565d/clk_out1
    SLICE_X68Y176        FDCE                                         r  u_nt39565d/frame_pending_reg/C
  -------------------------------------------------------------------    -------------------
    SLICE_X68Y176        FDCE (Prop_fdce_C_Q)         0.164    -0.559 r  u_nt39565d/frame_pending_reg/Q
                         net (fo=5, routed)           0.184    -0.375    u_nt39565d/frame_pending_reg_n_0
    SLICE_X68Y176        LUT6 (Prop_lut6_I0_O)        0.045    -0.330 r  u_nt39565d/frame_pending_i_1/O
                         net (fo=1, routed)           0.000    -0.330    u_nt39565d/frame_pending_i_1_n_0
    SLICE_X68Y176        FDCE                                         r  u_nt39565d/frame_pending_reg/D
  -------------------------------------------------------------------    -------------------

                         (clock clk_out1_clk_wiz_0 rise edge)
                                                      0.000     0.000 r  
    R4                                                0.000     0.000 r  sys_clk (IN)
                         net (fo=0)                   0.000     0.000    u_mmcm/inst/clk_in1
    R4                   IBUF (Prop_ibuf_I_O)         0.444     0.444 r  u_mmcm/inst/clkin1_ibufg/O
                         net (fo=1, routed)           0.480     0.924    u_mmcm/inst/clk_in1_clk_wiz_0
    MMCME2_ADV_X1Y2      MMCME2_ADV (Prop_mmcme2_adv_CLKIN1_CLKOUT0)
                                                     -3.332    -2.409 r  u_mmcm/inst/mmcm_adv_inst/CLKOUT0
                         net (fo=1, routed)           0.579    -1.830    u_mmcm/inst/clk_out1_clk_wiz_0
    BUFGCTRL_X0Y2        BUFG (Prop_bufg_I_O)         0.029    -1.801 r  u_mmcm/inst/clkout1_buf/O
                         net (fo=75, routed)          0.831    -0.969    u_nt39565d/clk_out1
    SLICE_X68Y176        FDCE                                         r  u_nt39565d/frame_pending_reg/C
                         clock pessimism              0.246    -0.723    
    SLICE_X68Y176        FDCE (Hold_fdce_C_D)         0.120    -0.603    u_nt39565d/frame_pending_reg
  -------------------------------------------------------------------
                         required time                          0.603    
                         arrival time                          -0.330    
  -------------------------------------------------------------------
                         slack                                  0.273    

Slack (MET) :             0.273ns  (arrival time - required time)
  Source:                 FSM_onehot_top_state_reg[6]/C
                            (rising edge-triggered cell FDCE clocked by clk_out1_clk_wiz_0  {rise@0.000ns fall@10.000ns period=20.000ns})
  Destination:            gap_cnt_reg[0]/D
                            (rising edge-triggered cell FDCE clocked by clk_out1_clk_wiz_0  {rise@0.000ns fall@10.000ns period=20.000ns})
  Path Group:             clk_out1_clk_wiz_0
  Path Type:              Hold (Min at Fast Process Corner)
  Requirement:            0.000ns  (clk_out1_clk_wiz_0 rise@0.000ns - clk_out1_clk_wiz_0 rise@0.000ns)
  Data Path Delay:        0.427ns  (logic 0.246ns (57.545%)  route 0.181ns (42.455%))
  Logic Levels:           1  (LUT6=1)
  Clock Path Skew:        0.033ns (DCD - SCD - CPR)
    Destination Clock Delay (DCD):    -0.971ns
    Source Clock Delay      (SCD):    -0.724ns
    Clock Pessimism Removal (CPR):    -0.280ns

    Location             Delay type                Incr(ns)  Path(ns)    Netlist Resource(s)
  -------------------------------------------------------------------    -------------------
                         (clock clk_out1_clk_wiz_0 rise edge)
                                                      0.000     0.000 r  
    R4                                                0.000     0.000 r  sys_clk (IN)
                         net (fo=0)                   0.000     0.000    u_mmcm/inst/clk_in1
    R4                   IBUF (Prop_ibuf_I_O)         0.256     0.256 r  u_mmcm/inst/clkin1_ibufg/O
                         net (fo=1, routed)           0.440     0.696    u_mmcm/inst/clk_in1_clk_wiz_0
    MMCME2_ADV_X1Y2      MMCME2_ADV (Prop_mmcme2_adv_CLKIN1_CLKOUT0)
                                                     -2.540    -1.844 r  u_mmcm/inst/mmcm_adv_inst/CLKOUT0
                         net (fo=1, routed)           0.531    -1.313    u_mmcm/inst/clk_out1_clk_wiz_0
    BUFGCTRL_X0Y2        BUFG (Prop_bufg_I_O)         0.026    -1.287 r  u_mmcm/inst/clkout1_buf/O
                         net (fo=75, routed)          0.563    -0.724    gate_clk
    SLICE_X68Y174        FDCE                                         r  FSM_onehot_top_state_reg[6]/C
  -------------------------------------------------------------------    -------------------
    SLICE_X68Y174        FDCE (Prop_fdce_C_Q)         0.148    -0.576 r  FSM_onehot_top_state_reg[6]/Q
                         net (fo=9, routed)           0.181    -0.395    FSM_onehot_top_state_reg_n_0_[6]
    SLICE_X70Y174        LUT6 (Prop_lut6_I1_O)        0.098    -0.297 r  gap_cnt[0]_i_1/O
                         net (fo=1, routed)           0.000    -0.297    gap_cnt[0]_i_1_n_0
    SLICE_X70Y174        FDCE                                         r  gap_cnt_reg[0]/D
  -------------------------------------------------------------------    -------------------

                         (clock clk_out1_clk_wiz_0 rise edge)
                                                      0.000     0.000 r  
    R4                                                0.000     0.000 r  sys_clk (IN)
                         net (fo=0)                   0.000     0.000    u_mmcm/inst/clk_in1
    R4                   IBUF (Prop_ibuf_I_O)         0.444     0.444 r  u_mmcm/inst/clkin1_ibufg/O
                         net (fo=1, routed)           0.480     0.924    u_mmcm/inst/clk_in1_clk_wiz_0
    MMCME2_ADV_X1Y2      MMCME2_ADV (Prop_mmcme2_adv_CLKIN1_CLKOUT0)
                                                     -3.332    -2.409 r  u_mmcm/inst/mmcm_adv_inst/CLKOUT0
                         net (fo=1, routed)           0.579    -1.830    u_mmcm/inst/clk_out1_clk_wiz_0
    BUFGCTRL_X0Y2        BUFG (Prop_bufg_I_O)         0.029    -1.801 r  u_mmcm/inst/clkout1_buf/O
                         net (fo=75, routed)          0.830    -0.971    gate_clk
    SLICE_X70Y174        FDCE                                         r  gap_cnt_reg[0]/C
                         clock pessimism              0.280    -0.691    
    SLICE_X70Y174        FDCE (Hold_fdce_C_D)         0.121    -0.570    gap_cnt_reg[0]
  -------------------------------------------------------------------
                         required time                          0.570    
                         arrival time                          -0.297    
  -------------------------------------------------------------------
                         slack                                  0.273    





Pulse Width Checks
--------------------------------------------------------------------------------------
Clock Name:         clk_out1_clk_wiz_0
Waveform(ns):       { 0.000 10.000 }
Period(ns):         20.000
Sources:            { u_mmcm/inst/mmcm_adv_inst/CLKOUT0 }

Check Type        Corner  Lib Pin             Reference Pin  Required(ns)  Actual(ns)  Slack(ns)  Location         Pin
Min Period        n/a     BUFG/I              n/a            1.592         20.000      18.408     BUFGCTRL_X0Y2    u_mmcm/inst/clkout1_buf/I
Min Period        n/a     MMCME2_ADV/CLKOUT0  n/a            1.249         20.000      18.751     MMCME2_ADV_X1Y2  u_mmcm/inst/mmcm_adv_inst/CLKOUT0
Min Period        n/a     FDPE/C              n/a            1.000         20.000      19.000     SLICE_X68Y174    FSM_onehot_top_state_reg[0]/C
Min Period        n/a     FDCE/C              n/a            1.000         20.000      19.000     SLICE_X68Y174    FSM_onehot_top_state_reg[1]/C
Min Period        n/a     FDCE/C              n/a            1.000         20.000      19.000     SLICE_X68Y174    FSM_onehot_top_state_reg[2]/C
Min Period        n/a     FDCE/C              n/a            1.000         20.000      19.000     SLICE_X68Y174    FSM_onehot_top_state_reg[3]/C
Min Period        n/a     FDCE/C              n/a            1.000         20.000      19.000     SLICE_X68Y174    FSM_onehot_top_state_reg[4]/C
Min Period        n/a     FDCE/C              n/a            1.000         20.000      19.000     SLICE_X68Y174    FSM_onehot_top_state_reg[5]/C
Min Period        n/a     FDCE/C              n/a            1.000         20.000      19.000     SLICE_X68Y174    FSM_onehot_top_state_reg[6]/C
Min Period        n/a     FDCE/C              n/a            1.000         20.000      19.000     SLICE_X68Y175    cfg_done_sync1_reg/C
Max Period        n/a     MMCME2_ADV/CLKOUT0  n/a            213.360       20.000      193.360    MMCME2_ADV_X1Y2  u_mmcm/inst/mmcm_adv_inst/CLKOUT0
Low Pulse Width   Slow    FDPE/C              n/a            0.500         10.000      9.500      SLICE_X68Y174    FSM_onehot_top_state_reg[0]/C
Low Pulse Width   Fast    FDPE/C              n/a            0.500         10.000      9.500      SLICE_X68Y174    FSM_onehot_top_state_reg[0]/C
Low Pulse Width   Slow    FDCE/C              n/a            0.500         10.000      9.500      SLICE_X68Y174    FSM_onehot_top_state_reg[1]/C
Low Pulse Width   Fast    FDCE/C              n/a            0.500         10.000      9.500      SLICE_X68Y174    FSM_onehot_top_state_reg[1]/C
Low Pulse Width   Slow    FDCE/C              n/a            0.500         10.000      9.500      SLICE_X68Y174    FSM_onehot_top_state_reg[2]/C
Low Pulse Width   Fast    FDCE/C              n/a            0.500         10.000      9.500      SLICE_X68Y174    FSM_onehot_top_state_reg[2]/C
Low Pulse Width   Slow    FDCE/C              n/a            0.500         10.000      9.500      SLICE_X68Y174    FSM_onehot_top_state_reg[3]/C
Low Pulse Width   Fast    FDCE/C              n/a            0.500         10.000      9.500      SLICE_X68Y174    FSM_onehot_top_state_reg[3]/C
Low Pulse Width   Slow    FDCE/C              n/a            0.500         10.000      9.500      SLICE_X68Y174    FSM_onehot_top_state_reg[4]/C
Low Pulse Width   Fast    FDCE/C              n/a            0.500         10.000      9.500      SLICE_X68Y174    FSM_onehot_top_state_reg[4]/C
High Pulse Width  Slow    FDPE/C              n/a            0.500         10.000      9.500      SLICE_X68Y174    FSM_onehot_top_state_reg[0]/C
High Pulse Width  Fast    FDPE/C              n/a            0.500         10.000      9.500      SLICE_X68Y174    FSM_onehot_top_state_reg[0]/C
High Pulse Width  Slow    FDCE/C              n/a            0.500         10.000      9.500      SLICE_X68Y174    FSM_onehot_top_state_reg[1]/C
High Pulse Width  Fast    FDCE/C              n/a            0.500         10.000      9.500      SLICE_X68Y174    FSM_onehot_top_state_reg[1]/C
High Pulse Width  Slow    FDCE/C              n/a            0.500         10.000      9.500      SLICE_X68Y174    FSM_onehot_top_state_reg[2]/C
High Pulse Width  Fast    FDCE/C              n/a            0.500         10.000      9.500      SLICE_X68Y174    FSM_onehot_top_state_reg[2]/C
High Pulse Width  Slow    FDCE/C              n/a            0.500         10.000      9.500      SLICE_X68Y174    FSM_onehot_top_state_reg[3]/C
High Pulse Width  Fast    FDCE/C              n/a            0.500         10.000      9.500      SLICE_X68Y174    FSM_onehot_top_state_reg[3]/C
High Pulse Width  Slow    FDCE/C              n/a            0.500         10.000      9.500      SLICE_X68Y174    FSM_onehot_top_state_reg[4]/C
High Pulse Width  Fast    FDCE/C              n/a            0.500         10.000      9.500      SLICE_X68Y174    FSM_onehot_top_state_reg[4]/C



---------------------------------------------------------------------------------------------------
From Clock:  clk_out2_clk_wiz_0
  To Clock:  clk_out2_clk_wiz_0

Setup :            0  Failing Endpoints,  Worst Slack        1.978ns,  Total Violation        0.000ns
Hold  :            0  Failing Endpoints,  Worst Slack        0.082ns,  Total Violation        0.000ns
PW    :            0  Failing Endpoints,  Worst Slack        4.500ns,  Total Violation        0.000ns
---------------------------------------------------------------------------------------------------


Max Delay Paths
--------------------------------------------------------------------------------------
Slack (MET) :             1.978ns  (required time - arrival time)
  Source:                 u_data_rx_dual/u_panel1/burst_en_reg_reg/C
                            (rising edge-triggered cell FDCE clocked by clk_out2_clk_wiz_0  {rise@0.000ns fall@5.000ns period=10.000ns})
  Destination:            u_data_rx_dual/u_panel1/oddr_dclk/CE
                            (falling edge-triggered cell ODDR clocked by clk_out2_clk_wiz_0  {rise@0.000ns fall@5.000ns period=10.000ns})
  Path Group:             clk_out2_clk_wiz_0
  Path Type:              Setup (Max at Slow Process Corner)
  Requirement:            5.000ns  (clk_out2_clk_wiz_0 fall@5.000ns - clk_out2_clk_wiz_0 rise@0.000ns)
  Data Path Delay:        2.616ns  (logic 0.433ns (16.552%)  route 2.183ns (83.448%))
  Logic Levels:           0  
  Clock Path Skew:        0.135ns (DCD - SCD + CPR)
    Destination Clock Delay (DCD):    -0.919ns = ( 4.081 - 5.000 ) 
    Source Clock Delay      (SCD):    -0.718ns
    Clock Pessimism Removal (CPR):    0.336ns
  Clock Uncertainty:      0.088ns  ((TSJ^2 + DJ^2)^1/2) / 2 + PE
    Total System Jitter     (TSJ):    0.071ns
    Discrete Jitter          (DJ):    0.162ns
    Phase Error              (PE):    0.000ns

    Location             Delay type                Incr(ns)  Path(ns)    Netlist Resource(s)
  -------------------------------------------------------------------    -------------------
                         (clock clk_out2_clk_wiz_0 rise edge)
                                                      0.000     0.000 r  
    R4                                                0.000     0.000 r  sys_clk (IN)
                         net (fo=0)                   0.000     0.000    u_mmcm/inst/clk_in1
    R4                   IBUF (Prop_ibuf_I_O)         1.419     1.419 r  u_mmcm/inst/clkin1_ibufg/O
                         net (fo=1, routed)           1.065     2.484    u_mmcm/inst/clk_in1_clk_wiz_0
    MMCME2_ADV_X1Y2      MMCME2_ADV (Prop_mmcme2_adv_CLKIN1_CLKOUT1)
                                                     -6.273    -3.789 r  u_mmcm/inst/mmcm_adv_inst/CLKOUT1
                         net (fo=1, routed)           1.524    -2.265    u_mmcm/inst/clk_out2_clk_wiz_0
    BUFGCTRL_X0Y0        BUFG (Prop_bufg_I_O)         0.081    -2.184 r  u_mmcm/inst/clkout2_buf/O
                         net (fo=1237, routed)        1.466    -0.718    u_data_rx_dual/u_panel1/CLK
    SLICE_X40Y187        FDCE                                         r  u_data_rx_dual/u_panel1/burst_en_reg_reg/C
  -------------------------------------------------------------------    -------------------
    SLICE_X40Y187        FDCE (Prop_fdce_C_Q)         0.433    -0.285 r  u_data_rx_dual/u_panel1/burst_en_reg_reg/Q
                         net (fo=1, routed)           2.183     1.898    u_data_rx_dual/u_panel1/burst_en_reg_reg_n_0
    OLOGIC_X0Y210        ODDR                                         r  u_data_rx_dual/u_panel1/oddr_dclk/CE
  -------------------------------------------------------------------    -------------------

                         (clock clk_out2_clk_wiz_0 fall edge)
                                                      5.000     5.000 f  
    R4                                                0.000     5.000 f  sys_clk (IN)
                         net (fo=0)                   0.000     5.000    u_mmcm/inst/clk_in1
    R4                   IBUF (Prop_ibuf_I_O)         1.353     6.353 f  u_mmcm/inst/clkin1_ibufg/O
                         net (fo=1, routed)           1.004     7.357    u_mmcm/inst/clk_in1_clk_wiz_0
    MMCME2_ADV_X1Y2      MMCME2_ADV (Prop_mmcme2_adv_CLKIN1_CLKOUT1)
                                                     -6.399     0.957 f  u_mmcm/inst/mmcm_adv_inst/CLKOUT1
                         net (fo=1, routed)           1.452     2.410    u_mmcm/inst/clk_out2_clk_wiz_0
    BUFGCTRL_X0Y0        BUFG (Prop_bufg_I_O)         0.077     2.487 f  u_mmcm/inst/clkout2_buf/O
                         net (fo=1237, routed)        1.595     4.081    u_data_rx_dual/u_panel1/CLK
    OLOGIC_X0Y210        ODDR                                         f  u_data_rx_dual/u_panel1/oddr_dclk/C
                         clock pessimism              0.336     4.418    
                         clock uncertainty           -0.088     4.329    
    OLOGIC_X0Y210        ODDR (Setup_oddr_C_CE)      -0.453     3.876    u_data_rx_dual/u_panel1/oddr_dclk
  -------------------------------------------------------------------
                         required time                          3.876    
                         arrival time                          -1.898    
  -------------------------------------------------------------------
                         slack                                  1.978    

Slack (MET) :             2.091ns  (required time - arrival time)
  Source:                 u_data_rx_dual/u_panel0/burst_en_reg_reg/C
                            (rising edge-triggered cell FDCE clocked by clk_out2_clk_wiz_0  {rise@0.000ns fall@5.000ns period=10.000ns})
  Destination:            u_data_rx_dual/u_panel0/oddr_dclk/CE
                            (falling edge-triggered cell ODDR clocked by clk_out2_clk_wiz_0  {rise@0.000ns fall@5.000ns period=10.000ns})
  Path Group:             clk_out2_clk_wiz_0
  Path Type:              Setup (Max at Slow Process Corner)
  Requirement:            5.000ns  (clk_out2_clk_wiz_0 fall@5.000ns - clk_out2_clk_wiz_0 rise@0.000ns)
  Data Path Delay:        2.479ns  (logic 0.433ns (17.468%)  route 2.046ns (82.532%))
  Logic Levels:           0  
  Clock Path Skew:        0.112ns (DCD - SCD + CPR)
    Destination Clock Delay (DCD):    -1.094ns = ( 3.906 - 5.000 ) 
    Source Clock Delay      (SCD):    -0.811ns
    Clock Pessimism Removal (CPR):    0.396ns
  Clock Uncertainty:      0.088ns  ((TSJ^2 + DJ^2)^1/2) / 2 + PE
    Total System Jitter     (TSJ):    0.071ns
    Discrete Jitter          (DJ):    0.162ns
    Phase Error              (PE):    0.000ns

    Location             Delay type                Incr(ns)  Path(ns)    Netlist Resource(s)
  -------------------------------------------------------------------    -------------------
                         (clock clk_out2_clk_wiz_0 rise edge)
                                                      0.000     0.000 r  
    R4                                                0.000     0.000 r  sys_clk (IN)
                         net (fo=0)                   0.000     0.000    u_mmcm/inst/clk_in1
    R4                   IBUF (Prop_ibuf_I_O)         1.419     1.419 r  u_mmcm/inst/clkin1_ibufg/O
                         net (fo=1, routed)           1.065     2.484    u_mmcm/inst/clk_in1_clk_wiz_0
    MMCME2_ADV_X1Y2      MMCME2_ADV (Prop_mmcme2_adv_CLKIN1_CLKOUT1)
                                                     -6.273    -3.789 r  u_mmcm/inst/mmcm_adv_inst/CLKOUT1
                         net (fo=1, routed)           1.524    -2.265    u_mmcm/inst/clk_out2_clk_wiz_0
    BUFGCTRL_X0Y0        BUFG (Prop_bufg_I_O)         0.081    -2.184 r  u_mmcm/inst/clkout2_buf/O
                         net (fo=1237, routed)        1.373    -0.811    u_data_rx_dual/u_panel0/CLK
    SLICE_X62Y175        FDCE                                         r  u_data_rx_dual/u_panel0/burst_en_reg_reg/C
  -------------------------------------------------------------------    -------------------
    SLICE_X62Y175        FDCE (Prop_fdce_C_Q)         0.433    -0.378 r  u_data_rx_dual/u_panel0/burst_en_reg_reg/Q
                         net (fo=1, routed)           2.046     1.668    u_data_rx_dual/u_panel0/burst_en_reg_reg_n_0
    OLOGIC_X0Y178        ODDR                                         r  u_data_rx_dual/u_panel0/oddr_dclk/CE
  -------------------------------------------------------------------    -------------------

                         (clock clk_out2_clk_wiz_0 fall edge)
                                                      5.000     5.000 f  
    R4                                                0.000     5.000 f  sys_clk (IN)
                         net (fo=0)                   0.000     5.000    u_mmcm/inst/clk_in1
    R4                   IBUF (Prop_ibuf_I_O)         1.353     6.353 f  u_mmcm/inst/clkin1_ibufg/O
                         net (fo=1, routed)           1.004     7.357    u_mmcm/inst/clk_in1_clk_wiz_0
    MMCME2_ADV_X1Y2      MMCME2_ADV (Prop_mmcme2_adv_CLKIN1_CLKOUT1)
                                                     -6.399     0.957 f  u_mmcm/inst/mmcm_adv_inst/CLKOUT1
                         net (fo=1, routed)           1.452     2.410    u_mmcm/inst/clk_out2_clk_wiz_0
    BUFGCTRL_X0Y0        BUFG (Prop_bufg_I_O)         0.077     2.487 f  u_mmcm/inst/clkout2_buf/O
                         net (fo=1237, routed)        1.419     3.906    u_data_rx_dual/u_panel0/CLK
    OLOGIC_X0Y178        ODDR                                         f  u_data_rx_dual/u_panel0/oddr_dclk/C
                         clock pessimism              0.396     4.301    
                         clock uncertainty           -0.088     4.213    
    OLOGIC_X0Y178        ODDR (Setup_oddr_C_CE)      -0.453     3.760    u_data_rx_dual/u_panel0/oddr_dclk
  -------------------------------------------------------------------
                         required time                          3.760    
                         arrival time                          -1.668    
  -------------------------------------------------------------------
                         slack                                  2.091    

Slack (MET) :             3.083ns  (required time - arrival time)
  Source:                 u_data_rx_dual/u_panel1/cap_done_tgl_sys_d1_reg/C
                            (rising edge-triggered cell FDCE clocked by clk_out2_clk_wiz_0  {rise@0.000ns fall@5.000ns period=10.000ns})
  Destination:            u_data_rx_dual/u_panel1/merged_burst_reg[22]/CE
                            (rising edge-triggered cell FDCE clocked by clk_out2_clk_wiz_0  {rise@0.000ns fall@5.000ns period=10.000ns})
  Path Group:             clk_out2_clk_wiz_0
  Path Type:              Setup (Max at Slow Process Corner)
  Requirement:            10.000ns  (clk_out2_clk_wiz_0 rise@10.000ns - clk_out2_clk_wiz_0 rise@0.000ns)
  Data Path Delay:        6.614ns  (logic 0.538ns (8.135%)  route 6.076ns (91.865%))
  Logic Levels:           1  (LUT6=1)
  Clock Path Skew:        -0.048ns (DCD - SCD + CPR)
    Destination Clock Delay (DCD):    -1.197ns = ( 8.803 - 10.000 ) 
    Source Clock Delay      (SCD):    -0.821ns
    Clock Pessimism Removal (CPR):    0.329ns
  Clock Uncertainty:      0.088ns  ((TSJ^2 + DJ^2)^1/2) / 2 + PE
    Total System Jitter     (TSJ):    0.071ns
    Discrete Jitter          (DJ):    0.162ns
    Phase Error              (PE):    0.000ns

    Location             Delay type                Incr(ns)  Path(ns)    Netlist Resource(s)
  -------------------------------------------------------------------    -------------------
                         (clock clk_out2_clk_wiz_0 rise edge)
                                                      0.000     0.000 r  
    R4                                                0.000     0.000 r  sys_clk (IN)
                         net (fo=0)                   0.000     0.000    u_mmcm/inst/clk_in1
    R4                   IBUF (Prop_ibuf_I_O)         1.419     1.419 r  u_mmcm/inst/clkin1_ibufg/O
                         net (fo=1, routed)           1.065     2.484    u_mmcm/inst/clk_in1_clk_wiz_0
    MMCME2_ADV_X1Y2      MMCME2_ADV (Prop_mmcme2_adv_CLKIN1_CLKOUT1)
                                                     -6.273    -3.789 r  u_mmcm/inst/mmcm_adv_inst/CLKOUT1
                         net (fo=1, routed)           1.524    -2.265    u_mmcm/inst/clk_out2_clk_wiz_0
    BUFGCTRL_X0Y0        BUFG (Prop_bufg_I_O)         0.081    -2.184 r  u_mmcm/inst/clkout2_buf/O
                         net (fo=1237, routed)        1.363    -0.821    u_data_rx_dual/u_panel1/CLK
    SLICE_X76Y176        FDCE                                         r  u_data_rx_dual/u_panel1/cap_done_tgl_sys_d1_reg/C
  -------------------------------------------------------------------    -------------------
    SLICE_X76Y176        FDCE (Prop_fdce_C_Q)         0.433    -0.388 r  u_data_rx_dual/u_panel1/cap_done_tgl_sys_d1_reg/Q
                         net (fo=4, routed)           1.948     1.561    u_data_rx_dual/u_panel1/cap_done_tgl_sys_d1
    SLICE_X42Y186        LUT6 (Prop_lut6_I2_O)        0.105     1.666 r  u_data_rx_dual/u_panel1/merged_burst[127]_i_1/O
                         net (fo=129, routed)         4.127     5.793    u_data_rx_dual/u_panel1/merged_burst[127]_i_1_n_0
    SLICE_X118Y149       FDCE                                         r  u_data_rx_dual/u_panel1/merged_burst_reg[22]/CE
  -------------------------------------------------------------------    -------------------

                         (clock clk_out2_clk_wiz_0 rise edge)
                                                     10.000    10.000 r  
    R4                                                0.000    10.000 r  sys_clk (IN)
                         net (fo=0)                   0.000    10.000    u_mmcm/inst/clk_in1
    R4                   IBUF (Prop_ibuf_I_O)         1.353    11.353 r  u_mmcm/inst/clkin1_ibufg/O
                         net (fo=1, routed)           1.004    12.357    u_mmcm/inst/clk_in1_clk_wiz_0
    MMCME2_ADV_X1Y2      MMCME2_ADV (Prop_mmcme2_adv_CLKIN1_CLKOUT1)
                                                     -6.399     5.957 r  u_mmcm/inst/mmcm_adv_inst/CLKOUT1
                         net (fo=1, routed)           1.452     7.410    u_mmcm/inst/clk_out2_clk_wiz_0
    BUFGCTRL_X0Y0        BUFG (Prop_bufg_I_O)         0.077     7.487 r  u_mmcm/inst/clkout2_buf/O
                         net (fo=1237, routed)        1.316     8.803    u_data_rx_dual/u_panel1/CLK
    SLICE_X118Y149       FDCE                                         r  u_data_rx_dual/u_panel1/merged_burst_reg[22]/C
                         clock pessimism              0.329     9.132    
                         clock uncertainty           -0.088     9.044    
    SLICE_X118Y149       FDCE (Setup_fdce_C_CE)      -0.168     8.876    u_data_rx_dual/u_panel1/merged_burst_reg[22]
  -------------------------------------------------------------------
                         required time                          8.876    
                         arrival time                          -5.793    
  -------------------------------------------------------------------
                         slack                                  3.083    

Slack (MET) :             3.083ns  (required time - arrival time)
  Source:                 u_data_rx_dual/u_panel1/cap_done_tgl_sys_d1_reg/C
                            (rising edge-triggered cell FDCE clocked by clk_out2_clk_wiz_0  {rise@0.000ns fall@5.000ns period=10.000ns})
  Destination:            u_data_rx_dual/u_panel1/merged_burst_reg[53]/CE
                            (rising edge-triggered cell FDCE clocked by clk_out2_clk_wiz_0  {rise@0.000ns fall@5.000ns period=10.000ns})
  Path Group:             clk_out2_clk_wiz_0
  Path Type:              Setup (Max at Slow Process Corner)
  Requirement:            10.000ns  (clk_out2_clk_wiz_0 rise@10.000ns - clk_out2_clk_wiz_0 rise@0.000ns)
  Data Path Delay:        6.614ns  (logic 0.538ns (8.135%)  route 6.076ns (91.865%))
  Logic Levels:           1  (LUT6=1)
  Clock Path Skew:        -0.048ns (DCD - SCD + CPR)
    Destination Clock Delay (DCD):    -1.197ns = ( 8.803 - 10.000 ) 
    Source Clock Delay      (SCD):    -0.821ns
    Clock Pessimism Removal (CPR):    0.329ns
  Clock Uncertainty:      0.088ns  ((TSJ^2 + DJ^2)^1/2) / 2 + PE
    Total System Jitter     (TSJ):    0.071ns
    Discrete Jitter          (DJ):    0.162ns
    Phase Error              (PE):    0.000ns

    Location             Delay type                Incr(ns)  Path(ns)    Netlist Resource(s)
  -------------------------------------------------------------------    -------------------
                         (clock clk_out2_clk_wiz_0 rise edge)
                                                      0.000     0.000 r  
    R4                                                0.000     0.000 r  sys_clk (IN)
                         net (fo=0)                   0.000     0.000    u_mmcm/inst/clk_in1
    R4                   IBUF (Prop_ibuf_I_O)         1.419     1.419 r  u_mmcm/inst/clkin1_ibufg/O
                         net (fo=1, routed)           1.065     2.484    u_mmcm/inst/clk_in1_clk_wiz_0
    MMCME2_ADV_X1Y2      MMCME2_ADV (Prop_mmcme2_adv_CLKIN1_CLKOUT1)
                                                     -6.273    -3.789 r  u_mmcm/inst/mmcm_adv_inst/CLKOUT1
                         net (fo=1, routed)           1.524    -2.265    u_mmcm/inst/clk_out2_clk_wiz_0
    BUFGCTRL_X0Y0        BUFG (Prop_bufg_I_O)         0.081    -2.184 r  u_mmcm/inst/clkout2_buf/O
                         net (fo=1237, routed)        1.363    -0.821    u_data_rx_dual/u_panel1/CLK
    SLICE_X76Y176        FDCE                                         r  u_data_rx_dual/u_panel1/cap_done_tgl_sys_d1_reg/C
  -------------------------------------------------------------------    -------------------
    SLICE_X76Y176        FDCE (Prop_fdce_C_Q)         0.433    -0.388 r  u_data_rx_dual/u_panel1/cap_done_tgl_sys_d1_reg/Q
                         net (fo=4, routed)           1.948     1.561    u_data_rx_dual/u_panel1/cap_done_tgl_sys_d1
    SLICE_X42Y186        LUT6 (Prop_lut6_I2_O)        0.105     1.666 r  u_data_rx_dual/u_panel1/merged_burst[127]_i_1/O
                         net (fo=129, routed)         4.127     5.793    u_data_rx_dual/u_panel1/merged_burst[127]_i_1_n_0
    SLICE_X118Y149       FDCE                                         r  u_data_rx_dual/u_panel1/merged_burst_reg[53]/CE
  -------------------------------------------------------------------    -------------------

                         (clock clk_out2_clk_wiz_0 rise edge)
                                                     10.000    10.000 r  
    R4                                                0.000    10.000 r  sys_clk (IN)
                         net (fo=0)                   0.000    10.000    u_mmcm/inst/clk_in1
    R4                   IBUF (Prop_ibuf_I_O)         1.353    11.353 r  u_mmcm/inst/clkin1_ibufg/O
                         net (fo=1, routed)           1.004    12.357    u_mmcm/inst/clk_in1_clk_wiz_0
    MMCME2_ADV_X1Y2      MMCME2_ADV (Prop_mmcme2_adv_CLKIN1_CLKOUT1)
                                                     -6.399     5.957 r  u_mmcm/inst/mmcm_adv_inst/CLKOUT1
                         net (fo=1, routed)           1.452     7.410    u_mmcm/inst/clk_out2_clk_wiz_0
    BUFGCTRL_X0Y0        BUFG (Prop_bufg_I_O)         0.077     7.487 r  u_mmcm/inst/clkout2_buf/O
                         net (fo=1237, routed)        1.316     8.803    u_data_rx_dual/u_panel1/CLK
    SLICE_X118Y149       FDCE                                         r  u_data_rx_dual/u_panel1/merged_burst_reg[53]/C
                         clock pessimism              0.329     9.132    
                         clock uncertainty           -0.088     9.044    
    SLICE_X118Y149       FDCE (Setup_fdce_C_CE)      -0.168     8.876    u_data_rx_dual/u_panel1/merged_burst_reg[53]
  -------------------------------------------------------------------
                         required time                          8.876    
                         arrival time                          -5.793    
  -------------------------------------------------------------------
                         slack                                  3.083    

Slack (MET) :             3.114ns  (required time - arrival time)
  Source:                 u_data_rx_dual/u_panel1/cap_done_tgl_sys_d1_reg/C
                            (rising edge-triggered cell FDCE clocked by clk_out2_clk_wiz_0  {rise@0.000ns fall@5.000ns period=10.000ns})
  Destination:            u_data_rx_dual/u_panel1/merged_burst_reg[38]/CE
                            (rising edge-triggered cell FDCE clocked by clk_out2_clk_wiz_0  {rise@0.000ns fall@5.000ns period=10.000ns})
  Path Group:             clk_out2_clk_wiz_0
  Path Type:              Setup (Max at Slow Process Corner)
  Requirement:            10.000ns  (clk_out2_clk_wiz_0 rise@10.000ns - clk_out2_clk_wiz_0 rise@0.000ns)
  Data Path Delay:        6.574ns  (logic 0.538ns (8.184%)  route 6.036ns (91.816%))
  Logic Levels:           1  (LUT6=1)
  Clock Path Skew:        -0.055ns (DCD - SCD + CPR)
    Destination Clock Delay (DCD):    -1.212ns = ( 8.788 - 10.000 ) 
    Source Clock Delay      (SCD):    -0.821ns
    Clock Pessimism Removal (CPR):    0.336ns
  Clock Uncertainty:      0.088ns  ((TSJ^2 + DJ^2)^1/2) / 2 + PE
    Total System Jitter     (TSJ):    0.071ns
    Discrete Jitter          (DJ):    0.162ns
    Phase Error              (PE):    0.000ns

    Location             Delay type                Incr(ns)  Path(ns)    Netlist Resource(s)
  -------------------------------------------------------------------    -------------------
                         (clock clk_out2_clk_wiz_0 rise edge)
                                                      0.000     0.000 r  
    R4                                                0.000     0.000 r  sys_clk (IN)
                         net (fo=0)                   0.000     0.000    u_mmcm/inst/clk_in1
    R4                   IBUF (Prop_ibuf_I_O)         1.419     1.419 r  u_mmcm/inst/clkin1_ibufg/O
                         net (fo=1, routed)           1.065     2.484    u_mmcm/inst/clk_in1_clk_wiz_0
    MMCME2_ADV_X1Y2      MMCME2_ADV (Prop_mmcme2_adv_CLKIN1_CLKOUT1)
                                                     -6.273    -3.789 r  u_mmcm/inst/mmcm_adv_inst/CLKOUT1
                         net (fo=1, routed)           1.524    -2.265    u_mmcm/inst/clk_out2_clk_wiz_0
    BUFGCTRL_X0Y0        BUFG (Prop_bufg_I_O)         0.081    -2.184 r  u_mmcm/inst/clkout2_buf/O
                         net (fo=1237, routed)        1.363    -0.821    u_data_rx_dual/u_panel1/CLK
    SLICE_X76Y176        FDCE                                         r  u_data_rx_dual/u_panel1/cap_done_tgl_sys_d1_reg/C
  -------------------------------------------------------------------    -------------------
    SLICE_X76Y176        FDCE (Prop_fdce_C_Q)         0.433    -0.388 r  u_data_rx_dual/u_panel1/cap_done_tgl_sys_d1_reg/Q
                         net (fo=4, routed)           1.948     1.561    u_data_rx_dual/u_panel1/cap_done_tgl_sys_d1
    SLICE_X42Y186        LUT6 (Prop_lut6_I2_O)        0.105     1.666 r  u_data_rx_dual/u_panel1/merged_burst[127]_i_1/O
                         net (fo=129, routed)         4.088     5.753    u_data_rx_dual/u_panel1/merged_burst[127]_i_1_n_0
    SLICE_X114Y150       FDCE                                         r  u_data_rx_dual/u_panel1/merged_burst_reg[38]/CE
  -------------------------------------------------------------------    -------------------

                         (clock clk_out2_clk_wiz_0 rise edge)
                                                     10.000    10.000 r  
    R4                                                0.000    10.000 r  sys_clk (IN)
                         net (fo=0)                   0.000    10.000    u_mmcm/inst/clk_in1
    R4                   IBUF (Prop_ibuf_I_O)         1.353    11.353 r  u_mmcm/inst/clkin1_ibufg/O
                         net (fo=1, routed)           1.004    12.357    u_mmcm/inst/clk_in1_clk_wiz_0
    MMCME2_ADV_X1Y2      MMCME2_ADV (Prop_mmcme2_adv_CLKIN1_CLKOUT1)
                                                     -6.399     5.957 r  u_mmcm/inst/mmcm_adv_inst/CLKOUT1
                         net (fo=1, routed)           1.452     7.410    u_mmcm/inst/clk_out2_clk_wiz_0
    BUFGCTRL_X0Y0        BUFG (Prop_bufg_I_O)         0.077     7.487 r  u_mmcm/inst/clkout2_buf/O
                         net (fo=1237, routed)        1.301     8.788    u_data_rx_dual/u_panel1/CLK
    SLICE_X114Y150       FDCE                                         r  u_data_rx_dual/u_panel1/merged_burst_reg[38]/C
                         clock pessimism              0.336     9.124    
                         clock uncertainty           -0.088     9.036    
    SLICE_X114Y150       FDCE (Setup_fdce_C_CE)      -0.168     8.868    u_data_rx_dual/u_panel1/merged_burst_reg[38]
  -------------------------------------------------------------------
                         required time                          8.868    
                         arrival time                          -5.753    
  -------------------------------------------------------------------
                         slack                                  3.114    

Slack (MET) :             3.117ns  (required time - arrival time)
  Source:                 u_data_rx_dual/u_panel0/cap_done_tgl_sys_d1_reg/C
                            (rising edge-triggered cell FDCE clocked by clk_out2_clk_wiz_0  {rise@0.000ns fall@5.000ns period=10.000ns})
  Destination:            u_data_rx_dual/u_panel0/merged_burst_reg[54]/CE
                            (rising edge-triggered cell FDCE clocked by clk_out2_clk_wiz_0  {rise@0.000ns fall@5.000ns period=10.000ns})
  Path Group:             clk_out2_clk_wiz_0
  Path Type:              Setup (Max at Slow Process Corner)
  Requirement:            10.000ns  (clk_out2_clk_wiz_0 rise@10.000ns - clk_out2_clk_wiz_0 rise@0.000ns)
  Data Path Delay:        6.580ns  (logic 0.484ns (7.356%)  route 6.096ns (92.644%))
  Logic Levels:           1  (LUT6=1)
  Clock Path Skew:        -0.046ns (DCD - SCD + CPR)
    Destination Clock Delay (DCD):    -1.203ns = ( 8.797 - 10.000 ) 
    Source Clock Delay      (SCD):    -0.828ns
    Clock Pessimism Removal (CPR):    0.329ns
  Clock Uncertainty:      0.088ns  ((TSJ^2 + DJ^2)^1/2) / 2 + PE
    Total System Jitter     (TSJ):    0.071ns
    Discrete Jitter          (DJ):    0.162ns
    Phase Error              (PE):    0.000ns

    Location             Delay type                Incr(ns)  Path(ns)    Netlist Resource(s)
  -------------------------------------------------------------------    -------------------
                         (clock clk_out2_clk_wiz_0 rise edge)
                                                      0.000     0.000 r  
    R4                                                0.000     0.000 r  sys_clk (IN)
                         net (fo=0)                   0.000     0.000    u_mmcm/inst/clk_in1
    R4                   IBUF (Prop_ibuf_I_O)         1.419     1.419 r  u_mmcm/inst/clkin1_ibufg/O
                         net (fo=1, routed)           1.065     2.484    u_mmcm/inst/clk_in1_clk_wiz_0
    MMCME2_ADV_X1Y2      MMCME2_ADV (Prop_mmcme2_adv_CLKIN1_CLKOUT1)
                                                     -6.273    -3.789 r  u_mmcm/inst/mmcm_adv_inst/CLKOUT1
                         net (fo=1, routed)           1.524    -2.265    u_mmcm/inst/clk_out2_clk_wiz_0
    BUFGCTRL_X0Y0        BUFG (Prop_bufg_I_O)         0.081    -2.184 r  u_mmcm/inst/clkout2_buf/O
                         net (fo=1237, routed)        1.356    -0.828    u_data_rx_dual/u_panel0/CLK
    SLICE_X82Y168        FDCE                                         r  u_data_rx_dual/u_panel0/cap_done_tgl_sys_d1_reg/C
  -------------------------------------------------------------------    -------------------
    SLICE_X82Y168        FDCE (Prop_fdce_C_Q)         0.379    -0.449 r  u_data_rx_dual/u_panel0/cap_done_tgl_sys_d1_reg/Q
                         net (fo=4, routed)           1.852     1.403    u_data_rx_dual/u_panel0/cap_done_tgl_sys_d1
    SLICE_X64Y175        LUT6 (Prop_lut6_I2_O)        0.105     1.508 r  u_data_rx_dual/u_panel0/merged_burst[127]_i_1__0/O
                         net (fo=129, routed)         4.244     5.752    u_data_rx_dual/u_panel0/merged_burst[127]_i_1__0_n_0
    SLICE_X105Y139       FDCE                                         r  u_data_rx_dual/u_panel0/merged_burst_reg[54]/CE
  -------------------------------------------------------------------    -------------------

                         (clock clk_out2_clk_wiz_0 rise edge)
                                                     10.000    10.000 r  
    R4                                                0.000    10.000 r  sys_clk (IN)
                         net (fo=0)                   0.000    10.000    u_mmcm/inst/clk_in1
    R4                   IBUF (Prop_ibuf_I_O)         1.353    11.353 r  u_mmcm/inst/clkin1_ibufg/O
                         net (fo=1, routed)           1.004    12.357    u_mmcm/inst/clk_in1_clk_wiz_0
    MMCME2_ADV_X1Y2      MMCME2_ADV (Prop_mmcme2_adv_CLKIN1_CLKOUT1)
                                                     -6.399     5.957 r  u_mmcm/inst/mmcm_adv_inst/CLKOUT1
                         net (fo=1, routed)           1.452     7.410    u_mmcm/inst/clk_out2_clk_wiz_0
    BUFGCTRL_X0Y0        BUFG (Prop_bufg_I_O)         0.077     7.487 r  u_mmcm/inst/clkout2_buf/O
                         net (fo=1237, routed)        1.310     8.797    u_data_rx_dual/u_panel0/CLK
    SLICE_X105Y139       FDCE                                         r  u_data_rx_dual/u_panel0/merged_burst_reg[54]/C
                         clock pessimism              0.329     9.126    
                         clock uncertainty           -0.088     9.038    
    SLICE_X105Y139       FDCE (Setup_fdce_C_CE)      -0.168     8.870    u_data_rx_dual/u_panel0/merged_burst_reg[54]
  -------------------------------------------------------------------
                         required time                          8.870    
                         arrival time                          -5.752    
  -------------------------------------------------------------------
                         slack                                  3.117    

Slack (MET) :             3.133ns  (required time - arrival time)
  Source:                 u_data_rx_dual/u_panel1/cap_done_tgl_sys_d1_reg/C
                            (rising edge-triggered cell FDCE clocked by clk_out2_clk_wiz_0  {rise@0.000ns fall@5.000ns period=10.000ns})
  Destination:            u_data_rx_dual/u_panel1/merged_burst_reg[111]/CE
                            (rising edge-triggered cell FDCE clocked by clk_out2_clk_wiz_0  {rise@0.000ns fall@5.000ns period=10.000ns})
  Path Group:             clk_out2_clk_wiz_0
  Path Type:              Setup (Max at Slow Process Corner)
  Requirement:            10.000ns  (clk_out2_clk_wiz_0 rise@10.000ns - clk_out2_clk_wiz_0 rise@0.000ns)
  Data Path Delay:        6.553ns  (logic 0.538ns (8.209%)  route 6.015ns (91.791%))
  Logic Levels:           1  (LUT6=1)
  Clock Path Skew:        -0.057ns (DCD - SCD + CPR)
    Destination Clock Delay (DCD):    -1.214ns = ( 8.786 - 10.000 ) 
    Source Clock Delay      (SCD):    -0.821ns
    Clock Pessimism Removal (CPR):    0.336ns
  Clock Uncertainty:      0.088ns  ((TSJ^2 + DJ^2)^1/2) / 2 + PE
    Total System Jitter     (TSJ):    0.071ns
    Discrete Jitter          (DJ):    0.162ns
    Phase Error              (PE):    0.000ns

    Location             Delay type                Incr(ns)  Path(ns)    Netlist Resource(s)
  -------------------------------------------------------------------    -------------------
                         (clock clk_out2_clk_wiz_0 rise edge)
                                                      0.000     0.000 r  
    R4                                                0.000     0.000 r  sys_clk (IN)
                         net (fo=0)                   0.000     0.000    u_mmcm/inst/clk_in1
    R4                   IBUF (Prop_ibuf_I_O)         1.419     1.419 r  u_mmcm/inst/clkin1_ibufg/O
                         net (fo=1, routed)           1.065     2.484    u_mmcm/inst/clk_in1_clk_wiz_0
    MMCME2_ADV_X1Y2      MMCME2_ADV (Prop_mmcme2_adv_CLKIN1_CLKOUT1)
                                                     -6.273    -3.789 r  u_mmcm/inst/mmcm_adv_inst/CLKOUT1
                         net (fo=1, routed)           1.524    -2.265    u_mmcm/inst/clk_out2_clk_wiz_0
    BUFGCTRL_X0Y0        BUFG (Prop_bufg_I_O)         0.081    -2.184 r  u_mmcm/inst/clkout2_buf/O
                         net (fo=1237, routed)        1.363    -0.821    u_data_rx_dual/u_panel1/CLK
    SLICE_X76Y176        FDCE                                         r  u_data_rx_dual/u_panel1/cap_done_tgl_sys_d1_reg/C
  -------------------------------------------------------------------    -------------------
    SLICE_X76Y176        FDCE (Prop_fdce_C_Q)         0.433    -0.388 r  u_data_rx_dual/u_panel1/cap_done_tgl_sys_d1_reg/Q
                         net (fo=4, routed)           1.948     1.561    u_data_rx_dual/u_panel1/cap_done_tgl_sys_d1
    SLICE_X42Y186        LUT6 (Prop_lut6_I2_O)        0.105     1.666 r  u_data_rx_dual/u_panel1/merged_burst[127]_i_1/O
                         net (fo=129, routed)         4.067     5.733    u_data_rx_dual/u_panel1/merged_burst[127]_i_1_n_0
    SLICE_X109Y151       FDCE                                         r  u_data_rx_dual/u_panel1/merged_burst_reg[111]/CE
  -------------------------------------------------------------------    -------------------

                         (clock clk_out2_clk_wiz_0 rise edge)
                                                     10.000    10.000 r  
    R4                                                0.000    10.000 r  sys_clk (IN)
                         net (fo=0)                   0.000    10.000    u_mmcm/inst/clk_in1
    R4                   IBUF (Prop_ibuf_I_O)         1.353    11.353 r  u_mmcm/inst/clkin1_ibufg/O
                         net (fo=1, routed)           1.004    12.357    u_mmcm/inst/clk_in1_clk_wiz_0
    MMCME2_ADV_X1Y2      MMCME2_ADV (Prop_mmcme2_adv_CLKIN1_CLKOUT1)
                                                     -6.399     5.957 r  u_mmcm/inst/mmcm_adv_inst/CLKOUT1
                         net (fo=1, routed)           1.452     7.410    u_mmcm/inst/clk_out2_clk_wiz_0
    BUFGCTRL_X0Y0        BUFG (Prop_bufg_I_O)         0.077     7.487 r  u_mmcm/inst/clkout2_buf/O
                         net (fo=1237, routed)        1.299     8.786    u_data_rx_dual/u_panel1/CLK
    SLICE_X109Y151       FDCE                                         r  u_data_rx_dual/u_panel1/merged_burst_reg[111]/C
                         clock pessimism              0.336     9.122    
                         clock uncertainty           -0.088     9.034    
    SLICE_X109Y151       FDCE (Setup_fdce_C_CE)      -0.168     8.866    u_data_rx_dual/u_panel1/merged_burst_reg[111]
  -------------------------------------------------------------------
                         required time                          8.866    
                         arrival time                          -5.733    
  -------------------------------------------------------------------
                         slack                                  3.133    

Slack (MET) :             3.133ns  (required time - arrival time)
  Source:                 u_data_rx_dual/u_panel1/cap_done_tgl_sys_d1_reg/C
                            (rising edge-triggered cell FDCE clocked by clk_out2_clk_wiz_0  {rise@0.000ns fall@5.000ns period=10.000ns})
  Destination:            u_data_rx_dual/u_panel1/merged_burst_reg[16]/CE
                            (rising edge-triggered cell FDCE clocked by clk_out2_clk_wiz_0  {rise@0.000ns fall@5.000ns period=10.000ns})
  Path Group:             clk_out2_clk_wiz_0
  Path Type:              Setup (Max at Slow Process Corner)
  Requirement:            10.000ns  (clk_out2_clk_wiz_0 rise@10.000ns - clk_out2_clk_wiz_0 rise@0.000ns)
  Data Path Delay:        6.553ns  (logic 0.538ns (8.209%)  route 6.015ns (91.791%))
  Logic Levels:           1  (LUT6=1)
  Clock Path Skew:        -0.057ns (DCD - SCD + CPR)
    Destination Clock Delay (DCD):    -1.214ns = ( 8.786 - 10.000 ) 
    Source Clock Delay      (SCD):    -0.821ns
    Clock Pessimism Removal (CPR):    0.336ns
  Clock Uncertainty:      0.088ns  ((TSJ^2 + DJ^2)^1/2) / 2 + PE
    Total System Jitter     (TSJ):    0.071ns
    Discrete Jitter          (DJ):    0.162ns
    Phase Error              (PE):    0.000ns

    Location             Delay type                Incr(ns)  Path(ns)    Netlist Resource(s)
  -------------------------------------------------------------------    -------------------
                         (clock clk_out2_clk_wiz_0 rise edge)
                                                      0.000     0.000 r  
    R4                                                0.000     0.000 r  sys_clk (IN)
                         net (fo=0)                   0.000     0.000    u_mmcm/inst/clk_in1
    R4                   IBUF (Prop_ibuf_I_O)         1.419     1.419 r  u_mmcm/inst/clkin1_ibufg/O
                         net (fo=1, routed)           1.065     2.484    u_mmcm/inst/clk_in1_clk_wiz_0
    MMCME2_ADV_X1Y2      MMCME2_ADV (Prop_mmcme2_adv_CLKIN1_CLKOUT1)
                                                     -6.273    -3.789 r  u_mmcm/inst/mmcm_adv_inst/CLKOUT1
                         net (fo=1, routed)           1.524    -2.265    u_mmcm/inst/clk_out2_clk_wiz_0
    BUFGCTRL_X0Y0        BUFG (Prop_bufg_I_O)         0.081    -2.184 r  u_mmcm/inst/clkout2_buf/O
                         net (fo=1237, routed)        1.363    -0.821    u_data_rx_dual/u_panel1/CLK
    SLICE_X76Y176        FDCE                                         r  u_data_rx_dual/u_panel1/cap_done_tgl_sys_d1_reg/C
  -------------------------------------------------------------------    -------------------
    SLICE_X76Y176        FDCE (Prop_fdce_C_Q)         0.433    -0.388 r  u_data_rx_dual/u_panel1/cap_done_tgl_sys_d1_reg/Q
                         net (fo=4, routed)           1.948     1.561    u_data_rx_dual/u_panel1/cap_done_tgl_sys_d1
    SLICE_X42Y186        LUT6 (Prop_lut6_I2_O)        0.105     1.666 r  u_data_rx_dual/u_panel1/merged_burst[127]_i_1/O
                         net (fo=129, routed)         4.067     5.733    u_data_rx_dual/u_panel1/merged_burst[127]_i_1_n_0
    SLICE_X109Y151       FDCE                                         r  u_data_rx_dual/u_panel1/merged_burst_reg[16]/CE
  -------------------------------------------------------------------    -------------------

                         (clock clk_out2_clk_wiz_0 rise edge)
                                                     10.000    10.000 r  
    R4                                                0.000    10.000 r  sys_clk (IN)
                         net (fo=0)                   0.000    10.000    u_mmcm/inst/clk_in1
    R4                   IBUF (Prop_ibuf_I_O)         1.353    11.353 r  u_mmcm/inst/clkin1_ibufg/O
                         net (fo=1, routed)           1.004    12.357    u_mmcm/inst/clk_in1_clk_wiz_0
    MMCME2_ADV_X1Y2      MMCME2_ADV (Prop_mmcme2_adv_CLKIN1_CLKOUT1)
                                                     -6.399     5.957 r  u_mmcm/inst/mmcm_adv_inst/CLKOUT1
                         net (fo=1, routed)           1.452     7.410    u_mmcm/inst/clk_out2_clk_wiz_0
    BUFGCTRL_X0Y0        BUFG (Prop_bufg_I_O)         0.077     7.487 r  u_mmcm/inst/clkout2_buf/O
                         net (fo=1237, routed)        1.299     8.786    u_data_rx_dual/u_panel1/CLK
    SLICE_X109Y151       FDCE                                         r  u_data_rx_dual/u_panel1/merged_burst_reg[16]/C
                         clock pessimism              0.336     9.122    
                         clock uncertainty           -0.088     9.034    
    SLICE_X109Y151       FDCE (Setup_fdce_C_CE)      -0.168     8.866    u_data_rx_dual/u_panel1/merged_burst_reg[16]
  -------------------------------------------------------------------
                         required time                          8.866    
                         arrival time                          -5.733    
  -------------------------------------------------------------------
                         slack                                  3.133    

Slack (MET) :             3.133ns  (required time - arrival time)
  Source:                 u_data_rx_dual/u_panel1/cap_done_tgl_sys_d1_reg/C
                            (rising edge-triggered cell FDCE clocked by clk_out2_clk_wiz_0  {rise@0.000ns fall@5.000ns period=10.000ns})
  Destination:            u_data_rx_dual/u_panel1/merged_burst_reg[79]/CE
                            (rising edge-triggered cell FDCE clocked by clk_out2_clk_wiz_0  {rise@0.000ns fall@5.000ns period=10.000ns})
  Path Group:             clk_out2_clk_wiz_0
  Path Type:              Setup (Max at Slow Process Corner)
  Requirement:            10.000ns  (clk_out2_clk_wiz_0 rise@10.000ns - clk_out2_clk_wiz_0 rise@0.000ns)
  Data Path Delay:        6.553ns  (logic 0.538ns (8.209%)  route 6.015ns (91.791%))
  Logic Levels:           1  (LUT6=1)
  Clock Path Skew:        -0.057ns (DCD - SCD + CPR)
    Destination Clock Delay (DCD):    -1.214ns = ( 8.786 - 10.000 ) 
    Source Clock Delay      (SCD):    -0.821ns
    Clock Pessimism Removal (CPR):    0.336ns
  Clock Uncertainty:      0.088ns  ((TSJ^2 + DJ^2)^1/2) / 2 + PE
    Total System Jitter     (TSJ):    0.071ns
    Discrete Jitter          (DJ):    0.162ns
    Phase Error              (PE):    0.000ns

    Location             Delay type                Incr(ns)  Path(ns)    Netlist Resource(s)
  -------------------------------------------------------------------    -------------------
                         (clock clk_out2_clk_wiz_0 rise edge)
                                                      0.000     0.000 r  
    R4                                                0.000     0.000 r  sys_clk (IN)
                         net (fo=0)                   0.000     0.000    u_mmcm/inst/clk_in1
    R4                   IBUF (Prop_ibuf_I_O)         1.419     1.419 r  u_mmcm/inst/clkin1_ibufg/O
                         net (fo=1, routed)           1.065     2.484    u_mmcm/inst/clk_in1_clk_wiz_0
    MMCME2_ADV_X1Y2      MMCME2_ADV (Prop_mmcme2_adv_CLKIN1_CLKOUT1)
                                                     -6.273    -3.789 r  u_mmcm/inst/mmcm_adv_inst/CLKOUT1
                         net (fo=1, routed)           1.524    -2.265    u_mmcm/inst/clk_out2_clk_wiz_0
    BUFGCTRL_X0Y0        BUFG (Prop_bufg_I_O)         0.081    -2.184 r  u_mmcm/inst/clkout2_buf/O
                         net (fo=1237, routed)        1.363    -0.821    u_data_rx_dual/u_panel1/CLK
    SLICE_X76Y176        FDCE                                         r  u_data_rx_dual/u_panel1/cap_done_tgl_sys_d1_reg/C
  -------------------------------------------------------------------    -------------------
    SLICE_X76Y176        FDCE (Prop_fdce_C_Q)         0.433    -0.388 r  u_data_rx_dual/u_panel1/cap_done_tgl_sys_d1_reg/Q
                         net (fo=4, routed)           1.948     1.561    u_data_rx_dual/u_panel1/cap_done_tgl_sys_d1
    SLICE_X42Y186        LUT6 (Prop_lut6_I2_O)        0.105     1.666 r  u_data_rx_dual/u_panel1/merged_burst[127]_i_1/O
                         net (fo=129, routed)         4.067     5.733    u_data_rx_dual/u_panel1/merged_burst[127]_i_1_n_0
    SLICE_X109Y151       FDCE                                         r  u_data_rx_dual/u_panel1/merged_burst_reg[79]/CE
  -------------------------------------------------------------------    -------------------

                         (clock clk_out2_clk_wiz_0 rise edge)
                                                     10.000    10.000 r  
    R4                                                0.000    10.000 r  sys_clk (IN)
                         net (fo=0)                   0.000    10.000    u_mmcm/inst/clk_in1
    R4                   IBUF (Prop_ibuf_I_O)         1.353    11.353 r  u_mmcm/inst/clkin1_ibufg/O
                         net (fo=1, routed)           1.004    12.357    u_mmcm/inst/clk_in1_clk_wiz_0
    MMCME2_ADV_X1Y2      MMCME2_ADV (Prop_mmcme2_adv_CLKIN1_CLKOUT1)
                                                     -6.399     5.957 r  u_mmcm/inst/mmcm_adv_inst/CLKOUT1
                         net (fo=1, routed)           1.452     7.410    u_mmcm/inst/clk_out2_clk_wiz_0
    BUFGCTRL_X0Y0        BUFG (Prop_bufg_I_O)         0.077     7.487 r  u_mmcm/inst/clkout2_buf/O
                         net (fo=1237, routed)        1.299     8.786    u_data_rx_dual/u_panel1/CLK
    SLICE_X109Y151       FDCE                                         r  u_data_rx_dual/u_panel1/merged_burst_reg[79]/C
                         clock pessimism              0.336     9.122    
                         clock uncertainty           -0.088     9.034    
    SLICE_X109Y151       FDCE (Setup_fdce_C_CE)      -0.168     8.866    u_data_rx_dual/u_panel1/merged_burst_reg[79]
  -------------------------------------------------------------------
                         required time                          8.866    
                         arrival time                          -5.733    
  -------------------------------------------------------------------
                         slack                                  3.133    

Slack (MET) :             3.192ns  (required time - arrival time)
  Source:                 u_data_rx_dual/u_panel1/cap_done_tgl_sys_d1_reg/C
                            (rising edge-triggered cell FDCE clocked by clk_out2_clk_wiz_0  {rise@0.000ns fall@5.000ns period=10.000ns})
  Destination:            u_data_rx_dual/u_panel1/merged_burst_reg[23]/CE
                            (rising edge-triggered cell FDCE clocked by clk_out2_clk_wiz_0  {rise@0.000ns fall@5.000ns period=10.000ns})
  Path Group:             clk_out2_clk_wiz_0
  Path Type:              Setup (Max at Slow Process Corner)
  Requirement:            10.000ns  (clk_out2_clk_wiz_0 rise@10.000ns - clk_out2_clk_wiz_0 rise@0.000ns)
  Data Path Delay:        6.499ns  (logic 0.538ns (8.278%)  route 5.961ns (91.722%))
  Logic Levels:           1  (LUT6=1)
  Clock Path Skew:        -0.052ns (DCD - SCD + CPR)
    Destination Clock Delay (DCD):    -1.209ns = ( 8.791 - 10.000 ) 
    Source Clock Delay      (SCD):    -0.821ns
    Clock Pessimism Removal (CPR):    0.336ns
  Clock Uncertainty:      0.088ns  ((TSJ^2 + DJ^2)^1/2) / 2 + PE
    Total System Jitter     (TSJ):    0.071ns
    Discrete Jitter          (DJ):    0.162ns
    Phase Error              (PE):    0.000ns

    Location             Delay type                Incr(ns)  Path(ns)    Netlist Resource(s)
  -------------------------------------------------------------------    -------------------
                         (clock clk_out2_clk_wiz_0 rise edge)
                                                      0.000     0.000 r  
    R4                                                0.000     0.000 r  sys_clk (IN)
                         net (fo=0)                   0.000     0.000    u_mmcm/inst/clk_in1
    R4                   IBUF (Prop_ibuf_I_O)         1.419     1.419 r  u_mmcm/inst/clkin1_ibufg/O
                         net (fo=1, routed)           1.065     2.484    u_mmcm/inst/clk_in1_clk_wiz_0
    MMCME2_ADV_X1Y2      MMCME2_ADV (Prop_mmcme2_adv_CLKIN1_CLKOUT1)
                                                     -6.273    -3.789 r  u_mmcm/inst/mmcm_adv_inst/CLKOUT1
                         net (fo=1, routed)           1.524    -2.265    u_mmcm/inst/clk_out2_clk_wiz_0
    BUFGCTRL_X0Y0        BUFG (Prop_bufg_I_O)         0.081    -2.184 r  u_mmcm/inst/clkout2_buf/O
                         net (fo=1237, routed)        1.363    -0.821    u_data_rx_dual/u_panel1/CLK
    SLICE_X76Y176        FDCE                                         r  u_data_rx_dual/u_panel1/cap_done_tgl_sys_d1_reg/C
  -------------------------------------------------------------------    -------------------
    SLICE_X76Y176        FDCE (Prop_fdce_C_Q)         0.433    -0.388 r  u_data_rx_dual/u_panel1/cap_done_tgl_sys_d1_reg/Q
                         net (fo=4, routed)           1.948     1.561    u_data_rx_dual/u_panel1/cap_done_tgl_sys_d1
    SLICE_X42Y186        LUT6 (Prop_lut6_I2_O)        0.105     1.666 r  u_data_rx_dual/u_panel1/merged_burst[127]_i_1/O
                         net (fo=129, routed)         4.013     5.679    u_data_rx_dual/u_panel1/merged_burst[127]_i_1_n_0
    SLICE_X121Y152       FDCE                                         r  u_data_rx_dual/u_panel1/merged_burst_reg[23]/CE
  -------------------------------------------------------------------    -------------------

                         (clock clk_out2_clk_wiz_0 rise edge)
                                                     10.000    10.000 r  
    R4                                                0.000    10.000 r  sys_clk (IN)
                         net (fo=0)                   0.000    10.000    u_mmcm/inst/clk_in1
    R4                   IBUF (Prop_ibuf_I_O)         1.353    11.353 r  u_mmcm/inst/clkin1_ibufg/O
                         net (fo=1, routed)           1.004    12.357    u_mmcm/inst/clk_in1_clk_wiz_0
    MMCME2_ADV_X1Y2      MMCME2_ADV (Prop_mmcme2_adv_CLKIN1_CLKOUT1)
                                                     -6.399     5.957 r  u_mmcm/inst/mmcm_adv_inst/CLKOUT1
                         net (fo=1, routed)           1.452     7.410    u_mmcm/inst/clk_out2_clk_wiz_0
    BUFGCTRL_X0Y0        BUFG (Prop_bufg_I_O)         0.077     7.487 r  u_mmcm/inst/clkout2_buf/O
                         net (fo=1237, routed)        1.304     8.791    u_data_rx_dual/u_panel1/CLK
    SLICE_X121Y152       FDCE                                         r  u_data_rx_dual/u_panel1/merged_burst_reg[23]/C
                         clock pessimism              0.336     9.127    
                         clock uncertainty           -0.088     9.039    
    SLICE_X121Y152       FDCE (Setup_fdce_C_CE)      -0.168     8.871    u_data_rx_dual/u_panel1/merged_burst_reg[23]
  -------------------------------------------------------------------
                         required time                          8.871    
                         arrival time                          -5.679    
  -------------------------------------------------------------------
                         slack                                  3.192    





Min Delay Paths
--------------------------------------------------------------------------------------
Slack (MET) :             0.082ns  (arrival time - required time)
  Source:                 u_rgmii_bridge/fifo_generator_0_inst/U0/inst_fifo_gen/gconvfifo.rf/grf.rf/gntv_or_sync_fifo.gl0.wr/wpntr/gic0.gc0.count_d2_reg[2]/C
                            (rising edge-triggered cell FDRE clocked by clk_out2_clk_wiz_0  {rise@0.000ns fall@5.000ns period=10.000ns})
  Destination:            u_rgmii_bridge/fifo_generator_0_inst/U0/inst_fifo_gen/gconvfifo.rf/grf.rf/gntv_or_sync_fifo.mem/gbm.gbmg.gbmgc.ngecc.bmg/inst_blk_mem_gen/gnbram.gnativebmg.native_blk_mem_gen/valid.cstr/ramloop[2].ram.r/prim_noinit.ram/DEVICE_7SERIES.NO_BMM_INFO.SDP.WIDE_PRIM36_NO_ECC.ram/ADDRBWRADDR[8]
                            (rising edge-triggered cell RAMB36E1 clocked by clk_out2_clk_wiz_0  {rise@0.000ns fall@5.000ns period=10.000ns})
  Path Group:             clk_out2_clk_wiz_0
  Path Type:              Hold (Min at Fast Process Corner)
  Requirement:            0.000ns  (clk_out2_clk_wiz_0 rise@0.000ns - clk_out2_clk_wiz_0 rise@0.000ns)
  Data Path Delay:        0.568ns  (logic 0.141ns (24.840%)  route 0.427ns (75.160%))
  Logic Levels:           0  
  Clock Path Skew:        0.303ns (DCD - SCD - CPR)
    Destination Clock Delay (DCD):    -0.908ns
    Source Clock Delay      (SCD):    -0.696ns
    Clock Pessimism Removal (CPR):    -0.514ns

    Location             Delay type                Incr(ns)  Path(ns)    Netlist Resource(s)
  -------------------------------------------------------------------    -------------------
                         (clock clk_out2_clk_wiz_0 rise edge)
                                                      0.000     0.000 r  
    R4                                                0.000     0.000 r  sys_clk (IN)
                         net (fo=0)                   0.000     0.000    u_mmcm/inst/clk_in1
    R4                   IBUF (Prop_ibuf_I_O)         0.256     0.256 r  u_mmcm/inst/clkin1_ibufg/O
                         net (fo=1, routed)           0.440     0.696    u_mmcm/inst/clk_in1_clk_wiz_0
    MMCME2_ADV_X1Y2      MMCME2_ADV (Prop_mmcme2_adv_CLKIN1_CLKOUT1)
                                                     -2.540    -1.844 r  u_mmcm/inst/mmcm_adv_inst/CLKOUT1
                         net (fo=1, routed)           0.531    -1.313    u_mmcm/inst/clk_out2_clk_wiz_0
    BUFGCTRL_X0Y0        BUFG (Prop_bufg_I_O)         0.026    -1.287 r  u_mmcm/inst/clkout2_buf/O
                         net (fo=1237, routed)        0.591    -0.696    u_rgmii_bridge/fifo_generator_0_inst/U0/inst_fifo_gen/gconvfifo.rf/grf.rf/gntv_or_sync_fifo.gl0.wr/wpntr/wr_clk
    SLICE_X111Y145       FDRE                                         r  u_rgmii_bridge/fifo_generator_0_inst/U0/inst_fifo_gen/gconvfifo.rf/grf.rf/gntv_or_sync_fifo.gl0.wr/wpntr/gic0.gc0.count_d2_reg[2]/C
  -------------------------------------------------------------------    -------------------
    SLICE_X111Y145       FDRE (Prop_fdre_C_Q)         0.141    -0.555 r  u_rgmii_bridge/fifo_generator_0_inst/U0/inst_fifo_gen/gconvfifo.rf/grf.rf/gntv_or_sync_fifo.gl0.wr/wpntr/gic0.gc0.count_d2_reg[2]/Q
                         net (fo=6, routed)           0.427    -0.129    u_rgmii_bridge/fifo_generator_0_inst/U0/inst_fifo_gen/gconvfifo.rf/grf.rf/gntv_or_sync_fifo.mem/gbm.gbmg.gbmgc.ngecc.bmg/inst_blk_mem_gen/gnbram.gnativebmg.native_blk_mem_gen/valid.cstr/ramloop[2].ram.r/prim_noinit.ram/DEVICE_7SERIES.NO_BMM_INFO.SDP.WIDE_PRIM36_NO_ECC.ram_2[2]
    RAMB36_X6Y30         RAMB36E1                                     r  u_rgmii_bridge/fifo_generator_0_inst/U0/inst_fifo_gen/gconvfifo.rf/grf.rf/gntv_or_sync_fifo.mem/gbm.gbmg.gbmgc.ngecc.bmg/inst_blk_mem_gen/gnbram.gnativebmg.native_blk_mem_gen/valid.cstr/ramloop[2].ram.r/prim_noinit.ram/DEVICE_7SERIES.NO_BMM_INFO.SDP.WIDE_PRIM36_NO_ECC.ram/ADDRBWRADDR[8]
  -------------------------------------------------------------------    -------------------

                         (clock clk_out2_clk_wiz_0 rise edge)
                                                      0.000     0.000 r  
    R4                                                0.000     0.000 r  sys_clk (IN)
                         net (fo=0)                   0.000     0.000    u_mmcm/inst/clk_in1
    R4                   IBUF (Prop_ibuf_I_O)         0.444     0.444 r  u_mmcm/inst/clkin1_ibufg/O
                         net (fo=1, routed)           0.480     0.924    u_mmcm/inst/clk_in1_clk_wiz_0
    MMCME2_ADV_X1Y2      MMCME2_ADV (Prop_mmcme2_adv_CLKIN1_CLKOUT1)
                                                     -3.332    -2.409 r  u_mmcm/inst/mmcm_adv_inst/CLKOUT1
                         net (fo=1, routed)           0.579    -1.830    u_mmcm/inst/clk_out2_clk_wiz_0
    BUFGCTRL_X0Y0        BUFG (Prop_bufg_I_O)         0.029    -1.801 r  u_mmcm/inst/clkout2_buf/O
                         net (fo=1237, routed)        0.893    -0.908    u_rgmii_bridge/fifo_generator_0_inst/U0/inst_fifo_gen/gconvfifo.rf/grf.rf/gntv_or_sync_fifo.mem/gbm.gbmg.gbmgc.ngecc.bmg/inst_blk_mem_gen/gnbram.gnativebmg.native_blk_mem_gen/valid.cstr/ramloop[2].ram.r/prim_noinit.ram/wr_clk
    RAMB36_X6Y30         RAMB36E1                                     r  u_rgmii_bridge/fifo_generator_0_inst/U0/inst_fifo_gen/gconvfifo.rf/grf.rf/gntv_or_sync_fifo.mem/gbm.gbmg.gbmgc.ngecc.bmg/inst_blk_mem_gen/gnbram.gnativebmg.native_blk_mem_gen/valid.cstr/ramloop[2].ram.r/prim_noinit.ram/DEVICE_7SERIES.NO_BMM_INFO.SDP.WIDE_PRIM36_NO_ECC.ram/CLKBWRCLK
                         clock pessimism              0.514    -0.394    
    RAMB36_X6Y30         RAMB36E1 (Hold_ramb36e1_CLKBWRCLK_ADDRBWRADDR[8])
                                                      0.183    -0.211    u_rgmii_bridge/fifo_generator_0_inst/U0/inst_fifo_gen/gconvfifo.rf/grf.rf/gntv_or_sync_fifo.mem/gbm.gbmg.gbmgc.ngecc.bmg/inst_blk_mem_gen/gnbram.gnativebmg.native_blk_mem_gen/valid.cstr/ramloop[2].ram.r/prim_noinit.ram/DEVICE_7SERIES.NO_BMM_INFO.SDP.WIDE_PRIM36_NO_ECC.ram
  -------------------------------------------------------------------
                         required time                          0.211    
                         arrival time                          -0.129    
  -------------------------------------------------------------------
                         slack                                  0.082    

Slack (MET) :             0.103ns  (arrival time - required time)
  Source:                 u_data_rx_dual/u_panel1/merged_burst_reg[36]/C
                            (rising edge-triggered cell FDCE clocked by clk_out2_clk_wiz_0  {rise@0.000ns fall@5.000ns period=10.000ns})
  Destination:            u_data_rx_dual/panel1_hold_reg[36]/D
                            (rising edge-triggered cell FDCE clocked by clk_out2_clk_wiz_0  {rise@0.000ns fall@5.000ns period=10.000ns})
  Path Group:             clk_out2_clk_wiz_0
  Path Type:              Hold (Min at Fast Process Corner)
  Requirement:            0.000ns  (clk_out2_clk_wiz_0 rise@0.000ns - clk_out2_clk_wiz_0 rise@0.000ns)
  Data Path Delay:        0.192ns  (logic 0.141ns (73.267%)  route 0.051ns (26.733%))
  Logic Levels:           0  
  Clock Path Skew:        0.013ns (DCD - SCD - CPR)
    Destination Clock Delay (DCD):    -0.939ns
    Source Clock Delay      (SCD):    -0.696ns
    Clock Pessimism Removal (CPR):    -0.256ns

    Location             Delay type                Incr(ns)  Path(ns)    Netlist Resource(s)
  -------------------------------------------------------------------    -------------------
                         (clock clk_out2_clk_wiz_0 rise edge)
                                                      0.000     0.000 r  
    R4                                                0.000     0.000 r  sys_clk (IN)
                         net (fo=0)                   0.000     0.000    u_mmcm/inst/clk_in1
    R4                   IBUF (Prop_ibuf_I_O)         0.256     0.256 r  u_mmcm/inst/clkin1_ibufg/O
                         net (fo=1, routed)           0.440     0.696    u_mmcm/inst/clk_in1_clk_wiz_0
    MMCME2_ADV_X1Y2      MMCME2_ADV (Prop_mmcme2_adv_CLKIN1_CLKOUT1)
                                                     -2.540    -1.844 r  u_mmcm/inst/mmcm_adv_inst/CLKOUT1
                         net (fo=1, routed)           0.531    -1.313    u_mmcm/inst/clk_out2_clk_wiz_0
    BUFGCTRL_X0Y0        BUFG (Prop_bufg_I_O)         0.026    -1.287 r  u_mmcm/inst/clkout2_buf/O
                         net (fo=1237, routed)        0.591    -0.696    u_data_rx_dual/u_panel1/CLK
    SLICE_X113Y152       FDCE                                         r  u_data_rx_dual/u_panel1/merged_burst_reg[36]/C
  -------------------------------------------------------------------    -------------------
    SLICE_X113Y152       FDCE (Prop_fdce_C_Q)         0.141    -0.555 r  u_data_rx_dual/u_panel1/merged_burst_reg[36]/Q
                         net (fo=1, routed)           0.051    -0.504    u_data_rx_dual/u_panel1_n_95
    SLICE_X112Y152       FDCE                                         r  u_data_rx_dual/panel1_hold_reg[36]/D
  -------------------------------------------------------------------    -------------------

                         (clock clk_out2_clk_wiz_0 rise edge)
                                                      0.000     0.000 r  
    R4                                                0.000     0.000 r  sys_clk (IN)
                         net (fo=0)                   0.000     0.000    u_mmcm/inst/clk_in1
    R4                   IBUF (Prop_ibuf_I_O)         0.444     0.444 r  u_mmcm/inst/clkin1_ibufg/O
                         net (fo=1, routed)           0.480     0.924    u_mmcm/inst/clk_in1_clk_wiz_0
    MMCME2_ADV_X1Y2      MMCME2_ADV (Prop_mmcme2_adv_CLKIN1_CLKOUT1)
                                                     -3.332    -2.409 r  u_mmcm/inst/mmcm_adv_inst/CLKOUT1
                         net (fo=1, routed)           0.579    -1.830    u_mmcm/inst/clk_out2_clk_wiz_0
    BUFGCTRL_X0Y0        BUFG (Prop_bufg_I_O)         0.029    -1.801 r  u_mmcm/inst/clkout2_buf/O
                         net (fo=1237, routed)        0.862    -0.939    u_data_rx_dual/CLK
    SLICE_X112Y152       FDCE                                         r  u_data_rx_dual/panel1_hold_reg[36]/C
                         clock pessimism              0.256    -0.683    
    SLICE_X112Y152       FDCE (Hold_fdce_C_D)         0.076    -0.607    u_data_rx_dual/panel1_hold_reg[36]
  -------------------------------------------------------------------
                         required time                          0.607    
                         arrival time                          -0.504    
  -------------------------------------------------------------------
                         slack                                  0.103    

Slack (MET) :             0.105ns  (arrival time - required time)
  Source:                 u_data_rx_dual/panel0_hold_reg[113]/C
                            (rising edge-triggered cell FDCE clocked by clk_out2_clk_wiz_0  {rise@0.000ns fall@5.000ns period=10.000ns})
  Destination:            u_data_rx_dual/merged_burst_reg[113]/D
                            (rising edge-triggered cell FDCE clocked by clk_out2_clk_wiz_0  {rise@0.000ns fall@5.000ns period=10.000ns})
  Path Group:             clk_out2_clk_wiz_0
  Path Type:              Hold (Min at Fast Process Corner)
  Requirement:            0.000ns  (clk_out2_clk_wiz_0 rise@0.000ns - clk_out2_clk_wiz_0 rise@0.000ns)
  Data Path Delay:        0.194ns  (logic 0.141ns (72.513%)  route 0.053ns (27.487%))
  Logic Levels:           0  
  Clock Path Skew:        0.013ns (DCD - SCD - CPR)
    Destination Clock Delay (DCD):    -0.942ns
    Source Clock Delay      (SCD):    -0.699ns
    Clock Pessimism Removal (CPR):    -0.256ns

    Location             Delay type                Incr(ns)  Path(ns)    Netlist Resource(s)
  -------------------------------------------------------------------    -------------------
                         (clock clk_out2_clk_wiz_0 rise edge)
                                                      0.000     0.000 r  
    R4                                                0.000     0.000 r  sys_clk (IN)
                         net (fo=0)                   0.000     0.000    u_mmcm/inst/clk_in1
    R4                   IBUF (Prop_ibuf_I_O)         0.256     0.256 r  u_mmcm/inst/clkin1_ibufg/O
                         net (fo=1, routed)           0.440     0.696    u_mmcm/inst/clk_in1_clk_wiz_0
    MMCME2_ADV_X1Y2      MMCME2_ADV (Prop_mmcme2_adv_CLKIN1_CLKOUT1)
                                                     -2.540    -1.844 r  u_mmcm/inst/mmcm_adv_inst/CLKOUT1
                         net (fo=1, routed)           0.531    -1.313    u_mmcm/inst/clk_out2_clk_wiz_0
    BUFGCTRL_X0Y0        BUFG (Prop_bufg_I_O)         0.026    -1.287 r  u_mmcm/inst/clkout2_buf/O
                         net (fo=1237, routed)        0.588    -0.699    u_data_rx_dual/CLK
    SLICE_X109Y158       FDCE                                         r  u_data_rx_dual/panel0_hold_reg[113]/C
  -------------------------------------------------------------------    -------------------
    SLICE_X109Y158       FDCE (Prop_fdce_C_Q)         0.141    -0.558 r  u_data_rx_dual/panel0_hold_reg[113]/Q
                         net (fo=1, routed)           0.053    -0.505    u_data_rx_dual/panel0_hold[113]
    SLICE_X108Y158       FDCE                                         r  u_data_rx_dual/merged_burst_reg[113]/D
  -------------------------------------------------------------------    -------------------

                         (clock clk_out2_clk_wiz_0 rise edge)
                                                      0.000     0.000 r  
    R4                                                0.000     0.000 r  sys_clk (IN)
                         net (fo=0)                   0.000     0.000    u_mmcm/inst/clk_in1
    R4                   IBUF (Prop_ibuf_I_O)         0.444     0.444 r  u_mmcm/inst/clkin1_ibufg/O
                         net (fo=1, routed)           0.480     0.924    u_mmcm/inst/clk_in1_clk_wiz_0
    MMCME2_ADV_X1Y2      MMCME2_ADV (Prop_mmcme2_adv_CLKIN1_CLKOUT1)
                                                     -3.332    -2.409 r  u_mmcm/inst/mmcm_adv_inst/CLKOUT1
                         net (fo=1, routed)           0.579    -1.830    u_mmcm/inst/clk_out2_clk_wiz_0
    BUFGCTRL_X0Y0        BUFG (Prop_bufg_I_O)         0.029    -1.801 r  u_mmcm/inst/clkout2_buf/O
                         net (fo=1237, routed)        0.858    -0.942    u_data_rx_dual/CLK
    SLICE_X108Y158       FDCE                                         r  u_data_rx_dual/merged_burst_reg[113]/C
                         clock pessimism              0.256    -0.686    
    SLICE_X108Y158       FDCE (Hold_fdce_C_D)         0.076    -0.610    u_data_rx_dual/merged_burst_reg[113]
  -------------------------------------------------------------------
                         required time                          0.610    
                         arrival time                          -0.505    
  -------------------------------------------------------------------
                         slack                                  0.105    

Slack (MET) :             0.109ns  (arrival time - required time)
  Source:                 u_data_rx_dual/u_panel1/lane_a_shift_reg[6]/C
                            (rising edge-triggered cell FDCE clocked by clk_out2_clk_wiz_0  {rise@0.000ns fall@5.000ns period=10.000ns})
  Destination:            u_data_rx_dual/u_panel1/merged_burst_reg[22]/D
                            (rising edge-triggered cell FDCE clocked by clk_out2_clk_wiz_0  {rise@0.000ns fall@5.000ns period=10.000ns})
  Path Group:             clk_out2_clk_wiz_0
  Path Type:              Hold (Min at Fast Process Corner)
  Requirement:            0.000ns  (clk_out2_clk_wiz_0 rise@0.000ns - clk_out2_clk_wiz_0 rise@0.000ns)
  Data Path Delay:        0.398ns  (logic 0.128ns (32.163%)  route 0.270ns (67.837%))
  Logic Levels:           0  
  Clock Path Skew:        0.273ns (DCD - SCD - CPR)
    Destination Clock Delay (DCD):    -0.936ns
    Source Clock Delay      (SCD):    -0.695ns
    Clock Pessimism Removal (CPR):    -0.514ns

    Location             Delay type                Incr(ns)  Path(ns)    Netlist Resource(s)
  -------------------------------------------------------------------    -------------------
                         (clock clk_out2_clk_wiz_0 rise edge)
                                                      0.000     0.000 r  
    R4                                                0.000     0.000 r  sys_clk (IN)
                         net (fo=0)                   0.000     0.000    u_mmcm/inst/clk_in1
    R4                   IBUF (Prop_ibuf_I_O)         0.256     0.256 r  u_mmcm/inst/clkin1_ibufg/O
                         net (fo=1, routed)           0.440     0.696    u_mmcm/inst/clk_in1_clk_wiz_0
    MMCME2_ADV_X1Y2      MMCME2_ADV (Prop_mmcme2_adv_CLKIN1_CLKOUT1)
                                                     -2.540    -1.844 r  u_mmcm/inst/mmcm_adv_inst/CLKOUT1
                         net (fo=1, routed)           0.531    -1.313    u_mmcm/inst/clk_out2_clk_wiz_0
    BUFGCTRL_X0Y0        BUFG (Prop_bufg_I_O)         0.026    -1.287 r  u_mmcm/inst/clkout2_buf/O
                         net (fo=1237, routed)        0.592    -0.695    u_data_rx_dual/u_panel1/CLK
    SLICE_X117Y152       FDCE                                         r  u_data_rx_dual/u_panel1/lane_a_shift_reg[6]/C
  -------------------------------------------------------------------    -------------------
    SLICE_X117Y152       FDCE (Prop_fdce_C_Q)         0.128    -0.567 r  u_data_rx_dual/u_panel1/lane_a_shift_reg[6]/Q
                         net (fo=2, routed)           0.270    -0.297    u_data_rx_dual/u_panel1/lane_a_shift_reg_n_0_[6]
    SLICE_X118Y149       FDCE                                         r  u_data_rx_dual/u_panel1/merged_burst_reg[22]/D
  -------------------------------------------------------------------    -------------------

                         (clock clk_out2_clk_wiz_0 rise edge)
                                                      0.000     0.000 r  
    R4                                                0.000     0.000 r  sys_clk (IN)
                         net (fo=0)                   0.000     0.000    u_mmcm/inst/clk_in1
    R4                   IBUF (Prop_ibuf_I_O)         0.444     0.444 r  u_mmcm/inst/clkin1_ibufg/O
                         net (fo=1, routed)           0.480     0.924    u_mmcm/inst/clk_in1_clk_wiz_0
    MMCME2_ADV_X1Y2      MMCME2_ADV (Prop_mmcme2_adv_CLKIN1_CLKOUT1)
                                                     -3.332    -2.409 r  u_mmcm/inst/mmcm_adv_inst/CLKOUT1
                         net (fo=1, routed)           0.579    -1.830    u_mmcm/inst/clk_out2_clk_wiz_0
    BUFGCTRL_X0Y0        BUFG (Prop_bufg_I_O)         0.029    -1.801 r  u_mmcm/inst/clkout2_buf/O
                         net (fo=1237, routed)        0.865    -0.936    u_data_rx_dual/u_panel1/CLK
    SLICE_X118Y149       FDCE                                         r  u_data_rx_dual/u_panel1/merged_burst_reg[22]/C
                         clock pessimism              0.514    -0.422    
    SLICE_X118Y149       FDCE (Hold_fdce_C_D)         0.016    -0.406    u_data_rx_dual/u_panel1/merged_burst_reg[22]
  -------------------------------------------------------------------
                         required time                          0.406    
                         arrival time                          -0.297    
  -------------------------------------------------------------------
                         slack                                  0.109    

Slack (MET) :             0.114ns  (arrival time - required time)
  Source:                 u_data_rx_dual/u_panel1/lane_a_shift_reg[51]/C
                            (rising edge-triggered cell FDCE clocked by clk_out2_clk_wiz_0  {rise@0.000ns fall@5.000ns period=10.000ns})
  Destination:            u_data_rx_dual/u_panel1/merged_burst_reg[115]/D
                            (rising edge-triggered cell FDCE clocked by clk_out2_clk_wiz_0  {rise@0.000ns fall@5.000ns period=10.000ns})
  Path Group:             clk_out2_clk_wiz_0
  Path Type:              Hold (Min at Fast Process Corner)
  Requirement:            0.000ns  (clk_out2_clk_wiz_0 rise@0.000ns - clk_out2_clk_wiz_0 rise@0.000ns)
  Data Path Delay:        0.203ns  (logic 0.141ns (69.495%)  route 0.062ns (30.505%))
  Logic Levels:           0  
  Clock Path Skew:        0.013ns (DCD - SCD - CPR)
    Destination Clock Delay (DCD):    -0.939ns
    Source Clock Delay      (SCD):    -0.696ns
    Clock Pessimism Removal (CPR):    -0.256ns

    Location             Delay type                Incr(ns)  Path(ns)    Netlist Resource(s)
  -------------------------------------------------------------------    -------------------
                         (clock clk_out2_clk_wiz_0 rise edge)
                                                      0.000     0.000 r  
    R4                                                0.000     0.000 r  sys_clk (IN)
                         net (fo=0)                   0.000     0.000    u_mmcm/inst/clk_in1
    R4                   IBUF (Prop_ibuf_I_O)         0.256     0.256 r  u_mmcm/inst/clkin1_ibufg/O
                         net (fo=1, routed)           0.440     0.696    u_mmcm/inst/clk_in1_clk_wiz_0
    MMCME2_ADV_X1Y2      MMCME2_ADV (Prop_mmcme2_adv_CLKIN1_CLKOUT1)
                                                     -2.540    -1.844 r  u_mmcm/inst/mmcm_adv_inst/CLKOUT1
                         net (fo=1, routed)           0.531    -1.313    u_mmcm/inst/clk_out2_clk_wiz_0
    BUFGCTRL_X0Y0        BUFG (Prop_bufg_I_O)         0.026    -1.287 r  u_mmcm/inst/clkout2_buf/O
                         net (fo=1237, routed)        0.591    -0.696    u_data_rx_dual/u_panel1/CLK
    SLICE_X109Y146       FDCE                                         r  u_data_rx_dual/u_panel1/lane_a_shift_reg[51]/C
  -------------------------------------------------------------------    -------------------
    SLICE_X109Y146       FDCE (Prop_fdce_C_Q)         0.141    -0.555 r  u_data_rx_dual/u_panel1/lane_a_shift_reg[51]/Q
                         net (fo=2, routed)           0.062    -0.493    u_data_rx_dual/u_panel1/a_word0[3]
    SLICE_X108Y146       FDCE                                         r  u_data_rx_dual/u_panel1/merged_burst_reg[115]/D
  -------------------------------------------------------------------    -------------------

                         (clock clk_out2_clk_wiz_0 rise edge)
                                                      0.000     0.000 r  
    R4                                                0.000     0.000 r  sys_clk (IN)
                         net (fo=0)                   0.000     0.000    u_mmcm/inst/clk_in1
    R4                   IBUF (Prop_ibuf_I_O)         0.444     0.444 r  u_mmcm/inst/clkin1_ibufg/O
                         net (fo=1, routed)           0.480     0.924    u_mmcm/inst/clk_in1_clk_wiz_0
    MMCME2_ADV_X1Y2      MMCME2_ADV (Prop_mmcme2_adv_CLKIN1_CLKOUT1)
                                                     -3.332    -2.409 r  u_mmcm/inst/mmcm_adv_inst/CLKOUT1
                         net (fo=1, routed)           0.579    -1.830    u_mmcm/inst/clk_out2_clk_wiz_0
    BUFGCTRL_X0Y0        BUFG (Prop_bufg_I_O)         0.029    -1.801 r  u_mmcm/inst/clkout2_buf/O
                         net (fo=1237, routed)        0.862    -0.939    u_data_rx_dual/u_panel1/CLK
    SLICE_X108Y146       FDCE                                         r  u_data_rx_dual/u_panel1/merged_burst_reg[115]/C
                         clock pessimism              0.256    -0.683    
    SLICE_X108Y146       FDCE (Hold_fdce_C_D)         0.076    -0.607    u_data_rx_dual/u_panel1/merged_burst_reg[115]
  -------------------------------------------------------------------
                         required time                          0.607    
                         arrival time                          -0.493    
  -------------------------------------------------------------------
                         slack                                  0.114    

Slack (MET) :             0.115ns  (arrival time - required time)
  Source:                 u_data_rx_dual/u_panel0/lane_a_shift_reg[0]/C
                            (rising edge-triggered cell FDCE clocked by clk_out2_clk_wiz_0  {rise@0.000ns fall@5.000ns period=10.000ns})
  Destination:            u_data_rx_dual/u_panel0/lane_a_shift_reg[1]/D
                            (rising edge-triggered cell FDCE clocked by clk_out2_clk_wiz_0  {rise@0.000ns fall@5.000ns period=10.000ns})
  Path Group:             clk_out2_clk_wiz_0
  Path Type:              Hold (Min at Fast Process Corner)
  Requirement:            0.000ns  (clk_out2_clk_wiz_0 rise@0.000ns - clk_out2_clk_wiz_0 rise@0.000ns)
  Data Path Delay:        0.511ns  (logic 0.186ns (36.421%)  route 0.325ns (63.579%))
  Logic Levels:           1  (LUT2=1)
  Clock Path Skew:        0.275ns (DCD - SCD - CPR)
    Destination Clock Delay (DCD):    -0.947ns
    Source Clock Delay      (SCD):    -0.708ns
    Clock Pessimism Removal (CPR):    -0.514ns

    Location             Delay type                Incr(ns)  Path(ns)    Netlist Resource(s)
  -------------------------------------------------------------------    -------------------
                         (clock clk_out2_clk_wiz_0 rise edge)
                                                      0.000     0.000 r  
    R4                                                0.000     0.000 r  sys_clk (IN)
                         net (fo=0)                   0.000     0.000    u_mmcm/inst/clk_in1
    R4                   IBUF (Prop_ibuf_I_O)         0.256     0.256 r  u_mmcm/inst/clkin1_ibufg/O
                         net (fo=1, routed)           0.440     0.696    u_mmcm/inst/clk_in1_clk_wiz_0
    MMCME2_ADV_X1Y2      MMCME2_ADV (Prop_mmcme2_adv_CLKIN1_CLKOUT1)
                                                     -2.540    -1.844 r  u_mmcm/inst/mmcm_adv_inst/CLKOUT1
                         net (fo=1, routed)           0.531    -1.313    u_mmcm/inst/clk_out2_clk_wiz_0
    BUFGCTRL_X0Y0        BUFG (Prop_bufg_I_O)         0.026    -1.287 r  u_mmcm/inst/clkout2_buf/O
                         net (fo=1237, routed)        0.579    -0.708    u_data_rx_dual/u_panel0/CLK
    SLICE_X97Y154        FDCE                                         r  u_data_rx_dual/u_panel0/lane_a_shift_reg[0]/C
  -------------------------------------------------------------------    -------------------
    SLICE_X97Y154        FDCE (Prop_fdce_C_Q)         0.141    -0.567 r  u_data_rx_dual/u_panel0/lane_a_shift_reg[0]/Q
                         net (fo=2, routed)           0.325    -0.242    u_data_rx_dual/u_panel0/lane_a_shift_reg_n_0_[0]
    SLICE_X100Y143       LUT2 (Prop_lut2_I1_O)        0.045    -0.197 r  u_data_rx_dual/u_panel0/lane_a_shift[1]_i_1/O
                         net (fo=1, routed)           0.000    -0.197    u_data_rx_dual/u_panel0/lane_a_shift[1]_i_1_n_0
    SLICE_X100Y143       FDCE                                         r  u_data_rx_dual/u_panel0/lane_a_shift_reg[1]/D
  -------------------------------------------------------------------    -------------------

                         (clock clk_out2_clk_wiz_0 rise edge)
                                                      0.000     0.000 r  
    R4                                                0.000     0.000 r  sys_clk (IN)
                         net (fo=0)                   0.000     0.000    u_mmcm/inst/clk_in1
    R4                   IBUF (Prop_ibuf_I_O)         0.444     0.444 r  u_mmcm/inst/clkin1_ibufg/O
                         net (fo=1, routed)           0.480     0.924    u_mmcm/inst/clk_in1_clk_wiz_0
    MMCME2_ADV_X1Y2      MMCME2_ADV (Prop_mmcme2_adv_CLKIN1_CLKOUT1)
                                                     -3.332    -2.409 r  u_mmcm/inst/mmcm_adv_inst/CLKOUT1
                         net (fo=1, routed)           0.579    -1.830    u_mmcm/inst/clk_out2_clk_wiz_0
    BUFGCTRL_X0Y0        BUFG (Prop_bufg_I_O)         0.029    -1.801 r  u_mmcm/inst/clkout2_buf/O
                         net (fo=1237, routed)        0.854    -0.947    u_data_rx_dual/u_panel0/CLK
    SLICE_X100Y143       FDCE                                         r  u_data_rx_dual/u_panel0/lane_a_shift_reg[1]/C
                         clock pessimism              0.514    -0.433    
    SLICE_X100Y143       FDCE (Hold_fdce_C_D)         0.121    -0.312    u_data_rx_dual/u_panel0/lane_a_shift_reg[1]
  -------------------------------------------------------------------
                         required time                          0.312    
                         arrival time                          -0.197    
  -------------------------------------------------------------------
                         slack                                  0.115    

Slack (MET) :             0.122ns  (arrival time - required time)
  Source:                 u_data_rx_dual/u_panel1/lane_b_shift_reg[62]/C
                            (rising edge-triggered cell FDCE clocked by clk_out2_clk_wiz_0  {rise@0.000ns fall@5.000ns period=10.000ns})
  Destination:            u_data_rx_dual/u_panel1/lane_b_shift_reg[63]/D
                            (rising edge-triggered cell FDCE clocked by clk_out2_clk_wiz_0  {rise@0.000ns fall@5.000ns period=10.000ns})
  Path Group:             clk_out2_clk_wiz_0
  Path Type:              Hold (Min at Fast Process Corner)
  Requirement:            0.000ns  (clk_out2_clk_wiz_0 rise@0.000ns - clk_out2_clk_wiz_0 rise@0.000ns)
  Data Path Delay:        0.523ns  (logic 0.227ns (43.384%)  route 0.296ns (56.616%))
  Logic Levels:           1  (LUT2=1)
  Clock Path Skew:        0.270ns (DCD - SCD - CPR)
    Destination Clock Delay (DCD):    -0.940ns
    Source Clock Delay      (SCD):    -0.696ns
    Clock Pessimism Removal (CPR):    -0.514ns

    Location             Delay type                Incr(ns)  Path(ns)    Netlist Resource(s)
  -------------------------------------------------------------------    -------------------
                         (clock clk_out2_clk_wiz_0 rise edge)
                                                      0.000     0.000 r  
    R4                                                0.000     0.000 r  sys_clk (IN)
                         net (fo=0)                   0.000     0.000    u_mmcm/inst/clk_in1
    R4                   IBUF (Prop_ibuf_I_O)         0.256     0.256 r  u_mmcm/inst/clkin1_ibufg/O
                         net (fo=1, routed)           0.440     0.696    u_mmcm/inst/clk_in1_clk_wiz_0
    MMCME2_ADV_X1Y2      MMCME2_ADV (Prop_mmcme2_adv_CLKIN1_CLKOUT1)
                                                     -2.540    -1.844 r  u_mmcm/inst/mmcm_adv_inst/CLKOUT1
                         net (fo=1, routed)           0.531    -1.313    u_mmcm/inst/clk_out2_clk_wiz_0
    BUFGCTRL_X0Y0        BUFG (Prop_bufg_I_O)         0.026    -1.287 r  u_mmcm/inst/clkout2_buf/O
                         net (fo=1237, routed)        0.591    -0.696    u_data_rx_dual/u_panel1/CLK
    SLICE_X110Y146       FDCE                                         r  u_data_rx_dual/u_panel1/lane_b_shift_reg[62]/C
  -------------------------------------------------------------------    -------------------
    SLICE_X110Y146       FDCE (Prop_fdce_C_Q)         0.128    -0.568 r  u_data_rx_dual/u_panel1/lane_b_shift_reg[62]/Q
                         net (fo=2, routed)           0.296    -0.272    u_data_rx_dual/u_panel1/lane_b_shift_reg_n_0_[62]
    SLICE_X108Y151       LUT2 (Prop_lut2_I1_O)        0.099    -0.173 r  u_data_rx_dual/u_panel1/lane_b_shift[63]_i_1__0/O
                         net (fo=1, routed)           0.000    -0.173    u_data_rx_dual/u_panel1/lane_b_shift[63]_i_1__0_n_0
    SLICE_X108Y151       FDCE                                         r  u_data_rx_dual/u_panel1/lane_b_shift_reg[63]/D
  -------------------------------------------------------------------    -------------------

                         (clock clk_out2_clk_wiz_0 rise edge)
                                                      0.000     0.000 r  
    R4                                                0.000     0.000 r  sys_clk (IN)
                         net (fo=0)                   0.000     0.000    u_mmcm/inst/clk_in1
    R4                   IBUF (Prop_ibuf_I_O)         0.444     0.444 r  u_mmcm/inst/clkin1_ibufg/O
                         net (fo=1, routed)           0.480     0.924    u_mmcm/inst/clk_in1_clk_wiz_0
    MMCME2_ADV_X1Y2      MMCME2_ADV (Prop_mmcme2_adv_CLKIN1_CLKOUT1)
                                                     -3.332    -2.409 r  u_mmcm/inst/mmcm_adv_inst/CLKOUT1
                         net (fo=1, routed)           0.579    -1.830    u_mmcm/inst/clk_out2_clk_wiz_0
    BUFGCTRL_X0Y0        BUFG (Prop_bufg_I_O)         0.029    -1.801 r  u_mmcm/inst/clkout2_buf/O
                         net (fo=1237, routed)        0.860    -0.940    u_data_rx_dual/u_panel1/CLK
    SLICE_X108Y151       FDCE                                         r  u_data_rx_dual/u_panel1/lane_b_shift_reg[63]/C
                         clock pessimism              0.514    -0.426    
    SLICE_X108Y151       FDCE (Hold_fdce_C_D)         0.131    -0.295    u_data_rx_dual/u_panel1/lane_b_shift_reg[63]
  -------------------------------------------------------------------
                         required time                          0.295    
                         arrival time                          -0.173    
  -------------------------------------------------------------------
                         slack                                  0.122    

Slack (MET) :             0.124ns  (arrival time - required time)
  Source:                 u_data_rx_dual/merged_burst_reg[212]/C
                            (rising edge-triggered cell FDCE clocked by clk_out2_clk_wiz_0  {rise@0.000ns fall@5.000ns period=10.000ns})
  Destination:            u_rgmii_bridge/fifo_generator_0_inst/U0/inst_fifo_gen/gconvfifo.rf/grf.rf/gntv_or_sync_fifo.mem/gbm.gbmg.gbmgc.ngecc.bmg/inst_blk_mem_gen/gnbram.gnativebmg.native_blk_mem_gen/valid.cstr/ramloop[2].ram.r/prim_noinit.ram/DEVICE_7SERIES.NO_BMM_INFO.SDP.WIDE_PRIM36_NO_ECC.ram/DIBDI[29]
                            (rising edge-triggered cell RAMB36E1 clocked by clk_out2_clk_wiz_0  {rise@0.000ns fall@5.000ns period=10.000ns})
  Path Group:             clk_out2_clk_wiz_0
  Path Type:              Hold (Min at Fast Process Corner)
  Requirement:            0.000ns  (clk_out2_clk_wiz_0 rise@0.000ns - clk_out2_clk_wiz_0 rise@0.000ns)
  Data Path Delay:        0.437ns  (logic 0.128ns (29.295%)  route 0.309ns (70.705%))
  Logic Levels:           0  
  Clock Path Skew:        0.070ns (DCD - SCD - CPR)
    Destination Clock Delay (DCD):    -0.908ns
    Source Clock Delay      (SCD):    -0.697ns
    Clock Pessimism Removal (CPR):    -0.280ns

    Location             Delay type                Incr(ns)  Path(ns)    Netlist Resource(s)
  -------------------------------------------------------------------    -------------------
                         (clock clk_out2_clk_wiz_0 rise edge)
                                                      0.000     0.000 r  
    R4                                                0.000     0.000 r  sys_clk (IN)
                         net (fo=0)                   0.000     0.000    u_mmcm/inst/clk_in1
    R4                   IBUF (Prop_ibuf_I_O)         0.256     0.256 r  u_mmcm/inst/clkin1_ibufg/O
                         net (fo=1, routed)           0.440     0.696    u_mmcm/inst/clk_in1_clk_wiz_0
    MMCME2_ADV_X1Y2      MMCME2_ADV (Prop_mmcme2_adv_CLKIN1_CLKOUT1)
                                                     -2.540    -1.844 r  u_mmcm/inst/mmcm_adv_inst/CLKOUT1
                         net (fo=1, routed)           0.531    -1.313    u_mmcm/inst/clk_out2_clk_wiz_0
    BUFGCTRL_X0Y0        BUFG (Prop_bufg_I_O)         0.026    -1.287 r  u_mmcm/inst/clkout2_buf/O
                         net (fo=1237, routed)        0.590    -0.697    u_data_rx_dual/CLK
    SLICE_X114Y154       FDCE                                         r  u_data_rx_dual/merged_burst_reg[212]/C
  -------------------------------------------------------------------    -------------------
    SLICE_X114Y154       FDCE (Prop_fdce_C_Q)         0.128    -0.569 r  u_data_rx_dual/merged_burst_reg[212]/Q
                         net (fo=1, routed)           0.309    -0.260    u_rgmii_bridge/fifo_generator_0_inst/U0/inst_fifo_gen/gconvfifo.rf/grf.rf/gntv_or_sync_fifo.mem/gbm.gbmg.gbmgc.ngecc.bmg/inst_blk_mem_gen/gnbram.gnativebmg.native_blk_mem_gen/valid.cstr/ramloop[2].ram.r/prim_noinit.ram/din[68]
    RAMB36_X6Y30         RAMB36E1                                     r  u_rgmii_bridge/fifo_generator_0_inst/U0/inst_fifo_gen/gconvfifo.rf/grf.rf/gntv_or_sync_fifo.mem/gbm.gbmg.gbmgc.ngecc.bmg/inst_blk_mem_gen/gnbram.gnativebmg.native_blk_mem_gen/valid.cstr/ramloop[2].ram.r/prim_noinit.ram/DEVICE_7SERIES.NO_BMM_INFO.SDP.WIDE_PRIM36_NO_ECC.ram/DIBDI[29]
  -------------------------------------------------------------------    -------------------

                         (clock clk_out2_clk_wiz_0 rise edge)
                                                      0.000     0.000 r  
    R4                                                0.000     0.000 r  sys_clk (IN)
                         net (fo=0)                   0.000     0.000    u_mmcm/inst/clk_in1
    R4                   IBUF (Prop_ibuf_I_O)         0.444     0.444 r  u_mmcm/inst/clkin1_ibufg/O
                         net (fo=1, routed)           0.480     0.924    u_mmcm/inst/clk_in1_clk_wiz_0
    MMCME2_ADV_X1Y2      MMCME2_ADV (Prop_mmcme2_adv_CLKIN1_CLKOUT1)
                                                     -3.332    -2.409 r  u_mmcm/inst/mmcm_adv_inst/CLKOUT1
                         net (fo=1, routed)           0.579    -1.830    u_mmcm/inst/clk_out2_clk_wiz_0
    BUFGCTRL_X0Y0        BUFG (Prop_bufg_I_O)         0.029    -1.801 r  u_mmcm/inst/clkout2_buf/O
                         net (fo=1237, routed)        0.893    -0.908    u_rgmii_bridge/fifo_generator_0_inst/U0/inst_fifo_gen/gconvfifo.rf/grf.rf/gntv_or_sync_fifo.mem/gbm.gbmg.gbmgc.ngecc.bmg/inst_blk_mem_gen/gnbram.gnativebmg.native_blk_mem_gen/valid.cstr/ramloop[2].ram.r/prim_noinit.ram/wr_clk
    RAMB36_X6Y30         RAMB36E1                                     r  u_rgmii_bridge/fifo_generator_0_inst/U0/inst_fifo_gen/gconvfifo.rf/grf.rf/gntv_or_sync_fifo.mem/gbm.gbmg.gbmgc.ngecc.bmg/inst_blk_mem_gen/gnbram.gnativebmg.native_blk_mem_gen/valid.cstr/ramloop[2].ram.r/prim_noinit.ram/DEVICE_7SERIES.NO_BMM_INFO.SDP.WIDE_PRIM36_NO_ECC.ram/CLKBWRCLK
                         clock pessimism              0.280    -0.627    
    RAMB36_X6Y30         RAMB36E1 (Hold_ramb36e1_CLKBWRCLK_DIBDI[29])
                                                      0.243    -0.384    u_rgmii_bridge/fifo_generator_0_inst/U0/inst_fifo_gen/gconvfifo.rf/grf.rf/gntv_or_sync_fifo.mem/gbm.gbmg.gbmgc.ngecc.bmg/inst_blk_mem_gen/gnbram.gnativebmg.native_blk_mem_gen/valid.cstr/ramloop[2].ram.r/prim_noinit.ram/DEVICE_7SERIES.NO_BMM_INFO.SDP.WIDE_PRIM36_NO_ECC.ram
  -------------------------------------------------------------------
                         required time                          0.384    
                         arrival time                          -0.260    
  -------------------------------------------------------------------
                         slack                                  0.124    

Slack (MET) :             0.127ns  (arrival time - required time)
  Source:                 u_data_rx_dual/merged_burst_reg[171]/C
                            (rising edge-triggered cell FDCE clocked by clk_out2_clk_wiz_0  {rise@0.000ns fall@5.000ns period=10.000ns})
  Destination:            u_rgmii_bridge/fifo_generator_0_inst/U0/inst_fifo_gen/gconvfifo.rf/grf.rf/gntv_or_sync_fifo.mem/gbm.gbmg.gbmgc.ngecc.bmg/inst_blk_mem_gen/gnbram.gnativebmg.native_blk_mem_gen/valid.cstr/ramloop[2].ram.r/prim_noinit.ram/DEVICE_7SERIES.NO_BMM_INFO.SDP.WIDE_PRIM36_NO_ECC.ram/DIADI[24]
                            (rising edge-triggered cell RAMB36E1 clocked by clk_out2_clk_wiz_0  {rise@0.000ns fall@5.000ns period=10.000ns})
  Path Group:             clk_out2_clk_wiz_0
  Path Type:              Hold (Min at Fast Process Corner)
  Requirement:            0.000ns  (clk_out2_clk_wiz_0 rise@0.000ns - clk_out2_clk_wiz_0 rise@0.000ns)
  Data Path Delay:        0.439ns  (logic 0.128ns (29.181%)  route 0.311ns (70.819%))
  Logic Levels:           0  
  Clock Path Skew:        0.069ns (DCD - SCD - CPR)
    Destination Clock Delay (DCD):    -0.908ns
    Source Clock Delay      (SCD):    -0.696ns
    Clock Pessimism Removal (CPR):    -0.280ns

    Location             Delay type                Incr(ns)  Path(ns)    Netlist Resource(s)
  -------------------------------------------------------------------    -------------------
                         (clock clk_out2_clk_wiz_0 rise edge)
                                                      0.000     0.000 r  
    R4                                                0.000     0.000 r  sys_clk (IN)
                         net (fo=0)                   0.000     0.000    u_mmcm/inst/clk_in1
    R4                   IBUF (Prop_ibuf_I_O)         0.256     0.256 r  u_mmcm/inst/clkin1_ibufg/O
                         net (fo=1, routed)           0.440     0.696    u_mmcm/inst/clk_in1_clk_wiz_0
    MMCME2_ADV_X1Y2      MMCME2_ADV (Prop_mmcme2_adv_CLKIN1_CLKOUT1)
                                                     -2.540    -1.844 r  u_mmcm/inst/mmcm_adv_inst/CLKOUT1
                         net (fo=1, routed)           0.531    -1.313    u_mmcm/inst/clk_out2_clk_wiz_0
    BUFGCTRL_X0Y0        BUFG (Prop_bufg_I_O)         0.026    -1.287 r  u_mmcm/inst/clkout2_buf/O
                         net (fo=1237, routed)        0.591    -0.696    u_data_rx_dual/CLK
    SLICE_X115Y151       FDCE                                         r  u_data_rx_dual/merged_burst_reg[171]/C
  -------------------------------------------------------------------    -------------------
    SLICE_X115Y151       FDCE (Prop_fdce_C_Q)         0.128    -0.568 r  u_data_rx_dual/merged_burst_reg[171]/Q
                         net (fo=1, routed)           0.311    -0.257    u_rgmii_bridge/fifo_generator_0_inst/U0/inst_fifo_gen/gconvfifo.rf/grf.rf/gntv_or_sync_fifo.mem/gbm.gbmg.gbmgc.ngecc.bmg/inst_blk_mem_gen/gnbram.gnativebmg.native_blk_mem_gen/valid.cstr/ramloop[2].ram.r/prim_noinit.ram/din[27]
    RAMB36_X6Y30         RAMB36E1                                     r  u_rgmii_bridge/fifo_generator_0_inst/U0/inst_fifo_gen/gconvfifo.rf/grf.rf/gntv_or_sync_fifo.mem/gbm.gbmg.gbmgc.ngecc.bmg/inst_blk_mem_gen/gnbram.gnativebmg.native_blk_mem_gen/valid.cstr/ramloop[2].ram.r/prim_noinit.ram/DEVICE_7SERIES.NO_BMM_INFO.SDP.WIDE_PRIM36_NO_ECC.ram/DIADI[24]
  -------------------------------------------------------------------    -------------------

                         (clock clk_out2_clk_wiz_0 rise edge)
                                                      0.000     0.000 r  
    R4                                                0.000     0.000 r  sys_clk (IN)
                         net (fo=0)                   0.000     0.000    u_mmcm/inst/clk_in1
    R4                   IBUF (Prop_ibuf_I_O)         0.444     0.444 r  u_mmcm/inst/clkin1_ibufg/O
                         net (fo=1, routed)           0.480     0.924    u_mmcm/inst/clk_in1_clk_wiz_0
    MMCME2_ADV_X1Y2      MMCME2_ADV (Prop_mmcme2_adv_CLKIN1_CLKOUT1)
                                                     -3.332    -2.409 r  u_mmcm/inst/mmcm_adv_inst/CLKOUT1
                         net (fo=1, routed)           0.579    -1.830    u_mmcm/inst/clk_out2_clk_wiz_0
    BUFGCTRL_X0Y0        BUFG (Prop_bufg_I_O)         0.029    -1.801 r  u_mmcm/inst/clkout2_buf/O
                         net (fo=1237, routed)        0.893    -0.908    u_rgmii_bridge/fifo_generator_0_inst/U0/inst_fifo_gen/gconvfifo.rf/grf.rf/gntv_or_sync_fifo.mem/gbm.gbmg.gbmgc.ngecc.bmg/inst_blk_mem_gen/gnbram.gnativebmg.native_blk_mem_gen/valid.cstr/ramloop[2].ram.r/prim_noinit.ram/wr_clk
    RAMB36_X6Y30         RAMB36E1                                     r  u_rgmii_bridge/fifo_generator_0_inst/U0/inst_fifo_gen/gconvfifo.rf/grf.rf/gntv_or_sync_fifo.mem/gbm.gbmg.gbmgc.ngecc.bmg/inst_blk_mem_gen/gnbram.gnativebmg.native_blk_mem_gen/valid.cstr/ramloop[2].ram.r/prim_noinit.ram/DEVICE_7SERIES.NO_BMM_INFO.SDP.WIDE_PRIM36_NO_ECC.ram/CLKBWRCLK
                         clock pessimism              0.280    -0.627    
    RAMB36_X6Y30         RAMB36E1 (Hold_ramb36e1_CLKBWRCLK_DIADI[24])
                                                      0.243    -0.384    u_rgmii_bridge/fifo_generator_0_inst/U0/inst_fifo_gen/gconvfifo.rf/grf.rf/gntv_or_sync_fifo.mem/gbm.gbmg.gbmgc.ngecc.bmg/inst_blk_mem_gen/gnbram.gnativebmg.native_blk_mem_gen/valid.cstr/ramloop[2].ram.r/prim_noinit.ram/DEVICE_7SERIES.NO_BMM_INFO.SDP.WIDE_PRIM36_NO_ECC.ram
  -------------------------------------------------------------------
                         required time                          0.384    
                         arrival time                          -0.257    
  -------------------------------------------------------------------
                         slack                                  0.127    

Slack (MET) :             0.129ns  (arrival time - required time)
  Source:                 u_data_rx_dual/merged_burst_reg[211]/C
                            (rising edge-triggered cell FDCE clocked by clk_out2_clk_wiz_0  {rise@0.000ns fall@5.000ns period=10.000ns})
  Destination:            u_rgmii_bridge/fifo_generator_0_inst/U0/inst_fifo_gen/gconvfifo.rf/grf.rf/gntv_or_sync_fifo.mem/gbm.gbmg.gbmgc.ngecc.bmg/inst_blk_mem_gen/gnbram.gnativebmg.native_blk_mem_gen/valid.cstr/ramloop[2].ram.r/prim_noinit.ram/DEVICE_7SERIES.NO_BMM_INFO.SDP.WIDE_PRIM36_NO_ECC.ram/DIBDI[28]
                            (rising edge-triggered cell RAMB36E1 clocked by clk_out2_clk_wiz_0  {rise@0.000ns fall@5.000ns period=10.000ns})
  Path Group:             clk_out2_clk_wiz_0
  Path Type:              Hold (Min at Fast Process Corner)
  Requirement:            0.000ns  (clk_out2_clk_wiz_0 rise@0.000ns - clk_out2_clk_wiz_0 rise@0.000ns)
  Data Path Delay:        0.440ns  (logic 0.128ns (29.060%)  route 0.312ns (70.940%))
  Logic Levels:           0  
  Clock Path Skew:        0.069ns (DCD - SCD - CPR)
    Destination Clock Delay (DCD):    -0.908ns
    Source Clock Delay      (SCD):    -0.696ns
    Clock Pessimism Removal (CPR):    -0.280ns

    Location             Delay type                Incr(ns)  Path(ns)    Netlist Resource(s)
  -------------------------------------------------------------------    -------------------
                         (clock clk_out2_clk_wiz_0 rise edge)
                                                      0.000     0.000 r  
    R4                                                0.000     0.000 r  sys_clk (IN)
                         net (fo=0)                   0.000     0.000    u_mmcm/inst/clk_in1
    R4                   IBUF (Prop_ibuf_I_O)         0.256     0.256 r  u_mmcm/inst/clkin1_ibufg/O
                         net (fo=1, routed)           0.440     0.696    u_mmcm/inst/clk_in1_clk_wiz_0
    MMCME2_ADV_X1Y2      MMCME2_ADV (Prop_mmcme2_adv_CLKIN1_CLKOUT1)
                                                     -2.540    -1.844 r  u_mmcm/inst/mmcm_adv_inst/CLKOUT1
                         net (fo=1, routed)           0.531    -1.313    u_mmcm/inst/clk_out2_clk_wiz_0
    BUFGCTRL_X0Y0        BUFG (Prop_bufg_I_O)         0.026    -1.287 r  u_mmcm/inst/clkout2_buf/O
                         net (fo=1237, routed)        0.591    -0.696    u_data_rx_dual/CLK
    SLICE_X115Y151       FDCE                                         r  u_data_rx_dual/merged_burst_reg[211]/C
  -------------------------------------------------------------------    -------------------
    SLICE_X115Y151       FDCE (Prop_fdce_C_Q)         0.128    -0.568 r  u_data_rx_dual/merged_burst_reg[211]/Q
                         net (fo=1, routed)           0.312    -0.256    u_rgmii_bridge/fifo_generator_0_inst/U0/inst_fifo_gen/gconvfifo.rf/grf.rf/gntv_or_sync_fifo.mem/gbm.gbmg.gbmgc.ngecc.bmg/inst_blk_mem_gen/gnbram.gnativebmg.native_blk_mem_gen/valid.cstr/ramloop[2].ram.r/prim_noinit.ram/din[67]
    RAMB36_X6Y30         RAMB36E1                                     r  u_rgmii_bridge/fifo_generator_0_inst/U0/inst_fifo_gen/gconvfifo.rf/grf.rf/gntv_or_sync_fifo.mem/gbm.gbmg.gbmgc.ngecc.bmg/inst_blk_mem_gen/gnbram.gnativebmg.native_blk_mem_gen/valid.cstr/ramloop[2].ram.r/prim_noinit.ram/DEVICE_7SERIES.NO_BMM_INFO.SDP.WIDE_PRIM36_NO_ECC.ram/DIBDI[28]
  -------------------------------------------------------------------    -------------------

                         (clock clk_out2_clk_wiz_0 rise edge)
                                                      0.000     0.000 r  
    R4                                                0.000     0.000 r  sys_clk (IN)
                         net (fo=0)                   0.000     0.000    u_mmcm/inst/clk_in1
    R4                   IBUF (Prop_ibuf_I_O)         0.444     0.444 r  u_mmcm/inst/clkin1_ibufg/O
                         net (fo=1, routed)           0.480     0.924    u_mmcm/inst/clk_in1_clk_wiz_0
    MMCME2_ADV_X1Y2      MMCME2_ADV (Prop_mmcme2_adv_CLKIN1_CLKOUT1)
                                                     -3.332    -2.409 r  u_mmcm/inst/mmcm_adv_inst/CLKOUT1
                         net (fo=1, routed)           0.579    -1.830    u_mmcm/inst/clk_out2_clk_wiz_0
    BUFGCTRL_X0Y0        BUFG (Prop_bufg_I_O)         0.029    -1.801 r  u_mmcm/inst/clkout2_buf/O
                         net (fo=1237, routed)        0.893    -0.908    u_rgmii_bridge/fifo_generator_0_inst/U0/inst_fifo_gen/gconvfifo.rf/grf.rf/gntv_or_sync_fifo.mem/gbm.gbmg.gbmgc.ngecc.bmg/inst_blk_mem_gen/gnbram.gnativebmg.native_blk_mem_gen/valid.cstr/ramloop[2].ram.r/prim_noinit.ram/wr_clk
    RAMB36_X6Y30         RAMB36E1                                     r  u_rgmii_bridge/fifo_generator_0_inst/U0/inst_fifo_gen/gconvfifo.rf/grf.rf/gntv_or_sync_fifo.mem/gbm.gbmg.gbmgc.ngecc.bmg/inst_blk_mem_gen/gnbram.gnativebmg.native_blk_mem_gen/valid.cstr/ramloop[2].ram.r/prim_noinit.ram/DEVICE_7SERIES.NO_BMM_INFO.SDP.WIDE_PRIM36_NO_ECC.ram/CLKBWRCLK
                         clock pessimism              0.280    -0.627    
    RAMB36_X6Y30         RAMB36E1 (Hold_ramb36e1_CLKBWRCLK_DIBDI[28])
                                                      0.243    -0.384    u_rgmii_bridge/fifo_generator_0_inst/U0/inst_fifo_gen/gconvfifo.rf/grf.rf/gntv_or_sync_fifo.mem/gbm.gbmg.gbmgc.ngecc.bmg/inst_blk_mem_gen/gnbram.gnativebmg.native_blk_mem_gen/valid.cstr/ramloop[2].ram.r/prim_noinit.ram/DEVICE_7SERIES.NO_BMM_INFO.SDP.WIDE_PRIM36_NO_ECC.ram
  -------------------------------------------------------------------
                         required time                          0.384    
                         arrival time                          -0.256    
  -------------------------------------------------------------------
                         slack                                  0.129    





Pulse Width Checks
--------------------------------------------------------------------------------------
Clock Name:         clk_out2_clk_wiz_0
Waveform(ns):       { 0.000 5.000 }
Period(ns):         10.000
Sources:            { u_mmcm/inst/mmcm_adv_inst/CLKOUT1 }

Check Type        Corner  Lib Pin             Reference Pin  Required(ns)  Actual(ns)  Slack(ns)  Location         Pin
Min Period        n/a     RAMB36E1/CLKBWRCLK  n/a            2.170         10.000      7.830      RAMB36_X6Y28     u_rgmii_bridge/fifo_generator_0_inst/U0/inst_fifo_gen/gconvfifo.rf/grf.rf/gntv_or_sync_fifo.mem/gbm.gbmg.gbmgc.ngecc.bmg/inst_blk_mem_gen/gnbram.gnativebmg.native_blk_mem_gen/valid.cstr/ramloop[0].ram.r/prim_noinit.ram/DEVICE_7SERIES.NO_BMM_INFO.SDP.WIDE_PRIM36_NO_ECC.ram/CLKBWRCLK
Min Period        n/a     RAMB36E1/CLKBWRCLK  n/a            2.170         10.000      7.830      RAMB36_X6Y31     u_rgmii_bridge/fifo_generator_0_inst/U0/inst_fifo_gen/gconvfifo.rf/grf.rf/gntv_or_sync_fifo.mem/gbm.gbmg.gbmgc.ngecc.bmg/inst_blk_mem_gen/gnbram.gnativebmg.native_blk_mem_gen/valid.cstr/ramloop[1].ram.r/prim_noinit.ram/DEVICE_7SERIES.NO_BMM_INFO.SDP.WIDE_PRIM36_NO_ECC.ram/CLKBWRCLK
Min Period        n/a     RAMB36E1/CLKBWRCLK  n/a            2.170         10.000      7.830      RAMB36_X6Y30     u_rgmii_bridge/fifo_generator_0_inst/U0/inst_fifo_gen/gconvfifo.rf/grf.rf/gntv_or_sync_fifo.mem/gbm.gbmg.gbmgc.ngecc.bmg/inst_blk_mem_gen/gnbram.gnativebmg.native_blk_mem_gen/valid.cstr/ramloop[2].ram.r/prim_noinit.ram/DEVICE_7SERIES.NO_BMM_INFO.SDP.WIDE_PRIM36_NO_ECC.ram/CLKBWRCLK
Min Period        n/a     RAMB36E1/CLKBWRCLK  n/a            2.170         10.000      7.830      RAMB36_X6Y29     u_rgmii_bridge/fifo_generator_0_inst/U0/inst_fifo_gen/gconvfifo.rf/grf.rf/gntv_or_sync_fifo.mem/gbm.gbmg.gbmgc.ngecc.bmg/inst_blk_mem_gen/gnbram.gnativebmg.native_blk_mem_gen/valid.cstr/ramloop[3].ram.r/prim_noinit.ram/DEVICE_7SERIES.NO_BMM_INFO.SDP.WIDE_PRIM36_NO_ECC.ram/CLKBWRCLK
Min Period        n/a     BUFG/I              n/a            1.592         10.000      8.408      BUFGCTRL_X0Y0    u_mmcm/inst/clkout2_buf/I
Min Period        n/a     ODDR/C              n/a            1.474         10.000      8.526      OLOGIC_X0Y178    u_data_rx_dual/u_panel0/oddr_dclk/C
Min Period        n/a     ODDR/C              n/a            1.474         10.000      8.526      OLOGIC_X0Y210    u_data_rx_dual/u_panel1/oddr_dclk/C
Min Period        n/a     MMCME2_ADV/CLKOUT1  n/a            1.249         10.000      8.751      MMCME2_ADV_X1Y2  u_mmcm/inst/mmcm_adv_inst/CLKOUT1
Min Period        n/a     FDCE/C              n/a            1.000         10.000      9.000      SLICE_X68Y173    FSM_sequential_cfg_state_reg[0]/C
Min Period        n/a     FDCE/C              n/a            1.000         10.000      9.000      SLICE_X70Y173    FSM_sequential_cfg_state_reg[1]/C
Max Period        n/a     MMCME2_ADV/CLKOUT1  n/a            213.360       10.000      203.360    MMCME2_ADV_X1Y2  u_mmcm/inst/mmcm_adv_inst/CLKOUT1
Low Pulse Width   Slow    FDCE/C              n/a            0.500         5.000       4.500      SLICE_X68Y173    FSM_sequential_cfg_state_reg[0]/C
Low Pulse Width   Fast    FDCE/C              n/a            0.500         5.000       4.500      SLICE_X68Y173    FSM_sequential_cfg_state_reg[0]/C
Low Pulse Width   Slow    FDCE/C              n/a            0.500         5.000       4.500      SLICE_X70Y173    FSM_sequential_cfg_state_reg[1]/C
Low Pulse Width   Fast    FDCE/C              n/a            0.500         5.000       4.500      SLICE_X70Y173    FSM_sequential_cfg_state_reg[1]/C
Low Pulse Width   Slow    FDCE/C              n/a            0.500         5.000       4.500      SLICE_X67Y173    cfg_all_done_reg/C
Low Pulse Width   Fast    FDCE/C              n/a            0.500         5.000       4.500      SLICE_X67Y173    cfg_all_done_reg/C
Low Pulse Width   Slow    FDCE/C              n/a            0.500         5.000       4.500      SLICE_X69Y173    cfg_reg_idx_reg[0]/C
Low Pulse Width   Fast    FDCE/C              n/a            0.500         5.000       4.500      SLICE_X69Y173    cfg_reg_idx_reg[0]/C
Low Pulse Width   Slow    FDCE/C              n/a            0.500         5.000       4.500      SLICE_X69Y173    cfg_reg_idx_reg[1]/C
Low Pulse Width   Fast    FDCE/C              n/a            0.500         5.000       4.500      SLICE_X69Y173    cfg_reg_idx_reg[1]/C
High Pulse Width  Slow    FDCE/C              n/a            0.500         5.000       4.500      SLICE_X68Y173    FSM_sequential_cfg_state_reg[0]/C
High Pulse Width  Fast    FDCE/C              n/a            0.500         5.000       4.500      SLICE_X68Y173    FSM_sequential_cfg_state_reg[0]/C
High Pulse Width  Slow    FDCE/C              n/a            0.500         5.000       4.500      SLICE_X70Y173    FSM_sequential_cfg_state_reg[1]/C
High Pulse Width  Fast    FDCE/C              n/a            0.500         5.000       4.500      SLICE_X70Y173    FSM_sequential_cfg_state_reg[1]/C
High Pulse Width  Slow    FDCE/C              n/a            0.500         5.000       4.500      SLICE_X67Y173    cfg_all_done_reg/C
High Pulse Width  Fast    FDCE/C              n/a            0.500         5.000       4.500      SLICE_X67Y173    cfg_all_done_reg/C
High Pulse Width  Slow    FDCE/C              n/a            0.500         5.000       4.500      SLICE_X69Y173    cfg_reg_idx_reg[0]/C
High Pulse Width  Fast    FDCE/C              n/a            0.500         5.000       4.500      SLICE_X69Y173    cfg_reg_idx_reg[0]/C
High Pulse Width  Slow    FDCE/C              n/a            0.500         5.000       4.500      SLICE_X69Y173    cfg_reg_idx_reg[1]/C
High Pulse Width  Fast    FDCE/C              n/a            0.500         5.000       4.500      SLICE_X69Y173    cfg_reg_idx_reg[1]/C



---------------------------------------------------------------------------------------------------
From Clock:  clk_out3_clk_wiz_0
  To Clock:  clk_out3_clk_wiz_0

Setup :            0  Failing Endpoints,  Worst Slack        1.177ns,  Total Violation        0.000ns
Hold  :            0  Failing Endpoints,  Worst Slack        0.077ns,  Total Violation        0.000ns
PW    :            0  Failing Endpoints,  Worst Slack        3.500ns,  Total Violation        0.000ns
---------------------------------------------------------------------------------------------------


Max Delay Paths
--------------------------------------------------------------------------------------
Slack (MET) :             1.177ns  (required time - arrival time)
  Source:                 u_rgmii_bridge/u_rgmii_tx/tx_en_reg/C
                            (rising edge-triggered cell FDRE clocked by clk_out3_clk_wiz_0  {rise@0.000ns fall@4.000ns period=8.000ns})
  Destination:            u_rgmii_bridge/u_rgmii_tx/ODDR_inst_ctl/D2
                            (falling edge-triggered cell ODDR clocked by clk_out3_clk_wiz_0  {rise@0.000ns fall@4.000ns period=8.000ns})
  Path Group:             clk_out3_clk_wiz_0
  Path Type:              Setup (Max at Slow Process Corner)
  Requirement:            4.000ns  (clk_out3_clk_wiz_0 fall@4.000ns - clk_out3_clk_wiz_0 rise@0.000ns)
  Data Path Delay:        1.958ns  (logic 0.348ns (17.773%)  route 1.610ns (82.227%))
  Logic Levels:           0  
  Clock Path Skew:        0.064ns (DCD - SCD + CPR)
    Destination Clock Delay (DCD):    -1.088ns = ( 2.912 - 4.000 ) 
    Source Clock Delay      (SCD):    -0.756ns
    Clock Pessimism Removal (CPR):    0.395ns
  Clock Uncertainty:      0.085ns  ((TSJ^2 + DJ^2)^1/2) / 2 + PE
    Total System Jitter     (TSJ):    0.071ns
    Discrete Jitter          (DJ):    0.154ns
    Phase Error              (PE):    0.000ns

    Location             Delay type                Incr(ns)  Path(ns)    Netlist Resource(s)
  -------------------------------------------------------------------    -------------------
                         (clock clk_out3_clk_wiz_0 rise edge)
                                                      0.000     0.000 r  
    R4                                                0.000     0.000 r  sys_clk (IN)
                         net (fo=0)                   0.000     0.000    u_mmcm/inst/clk_in1
    R4                   IBUF (Prop_ibuf_I_O)         1.419     1.419 r  u_mmcm/inst/clkin1_ibufg/O
                         net (fo=1, routed)           1.065     2.484    u_mmcm/inst/clk_in1_clk_wiz_0
    MMCME2_ADV_X1Y2      MMCME2_ADV (Prop_mmcme2_adv_CLKIN1_CLKOUT2)
                                                     -6.273    -3.789 r  u_mmcm/inst/mmcm_adv_inst/CLKOUT2
                         net (fo=1, routed)           1.524    -2.265    u_mmcm/inst/clk_out3_clk_wiz_0
    BUFGCTRL_X0Y1        BUFG (Prop_bufg_I_O)         0.081    -2.184 r  u_mmcm/inst/clkout3_buf/O
                         net (fo=359, routed)         1.428    -0.756    u_rgmii_bridge/u_rgmii_tx/Byte_cnt_reg[31]_0
    SLICE_X121Y144       FDRE                                         r  u_rgmii_bridge/u_rgmii_tx/tx_en_reg/C
  -------------------------------------------------------------------    -------------------
    SLICE_X121Y144       FDRE (Prop_fdre_C_Q)         0.348    -0.408 r  u_rgmii_bridge/u_rgmii_tx/tx_en_reg/Q
                         net (fo=2, routed)           1.610     1.202    u_rgmii_bridge/u_rgmii_tx/tx_en
    OLOGIC_X1Y141        ODDR                                         r  u_rgmii_bridge/u_rgmii_tx/ODDR_inst_ctl/D2
  -------------------------------------------------------------------    -------------------

                         (clock clk_out3_clk_wiz_0 fall edge)
                                                      4.000     4.000 f  
    R4                                                0.000     4.000 f  sys_clk (IN)
                         net (fo=0)                   0.000     4.000    u_mmcm/inst/clk_in1
    R4                   IBUF (Prop_ibuf_I_O)         1.353     5.353 f  u_mmcm/inst/clkin1_ibufg/O
                         net (fo=1, routed)           1.004     6.357    u_mmcm/inst/clk_in1_clk_wiz_0
    MMCME2_ADV_X1Y2      MMCME2_ADV (Prop_mmcme2_adv_CLKIN1_CLKOUT2)
                                                     -6.399    -0.043 f  u_mmcm/inst/mmcm_adv_inst/CLKOUT2
                         net (fo=1, routed)           1.452     1.410    u_mmcm/inst/clk_out3_clk_wiz_0
    BUFGCTRL_X0Y1        BUFG (Prop_bufg_I_O)         0.077     1.487 f  u_mmcm/inst/clkout3_buf/O
                         net (fo=359, routed)         1.426     2.912    u_rgmii_bridge/u_rgmii_tx/Byte_cnt_reg[31]_0
    OLOGIC_X1Y141        ODDR                                         f  u_rgmii_bridge/u_rgmii_tx/ODDR_inst_ctl/C
                         clock pessimism              0.395     3.308    
                         clock uncertainty           -0.085     3.223    
    OLOGIC_X1Y141        ODDR (Setup_oddr_C_D2)      -0.844     2.379    u_rgmii_bridge/u_rgmii_tx/ODDR_inst_ctl
  -------------------------------------------------------------------
                         required time                          2.379    
                         arrival time                          -1.202    
  -------------------------------------------------------------------
                         slack                                  1.177    

Slack (MET) :             1.239ns  (required time - arrival time)
  Source:                 u_rgmii_bridge/u_rgmii_tx/tx_byte_reg[4]/C
                            (rising edge-triggered cell FDRE clocked by clk_out3_clk_wiz_0  {rise@0.000ns fall@4.000ns period=8.000ns})
  Destination:            u_rgmii_bridge/u_rgmii_tx/ODDR_inst_0/D2
                            (falling edge-triggered cell ODDR clocked by clk_out3_clk_wiz_0  {rise@0.000ns fall@4.000ns period=8.000ns})
  Path Group:             clk_out3_clk_wiz_0
  Path Type:              Setup (Max at Slow Process Corner)
  Requirement:            4.000ns  (clk_out3_clk_wiz_0 fall@4.000ns - clk_out3_clk_wiz_0 rise@0.000ns)
  Data Path Delay:        2.021ns  (logic 0.433ns (21.426%)  route 1.588ns (78.574%))
  Logic Levels:           0  
  Clock Path Skew:        0.052ns (DCD - SCD + CPR)
    Destination Clock Delay (DCD):    -1.100ns = ( 2.900 - 4.000 ) 
    Source Clock Delay      (SCD):    -0.756ns
    Clock Pessimism Removal (CPR):    0.395ns
  Clock Uncertainty:      0.085ns  ((TSJ^2 + DJ^2)^1/2) / 2 + PE
    Total System Jitter     (TSJ):    0.071ns
    Discrete Jitter          (DJ):    0.154ns
    Phase Error              (PE):    0.000ns

    Location             Delay type                Incr(ns)  Path(ns)    Netlist Resource(s)
  -------------------------------------------------------------------    -------------------
                         (clock clk_out3_clk_wiz_0 rise edge)
                                                      0.000     0.000 r  
    R4                                                0.000     0.000 r  sys_clk (IN)
                         net (fo=0)                   0.000     0.000    u_mmcm/inst/clk_in1
    R4                   IBUF (Prop_ibuf_I_O)         1.419     1.419 r  u_mmcm/inst/clkin1_ibufg/O
                         net (fo=1, routed)           1.065     2.484    u_mmcm/inst/clk_in1_clk_wiz_0
    MMCME2_ADV_X1Y2      MMCME2_ADV (Prop_mmcme2_adv_CLKIN1_CLKOUT2)
                                                     -6.273    -3.789 r  u_mmcm/inst/mmcm_adv_inst/CLKOUT2
                         net (fo=1, routed)           1.524    -2.265    u_mmcm/inst/clk_out3_clk_wiz_0
    BUFGCTRL_X0Y1        BUFG (Prop_bufg_I_O)         0.081    -2.184 r  u_mmcm/inst/clkout3_buf/O
                         net (fo=359, routed)         1.428    -0.756    u_rgmii_bridge/u_rgmii_tx/Byte_cnt_reg[31]_0
    SLICE_X120Y144       FDRE                                         r  u_rgmii_bridge/u_rgmii_tx/tx_byte_reg[4]/C
  -------------------------------------------------------------------    -------------------
    SLICE_X120Y144       FDRE (Prop_fdre_C_Q)         0.433    -0.323 r  u_rgmii_bridge/u_rgmii_tx/tx_byte_reg[4]/Q
                         net (fo=1, routed)           1.588     1.265    u_rgmii_bridge/u_rgmii_tx/tx_byte[4]
    OLOGIC_X1Y126        ODDR                                         r  u_rgmii_bridge/u_rgmii_tx/ODDR_inst_0/D2
  -------------------------------------------------------------------    -------------------

                         (clock clk_out3_clk_wiz_0 fall edge)
                                                      4.000     4.000 f  
    R4                                                0.000     4.000 f  sys_clk (IN)
                         net (fo=0)                   0.000     4.000    u_mmcm/inst/clk_in1
    R4                   IBUF (Prop_ibuf_I_O)         1.353     5.353 f  u_mmcm/inst/clkin1_ibufg/O
                         net (fo=1, routed)           1.004     6.357    u_mmcm/inst/clk_in1_clk_wiz_0
    MMCME2_ADV_X1Y2      MMCME2_ADV (Prop_mmcme2_adv_CLKIN1_CLKOUT2)
                                                     -6.399    -0.043 f  u_mmcm/inst/mmcm_adv_inst/CLKOUT2
                         net (fo=1, routed)           1.452     1.410    u_mmcm/inst/clk_out3_clk_wiz_0
    BUFGCTRL_X0Y1        BUFG (Prop_bufg_I_O)         0.077     1.487 f  u_mmcm/inst/clkout3_buf/O
                         net (fo=359, routed)         1.413     2.900    u_rgmii_bridge/u_rgmii_tx/Byte_cnt_reg[31]_0
    OLOGIC_X1Y126        ODDR                                         f  u_rgmii_bridge/u_rgmii_tx/ODDR_inst_0/C
                         clock pessimism              0.395     3.296    
                         clock uncertainty           -0.085     3.211    
    OLOGIC_X1Y126        ODDR (Setup_oddr_C_D2)      -0.707     2.504    u_rgmii_bridge/u_rgmii_tx/ODDR_inst_0
  -------------------------------------------------------------------
                         required time                          2.504    
                         arrival time                          -1.265    
  -------------------------------------------------------------------
                         slack                                  1.239    

Slack (MET) :             1.251ns  (required time - arrival time)
  Source:                 u_rgmii_bridge/u_rgmii_tx/tx_byte_reg[6]/C
                            (rising edge-triggered cell FDRE clocked by clk_out3_clk_wiz_0  {rise@0.000ns fall@4.000ns period=8.000ns})
  Destination:            u_rgmii_bridge/u_rgmii_tx/ODDR_inst_2/D2
                            (falling edge-triggered cell ODDR clocked by clk_out3_clk_wiz_0  {rise@0.000ns fall@4.000ns period=8.000ns})
  Path Group:             clk_out3_clk_wiz_0
  Path Type:              Setup (Max at Slow Process Corner)
  Requirement:            4.000ns  (clk_out3_clk_wiz_0 fall@4.000ns - clk_out3_clk_wiz_0 rise@0.000ns)
  Data Path Delay:        2.019ns  (logic 0.433ns (21.448%)  route 1.586ns (78.552%))
  Logic Levels:           0  
  Clock Path Skew:        0.062ns (DCD - SCD + CPR)
    Destination Clock Delay (DCD):    -1.090ns = ( 2.910 - 4.000 ) 
    Source Clock Delay      (SCD):    -0.756ns
    Clock Pessimism Removal (CPR):    0.395ns
  Clock Uncertainty:      0.085ns  ((TSJ^2 + DJ^2)^1/2) / 2 + PE
    Total System Jitter     (TSJ):    0.071ns
    Discrete Jitter          (DJ):    0.154ns
    Phase Error              (PE):    0.000ns

    Location             Delay type                Incr(ns)  Path(ns)    Netlist Resource(s)
  -------------------------------------------------------------------    -------------------
                         (clock clk_out3_clk_wiz_0 rise edge)
                                                      0.000     0.000 r  
    R4                                                0.000     0.000 r  sys_clk (IN)
                         net (fo=0)                   0.000     0.000    u_mmcm/inst/clk_in1
    R4                   IBUF (Prop_ibuf_I_O)         1.419     1.419 r  u_mmcm/inst/clkin1_ibufg/O
                         net (fo=1, routed)           1.065     2.484    u_mmcm/inst/clk_in1_clk_wiz_0
    MMCME2_ADV_X1Y2      MMCME2_ADV (Prop_mmcme2_adv_CLKIN1_CLKOUT2)
                                                     -6.273    -3.789 r  u_mmcm/inst/mmcm_adv_inst/CLKOUT2
                         net (fo=1, routed)           1.524    -2.265    u_mmcm/inst/clk_out3_clk_wiz_0
    BUFGCTRL_X0Y1        BUFG (Prop_bufg_I_O)         0.081    -2.184 r  u_mmcm/inst/clkout3_buf/O
                         net (fo=359, routed)         1.428    -0.756    u_rgmii_bridge/u_rgmii_tx/Byte_cnt_reg[31]_0
    SLICE_X120Y144       FDRE                                         r  u_rgmii_bridge/u_rgmii_tx/tx_byte_reg[6]/C
  -------------------------------------------------------------------    -------------------
    SLICE_X120Y144       FDRE (Prop_fdre_C_Q)         0.433    -0.323 r  u_rgmii_bridge/u_rgmii_tx/tx_byte_reg[6]/Q
                         net (fo=1, routed)           1.586     1.263    u_rgmii_bridge/u_rgmii_tx/tx_byte[6]
    OLOGIC_X1Y138        ODDR                                         r  u_rgmii_bridge/u_rgmii_tx/ODDR_inst_2/D2
  -------------------------------------------------------------------    -------------------

                         (clock clk_out3_clk_wiz_0 fall edge)
                                                      4.000     4.000 f  
    R4                                                0.000     4.000 f  sys_clk (IN)
                         net (fo=0)                   0.000     4.000    u_mmcm/inst/clk_in1
    R4                   IBUF (Prop_ibuf_I_O)         1.353     5.353 f  u_mmcm/inst/clkin1_ibufg/O
                         net (fo=1, routed)           1.004     6.357    u_mmcm/inst/clk_in1_clk_wiz_0
    MMCME2_ADV_X1Y2      MMCME2_ADV (Prop_mmcme2_adv_CLKIN1_CLKOUT2)
                                                     -6.399    -0.043 f  u_mmcm/inst/mmcm_adv_inst/CLKOUT2
                         net (fo=1, routed)           1.452     1.410    u_mmcm/inst/clk_out3_clk_wiz_0
    BUFGCTRL_X0Y1        BUFG (Prop_bufg_I_O)         0.077     1.487 f  u_mmcm/inst/clkout3_buf/O
                         net (fo=359, routed)         1.423     2.910    u_rgmii_bridge/u_rgmii_tx/Byte_cnt_reg[31]_0
    OLOGIC_X1Y138        ODDR                                         f  u_rgmii_bridge/u_rgmii_tx/ODDR_inst_2/C
                         clock pessimism              0.395     3.306    
                         clock uncertainty           -0.085     3.221    
    OLOGIC_X1Y138        ODDR (Setup_oddr_C_D2)      -0.707     2.514    u_rgmii_bridge/u_rgmii_tx/ODDR_inst_2
  -------------------------------------------------------------------
                         required time                          2.514    
                         arrival time                          -1.263    
  -------------------------------------------------------------------
                         slack                                  1.251    

Slack (MET) :             1.321ns  (required time - arrival time)
  Source:                 u_rgmii_bridge/u_rgmii_tx/tx_byte_reg[5]/C
                            (rising edge-triggered cell FDRE clocked by clk_out3_clk_wiz_0  {rise@0.000ns fall@4.000ns period=8.000ns})
  Destination:            u_rgmii_bridge/u_rgmii_tx/ODDR_inst_1/D2
                            (falling edge-triggered cell ODDR clocked by clk_out3_clk_wiz_0  {rise@0.000ns fall@4.000ns period=8.000ns})
  Path Group:             clk_out3_clk_wiz_0
  Path Type:              Setup (Max at Slow Process Corner)
  Requirement:            4.000ns  (clk_out3_clk_wiz_0 fall@4.000ns - clk_out3_clk_wiz_0 rise@0.000ns)
  Data Path Delay:        1.939ns  (logic 0.433ns (22.328%)  route 1.506ns (77.672%))
  Logic Levels:           0  
  Clock Path Skew:        0.052ns (DCD - SCD + CPR)
    Destination Clock Delay (DCD):    -1.100ns = ( 2.900 - 4.000 ) 
    Source Clock Delay      (SCD):    -0.756ns
    Clock Pessimism Removal (CPR):    0.395ns
  Clock Uncertainty:      0.085ns  ((TSJ^2 + DJ^2)^1/2) / 2 + PE
    Total System Jitter     (TSJ):    0.071ns
    Discrete Jitter          (DJ):    0.154ns
    Phase Error              (PE):    0.000ns

    Location             Delay type                Incr(ns)  Path(ns)    Netlist Resource(s)
  -------------------------------------------------------------------    -------------------
                         (clock clk_out3_clk_wiz_0 rise edge)
                                                      0.000     0.000 r  
    R4                                                0.000     0.000 r  sys_clk (IN)
                         net (fo=0)                   0.000     0.000    u_mmcm/inst/clk_in1
    R4                   IBUF (Prop_ibuf_I_O)         1.419     1.419 r  u_mmcm/inst/clkin1_ibufg/O
                         net (fo=1, routed)           1.065     2.484    u_mmcm/inst/clk_in1_clk_wiz_0
    MMCME2_ADV_X1Y2      MMCME2_ADV (Prop_mmcme2_adv_CLKIN1_CLKOUT2)
                                                     -6.273    -3.789 r  u_mmcm/inst/mmcm_adv_inst/CLKOUT2
                         net (fo=1, routed)           1.524    -2.265    u_mmcm/inst/clk_out3_clk_wiz_0
    BUFGCTRL_X0Y1        BUFG (Prop_bufg_I_O)         0.081    -2.184 r  u_mmcm/inst/clkout3_buf/O
                         net (fo=359, routed)         1.428    -0.756    u_rgmii_bridge/u_rgmii_tx/Byte_cnt_reg[31]_0
    SLICE_X120Y144       FDRE                                         r  u_rgmii_bridge/u_rgmii_tx/tx_byte_reg[5]/C
  -------------------------------------------------------------------    -------------------
    SLICE_X120Y144       FDRE (Prop_fdre_C_Q)         0.433    -0.323 r  u_rgmii_bridge/u_rgmii_tx/tx_byte_reg[5]/Q
                         net (fo=1, routed)           1.506     1.183    u_rgmii_bridge/u_rgmii_tx/tx_byte[5]
    OLOGIC_X1Y125        ODDR                                         r  u_rgmii_bridge/u_rgmii_tx/ODDR_inst_1/D2
  -------------------------------------------------------------------    -------------------

                         (clock clk_out3_clk_wiz_0 fall edge)
                                                      4.000     4.000 f  
    R4                                                0.000     4.000 f  sys_clk (IN)
                         net (fo=0)                   0.000     4.000    u_mmcm/inst/clk_in1
    R4                   IBUF (Prop_ibuf_I_O)         1.353     5.353 f  u_mmcm/inst/clkin1_ibufg/O
                         net (fo=1, routed)           1.004     6.357    u_mmcm/inst/clk_in1_clk_wiz_0
    MMCME2_ADV_X1Y2      MMCME2_ADV (Prop_mmcme2_adv_CLKIN1_CLKOUT2)
                                                     -6.399    -0.043 f  u_mmcm/inst/mmcm_adv_inst/CLKOUT2
                         net (fo=1, routed)           1.452     1.410    u_mmcm/inst/clk_out3_clk_wiz_0
    BUFGCTRL_X0Y1        BUFG (Prop_bufg_I_O)         0.077     1.487 f  u_mmcm/inst/clkout3_buf/O
                         net (fo=359, routed)         1.413     2.900    u_rgmii_bridge/u_rgmii_tx/Byte_cnt_reg[31]_0
    OLOGIC_X1Y125        ODDR                                         f  u_rgmii_bridge/u_rgmii_tx/ODDR_inst_1/C
                         clock pessimism              0.395     3.296    
                         clock uncertainty           -0.085     3.211    
    OLOGIC_X1Y125        ODDR (Setup_oddr_C_D2)      -0.707     2.504    u_rgmii_bridge/u_rgmii_tx/ODDR_inst_1
  -------------------------------------------------------------------
                         required time                          2.504    
                         arrival time                          -1.183    
  -------------------------------------------------------------------
                         slack                                  1.321    

Slack (MET) :             1.330ns  (required time - arrival time)
  Source:                 u_rgmii_bridge/u_rgmii_tx/tx_byte_reg[7]/C
                            (rising edge-triggered cell FDRE clocked by clk_out3_clk_wiz_0  {rise@0.000ns fall@4.000ns period=8.000ns})
  Destination:            u_rgmii_bridge/u_rgmii_tx/ODDR_inst_3/D2
                            (falling edge-triggered cell ODDR clocked by clk_out3_clk_wiz_0  {rise@0.000ns fall@4.000ns period=8.000ns})
  Path Group:             clk_out3_clk_wiz_0
  Path Type:              Setup (Max at Slow Process Corner)
  Requirement:            4.000ns  (clk_out3_clk_wiz_0 fall@4.000ns - clk_out3_clk_wiz_0 rise@0.000ns)
  Data Path Delay:        1.940ns  (logic 0.433ns (22.322%)  route 1.507ns (77.678%))
  Logic Levels:           0  
  Clock Path Skew:        0.062ns (DCD - SCD + CPR)
    Destination Clock Delay (DCD):    -1.090ns = ( 2.910 - 4.000 ) 
    Source Clock Delay      (SCD):    -0.756ns
    Clock Pessimism Removal (CPR):    0.395ns
  Clock Uncertainty:      0.085ns  ((TSJ^2 + DJ^2)^1/2) / 2 + PE
    Total System Jitter     (TSJ):    0.071ns
    Discrete Jitter          (DJ):    0.154ns
    Phase Error              (PE):    0.000ns

    Location             Delay type                Incr(ns)  Path(ns)    Netlist Resource(s)
  -------------------------------------------------------------------    -------------------
                         (clock clk_out3_clk_wiz_0 rise edge)
                                                      0.000     0.000 r  
    R4                                                0.000     0.000 r  sys_clk (IN)
                         net (fo=0)                   0.000     0.000    u_mmcm/inst/clk_in1
    R4                   IBUF (Prop_ibuf_I_O)         1.419     1.419 r  u_mmcm/inst/clkin1_ibufg/O
                         net (fo=1, routed)           1.065     2.484    u_mmcm/inst/clk_in1_clk_wiz_0
    MMCME2_ADV_X1Y2      MMCME2_ADV (Prop_mmcme2_adv_CLKIN1_CLKOUT2)
                                                     -6.273    -3.789 r  u_mmcm/inst/mmcm_adv_inst/CLKOUT2
                         net (fo=1, routed)           1.524    -2.265    u_mmcm/inst/clk_out3_clk_wiz_0
    BUFGCTRL_X0Y1        BUFG (Prop_bufg_I_O)         0.081    -2.184 r  u_mmcm/inst/clkout3_buf/O
                         net (fo=359, routed)         1.428    -0.756    u_rgmii_bridge/u_rgmii_tx/Byte_cnt_reg[31]_0
    SLICE_X120Y145       FDRE                                         r  u_rgmii_bridge/u_rgmii_tx/tx_byte_reg[7]/C
  -------------------------------------------------------------------    -------------------
    SLICE_X120Y145       FDRE (Prop_fdre_C_Q)         0.433    -0.323 r  u_rgmii_bridge/u_rgmii_tx/tx_byte_reg[7]/Q
                         net (fo=1, routed)           1.507     1.184    u_rgmii_bridge/u_rgmii_tx/tx_byte[7]
    OLOGIC_X1Y137        ODDR                                         r  u_rgmii_bridge/u_rgmii_tx/ODDR_inst_3/D2
  -------------------------------------------------------------------    -------------------

                         (clock clk_out3_clk_wiz_0 fall edge)
                                                      4.000     4.000 f  
    R4                                                0.000     4.000 f  sys_clk (IN)
                         net (fo=0)                   0.000     4.000    u_mmcm/inst/clk_in1
    R4                   IBUF (Prop_ibuf_I_O)         1.353     5.353 f  u_mmcm/inst/clkin1_ibufg/O
                         net (fo=1, routed)           1.004     6.357    u_mmcm/inst/clk_in1_clk_wiz_0
    MMCME2_ADV_X1Y2      MMCME2_ADV (Prop_mmcme2_adv_CLKIN1_CLKOUT2)
                                                     -6.399    -0.043 f  u_mmcm/inst/mmcm_adv_inst/CLKOUT2
                         net (fo=1, routed)           1.452     1.410    u_mmcm/inst/clk_out3_clk_wiz_0
    BUFGCTRL_X0Y1        BUFG (Prop_bufg_I_O)         0.077     1.487 f  u_mmcm/inst/clkout3_buf/O
                         net (fo=359, routed)         1.423     2.910    u_rgmii_bridge/u_rgmii_tx/Byte_cnt_reg[31]_0
    OLOGIC_X1Y137        ODDR                                         f  u_rgmii_bridge/u_rgmii_tx/ODDR_inst_3/C
                         clock pessimism              0.395     3.306    
                         clock uncertainty           -0.085     3.221    
    OLOGIC_X1Y137        ODDR (Setup_oddr_C_D2)      -0.707     2.514    u_rgmii_bridge/u_rgmii_tx/ODDR_inst_3
  -------------------------------------------------------------------
                         required time                          2.514    
                         arrival time                          -1.184    
  -------------------------------------------------------------------
                         slack                                  1.330    

Slack (MET) :             3.450ns  (required time - arrival time)
  Source:                 u_rgmii_bridge/u_rgmii_tx/Byte_cnt_reg[30]/C
                            (rising edge-triggered cell FDRE clocked by clk_out3_clk_wiz_0  {rise@0.000ns fall@4.000ns period=8.000ns})
  Destination:            u_rgmii_bridge/tx_data_reg[4]/CE
                            (rising edge-triggered cell FDCE clocked by clk_out3_clk_wiz_0  {rise@0.000ns fall@4.000ns period=8.000ns})
  Path Group:             clk_out3_clk_wiz_0
  Path Type:              Setup (Max at Slow Process Corner)
  Requirement:            8.000ns  (clk_out3_clk_wiz_0 rise@8.000ns - clk_out3_clk_wiz_0 rise@0.000ns)
  Data Path Delay:        4.024ns  (logic 0.873ns (21.697%)  route 3.151ns (78.303%))
  Logic Levels:           4  (LUT4=2 LUT5=2)
  Clock Path Skew:        -0.103ns (DCD - SCD + CPR)
    Destination Clock Delay (DCD):    -1.201ns = ( 6.799 - 8.000 ) 
    Source Clock Delay      (SCD):    -0.769ns
    Clock Pessimism Removal (CPR):    0.329ns
  Clock Uncertainty:      0.085ns  ((TSJ^2 + DJ^2)^1/2) / 2 + PE
    Total System Jitter     (TSJ):    0.071ns
    Discrete Jitter          (DJ):    0.154ns
    Phase Error              (PE):    0.000ns

    Location             Delay type                Incr(ns)  Path(ns)    Netlist Resource(s)
  -------------------------------------------------------------------    -------------------
                         (clock clk_out3_clk_wiz_0 rise edge)
                                                      0.000     0.000 r  
    R4                                                0.000     0.000 r  sys_clk (IN)
                         net (fo=0)                   0.000     0.000    u_mmcm/inst/clk_in1
    R4                   IBUF (Prop_ibuf_I_O)         1.419     1.419 r  u_mmcm/inst/clkin1_ibufg/O
                         net (fo=1, routed)           1.065     2.484    u_mmcm/inst/clk_in1_clk_wiz_0
    MMCME2_ADV_X1Y2      MMCME2_ADV (Prop_mmcme2_adv_CLKIN1_CLKOUT2)
                                                     -6.273    -3.789 r  u_mmcm/inst/mmcm_adv_inst/CLKOUT2
                         net (fo=1, routed)           1.524    -2.265    u_mmcm/inst/clk_out3_clk_wiz_0
    BUFGCTRL_X0Y1        BUFG (Prop_bufg_I_O)         0.081    -2.184 r  u_mmcm/inst/clkout3_buf/O
                         net (fo=359, routed)         1.415    -0.769    u_rgmii_bridge/u_rgmii_tx/Byte_cnt_reg[31]_0
    SLICE_X124Y150       FDRE                                         r  u_rgmii_bridge/u_rgmii_tx/Byte_cnt_reg[30]/C
  -------------------------------------------------------------------    -------------------
    SLICE_X124Y150       FDRE (Prop_fdre_C_Q)         0.433    -0.336 r  u_rgmii_bridge/u_rgmii_tx/Byte_cnt_reg[30]/Q
                         net (fo=2, routed)           0.654     0.319    u_rgmii_bridge/u_rgmii_tx/Byte_cnt_reg_n_0_[30]
    SLICE_X124Y145       LUT4 (Prop_lut4_I1_O)        0.105     0.424 r  u_rgmii_bridge/u_rgmii_tx/FSM_sequential_state[1]_i_10/O
                         net (fo=2, routed)           0.568     0.991    u_rgmii_bridge/u_rgmii_tx/FSM_sequential_state[1]_i_10_n_0
    SLICE_X124Y149       LUT5 (Prop_lut5_I4_O)        0.105     1.096 r  u_rgmii_bridge/u_rgmii_tx/FSM_sequential_state[1]_i_6/O
                         net (fo=1, routed)           0.366     1.463    u_rgmii_bridge/u_rgmii_tx/FSM_sequential_state[1]_i_6_n_0
    SLICE_X124Y148       LUT4 (Prop_lut4_I2_O)        0.105     1.568 f  u_rgmii_bridge/u_rgmii_tx/FSM_sequential_state[1]_i_3/O
                         net (fo=46, routed)          0.763     2.331    u_rgmii_bridge/u_rgmii_tx/FSM_sequential_state[1]_i_3_n_0
    SLICE_X121Y147       LUT5 (Prop_lut5_I3_O)        0.125     2.456 r  u_rgmii_bridge/u_rgmii_tx/tx_data[7]_i_1/O
                         net (fo=8, routed)           0.799     3.255    u_rgmii_bridge/u_rgmii_tx_n_23
    SLICE_X107Y145       FDCE                                         r  u_rgmii_bridge/tx_data_reg[4]/CE
  -------------------------------------------------------------------    -------------------

                         (clock clk_out3_clk_wiz_0 rise edge)
                                                      8.000     8.000 r  
    R4                                                0.000     8.000 r  sys_clk (IN)
                         net (fo=0)                   0.000     8.000    u_mmcm/inst/clk_in1
    R4                   IBUF (Prop_ibuf_I_O)         1.353     9.353 r  u_mmcm/inst/clkin1_ibufg/O
                         net (fo=1, routed)           1.004    10.357    u_mmcm/inst/clk_in1_clk_wiz_0
    MMCME2_ADV_X1Y2      MMCME2_ADV (Prop_mmcme2_adv_CLKIN1_CLKOUT2)
                                                     -6.399     3.957 r  u_mmcm/inst/mmcm_adv_inst/CLKOUT2
                         net (fo=1, routed)           1.452     5.410    u_mmcm/inst/clk_out3_clk_wiz_0
    BUFGCTRL_X0Y1        BUFG (Prop_bufg_I_O)         0.077     5.487 r  u_mmcm/inst/clkout3_buf/O
                         net (fo=359, routed)         1.312     6.799    u_rgmii_bridge/Byte_cnt_reg[31]
    SLICE_X107Y145       FDCE                                         r  u_rgmii_bridge/tx_data_reg[4]/C
                         clock pessimism              0.329     7.128    
                         clock uncertainty           -0.085     7.043    
    SLICE_X107Y145       FDCE (Setup_fdce_C_CE)      -0.338     6.705    u_rgmii_bridge/tx_data_reg[4]
  -------------------------------------------------------------------
                         required time                          6.705    
                         arrival time                          -3.255    
  -------------------------------------------------------------------
                         slack                                  3.450    

Slack (MET) :             3.533ns  (required time - arrival time)
  Source:                 u_rgmii_bridge/fifo_rd_en_d1_reg/C
                            (rising edge-triggered cell FDCE clocked by clk_out3_clk_wiz_0  {rise@0.000ns fall@4.000ns period=8.000ns})
  Destination:            u_rgmii_bridge/frame_buf_reg[56][7]/CE
                            (rising edge-triggered cell FDCE clocked by clk_out3_clk_wiz_0  {rise@0.000ns fall@4.000ns period=8.000ns})
  Path Group:             clk_out3_clk_wiz_0
  Path Type:              Setup (Max at Slow Process Corner)
  Requirement:            8.000ns  (clk_out3_clk_wiz_0 rise@8.000ns - clk_out3_clk_wiz_0 rise@0.000ns)
  Data Path Delay:        4.085ns  (logic 0.379ns (9.279%)  route 3.706ns (90.721%))
  Logic Levels:           0  
  Clock Path Skew:        -0.130ns (DCD - SCD + CPR)
    Destination Clock Delay (DCD):    -1.216ns = ( 6.784 - 8.000 ) 
    Source Clock Delay      (SCD):    -0.757ns
    Clock Pessimism Removal (CPR):    0.329ns
  Clock Uncertainty:      0.085ns  ((TSJ^2 + DJ^2)^1/2) / 2 + PE
    Total System Jitter     (TSJ):    0.071ns
    Discrete Jitter          (DJ):    0.154ns
    Phase Error              (PE):    0.000ns

    Location             Delay type                Incr(ns)  Path(ns)    Netlist Resource(s)
  -------------------------------------------------------------------    -------------------
                         (clock clk_out3_clk_wiz_0 rise edge)
                                                      0.000     0.000 r  
    R4                                                0.000     0.000 r  sys_clk (IN)
                         net (fo=0)                   0.000     0.000    u_mmcm/inst/clk_in1
    R4                   IBUF (Prop_ibuf_I_O)         1.419     1.419 r  u_mmcm/inst/clkin1_ibufg/O
                         net (fo=1, routed)           1.065     2.484    u_mmcm/inst/clk_in1_clk_wiz_0
    MMCME2_ADV_X1Y2      MMCME2_ADV (Prop_mmcme2_adv_CLKIN1_CLKOUT2)
                                                     -6.273    -3.789 r  u_mmcm/inst/mmcm_adv_inst/CLKOUT2
                         net (fo=1, routed)           1.524    -2.265    u_mmcm/inst/clk_out3_clk_wiz_0
    BUFGCTRL_X0Y1        BUFG (Prop_bufg_I_O)         0.081    -2.184 r  u_mmcm/inst/clkout3_buf/O
                         net (fo=359, routed)         1.427    -0.757    u_rgmii_bridge/Byte_cnt_reg[31]
    SLICE_X117Y148       FDCE                                         r  u_rgmii_bridge/fifo_rd_en_d1_reg/C
  -------------------------------------------------------------------    -------------------
    SLICE_X117Y148       FDCE (Prop_fdce_C_Q)         0.379    -0.378 r  u_rgmii_bridge/fifo_rd_en_d1_reg/Q
                         net (fo=261, routed)         3.706     3.328    u_rgmii_bridge/fifo_rd_en_d1
    SLICE_X105Y158       FDCE                                         r  u_rgmii_bridge/frame_buf_reg[56][7]/CE
  -------------------------------------------------------------------    -------------------

                         (clock clk_out3_clk_wiz_0 rise edge)
                                                      8.000     8.000 r  
    R4                                                0.000     8.000 r  sys_clk (IN)
                         net (fo=0)                   0.000     8.000    u_mmcm/inst/clk_in1
    R4                   IBUF (Prop_ibuf_I_O)         1.353     9.353 r  u_mmcm/inst/clkin1_ibufg/O
                         net (fo=1, routed)           1.004    10.357    u_mmcm/inst/clk_in1_clk_wiz_0
    MMCME2_ADV_X1Y2      MMCME2_ADV (Prop_mmcme2_adv_CLKIN1_CLKOUT2)
                                                     -6.399     3.957 r  u_mmcm/inst/mmcm_adv_inst/CLKOUT2
                         net (fo=1, routed)           1.452     5.410    u_mmcm/inst/clk_out3_clk_wiz_0
    BUFGCTRL_X0Y1        BUFG (Prop_bufg_I_O)         0.077     5.487 r  u_mmcm/inst/clkout3_buf/O
                         net (fo=359, routed)         1.297     6.784    u_rgmii_bridge/Byte_cnt_reg[31]
    SLICE_X105Y158       FDCE                                         r  u_rgmii_bridge/frame_buf_reg[56][7]/C
                         clock pessimism              0.329     7.113    
                         clock uncertainty           -0.085     7.028    
    SLICE_X105Y158       FDCE (Setup_fdce_C_CE)      -0.168     6.860    u_rgmii_bridge/frame_buf_reg[56][7]
  -------------------------------------------------------------------
                         required time                          6.860    
                         arrival time                          -3.328    
  -------------------------------------------------------------------
                         slack                                  3.533    

Slack (MET) :             3.533ns  (required time - arrival time)
  Source:                 u_rgmii_bridge/fifo_rd_en_d1_reg/C
                            (rising edge-triggered cell FDCE clocked by clk_out3_clk_wiz_0  {rise@0.000ns fall@4.000ns period=8.000ns})
  Destination:            u_rgmii_bridge/frame_buf_reg[58][0]/CE
                            (rising edge-triggered cell FDCE clocked by clk_out3_clk_wiz_0  {rise@0.000ns fall@4.000ns period=8.000ns})
  Path Group:             clk_out3_clk_wiz_0
  Path Type:              Setup (Max at Slow Process Corner)
  Requirement:            8.000ns  (clk_out3_clk_wiz_0 rise@8.000ns - clk_out3_clk_wiz_0 rise@0.000ns)
  Data Path Delay:        4.085ns  (logic 0.379ns (9.279%)  route 3.706ns (90.721%))
  Logic Levels:           0  
  Clock Path Skew:        -0.130ns (DCD - SCD + CPR)
    Destination Clock Delay (DCD):    -1.216ns = ( 6.784 - 8.000 ) 
    Source Clock Delay      (SCD):    -0.757ns
    Clock Pessimism Removal (CPR):    0.329ns
  Clock Uncertainty:      0.085ns  ((TSJ^2 + DJ^2)^1/2) / 2 + PE
    Total System Jitter     (TSJ):    0.071ns
    Discrete Jitter          (DJ):    0.154ns
    Phase Error              (PE):    0.000ns

    Location             Delay type                Incr(ns)  Path(ns)    Netlist Resource(s)
  -------------------------------------------------------------------    -------------------
                         (clock clk_out3_clk_wiz_0 rise edge)
                                                      0.000     0.000 r  
    R4                                                0.000     0.000 r  sys_clk (IN)
                         net (fo=0)                   0.000     0.000    u_mmcm/inst/clk_in1
    R4                   IBUF (Prop_ibuf_I_O)         1.419     1.419 r  u_mmcm/inst/clkin1_ibufg/O
                         net (fo=1, routed)           1.065     2.484    u_mmcm/inst/clk_in1_clk_wiz_0
    MMCME2_ADV_X1Y2      MMCME2_ADV (Prop_mmcme2_adv_CLKIN1_CLKOUT2)
                                                     -6.273    -3.789 r  u_mmcm/inst/mmcm_adv_inst/CLKOUT2
                         net (fo=1, routed)           1.524    -2.265    u_mmcm/inst/clk_out3_clk_wiz_0
    BUFGCTRL_X0Y1        BUFG (Prop_bufg_I_O)         0.081    -2.184 r  u_mmcm/inst/clkout3_buf/O
                         net (fo=359, routed)         1.427    -0.757    u_rgmii_bridge/Byte_cnt_reg[31]
    SLICE_X117Y148       FDCE                                         r  u_rgmii_bridge/fifo_rd_en_d1_reg/C
  -------------------------------------------------------------------    -------------------
    SLICE_X117Y148       FDCE (Prop_fdce_C_Q)         0.379    -0.378 r  u_rgmii_bridge/fifo_rd_en_d1_reg/Q
                         net (fo=261, routed)         3.706     3.328    u_rgmii_bridge/fifo_rd_en_d1
    SLICE_X105Y158       FDCE                                         r  u_rgmii_bridge/frame_buf_reg[58][0]/CE
  -------------------------------------------------------------------    -------------------

                         (clock clk_out3_clk_wiz_0 rise edge)
                                                      8.000     8.000 r  
    R4                                                0.000     8.000 r  sys_clk (IN)
                         net (fo=0)                   0.000     8.000    u_mmcm/inst/clk_in1
    R4                   IBUF (Prop_ibuf_I_O)         1.353     9.353 r  u_mmcm/inst/clkin1_ibufg/O
                         net (fo=1, routed)           1.004    10.357    u_mmcm/inst/clk_in1_clk_wiz_0
    MMCME2_ADV_X1Y2      MMCME2_ADV (Prop_mmcme2_adv_CLKIN1_CLKOUT2)
                                                     -6.399     3.957 r  u_mmcm/inst/mmcm_adv_inst/CLKOUT2
                         net (fo=1, routed)           1.452     5.410    u_mmcm/inst/clk_out3_clk_wiz_0
    BUFGCTRL_X0Y1        BUFG (Prop_bufg_I_O)         0.077     5.487 r  u_mmcm/inst/clkout3_buf/O
                         net (fo=359, routed)         1.297     6.784    u_rgmii_bridge/Byte_cnt_reg[31]
    SLICE_X105Y158       FDCE                                         r  u_rgmii_bridge/frame_buf_reg[58][0]/C
                         clock pessimism              0.329     7.113    
                         clock uncertainty           -0.085     7.028    
    SLICE_X105Y158       FDCE (Setup_fdce_C_CE)      -0.168     6.860    u_rgmii_bridge/frame_buf_reg[58][0]
  -------------------------------------------------------------------
                         required time                          6.860    
                         arrival time                          -3.328    
  -------------------------------------------------------------------
                         slack                                  3.533    

Slack (MET) :             3.533ns  (required time - arrival time)
  Source:                 u_rgmii_bridge/fifo_rd_en_d1_reg/C
                            (rising edge-triggered cell FDCE clocked by clk_out3_clk_wiz_0  {rise@0.000ns fall@4.000ns period=8.000ns})
  Destination:            u_rgmii_bridge/frame_buf_reg[58][2]/CE
                            (rising edge-triggered cell FDCE clocked by clk_out3_clk_wiz_0  {rise@0.000ns fall@4.000ns period=8.000ns})
  Path Group:             clk_out3_clk_wiz_0
  Path Type:              Setup (Max at Slow Process Corner)
  Requirement:            8.000ns  (clk_out3_clk_wiz_0 rise@8.000ns - clk_out3_clk_wiz_0 rise@0.000ns)
  Data Path Delay:        4.085ns  (logic 0.379ns (9.279%)  route 3.706ns (90.721%))
  Logic Levels:           0  
  Clock Path Skew:        -0.130ns (DCD - SCD + CPR)
    Destination Clock Delay (DCD):    -1.216ns = ( 6.784 - 8.000 ) 
    Source Clock Delay      (SCD):    -0.757ns
    Clock Pessimism Removal (CPR):    0.329ns
  Clock Uncertainty:      0.085ns  ((TSJ^2 + DJ^2)^1/2) / 2 + PE
    Total System Jitter     (TSJ):    0.071ns
    Discrete Jitter          (DJ):    0.154ns
    Phase Error              (PE):    0.000ns

    Location             Delay type                Incr(ns)  Path(ns)    Netlist Resource(s)
  -------------------------------------------------------------------    -------------------
                         (clock clk_out3_clk_wiz_0 rise edge)
                                                      0.000     0.000 r  
    R4                                                0.000     0.000 r  sys_clk (IN)
                         net (fo=0)                   0.000     0.000    u_mmcm/inst/clk_in1
    R4                   IBUF (Prop_ibuf_I_O)         1.419     1.419 r  u_mmcm/inst/clkin1_ibufg/O
                         net (fo=1, routed)           1.065     2.484    u_mmcm/inst/clk_in1_clk_wiz_0
    MMCME2_ADV_X1Y2      MMCME2_ADV (Prop_mmcme2_adv_CLKIN1_CLKOUT2)
                                                     -6.273    -3.789 r  u_mmcm/inst/mmcm_adv_inst/CLKOUT2
                         net (fo=1, routed)           1.524    -2.265    u_mmcm/inst/clk_out3_clk_wiz_0
    BUFGCTRL_X0Y1        BUFG (Prop_bufg_I_O)         0.081    -2.184 r  u_mmcm/inst/clkout3_buf/O
                         net (fo=359, routed)         1.427    -0.757    u_rgmii_bridge/Byte_cnt_reg[31]
    SLICE_X117Y148       FDCE                                         r  u_rgmii_bridge/fifo_rd_en_d1_reg/C
  -------------------------------------------------------------------    -------------------
    SLICE_X117Y148       FDCE (Prop_fdce_C_Q)         0.379    -0.378 r  u_rgmii_bridge/fifo_rd_en_d1_reg/Q
                         net (fo=261, routed)         3.706     3.328    u_rgmii_bridge/fifo_rd_en_d1
    SLICE_X105Y158       FDCE                                         r  u_rgmii_bridge/frame_buf_reg[58][2]/CE
  -------------------------------------------------------------------    -------------------

                         (clock clk_out3_clk_wiz_0 rise edge)
                                                      8.000     8.000 r  
    R4                                                0.000     8.000 r  sys_clk (IN)
                         net (fo=0)                   0.000     8.000    u_mmcm/inst/clk_in1
    R4                   IBUF (Prop_ibuf_I_O)         1.353     9.353 r  u_mmcm/inst/clkin1_ibufg/O
                         net (fo=1, routed)           1.004    10.357    u_mmcm/inst/clk_in1_clk_wiz_0
    MMCME2_ADV_X1Y2      MMCME2_ADV (Prop_mmcme2_adv_CLKIN1_CLKOUT2)
                                                     -6.399     3.957 r  u_mmcm/inst/mmcm_adv_inst/CLKOUT2
                         net (fo=1, routed)           1.452     5.410    u_mmcm/inst/clk_out3_clk_wiz_0
    BUFGCTRL_X0Y1        BUFG (Prop_bufg_I_O)         0.077     5.487 r  u_mmcm/inst/clkout3_buf/O
                         net (fo=359, routed)         1.297     6.784    u_rgmii_bridge/Byte_cnt_reg[31]
    SLICE_X105Y158       FDCE                                         r  u_rgmii_bridge/frame_buf_reg[58][2]/C
                         clock pessimism              0.329     7.113    
                         clock uncertainty           -0.085     7.028    
    SLICE_X105Y158       FDCE (Setup_fdce_C_CE)      -0.168     6.860    u_rgmii_bridge/frame_buf_reg[58][2]
  -------------------------------------------------------------------
                         required time                          6.860    
                         arrival time                          -3.328    
  -------------------------------------------------------------------
                         slack                                  3.533    

Slack (MET) :             3.533ns  (required time - arrival time)
  Source:                 u_rgmii_bridge/fifo_rd_en_d1_reg/C
                            (rising edge-triggered cell FDCE clocked by clk_out3_clk_wiz_0  {rise@0.000ns fall@4.000ns period=8.000ns})
  Destination:            u_rgmii_bridge/frame_buf_reg[59][1]/CE
                            (rising edge-triggered cell FDCE clocked by clk_out3_clk_wiz_0  {rise@0.000ns fall@4.000ns period=8.000ns})
  Path Group:             clk_out3_clk_wiz_0
  Path Type:              Setup (Max at Slow Process Corner)
  Requirement:            8.000ns  (clk_out3_clk_wiz_0 rise@8.000ns - clk_out3_clk_wiz_0 rise@0.000ns)
  Data Path Delay:        4.085ns  (logic 0.379ns (9.279%)  route 3.706ns (90.721%))
  Logic Levels:           0  
  Clock Path Skew:        -0.130ns (DCD - SCD + CPR)
    Destination Clock Delay (DCD):    -1.216ns = ( 6.784 - 8.000 ) 
    Source Clock Delay      (SCD):    -0.757ns
    Clock Pessimism Removal (CPR):    0.329ns
  Clock Uncertainty:      0.085ns  ((TSJ^2 + DJ^2)^1/2) / 2 + PE
    Total System Jitter     (TSJ):    0.071ns
    Discrete Jitter          (DJ):    0.154ns
    Phase Error              (PE):    0.000ns

    Location             Delay type                Incr(ns)  Path(ns)    Netlist Resource(s)
  -------------------------------------------------------------------    -------------------
                         (clock clk_out3_clk_wiz_0 rise edge)
                                                      0.000     0.000 r  
    R4                                                0.000     0.000 r  sys_clk (IN)
                         net (fo=0)                   0.000     0.000    u_mmcm/inst/clk_in1
    R4                   IBUF (Prop_ibuf_I_O)         1.419     1.419 r  u_mmcm/inst/clkin1_ibufg/O
                         net (fo=1, routed)           1.065     2.484    u_mmcm/inst/clk_in1_clk_wiz_0
    MMCME2_ADV_X1Y2      MMCME2_ADV (Prop_mmcme2_adv_CLKIN1_CLKOUT2)
                                                     -6.273    -3.789 r  u_mmcm/inst/mmcm_adv_inst/CLKOUT2
                         net (fo=1, routed)           1.524    -2.265    u_mmcm/inst/clk_out3_clk_wiz_0
    BUFGCTRL_X0Y1        BUFG (Prop_bufg_I_O)         0.081    -2.184 r  u_mmcm/inst/clkout3_buf/O
                         net (fo=359, routed)         1.427    -0.757    u_rgmii_bridge/Byte_cnt_reg[31]
    SLICE_X117Y148       FDCE                                         r  u_rgmii_bridge/fifo_rd_en_d1_reg/C
  -------------------------------------------------------------------    -------------------
    SLICE_X117Y148       FDCE (Prop_fdce_C_Q)         0.379    -0.378 r  u_rgmii_bridge/fifo_rd_en_d1_reg/Q
                         net (fo=261, routed)         3.706     3.328    u_rgmii_bridge/fifo_rd_en_d1
    SLICE_X105Y158       FDCE                                         r  u_rgmii_bridge/frame_buf_reg[59][1]/CE
  -------------------------------------------------------------------    -------------------

                         (clock clk_out3_clk_wiz_0 rise edge)
                                                      8.000     8.000 r  
    R4                                                0.000     8.000 r  sys_clk (IN)
                         net (fo=0)                   0.000     8.000    u_mmcm/inst/clk_in1
    R4                   IBUF (Prop_ibuf_I_O)         1.353     9.353 r  u_mmcm/inst/clkin1_ibufg/O
                         net (fo=1, routed)           1.004    10.357    u_mmcm/inst/clk_in1_clk_wiz_0
    MMCME2_ADV_X1Y2      MMCME2_ADV (Prop_mmcme2_adv_CLKIN1_CLKOUT2)
                                                     -6.399     3.957 r  u_mmcm/inst/mmcm_adv_inst/CLKOUT2
                         net (fo=1, routed)           1.452     5.410    u_mmcm/inst/clk_out3_clk_wiz_0
    BUFGCTRL_X0Y1        BUFG (Prop_bufg_I_O)         0.077     5.487 r  u_mmcm/inst/clkout3_buf/O
                         net (fo=359, routed)         1.297     6.784    u_rgmii_bridge/Byte_cnt_reg[31]
    SLICE_X105Y158       FDCE                                         r  u_rgmii_bridge/frame_buf_reg[59][1]/C
                         clock pessimism              0.329     7.113    
                         clock uncertainty           -0.085     7.028    
    SLICE_X105Y158       FDCE (Setup_fdce_C_CE)      -0.168     6.860    u_rgmii_bridge/frame_buf_reg[59][1]
  -------------------------------------------------------------------
                         required time                          6.860    
                         arrival time                          -3.328    
  -------------------------------------------------------------------
                         slack                                  3.533    





Min Delay Paths
--------------------------------------------------------------------------------------
Slack (MET) :             0.077ns  (arrival time - required time)
  Source:                 u_rgmii_bridge/fifo_generator_0_inst/U0/inst_fifo_gen/gconvfifo.rf/grf.rf/gntv_or_sync_fifo.gl0.rd/rpntr/gc0.count_d1_reg[2]/C
                            (rising edge-triggered cell FDRE clocked by clk_out3_clk_wiz_0  {rise@0.000ns fall@4.000ns period=8.000ns})
  Destination:            u_rgmii_bridge/fifo_generator_0_inst/U0/inst_fifo_gen/gconvfifo.rf/grf.rf/gntv_or_sync_fifo.mem/gbm.gbmg.gbmgc.ngecc.bmg/inst_blk_mem_gen/gnbram.gnativebmg.native_blk_mem_gen/valid.cstr/ramloop[3].ram.r/prim_noinit.ram/DEVICE_7SERIES.NO_BMM_INFO.SDP.WIDE_PRIM36_NO_ECC.ram/ADDRARDADDR[8]
                            (rising edge-triggered cell RAMB36E1 clocked by clk_out3_clk_wiz_0  {rise@0.000ns fall@4.000ns period=8.000ns})
  Path Group:             clk_out3_clk_wiz_0
  Path Type:              Hold (Min at Fast Process Corner)
  Requirement:            0.000ns  (clk_out3_clk_wiz_0 rise@0.000ns - clk_out3_clk_wiz_0 rise@0.000ns)
  Data Path Delay:        0.566ns  (logic 0.141ns (24.915%)  route 0.425ns (75.085%))
  Logic Levels:           0  
  Clock Path Skew:        0.306ns (DCD - SCD - CPR)
    Destination Clock Delay (DCD):    -0.906ns
    Source Clock Delay      (SCD):    -0.697ns
    Clock Pessimism Removal (CPR):    -0.514ns

    Location             Delay type                Incr(ns)  Path(ns)    Netlist Resource(s)
  -------------------------------------------------------------------    -------------------
                         (clock clk_out3_clk_wiz_0 rise edge)
                                                      0.000     0.000 r  
    R4                                                0.000     0.000 r  sys_clk (IN)
                         net (fo=0)                   0.000     0.000    u_mmcm/inst/clk_in1
    R4                   IBUF (Prop_ibuf_I_O)         0.256     0.256 r  u_mmcm/inst/clkin1_ibufg/O
                         net (fo=1, routed)           0.440     0.696    u_mmcm/inst/clk_in1_clk_wiz_0
    MMCME2_ADV_X1Y2      MMCME2_ADV (Prop_mmcme2_adv_CLKIN1_CLKOUT2)
                                                     -2.540    -1.844 r  u_mmcm/inst/mmcm_adv_inst/CLKOUT2
                         net (fo=1, routed)           0.531    -1.313    u_mmcm/inst/clk_out3_clk_wiz_0
    BUFGCTRL_X0Y1        BUFG (Prop_bufg_I_O)         0.026    -1.287 r  u_mmcm/inst/clkout3_buf/O
                         net (fo=359, routed)         0.590    -0.697    u_rgmii_bridge/fifo_generator_0_inst/U0/inst_fifo_gen/gconvfifo.rf/grf.rf/gntv_or_sync_fifo.gl0.rd/rpntr/rd_clk
    SLICE_X111Y150       FDRE                                         r  u_rgmii_bridge/fifo_generator_0_inst/U0/inst_fifo_gen/gconvfifo.rf/grf.rf/gntv_or_sync_fifo.gl0.rd/rpntr/gc0.count_d1_reg[2]/C
  -------------------------------------------------------------------    -------------------
    SLICE_X111Y150       FDRE (Prop_fdre_C_Q)         0.141    -0.556 r  u_rgmii_bridge/fifo_generator_0_inst/U0/inst_fifo_gen/gconvfifo.rf/grf.rf/gntv_or_sync_fifo.gl0.rd/rpntr/gc0.count_d1_reg[2]/Q
                         net (fo=7, routed)           0.425    -0.131    u_rgmii_bridge/fifo_generator_0_inst/U0/inst_fifo_gen/gconvfifo.rf/grf.rf/gntv_or_sync_fifo.mem/gbm.gbmg.gbmgc.ngecc.bmg/inst_blk_mem_gen/gnbram.gnativebmg.native_blk_mem_gen/valid.cstr/ramloop[3].ram.r/prim_noinit.ram/Q[2]
    RAMB36_X6Y29         RAMB36E1                                     r  u_rgmii_bridge/fifo_generator_0_inst/U0/inst_fifo_gen/gconvfifo.rf/grf.rf/gntv_or_sync_fifo.mem/gbm.gbmg.gbmgc.ngecc.bmg/inst_blk_mem_gen/gnbram.gnativebmg.native_blk_mem_gen/valid.cstr/ramloop[3].ram.r/prim_noinit.ram/DEVICE_7SERIES.NO_BMM_INFO.SDP.WIDE_PRIM36_NO_ECC.ram/ADDRARDADDR[8]
  -------------------------------------------------------------------    -------------------

                         (clock clk_out3_clk_wiz_0 rise edge)
                                                      0.000     0.000 r  
    R4                                                0.000     0.000 r  sys_clk (IN)
                         net (fo=0)                   0.000     0.000    u_mmcm/inst/clk_in1
    R4                   IBUF (Prop_ibuf_I_O)         0.444     0.444 r  u_mmcm/inst/clkin1_ibufg/O
                         net (fo=1, routed)           0.480     0.924    u_mmcm/inst/clk_in1_clk_wiz_0
    MMCME2_ADV_X1Y2      MMCME2_ADV (Prop_mmcme2_adv_CLKIN1_CLKOUT2)
                                                     -3.332    -2.409 r  u_mmcm/inst/mmcm_adv_inst/CLKOUT2
                         net (fo=1, routed)           0.579    -1.830    u_mmcm/inst/clk_out3_clk_wiz_0
    BUFGCTRL_X0Y1        BUFG (Prop_bufg_I_O)         0.029    -1.801 r  u_mmcm/inst/clkout3_buf/O
                         net (fo=359, routed)         0.895    -0.906    u_rgmii_bridge/fifo_generator_0_inst/U0/inst_fifo_gen/gconvfifo.rf/grf.rf/gntv_or_sync_fifo.mem/gbm.gbmg.gbmgc.ngecc.bmg/inst_blk_mem_gen/gnbram.gnativebmg.native_blk_mem_gen/valid.cstr/ramloop[3].ram.r/prim_noinit.ram/rd_clk
    RAMB36_X6Y29         RAMB36E1                                     r  u_rgmii_bridge/fifo_generator_0_inst/U0/inst_fifo_gen/gconvfifo.rf/grf.rf/gntv_or_sync_fifo.mem/gbm.gbmg.gbmgc.ngecc.bmg/inst_blk_mem_gen/gnbram.gnativebmg.native_blk_mem_gen/valid.cstr/ramloop[3].ram.r/prim_noinit.ram/DEVICE_7SERIES.NO_BMM_INFO.SDP.WIDE_PRIM36_NO_ECC.ram/CLKARDCLK
                         clock pessimism              0.514    -0.391    
    RAMB36_X6Y29         RAMB36E1 (Hold_ramb36e1_CLKARDCLK_ADDRARDADDR[8])
                                                      0.183    -0.208    u_rgmii_bridge/fifo_generator_0_inst/U0/inst_fifo_gen/gconvfifo.rf/grf.rf/gntv_or_sync_fifo.mem/gbm.gbmg.gbmgc.ngecc.bmg/inst_blk_mem_gen/gnbram.gnativebmg.native_blk_mem_gen/valid.cstr/ramloop[3].ram.r/prim_noinit.ram/DEVICE_7SERIES.NO_BMM_INFO.SDP.WIDE_PRIM36_NO_ECC.ram
  -------------------------------------------------------------------
                         required time                          0.208    
                         arrival time                          -0.131    
  -------------------------------------------------------------------
                         slack                                  0.077    

Slack (MET) :             0.102ns  (arrival time - required time)
  Source:                 u_rgmii_bridge/fifo_generator_0_inst/U0/inst_fifo_gen/gconvfifo.rf/grf.rf/gntv_or_sync_fifo.gcx.clkx/wr_pntr_cdc_inst/dest_graysync_ff_reg[1][0]/C
                            (rising edge-triggered cell FDRE clocked by clk_out3_clk_wiz_0  {rise@0.000ns fall@4.000ns period=8.000ns})
  Destination:            u_rgmii_bridge/fifo_generator_0_inst/U0/inst_fifo_gen/gconvfifo.rf/grf.rf/gntv_or_sync_fifo.gcx.clkx/wr_pntr_cdc_inst/dest_out_bin_ff_reg[0]/D
                            (rising edge-triggered cell FDRE clocked by clk_out3_clk_wiz_0  {rise@0.000ns fall@4.000ns period=8.000ns})
  Path Group:             clk_out3_clk_wiz_0
  Path Type:              Hold (Min at Fast Process Corner)
  Requirement:            0.000ns  (clk_out3_clk_wiz_0 rise@0.000ns - clk_out3_clk_wiz_0 rise@0.000ns)
  Data Path Delay:        0.499ns  (logic 0.227ns (45.491%)  route 0.272ns (54.509%))
  Logic Levels:           1  (LUT4=1)
  Clock Path Skew:        0.276ns (DCD - SCD - CPR)
    Destination Clock Delay (DCD):    -0.937ns
    Source Clock Delay      (SCD):    -0.699ns
    Clock Pessimism Removal (CPR):    -0.514ns

    Location             Delay type                Incr(ns)  Path(ns)    Netlist Resource(s)
  -------------------------------------------------------------------    -------------------
                         (clock clk_out3_clk_wiz_0 rise edge)
                                                      0.000     0.000 r  
    R4                                                0.000     0.000 r  sys_clk (IN)
                         net (fo=0)                   0.000     0.000    u_mmcm/inst/clk_in1
    R4                   IBUF (Prop_ibuf_I_O)         0.256     0.256 r  u_mmcm/inst/clkin1_ibufg/O
                         net (fo=1, routed)           0.440     0.696    u_mmcm/inst/clk_in1_clk_wiz_0
    MMCME2_ADV_X1Y2      MMCME2_ADV (Prop_mmcme2_adv_CLKIN1_CLKOUT2)
                                                     -2.540    -1.844 r  u_mmcm/inst/mmcm_adv_inst/CLKOUT2
                         net (fo=1, routed)           0.531    -1.313    u_mmcm/inst/clk_out3_clk_wiz_0
    BUFGCTRL_X0Y1        BUFG (Prop_bufg_I_O)         0.026    -1.287 r  u_mmcm/inst/clkout3_buf/O
                         net (fo=359, routed)         0.588    -0.699    u_rgmii_bridge/fifo_generator_0_inst/U0/inst_fifo_gen/gconvfifo.rf/grf.rf/gntv_or_sync_fifo.gcx.clkx/wr_pntr_cdc_inst/dest_clk
    SLICE_X106Y151       FDRE                                         r  u_rgmii_bridge/fifo_generator_0_inst/U0/inst_fifo_gen/gconvfifo.rf/grf.rf/gntv_or_sync_fifo.gcx.clkx/wr_pntr_cdc_inst/dest_graysync_ff_reg[1][0]/C
  -------------------------------------------------------------------    -------------------
    SLICE_X106Y151       FDRE (Prop_fdre_C_Q)         0.128    -0.571 r  u_rgmii_bridge/fifo_generator_0_inst/U0/inst_fifo_gen/gconvfifo.rf/grf.rf/gntv_or_sync_fifo.gcx.clkx/wr_pntr_cdc_inst/dest_graysync_ff_reg[1][0]/Q
                         net (fo=1, routed)           0.272    -0.299    u_rgmii_bridge/fifo_generator_0_inst/U0/inst_fifo_gen/gconvfifo.rf/grf.rf/gntv_or_sync_fifo.gcx.clkx/wr_pntr_cdc_inst/dest_graysync_ff[1][0]
    SLICE_X112Y149       LUT4 (Prop_lut4_I0_O)        0.099    -0.200 r  u_rgmii_bridge/fifo_generator_0_inst/U0/inst_fifo_gen/gconvfifo.rf/grf.rf/gntv_or_sync_fifo.gcx.clkx/wr_pntr_cdc_inst/dest_out_bin_ff[0]_i_1/O
                         net (fo=1, routed)           0.000    -0.200    u_rgmii_bridge/fifo_generator_0_inst/U0/inst_fifo_gen/gconvfifo.rf/grf.rf/gntv_or_sync_fifo.gcx.clkx/wr_pntr_cdc_inst/binval[0]
    SLICE_X112Y149       FDRE                                         r  u_rgmii_bridge/fifo_generator_0_inst/U0/inst_fifo_gen/gconvfifo.rf/grf.rf/gntv_or_sync_fifo.gcx.clkx/wr_pntr_cdc_inst/dest_out_bin_ff_reg[0]/D
  -------------------------------------------------------------------    -------------------

                         (clock clk_out3_clk_wiz_0 rise edge)
                                                      0.000     0.000 r  
    R4                                                0.000     0.000 r  sys_clk (IN)
                         net (fo=0)                   0.000     0.000    u_mmcm/inst/clk_in1
    R4                   IBUF (Prop_ibuf_I_O)         0.444     0.444 r  u_mmcm/inst/clkin1_ibufg/O
                         net (fo=1, routed)           0.480     0.924    u_mmcm/inst/clk_in1_clk_wiz_0
    MMCME2_ADV_X1Y2      MMCME2_ADV (Prop_mmcme2_adv_CLKIN1_CLKOUT2)
                                                     -3.332    -2.409 r  u_mmcm/inst/mmcm_adv_inst/CLKOUT2
                         net (fo=1, routed)           0.579    -1.830    u_mmcm/inst/clk_out3_clk_wiz_0
    BUFGCTRL_X0Y1        BUFG (Prop_bufg_I_O)         0.029    -1.801 r  u_mmcm/inst/clkout3_buf/O
                         net (fo=359, routed)         0.864    -0.937    u_rgmii_bridge/fifo_generator_0_inst/U0/inst_fifo_gen/gconvfifo.rf/grf.rf/gntv_or_sync_fifo.gcx.clkx/wr_pntr_cdc_inst/dest_clk
    SLICE_X112Y149       FDRE                                         r  u_rgmii_bridge/fifo_generator_0_inst/U0/inst_fifo_gen/gconvfifo.rf/grf.rf/gntv_or_sync_fifo.gcx.clkx/wr_pntr_cdc_inst/dest_out_bin_ff_reg[0]/C
                         clock pessimism              0.514    -0.423    
    SLICE_X112Y149       FDRE (Hold_fdre_C_D)         0.121    -0.302    u_rgmii_bridge/fifo_generator_0_inst/U0/inst_fifo_gen/gconvfifo.rf/grf.rf/gntv_or_sync_fifo.gcx.clkx/wr_pntr_cdc_inst/dest_out_bin_ff_reg[0]
  -------------------------------------------------------------------
                         required time                          0.302    
                         arrival time                          -0.200    
  -------------------------------------------------------------------
                         slack                                  0.102    

Slack (MET) :             0.130ns  (arrival time - required time)
  Source:                 u_rgmii_bridge/fifo_generator_0_inst/U0/inst_fifo_gen/gconvfifo.rf/grf.rf/gntv_or_sync_fifo.gcx.clkx/wr_pntr_cdc_inst/dest_graysync_ff_reg[0][0]/C
                            (rising edge-triggered cell FDRE clocked by clk_out3_clk_wiz_0  {rise@0.000ns fall@4.000ns period=8.000ns})
  Destination:            u_rgmii_bridge/fifo_generator_0_inst/U0/inst_fifo_gen/gconvfifo.rf/grf.rf/gntv_or_sync_fifo.gcx.clkx/wr_pntr_cdc_inst/dest_graysync_ff_reg[1][0]/D
                            (rising edge-triggered cell FDRE clocked by clk_out3_clk_wiz_0  {rise@0.000ns fall@4.000ns period=8.000ns})
  Path Group:             clk_out3_clk_wiz_0
  Path Type:              Hold (Min at Fast Process Corner)
  Requirement:            0.000ns  (clk_out3_clk_wiz_0 rise@0.000ns - clk_out3_clk_wiz_0 rise@0.000ns)
  Data Path Delay:        0.205ns  (logic 0.141ns (68.843%)  route 0.064ns (31.157%))
  Logic Levels:           0  
  Clock Path Skew:        0.000ns (DCD - SCD - CPR)
    Destination Clock Delay (DCD):    -0.942ns
    Source Clock Delay      (SCD):    -0.699ns
    Clock Pessimism Removal (CPR):    -0.243ns

    Location             Delay type                Incr(ns)  Path(ns)    Netlist Resource(s)
  -------------------------------------------------------------------    -------------------
                         (clock clk_out3_clk_wiz_0 rise edge)
                                                      0.000     0.000 r  
    R4                                                0.000     0.000 r  sys_clk (IN)
                         net (fo=0)                   0.000     0.000    u_mmcm/inst/clk_in1
    R4                   IBUF (Prop_ibuf_I_O)         0.256     0.256 r  u_mmcm/inst/clkin1_ibufg/O
                         net (fo=1, routed)           0.440     0.696    u_mmcm/inst/clk_in1_clk_wiz_0
    MMCME2_ADV_X1Y2      MMCME2_ADV (Prop_mmcme2_adv_CLKIN1_CLKOUT2)
                                                     -2.540    -1.844 r  u_mmcm/inst/mmcm_adv_inst/CLKOUT2
                         net (fo=1, routed)           0.531    -1.313    u_mmcm/inst/clk_out3_clk_wiz_0
    BUFGCTRL_X0Y1        BUFG (Prop_bufg_I_O)         0.026    -1.287 r  u_mmcm/inst/clkout3_buf/O
                         net (fo=359, routed)         0.588    -0.699    u_rgmii_bridge/fifo_generator_0_inst/U0/inst_fifo_gen/gconvfifo.rf/grf.rf/gntv_or_sync_fifo.gcx.clkx/wr_pntr_cdc_inst/dest_clk
    SLICE_X106Y151       FDRE                                         r  u_rgmii_bridge/fifo_generator_0_inst/U0/inst_fifo_gen/gconvfifo.rf/grf.rf/gntv_or_sync_fifo.gcx.clkx/wr_pntr_cdc_inst/dest_graysync_ff_reg[0][0]/C
  -------------------------------------------------------------------    -------------------
    SLICE_X106Y151       FDRE (Prop_fdre_C_Q)         0.141    -0.558 r  u_rgmii_bridge/fifo_generator_0_inst/U0/inst_fifo_gen/gconvfifo.rf/grf.rf/gntv_or_sync_fifo.gcx.clkx/wr_pntr_cdc_inst/dest_graysync_ff_reg[0][0]/Q
                         net (fo=1, routed)           0.064    -0.494    u_rgmii_bridge/fifo_generator_0_inst/U0/inst_fifo_gen/gconvfifo.rf/grf.rf/gntv_or_sync_fifo.gcx.clkx/wr_pntr_cdc_inst/dest_graysync_ff[0][0]
    SLICE_X106Y151       FDRE                                         r  u_rgmii_bridge/fifo_generator_0_inst/U0/inst_fifo_gen/gconvfifo.rf/grf.rf/gntv_or_sync_fifo.gcx.clkx/wr_pntr_cdc_inst/dest_graysync_ff_reg[1][0]/D
  -------------------------------------------------------------------    -------------------

                         (clock clk_out3_clk_wiz_0 rise edge)
                                                      0.000     0.000 r  
    R4                                                0.000     0.000 r  sys_clk (IN)
                         net (fo=0)                   0.000     0.000    u_mmcm/inst/clk_in1
    R4                   IBUF (Prop_ibuf_I_O)         0.444     0.444 r  u_mmcm/inst/clkin1_ibufg/O
                         net (fo=1, routed)           0.480     0.924    u_mmcm/inst/clk_in1_clk_wiz_0
    MMCME2_ADV_X1Y2      MMCME2_ADV (Prop_mmcme2_adv_CLKIN1_CLKOUT2)
                                                     -3.332    -2.409 r  u_mmcm/inst/mmcm_adv_inst/CLKOUT2
                         net (fo=1, routed)           0.579    -1.830    u_mmcm/inst/clk_out3_clk_wiz_0
    BUFGCTRL_X0Y1        BUFG (Prop_bufg_I_O)         0.029    -1.801 r  u_mmcm/inst/clkout3_buf/O
                         net (fo=359, routed)         0.859    -0.942    u_rgmii_bridge/fifo_generator_0_inst/U0/inst_fifo_gen/gconvfifo.rf/grf.rf/gntv_or_sync_fifo.gcx.clkx/wr_pntr_cdc_inst/dest_clk
    SLICE_X106Y151       FDRE                                         r  u_rgmii_bridge/fifo_generator_0_inst/U0/inst_fifo_gen/gconvfifo.rf/grf.rf/gntv_or_sync_fifo.gcx.clkx/wr_pntr_cdc_inst/dest_graysync_ff_reg[1][0]/C
                         clock pessimism              0.243    -0.699    
    SLICE_X106Y151       FDRE (Hold_fdre_C_D)         0.075    -0.624    u_rgmii_bridge/fifo_generator_0_inst/U0/inst_fifo_gen/gconvfifo.rf/grf.rf/gntv_or_sync_fifo.gcx.clkx/wr_pntr_cdc_inst/dest_graysync_ff_reg[1][0]
  -------------------------------------------------------------------
                         required time                          0.624    
                         arrival time                          -0.494    
  -------------------------------------------------------------------
                         slack                                  0.130    

Slack (MET) :             0.135ns  (arrival time - required time)
  Source:                 u_rgmii_bridge/fifo_generator_0_inst/U0/inst_fifo_gen/gconvfifo.rf/grf.rf/gntv_or_sync_fifo.gl0.rd/rpntr/gc0.count_d1_reg[1]/C
                            (rising edge-triggered cell FDRE clocked by clk_out3_clk_wiz_0  {rise@0.000ns fall@4.000ns period=8.000ns})
  Destination:            u_rgmii_bridge/fifo_generator_0_inst/U0/inst_fifo_gen/gconvfifo.rf/grf.rf/gntv_or_sync_fifo.mem/gbm.gbmg.gbmgc.ngecc.bmg/inst_blk_mem_gen/gnbram.gnativebmg.native_blk_mem_gen/valid.cstr/ramloop[3].ram.r/prim_noinit.ram/DEVICE_7SERIES.NO_BMM_INFO.SDP.WIDE_PRIM36_NO_ECC.ram/ADDRARDADDR[7]
                            (rising edge-triggered cell RAMB36E1 clocked by clk_out3_clk_wiz_0  {rise@0.000ns fall@4.000ns period=8.000ns})
  Path Group:             clk_out3_clk_wiz_0
  Path Type:              Hold (Min at Fast Process Corner)
  Requirement:            0.000ns  (clk_out3_clk_wiz_0 rise@0.000ns - clk_out3_clk_wiz_0 rise@0.000ns)
  Data Path Delay:        0.623ns  (logic 0.141ns (22.619%)  route 0.482ns (77.381%))
  Logic Levels:           0  
  Clock Path Skew:        0.306ns (DCD - SCD - CPR)
    Destination Clock Delay (DCD):    -0.906ns
    Source Clock Delay      (SCD):    -0.697ns
    Clock Pessimism Removal (CPR):    -0.514ns

    Location             Delay type                Incr(ns)  Path(ns)    Netlist Resource(s)
  -------------------------------------------------------------------    -------------------
                         (clock clk_out3_clk_wiz_0 rise edge)
                                                      0.000     0.000 r  
    R4                                                0.000     0.000 r  sys_clk (IN)
                         net (fo=0)                   0.000     0.000    u_mmcm/inst/clk_in1
    R4                   IBUF (Prop_ibuf_I_O)         0.256     0.256 r  u_mmcm/inst/clkin1_ibufg/O
                         net (fo=1, routed)           0.440     0.696    u_mmcm/inst/clk_in1_clk_wiz_0
    MMCME2_ADV_X1Y2      MMCME2_ADV (Prop_mmcme2_adv_CLKIN1_CLKOUT2)
                                                     -2.540    -1.844 r  u_mmcm/inst/mmcm_adv_inst/CLKOUT2
                         net (fo=1, routed)           0.531    -1.313    u_mmcm/inst/clk_out3_clk_wiz_0
    BUFGCTRL_X0Y1        BUFG (Prop_bufg_I_O)         0.026    -1.287 r  u_mmcm/inst/clkout3_buf/O
                         net (fo=359, routed)         0.590    -0.697    u_rgmii_bridge/fifo_generator_0_inst/U0/inst_fifo_gen/gconvfifo.rf/grf.rf/gntv_or_sync_fifo.gl0.rd/rpntr/rd_clk
    SLICE_X111Y150       FDRE                                         r  u_rgmii_bridge/fifo_generator_0_inst/U0/inst_fifo_gen/gconvfifo.rf/grf.rf/gntv_or_sync_fifo.gl0.rd/rpntr/gc0.count_d1_reg[1]/C
  -------------------------------------------------------------------    -------------------
    SLICE_X111Y150       FDRE (Prop_fdre_C_Q)         0.141    -0.556 r  u_rgmii_bridge/fifo_generator_0_inst/U0/inst_fifo_gen/gconvfifo.rf/grf.rf/gntv_or_sync_fifo.gl0.rd/rpntr/gc0.count_d1_reg[1]/Q
                         net (fo=7, routed)           0.482    -0.074    u_rgmii_bridge/fifo_generator_0_inst/U0/inst_fifo_gen/gconvfifo.rf/grf.rf/gntv_or_sync_fifo.mem/gbm.gbmg.gbmgc.ngecc.bmg/inst_blk_mem_gen/gnbram.gnativebmg.native_blk_mem_gen/valid.cstr/ramloop[3].ram.r/prim_noinit.ram/Q[1]
    RAMB36_X6Y29         RAMB36E1                                     r  u_rgmii_bridge/fifo_generator_0_inst/U0/inst_fifo_gen/gconvfifo.rf/grf.rf/gntv_or_sync_fifo.mem/gbm.gbmg.gbmgc.ngecc.bmg/inst_blk_mem_gen/gnbram.gnativebmg.native_blk_mem_gen/valid.cstr/ramloop[3].ram.r/prim_noinit.ram/DEVICE_7SERIES.NO_BMM_INFO.SDP.WIDE_PRIM36_NO_ECC.ram/ADDRARDADDR[7]
  -------------------------------------------------------------------    -------------------

                         (clock clk_out3_clk_wiz_0 rise edge)
                                                      0.000     0.000 r  
    R4                                                0.000     0.000 r  sys_clk (IN)
                         net (fo=0)                   0.000     0.000    u_mmcm/inst/clk_in1
    R4                   IBUF (Prop_ibuf_I_O)         0.444     0.444 r  u_mmcm/inst/clkin1_ibufg/O
                         net (fo=1, routed)           0.480     0.924    u_mmcm/inst/clk_in1_clk_wiz_0
    MMCME2_ADV_X1Y2      MMCME2_ADV (Prop_mmcme2_adv_CLKIN1_CLKOUT2)
                                                     -3.332    -2.409 r  u_mmcm/inst/mmcm_adv_inst/CLKOUT2
                         net (fo=1, routed)           0.579    -1.830    u_mmcm/inst/clk_out3_clk_wiz_0
    BUFGCTRL_X0Y1        BUFG (Prop_bufg_I_O)         0.029    -1.801 r  u_mmcm/inst/clkout3_buf/O
                         net (fo=359, routed)         0.895    -0.906    u_rgmii_bridge/fifo_generator_0_inst/U0/inst_fifo_gen/gconvfifo.rf/grf.rf/gntv_or_sync_fifo.mem/gbm.gbmg.gbmgc.ngecc.bmg/inst_blk_mem_gen/gnbram.gnativebmg.native_blk_mem_gen/valid.cstr/ramloop[3].ram.r/prim_noinit.ram/rd_clk
    RAMB36_X6Y29         RAMB36E1                                     r  u_rgmii_bridge/fifo_generator_0_inst/U0/inst_fifo_gen/gconvfifo.rf/grf.rf/gntv_or_sync_fifo.mem/gbm.gbmg.gbmgc.ngecc.bmg/inst_blk_mem_gen/gnbram.gnativebmg.native_blk_mem_gen/valid.cstr/ramloop[3].ram.r/prim_noinit.ram/DEVICE_7SERIES.NO_BMM_INFO.SDP.WIDE_PRIM36_NO_ECC.ram/CLKARDCLK
                         clock pessimism              0.514    -0.391    
    RAMB36_X6Y29         RAMB36E1 (Hold_ramb36e1_CLKARDCLK_ADDRARDADDR[7])
                                                      0.183    -0.208    u_rgmii_bridge/fifo_generator_0_inst/U0/inst_fifo_gen/gconvfifo.rf/grf.rf/gntv_or_sync_fifo.mem/gbm.gbmg.gbmgc.ngecc.bmg/inst_blk_mem_gen/gnbram.gnativebmg.native_blk_mem_gen/valid.cstr/ramloop[3].ram.r/prim_noinit.ram/DEVICE_7SERIES.NO_BMM_INFO.SDP.WIDE_PRIM36_NO_ECC.ram
  -------------------------------------------------------------------
                         required time                          0.208    
                         arrival time                          -0.074    
  -------------------------------------------------------------------
                         slack                                  0.135    

Slack (MET) :             0.150ns  (arrival time - required time)
  Source:                 u_rgmii_bridge/fifo_generator_0_inst/U0/inst_fifo_gen/gconvfifo.rf/grf.rf/gntv_or_sync_fifo.gcx.clkx/wr_pntr_cdc_inst/dest_graysync_ff_reg[1][2]/C
                            (rising edge-triggered cell FDRE clocked by clk_out3_clk_wiz_0  {rise@0.000ns fall@4.000ns period=8.000ns})
  Destination:            u_rgmii_bridge/fifo_generator_0_inst/U0/inst_fifo_gen/gconvfifo.rf/grf.rf/gntv_or_sync_fifo.gcx.clkx/wr_pntr_cdc_inst/dest_out_bin_ff_reg[1]/D
                            (rising edge-triggered cell FDRE clocked by clk_out3_clk_wiz_0  {rise@0.000ns fall@4.000ns period=8.000ns})
  Path Group:             clk_out3_clk_wiz_0
  Path Type:              Hold (Min at Fast Process Corner)
  Requirement:            0.000ns  (clk_out3_clk_wiz_0 rise@0.000ns - clk_out3_clk_wiz_0 rise@0.000ns)
  Data Path Delay:        0.544ns  (logic 0.246ns (45.237%)  route 0.298ns (54.763%))
  Logic Levels:           1  (LUT3=1)
  Clock Path Skew:        0.273ns (DCD - SCD - CPR)
    Destination Clock Delay (DCD):    -0.937ns
    Source Clock Delay      (SCD):    -0.696ns
    Clock Pessimism Removal (CPR):    -0.514ns

    Location             Delay type                Incr(ns)  Path(ns)    Netlist Resource(s)
  -------------------------------------------------------------------    -------------------
                         (clock clk_out3_clk_wiz_0 rise edge)
                                                      0.000     0.000 r  
    R4                                                0.000     0.000 r  sys_clk (IN)
                         net (fo=0)                   0.000     0.000    u_mmcm/inst/clk_in1
    R4                   IBUF (Prop_ibuf_I_O)         0.256     0.256 r  u_mmcm/inst/clkin1_ibufg/O
                         net (fo=1, routed)           0.440     0.696    u_mmcm/inst/clk_in1_clk_wiz_0
    MMCME2_ADV_X1Y2      MMCME2_ADV (Prop_mmcme2_adv_CLKIN1_CLKOUT2)
                                                     -2.540    -1.844 r  u_mmcm/inst/mmcm_adv_inst/CLKOUT2
                         net (fo=1, routed)           0.531    -1.313    u_mmcm/inst/clk_out3_clk_wiz_0
    BUFGCTRL_X0Y1        BUFG (Prop_bufg_I_O)         0.026    -1.287 r  u_mmcm/inst/clkout3_buf/O
                         net (fo=359, routed)         0.591    -0.696    u_rgmii_bridge/fifo_generator_0_inst/U0/inst_fifo_gen/gconvfifo.rf/grf.rf/gntv_or_sync_fifo.gcx.clkx/wr_pntr_cdc_inst/dest_clk
    SLICE_X112Y150       FDRE                                         r  u_rgmii_bridge/fifo_generator_0_inst/U0/inst_fifo_gen/gconvfifo.rf/grf.rf/gntv_or_sync_fifo.gcx.clkx/wr_pntr_cdc_inst/dest_graysync_ff_reg[1][2]/C
  -------------------------------------------------------------------    -------------------
    SLICE_X112Y150       FDRE (Prop_fdre_C_Q)         0.148    -0.548 r  u_rgmii_bridge/fifo_generator_0_inst/U0/inst_fifo_gen/gconvfifo.rf/grf.rf/gntv_or_sync_fifo.gcx.clkx/wr_pntr_cdc_inst/dest_graysync_ff_reg[1][2]/Q
                         net (fo=3, routed)           0.298    -0.250    u_rgmii_bridge/fifo_generator_0_inst/U0/inst_fifo_gen/gconvfifo.rf/grf.rf/gntv_or_sync_fifo.gcx.clkx/wr_pntr_cdc_inst/dest_graysync_ff[1][2]
    SLICE_X112Y149       LUT3 (Prop_lut3_I2_O)        0.098    -0.152 r  u_rgmii_bridge/fifo_generator_0_inst/U0/inst_fifo_gen/gconvfifo.rf/grf.rf/gntv_or_sync_fifo.gcx.clkx/wr_pntr_cdc_inst/dest_out_bin_ff[1]_i_1/O
                         net (fo=1, routed)           0.000    -0.152    u_rgmii_bridge/fifo_generator_0_inst/U0/inst_fifo_gen/gconvfifo.rf/grf.rf/gntv_or_sync_fifo.gcx.clkx/wr_pntr_cdc_inst/binval[1]
    SLICE_X112Y149       FDRE                                         r  u_rgmii_bridge/fifo_generator_0_inst/U0/inst_fifo_gen/gconvfifo.rf/grf.rf/gntv_or_sync_fifo.gcx.clkx/wr_pntr_cdc_inst/dest_out_bin_ff_reg[1]/D
  -------------------------------------------------------------------    -------------------

                         (clock clk_out3_clk_wiz_0 rise edge)
                                                      0.000     0.000 r  
    R4                                                0.000     0.000 r  sys_clk (IN)
                         net (fo=0)                   0.000     0.000    u_mmcm/inst/clk_in1
    R4                   IBUF (Prop_ibuf_I_O)         0.444     0.444 r  u_mmcm/inst/clkin1_ibufg/O
                         net (fo=1, routed)           0.480     0.924    u_mmcm/inst/clk_in1_clk_wiz_0
    MMCME2_ADV_X1Y2      MMCME2_ADV (Prop_mmcme2_adv_CLKIN1_CLKOUT2)
                                                     -3.332    -2.409 r  u_mmcm/inst/mmcm_adv_inst/CLKOUT2
                         net (fo=1, routed)           0.579    -1.830    u_mmcm/inst/clk_out3_clk_wiz_0
    BUFGCTRL_X0Y1        BUFG (Prop_bufg_I_O)         0.029    -1.801 r  u_mmcm/inst/clkout3_buf/O
                         net (fo=359, routed)         0.864    -0.937    u_rgmii_bridge/fifo_generator_0_inst/U0/inst_fifo_gen/gconvfifo.rf/grf.rf/gntv_or_sync_fifo.gcx.clkx/wr_pntr_cdc_inst/dest_clk
    SLICE_X112Y149       FDRE                                         r  u_rgmii_bridge/fifo_generator_0_inst/U0/inst_fifo_gen/gconvfifo.rf/grf.rf/gntv_or_sync_fifo.gcx.clkx/wr_pntr_cdc_inst/dest_out_bin_ff_reg[1]/C
                         clock pessimism              0.514    -0.423    
    SLICE_X112Y149       FDRE (Hold_fdre_C_D)         0.121    -0.302    u_rgmii_bridge/fifo_generator_0_inst/U0/inst_fifo_gen/gconvfifo.rf/grf.rf/gntv_or_sync_fifo.gcx.clkx/wr_pntr_cdc_inst/dest_out_bin_ff_reg[1]
  -------------------------------------------------------------------
                         required time                          0.302    
                         arrival time                          -0.152    
  -------------------------------------------------------------------
                         slack                                  0.150    

Slack (MET) :             0.158ns  (arrival time - required time)
  Source:                 u_rgmii_bridge/fifo_generator_0_inst/U0/inst_fifo_gen/gconvfifo.rf/grf.rf/gntv_or_sync_fifo.gl0.rd/rpntr/gc0.count_reg[0]/C
                            (rising edge-triggered cell FDRE clocked by clk_out3_clk_wiz_0  {rise@0.000ns fall@4.000ns period=8.000ns})
  Destination:            u_rgmii_bridge/fifo_generator_0_inst/U0/inst_fifo_gen/gconvfifo.rf/grf.rf/gntv_or_sync_fifo.gl0.rd/rpntr/gc0.count_d1_reg[0]/D
                            (rising edge-triggered cell FDRE clocked by clk_out3_clk_wiz_0  {rise@0.000ns fall@4.000ns period=8.000ns})
  Path Group:             clk_out3_clk_wiz_0
  Path Type:              Hold (Min at Fast Process Corner)
  Requirement:            0.000ns  (clk_out3_clk_wiz_0 rise@0.000ns - clk_out3_clk_wiz_0 rise@0.000ns)
  Data Path Delay:        0.229ns  (logic 0.141ns (61.616%)  route 0.088ns (38.384%))
  Logic Levels:           0  
  Clock Path Skew:        0.000ns (DCD - SCD - CPR)
    Destination Clock Delay (DCD):    -0.940ns
    Source Clock Delay      (SCD):    -0.697ns
    Clock Pessimism Removal (CPR):    -0.243ns

    Location             Delay type                Incr(ns)  Path(ns)    Netlist Resource(s)
  -------------------------------------------------------------------    -------------------
                         (clock clk_out3_clk_wiz_0 rise edge)
                                                      0.000     0.000 r  
    R4                                                0.000     0.000 r  sys_clk (IN)
                         net (fo=0)                   0.000     0.000    u_mmcm/inst/clk_in1
    R4                   IBUF (Prop_ibuf_I_O)         0.256     0.256 r  u_mmcm/inst/clkin1_ibufg/O
                         net (fo=1, routed)           0.440     0.696    u_mmcm/inst/clk_in1_clk_wiz_0
    MMCME2_ADV_X1Y2      MMCME2_ADV (Prop_mmcme2_adv_CLKIN1_CLKOUT2)
                                                     -2.540    -1.844 r  u_mmcm/inst/mmcm_adv_inst/CLKOUT2
                         net (fo=1, routed)           0.531    -1.313    u_mmcm/inst/clk_out3_clk_wiz_0
    BUFGCTRL_X0Y1        BUFG (Prop_bufg_I_O)         0.026    -1.287 r  u_mmcm/inst/clkout3_buf/O
                         net (fo=359, routed)         0.590    -0.697    u_rgmii_bridge/fifo_generator_0_inst/U0/inst_fifo_gen/gconvfifo.rf/grf.rf/gntv_or_sync_fifo.gl0.rd/rpntr/rd_clk
    SLICE_X111Y150       FDRE                                         r  u_rgmii_bridge/fifo_generator_0_inst/U0/inst_fifo_gen/gconvfifo.rf/grf.rf/gntv_or_sync_fifo.gl0.rd/rpntr/gc0.count_reg[0]/C
  -------------------------------------------------------------------    -------------------
    SLICE_X111Y150       FDRE (Prop_fdre_C_Q)         0.141    -0.556 r  u_rgmii_bridge/fifo_generator_0_inst/U0/inst_fifo_gen/gconvfifo.rf/grf.rf/gntv_or_sync_fifo.gl0.rd/rpntr/gc0.count_reg[0]/Q
                         net (fo=6, routed)           0.088    -0.468    u_rgmii_bridge/fifo_generator_0_inst/U0/inst_fifo_gen/gconvfifo.rf/grf.rf/gntv_or_sync_fifo.gl0.rd/rpntr/rd_pntr_plus1[0]
    SLICE_X111Y150       FDRE                                         r  u_rgmii_bridge/fifo_generator_0_inst/U0/inst_fifo_gen/gconvfifo.rf/grf.rf/gntv_or_sync_fifo.gl0.rd/rpntr/gc0.count_d1_reg[0]/D
  -------------------------------------------------------------------    -------------------

                         (clock clk_out3_clk_wiz_0 rise edge)
                                                      0.000     0.000 r  
    R4                                                0.000     0.000 r  sys_clk (IN)
                         net (fo=0)                   0.000     0.000    u_mmcm/inst/clk_in1
    R4                   IBUF (Prop_ibuf_I_O)         0.444     0.444 r  u_mmcm/inst/clkin1_ibufg/O
                         net (fo=1, routed)           0.480     0.924    u_mmcm/inst/clk_in1_clk_wiz_0
    MMCME2_ADV_X1Y2      MMCME2_ADV (Prop_mmcme2_adv_CLKIN1_CLKOUT2)
                                                     -3.332    -2.409 r  u_mmcm/inst/mmcm_adv_inst/CLKOUT2
                         net (fo=1, routed)           0.579    -1.830    u_mmcm/inst/clk_out3_clk_wiz_0
    BUFGCTRL_X0Y1        BUFG (Prop_bufg_I_O)         0.029    -1.801 r  u_mmcm/inst/clkout3_buf/O
                         net (fo=359, routed)         0.860    -0.940    u_rgmii_bridge/fifo_generator_0_inst/U0/inst_fifo_gen/gconvfifo.rf/grf.rf/gntv_or_sync_fifo.gl0.rd/rpntr/rd_clk
    SLICE_X111Y150       FDRE                                         r  u_rgmii_bridge/fifo_generator_0_inst/U0/inst_fifo_gen/gconvfifo.rf/grf.rf/gntv_or_sync_fifo.gl0.rd/rpntr/gc0.count_d1_reg[0]/C
                         clock pessimism              0.243    -0.697    
    SLICE_X111Y150       FDRE (Hold_fdre_C_D)         0.071    -0.626    u_rgmii_bridge/fifo_generator_0_inst/U0/inst_fifo_gen/gconvfifo.rf/grf.rf/gntv_or_sync_fifo.gl0.rd/rpntr/gc0.count_d1_reg[0]
  -------------------------------------------------------------------
                         required time                          0.626    
                         arrival time                          -0.468    
  -------------------------------------------------------------------
                         slack                                  0.158    

Slack (MET) :             0.159ns  (arrival time - required time)
  Source:                 u_rgmii_bridge/fifo_generator_0_inst/U0/inst_fifo_gen/gconvfifo.rf/grf.rf/gntv_or_sync_fifo.gcx.clkx/wr_pntr_cdc_inst/dest_graysync_ff_reg[0][2]/C
                            (rising edge-triggered cell FDRE clocked by clk_out3_clk_wiz_0  {rise@0.000ns fall@4.000ns period=8.000ns})
  Destination:            u_rgmii_bridge/fifo_generator_0_inst/U0/inst_fifo_gen/gconvfifo.rf/grf.rf/gntv_or_sync_fifo.gcx.clkx/wr_pntr_cdc_inst/dest_graysync_ff_reg[1][2]/D
                            (rising edge-triggered cell FDRE clocked by clk_out3_clk_wiz_0  {rise@0.000ns fall@4.000ns period=8.000ns})
  Path Group:             clk_out3_clk_wiz_0
  Path Type:              Hold (Min at Fast Process Corner)
  Requirement:            0.000ns  (clk_out3_clk_wiz_0 rise@0.000ns - clk_out3_clk_wiz_0 rise@0.000ns)
  Data Path Delay:        0.219ns  (logic 0.164ns (74.792%)  route 0.055ns (25.208%))
  Logic Levels:           0  
  Clock Path Skew:        0.000ns (DCD - SCD - CPR)
    Destination Clock Delay (DCD):    -0.939ns
    Source Clock Delay      (SCD):    -0.696ns
    Clock Pessimism Removal (CPR):    -0.243ns

    Location             Delay type                Incr(ns)  Path(ns)    Netlist Resource(s)
  -------------------------------------------------------------------    -------------------
                         (clock clk_out3_clk_wiz_0 rise edge)
                                                      0.000     0.000 r  
    R4                                                0.000     0.000 r  sys_clk (IN)
                         net (fo=0)                   0.000     0.000    u_mmcm/inst/clk_in1
    R4                   IBUF (Prop_ibuf_I_O)         0.256     0.256 r  u_mmcm/inst/clkin1_ibufg/O
                         net (fo=1, routed)           0.440     0.696    u_mmcm/inst/clk_in1_clk_wiz_0
    MMCME2_ADV_X1Y2      MMCME2_ADV (Prop_mmcme2_adv_CLKIN1_CLKOUT2)
                                                     -2.540    -1.844 r  u_mmcm/inst/mmcm_adv_inst/CLKOUT2
                         net (fo=1, routed)           0.531    -1.313    u_mmcm/inst/clk_out3_clk_wiz_0
    BUFGCTRL_X0Y1        BUFG (Prop_bufg_I_O)         0.026    -1.287 r  u_mmcm/inst/clkout3_buf/O
                         net (fo=359, routed)         0.591    -0.696    u_rgmii_bridge/fifo_generator_0_inst/U0/inst_fifo_gen/gconvfifo.rf/grf.rf/gntv_or_sync_fifo.gcx.clkx/wr_pntr_cdc_inst/dest_clk
    SLICE_X112Y150       FDRE                                         r  u_rgmii_bridge/fifo_generator_0_inst/U0/inst_fifo_gen/gconvfifo.rf/grf.rf/gntv_or_sync_fifo.gcx.clkx/wr_pntr_cdc_inst/dest_graysync_ff_reg[0][2]/C
  -------------------------------------------------------------------    -------------------
    SLICE_X112Y150       FDRE (Prop_fdre_C_Q)         0.164    -0.532 r  u_rgmii_bridge/fifo_generator_0_inst/U0/inst_fifo_gen/gconvfifo.rf/grf.rf/gntv_or_sync_fifo.gcx.clkx/wr_pntr_cdc_inst/dest_graysync_ff_reg[0][2]/Q
                         net (fo=1, routed)           0.055    -0.477    u_rgmii_bridge/fifo_generator_0_inst/U0/inst_fifo_gen/gconvfifo.rf/grf.rf/gntv_or_sync_fifo.gcx.clkx/wr_pntr_cdc_inst/dest_graysync_ff[0][2]
    SLICE_X112Y150       FDRE                                         r  u_rgmii_bridge/fifo_generator_0_inst/U0/inst_fifo_gen/gconvfifo.rf/grf.rf/gntv_or_sync_fifo.gcx.clkx/wr_pntr_cdc_inst/dest_graysync_ff_reg[1][2]/D
  -------------------------------------------------------------------    -------------------

                         (clock clk_out3_clk_wiz_0 rise edge)
                                                      0.000     0.000 r  
    R4                                                0.000     0.000 r  sys_clk (IN)
                         net (fo=0)                   0.000     0.000    u_mmcm/inst/clk_in1
    R4                   IBUF (Prop_ibuf_I_O)         0.444     0.444 r  u_mmcm/inst/clkin1_ibufg/O
                         net (fo=1, routed)           0.480     0.924    u_mmcm/inst/clk_in1_clk_wiz_0
    MMCME2_ADV_X1Y2      MMCME2_ADV (Prop_mmcme2_adv_CLKIN1_CLKOUT2)
                                                     -3.332    -2.409 r  u_mmcm/inst/mmcm_adv_inst/CLKOUT2
                         net (fo=1, routed)           0.579    -1.830    u_mmcm/inst/clk_out3_clk_wiz_0
    BUFGCTRL_X0Y1        BUFG (Prop_bufg_I_O)         0.029    -1.801 r  u_mmcm/inst/clkout3_buf/O
                         net (fo=359, routed)         0.862    -0.939    u_rgmii_bridge/fifo_generator_0_inst/U0/inst_fifo_gen/gconvfifo.rf/grf.rf/gntv_or_sync_fifo.gcx.clkx/wr_pntr_cdc_inst/dest_clk
    SLICE_X112Y150       FDRE                                         r  u_rgmii_bridge/fifo_generator_0_inst/U0/inst_fifo_gen/gconvfifo.rf/grf.rf/gntv_or_sync_fifo.gcx.clkx/wr_pntr_cdc_inst/dest_graysync_ff_reg[1][2]/C
                         clock pessimism              0.243    -0.696    
    SLICE_X112Y150       FDRE (Hold_fdre_C_D)         0.060    -0.636    u_rgmii_bridge/fifo_generator_0_inst/U0/inst_fifo_gen/gconvfifo.rf/grf.rf/gntv_or_sync_fifo.gcx.clkx/wr_pntr_cdc_inst/dest_graysync_ff_reg[1][2]
  -------------------------------------------------------------------
                         required time                          0.636    
                         arrival time                          -0.477    
  -------------------------------------------------------------------
                         slack                                  0.159    

Slack (MET) :             0.159ns  (arrival time - required time)
  Source:                 u_rgmii_bridge/fifo_generator_0_inst/U0/inst_fifo_gen/gconvfifo.rf/grf.rf/gntv_or_sync_fifo.gcx.clkx/wr_pntr_cdc_inst/dest_graysync_ff_reg[0][1]/C
                            (rising edge-triggered cell FDRE clocked by clk_out3_clk_wiz_0  {rise@0.000ns fall@4.000ns period=8.000ns})
  Destination:            u_rgmii_bridge/fifo_generator_0_inst/U0/inst_fifo_gen/gconvfifo.rf/grf.rf/gntv_or_sync_fifo.gcx.clkx/wr_pntr_cdc_inst/dest_graysync_ff_reg[1][1]/D
                            (rising edge-triggered cell FDRE clocked by clk_out3_clk_wiz_0  {rise@0.000ns fall@4.000ns period=8.000ns})
  Path Group:             clk_out3_clk_wiz_0
  Path Type:              Hold (Min at Fast Process Corner)
  Requirement:            0.000ns  (clk_out3_clk_wiz_0 rise@0.000ns - clk_out3_clk_wiz_0 rise@0.000ns)
  Data Path Delay:        0.219ns  (logic 0.164ns (74.792%)  route 0.055ns (25.208%))
  Logic Levels:           0  
  Clock Path Skew:        0.000ns (DCD - SCD - CPR)
    Destination Clock Delay (DCD):    -0.940ns
    Source Clock Delay      (SCD):    -0.697ns
    Clock Pessimism Removal (CPR):    -0.243ns

    Location             Delay type                Incr(ns)  Path(ns)    Netlist Resource(s)
  -------------------------------------------------------------------    -------------------
                         (clock clk_out3_clk_wiz_0 rise edge)
                                                      0.000     0.000 r  
    R4                                                0.000     0.000 r  sys_clk (IN)
                         net (fo=0)                   0.000     0.000    u_mmcm/inst/clk_in1
    R4                   IBUF (Prop_ibuf_I_O)         0.256     0.256 r  u_mmcm/inst/clkin1_ibufg/O
                         net (fo=1, routed)           0.440     0.696    u_mmcm/inst/clk_in1_clk_wiz_0
    MMCME2_ADV_X1Y2      MMCME2_ADV (Prop_mmcme2_adv_CLKIN1_CLKOUT2)
                                                     -2.540    -1.844 r  u_mmcm/inst/mmcm_adv_inst/CLKOUT2
                         net (fo=1, routed)           0.531    -1.313    u_mmcm/inst/clk_out3_clk_wiz_0
    BUFGCTRL_X0Y1        BUFG (Prop_bufg_I_O)         0.026    -1.287 r  u_mmcm/inst/clkout3_buf/O
                         net (fo=359, routed)         0.590    -0.697    u_rgmii_bridge/fifo_generator_0_inst/U0/inst_fifo_gen/gconvfifo.rf/grf.rf/gntv_or_sync_fifo.gcx.clkx/wr_pntr_cdc_inst/dest_clk
    SLICE_X104Y149       FDRE                                         r  u_rgmii_bridge/fifo_generator_0_inst/U0/inst_fifo_gen/gconvfifo.rf/grf.rf/gntv_or_sync_fifo.gcx.clkx/wr_pntr_cdc_inst/dest_graysync_ff_reg[0][1]/C
  -------------------------------------------------------------------    -------------------
    SLICE_X104Y149       FDRE (Prop_fdre_C_Q)         0.164    -0.533 r  u_rgmii_bridge/fifo_generator_0_inst/U0/inst_fifo_gen/gconvfifo.rf/grf.rf/gntv_or_sync_fifo.gcx.clkx/wr_pntr_cdc_inst/dest_graysync_ff_reg[0][1]/Q
                         net (fo=1, routed)           0.055    -0.478    u_rgmii_bridge/fifo_generator_0_inst/U0/inst_fifo_gen/gconvfifo.rf/grf.rf/gntv_or_sync_fifo.gcx.clkx/wr_pntr_cdc_inst/dest_graysync_ff[0][1]
    SLICE_X104Y149       FDRE                                         r  u_rgmii_bridge/fifo_generator_0_inst/U0/inst_fifo_gen/gconvfifo.rf/grf.rf/gntv_or_sync_fifo.gcx.clkx/wr_pntr_cdc_inst/dest_graysync_ff_reg[1][1]/D
  -------------------------------------------------------------------    -------------------

                         (clock clk_out3_clk_wiz_0 rise edge)
                                                      0.000     0.000 r  
    R4                                                0.000     0.000 r  sys_clk (IN)
                         net (fo=0)                   0.000     0.000    u_mmcm/inst/clk_in1
    R4                   IBUF (Prop_ibuf_I_O)         0.444     0.444 r  u_mmcm/inst/clkin1_ibufg/O
                         net (fo=1, routed)           0.480     0.924    u_mmcm/inst/clk_in1_clk_wiz_0
    MMCME2_ADV_X1Y2      MMCME2_ADV (Prop_mmcme2_adv_CLKIN1_CLKOUT2)
                                                     -3.332    -2.409 r  u_mmcm/inst/mmcm_adv_inst/CLKOUT2
                         net (fo=1, routed)           0.579    -1.830    u_mmcm/inst/clk_out3_clk_wiz_0
    BUFGCTRL_X0Y1        BUFG (Prop_bufg_I_O)         0.029    -1.801 r  u_mmcm/inst/clkout3_buf/O
                         net (fo=359, routed)         0.861    -0.940    u_rgmii_bridge/fifo_generator_0_inst/U0/inst_fifo_gen/gconvfifo.rf/grf.rf/gntv_or_sync_fifo.gcx.clkx/wr_pntr_cdc_inst/dest_clk
    SLICE_X104Y149       FDRE                                         r  u_rgmii_bridge/fifo_generator_0_inst/U0/inst_fifo_gen/gconvfifo.rf/grf.rf/gntv_or_sync_fifo.gcx.clkx/wr_pntr_cdc_inst/dest_graysync_ff_reg[1][1]/C
                         clock pessimism              0.243    -0.697    
    SLICE_X104Y149       FDRE (Hold_fdre_C_D)         0.060    -0.637    u_rgmii_bridge/fifo_generator_0_inst/U0/inst_fifo_gen/gconvfifo.rf/grf.rf/gntv_or_sync_fifo.gcx.clkx/wr_pntr_cdc_inst/dest_graysync_ff_reg[1][1]
  -------------------------------------------------------------------
                         required time                          0.637    
                         arrival time                          -0.478    
  -------------------------------------------------------------------
                         slack                                  0.159    

Slack (MET) :             0.159ns  (arrival time - required time)
  Source:                 u_rgmii_bridge/fifo_generator_0_inst/U0/inst_fifo_gen/gconvfifo.rf/grf.rf/gntv_or_sync_fifo.gcx.clkx/wr_pntr_cdc_inst/dest_graysync_ff_reg[0][3]/C
                            (rising edge-triggered cell FDRE clocked by clk_out3_clk_wiz_0  {rise@0.000ns fall@4.000ns period=8.000ns})
  Destination:            u_rgmii_bridge/fifo_generator_0_inst/U0/inst_fifo_gen/gconvfifo.rf/grf.rf/gntv_or_sync_fifo.gcx.clkx/wr_pntr_cdc_inst/dest_graysync_ff_reg[1][3]/D
                            (rising edge-triggered cell FDRE clocked by clk_out3_clk_wiz_0  {rise@0.000ns fall@4.000ns period=8.000ns})
  Path Group:             clk_out3_clk_wiz_0
  Path Type:              Hold (Min at Fast Process Corner)
  Requirement:            0.000ns  (clk_out3_clk_wiz_0 rise@0.000ns - clk_out3_clk_wiz_0 rise@0.000ns)
  Data Path Delay:        0.219ns  (logic 0.164ns (74.792%)  route 0.055ns (25.208%))
  Logic Levels:           0  
  Clock Path Skew:        0.000ns (DCD - SCD - CPR)
    Destination Clock Delay (DCD):    -0.937ns
    Source Clock Delay      (SCD):    -0.694ns
    Clock Pessimism Removal (CPR):    -0.243ns

    Location             Delay type                Incr(ns)  Path(ns)    Netlist Resource(s)
  -------------------------------------------------------------------    -------------------
                         (clock clk_out3_clk_wiz_0 rise edge)
                                                      0.000     0.000 r  
    R4                                                0.000     0.000 r  sys_clk (IN)
                         net (fo=0)                   0.000     0.000    u_mmcm/inst/clk_in1
    R4                   IBUF (Prop_ibuf_I_O)         0.256     0.256 r  u_mmcm/inst/clkin1_ibufg/O
                         net (fo=1, routed)           0.440     0.696    u_mmcm/inst/clk_in1_clk_wiz_0
    MMCME2_ADV_X1Y2      MMCME2_ADV (Prop_mmcme2_adv_CLKIN1_CLKOUT2)
                                                     -2.540    -1.844 r  u_mmcm/inst/mmcm_adv_inst/CLKOUT2
                         net (fo=1, routed)           0.531    -1.313    u_mmcm/inst/clk_out3_clk_wiz_0
    BUFGCTRL_X0Y1        BUFG (Prop_bufg_I_O)         0.026    -1.287 r  u_mmcm/inst/clkout3_buf/O
                         net (fo=359, routed)         0.593    -0.694    u_rgmii_bridge/fifo_generator_0_inst/U0/inst_fifo_gen/gconvfifo.rf/grf.rf/gntv_or_sync_fifo.gcx.clkx/wr_pntr_cdc_inst/dest_clk
    SLICE_X112Y149       FDRE                                         r  u_rgmii_bridge/fifo_generator_0_inst/U0/inst_fifo_gen/gconvfifo.rf/grf.rf/gntv_or_sync_fifo.gcx.clkx/wr_pntr_cdc_inst/dest_graysync_ff_reg[0][3]/C
  -------------------------------------------------------------------    -------------------
    SLICE_X112Y149       FDRE (Prop_fdre_C_Q)         0.164    -0.530 r  u_rgmii_bridge/fifo_generator_0_inst/U0/inst_fifo_gen/gconvfifo.rf/grf.rf/gntv_or_sync_fifo.gcx.clkx/wr_pntr_cdc_inst/dest_graysync_ff_reg[0][3]/Q
                         net (fo=1, routed)           0.055    -0.475    u_rgmii_bridge/fifo_generator_0_inst/U0/inst_fifo_gen/gconvfifo.rf/grf.rf/gntv_or_sync_fifo.gcx.clkx/wr_pntr_cdc_inst/dest_graysync_ff[0][3]
    SLICE_X112Y149       FDRE                                         r  u_rgmii_bridge/fifo_generator_0_inst/U0/inst_fifo_gen/gconvfifo.rf/grf.rf/gntv_or_sync_fifo.gcx.clkx/wr_pntr_cdc_inst/dest_graysync_ff_reg[1][3]/D
  -------------------------------------------------------------------    -------------------

                         (clock clk_out3_clk_wiz_0 rise edge)
                                                      0.000     0.000 r  
    R4                                                0.000     0.000 r  sys_clk (IN)
                         net (fo=0)                   0.000     0.000    u_mmcm/inst/clk_in1
    R4                   IBUF (Prop_ibuf_I_O)         0.444     0.444 r  u_mmcm/inst/clkin1_ibufg/O
                         net (fo=1, routed)           0.480     0.924    u_mmcm/inst/clk_in1_clk_wiz_0
    MMCME2_ADV_X1Y2      MMCME2_ADV (Prop_mmcme2_adv_CLKIN1_CLKOUT2)
                                                     -3.332    -2.409 r  u_mmcm/inst/mmcm_adv_inst/CLKOUT2
                         net (fo=1, routed)           0.579    -1.830    u_mmcm/inst/clk_out3_clk_wiz_0
    BUFGCTRL_X0Y1        BUFG (Prop_bufg_I_O)         0.029    -1.801 r  u_mmcm/inst/clkout3_buf/O
                         net (fo=359, routed)         0.864    -0.937    u_rgmii_bridge/fifo_generator_0_inst/U0/inst_fifo_gen/gconvfifo.rf/grf.rf/gntv_or_sync_fifo.gcx.clkx/wr_pntr_cdc_inst/dest_clk
    SLICE_X112Y149       FDRE                                         r  u_rgmii_bridge/fifo_generator_0_inst/U0/inst_fifo_gen/gconvfifo.rf/grf.rf/gntv_or_sync_fifo.gcx.clkx/wr_pntr_cdc_inst/dest_graysync_ff_reg[1][3]/C
                         clock pessimism              0.243    -0.694    
    SLICE_X112Y149       FDRE (Hold_fdre_C_D)         0.060    -0.634    u_rgmii_bridge/fifo_generator_0_inst/U0/inst_fifo_gen/gconvfifo.rf/grf.rf/gntv_or_sync_fifo.gcx.clkx/wr_pntr_cdc_inst/dest_graysync_ff_reg[1][3]
  -------------------------------------------------------------------
                         required time                          0.634    
                         arrival time                          -0.475    
  -------------------------------------------------------------------
                         slack                                  0.159    

Slack (MET) :             0.179ns  (arrival time - required time)
  Source:                 u_rgmii_bridge/fifo_generator_0_inst/U0/inst_fifo_gen/gconvfifo.rf/grf.rf/gntv_or_sync_fifo.gl0.rd/rpntr/gc0.count_reg[3]/C
                            (rising edge-triggered cell FDRE clocked by clk_out3_clk_wiz_0  {rise@0.000ns fall@4.000ns period=8.000ns})
  Destination:            u_rgmii_bridge/fifo_generator_0_inst/U0/inst_fifo_gen/gconvfifo.rf/grf.rf/gntv_or_sync_fifo.gl0.rd/rpntr/gc0.count_d1_reg[3]/D
                            (rising edge-triggered cell FDRE clocked by clk_out3_clk_wiz_0  {rise@0.000ns fall@4.000ns period=8.000ns})
  Path Group:             clk_out3_clk_wiz_0
  Path Type:              Hold (Min at Fast Process Corner)
  Requirement:            0.000ns  (clk_out3_clk_wiz_0 rise@0.000ns - clk_out3_clk_wiz_0 rise@0.000ns)
  Data Path Delay:        0.469ns  (logic 0.128ns (27.303%)  route 0.341ns (72.697%))
  Logic Levels:           0  
  Clock Path Skew:        0.274ns (DCD - SCD - CPR)
    Destination Clock Delay (DCD):    -0.937ns
    Source Clock Delay      (SCD):    -0.697ns
    Clock Pessimism Removal (CPR):    -0.514ns

    Location             Delay type                Incr(ns)  Path(ns)    Netlist Resource(s)
  -------------------------------------------------------------------    -------------------
                         (clock clk_out3_clk_wiz_0 rise edge)
                                                      0.000     0.000 r  
    R4                                                0.000     0.000 r  sys_clk (IN)
                         net (fo=0)                   0.000     0.000    u_mmcm/inst/clk_in1
    R4                   IBUF (Prop_ibuf_I_O)         0.256     0.256 r  u_mmcm/inst/clkin1_ibufg/O
                         net (fo=1, routed)           0.440     0.696    u_mmcm/inst/clk_in1_clk_wiz_0
    MMCME2_ADV_X1Y2      MMCME2_ADV (Prop_mmcme2_adv_CLKIN1_CLKOUT2)
                                                     -2.540    -1.844 r  u_mmcm/inst/mmcm_adv_inst/CLKOUT2
                         net (fo=1, routed)           0.531    -1.313    u_mmcm/inst/clk_out3_clk_wiz_0
    BUFGCTRL_X0Y1        BUFG (Prop_bufg_I_O)         0.026    -1.287 r  u_mmcm/inst/clkout3_buf/O
                         net (fo=359, routed)         0.590    -0.697    u_rgmii_bridge/fifo_generator_0_inst/U0/inst_fifo_gen/gconvfifo.rf/grf.rf/gntv_or_sync_fifo.gl0.rd/rpntr/rd_clk
    SLICE_X111Y150       FDRE                                         r  u_rgmii_bridge/fifo_generator_0_inst/U0/inst_fifo_gen/gconvfifo.rf/grf.rf/gntv_or_sync_fifo.gl0.rd/rpntr/gc0.count_reg[3]/C
  -------------------------------------------------------------------    -------------------
    SLICE_X111Y150       FDRE (Prop_fdre_C_Q)         0.128    -0.569 r  u_rgmii_bridge/fifo_generator_0_inst/U0/inst_fifo_gen/gconvfifo.rf/grf.rf/gntv_or_sync_fifo.gl0.rd/rpntr/gc0.count_reg[3]/Q
                         net (fo=3, routed)           0.341    -0.228    u_rgmii_bridge/fifo_generator_0_inst/U0/inst_fifo_gen/gconvfifo.rf/grf.rf/gntv_or_sync_fifo.gl0.rd/rpntr/rd_pntr_plus1[3]
    SLICE_X113Y149       FDRE                                         r  u_rgmii_bridge/fifo_generator_0_inst/U0/inst_fifo_gen/gconvfifo.rf/grf.rf/gntv_or_sync_fifo.gl0.rd/rpntr/gc0.count_d1_reg[3]/D
  -------------------------------------------------------------------    -------------------

                         (clock clk_out3_clk_wiz_0 rise edge)
                                                      0.000     0.000 r  
    R4                                                0.000     0.000 r  sys_clk (IN)
                         net (fo=0)                   0.000     0.000    u_mmcm/inst/clk_in1
    R4                   IBUF (Prop_ibuf_I_O)         0.444     0.444 r  u_mmcm/inst/clkin1_ibufg/O
                         net (fo=1, routed)           0.480     0.924    u_mmcm/inst/clk_in1_clk_wiz_0
    MMCME2_ADV_X1Y2      MMCME2_ADV (Prop_mmcme2_adv_CLKIN1_CLKOUT2)
                                                     -3.332    -2.409 r  u_mmcm/inst/mmcm_adv_inst/CLKOUT2
                         net (fo=1, routed)           0.579    -1.830    u_mmcm/inst/clk_out3_clk_wiz_0
    BUFGCTRL_X0Y1        BUFG (Prop_bufg_I_O)         0.029    -1.801 r  u_mmcm/inst/clkout3_buf/O
                         net (fo=359, routed)         0.864    -0.937    u_rgmii_bridge/fifo_generator_0_inst/U0/inst_fifo_gen/gconvfifo.rf/grf.rf/gntv_or_sync_fifo.gl0.rd/rpntr/rd_clk
    SLICE_X113Y149       FDRE                                         r  u_rgmii_bridge/fifo_generator_0_inst/U0/inst_fifo_gen/gconvfifo.rf/grf.rf/gntv_or_sync_fifo.gl0.rd/rpntr/gc0.count_d1_reg[3]/C
                         clock pessimism              0.514    -0.423    
    SLICE_X113Y149       FDRE (Hold_fdre_C_D)         0.016    -0.407    u_rgmii_bridge/fifo_generator_0_inst/U0/inst_fifo_gen/gconvfifo.rf/grf.rf/gntv_or_sync_fifo.gl0.rd/rpntr/gc0.count_d1_reg[3]
  -------------------------------------------------------------------
                         required time                          0.407    
                         arrival time                          -0.228    
  -------------------------------------------------------------------
                         slack                                  0.179    





Pulse Width Checks
--------------------------------------------------------------------------------------
Clock Name:         clk_out3_clk_wiz_0
Waveform(ns):       { 0.000 4.000 }
Period(ns):         8.000
Sources:            { u_mmcm/inst/mmcm_adv_inst/CLKOUT2 }

Check Type        Corner  Lib Pin             Reference Pin  Required(ns)  Actual(ns)  Slack(ns)  Location         Pin
Min Period        n/a     RAMB36E1/CLKARDCLK  n/a            2.170         8.000       5.830      RAMB36_X6Y28     u_rgmii_bridge/fifo_generator_0_inst/U0/inst_fifo_gen/gconvfifo.rf/grf.rf/gntv_or_sync_fifo.mem/gbm.gbmg.gbmgc.ngecc.bmg/inst_blk_mem_gen/gnbram.gnativebmg.native_blk_mem_gen/valid.cstr/ramloop[0].ram.r/prim_noinit.ram/DEVICE_7SERIES.NO_BMM_INFO.SDP.WIDE_PRIM36_NO_ECC.ram/CLKARDCLK
Min Period        n/a     RAMB36E1/CLKARDCLK  n/a            2.170         8.000       5.830      RAMB36_X6Y31     u_rgmii_bridge/fifo_generator_0_inst/U0/inst_fifo_gen/gconvfifo.rf/grf.rf/gntv_or_sync_fifo.mem/gbm.gbmg.gbmgc.ngecc.bmg/inst_blk_mem_gen/gnbram.gnativebmg.native_blk_mem_gen/valid.cstr/ramloop[1].ram.r/prim_noinit.ram/DEVICE_7SERIES.NO_BMM_INFO.SDP.WIDE_PRIM36_NO_ECC.ram/CLKARDCLK
Min Period        n/a     RAMB36E1/CLKARDCLK  n/a            2.170         8.000       5.830      RAMB36_X6Y30     u_rgmii_bridge/fifo_generator_0_inst/U0/inst_fifo_gen/gconvfifo.rf/grf.rf/gntv_or_sync_fifo.mem/gbm.gbmg.gbmgc.ngecc.bmg/inst_blk_mem_gen/gnbram.gnativebmg.native_blk_mem_gen/valid.cstr/ramloop[2].ram.r/prim_noinit.ram/DEVICE_7SERIES.NO_BMM_INFO.SDP.WIDE_PRIM36_NO_ECC.ram/CLKARDCLK
Min Period        n/a     RAMB36E1/CLKARDCLK  n/a            2.170         8.000       5.830      RAMB36_X6Y29     u_rgmii_bridge/fifo_generator_0_inst/U0/inst_fifo_gen/gconvfifo.rf/grf.rf/gntv_or_sync_fifo.mem/gbm.gbmg.gbmgc.ngecc.bmg/inst_blk_mem_gen/gnbram.gnativebmg.native_blk_mem_gen/valid.cstr/ramloop[3].ram.r/prim_noinit.ram/DEVICE_7SERIES.NO_BMM_INFO.SDP.WIDE_PRIM36_NO_ECC.ram/CLKARDCLK
Min Period        n/a     BUFG/I              n/a            1.592         8.000       6.408      BUFGCTRL_X0Y1    u_mmcm/inst/clkout3_buf/I
Min Period        n/a     ODDR/C              n/a            1.474         8.000       6.526      OLOGIC_X1Y126    u_rgmii_bridge/u_rgmii_tx/ODDR_inst_0/C
Min Period        n/a     ODDR/C              n/a            1.474         8.000       6.526      OLOGIC_X1Y125    u_rgmii_bridge/u_rgmii_tx/ODDR_inst_1/C
Min Period        n/a     ODDR/C              n/a            1.474         8.000       6.526      OLOGIC_X1Y138    u_rgmii_bridge/u_rgmii_tx/ODDR_inst_2/C
Min Period        n/a     ODDR/C              n/a            1.474         8.000       6.526      OLOGIC_X1Y137    u_rgmii_bridge/u_rgmii_tx/ODDR_inst_3/C
Min Period        n/a     ODDR/C              n/a            1.474         8.000       6.526      OLOGIC_X1Y141    u_rgmii_bridge/u_rgmii_tx/ODDR_inst_ctl/C
Max Period        n/a     MMCME2_ADV/CLKOUT2  n/a            213.360       8.000       205.360    MMCME2_ADV_X1Y2  u_mmcm/inst/mmcm_adv_inst/CLKOUT2
Low Pulse Width   Slow    FDCE/C              n/a            0.500         4.000       3.500      SLICE_X117Y148   u_rgmii_bridge/fifo_rd_en_d1_reg/C
Low Pulse Width   Fast    FDCE/C              n/a            0.500         4.000       3.500      SLICE_X117Y148   u_rgmii_bridge/fifo_rd_en_d1_reg/C
Low Pulse Width   Slow    FDRE/C              n/a            0.500         4.000       3.500      SLICE_X118Y148   u_rgmii_bridge/fifo_rd_en_reg/C
Low Pulse Width   Fast    FDRE/C              n/a            0.500         4.000       3.500      SLICE_X118Y148   u_rgmii_bridge/fifo_rd_en_reg/C
Low Pulse Width   Slow    FDCE/C              n/a            0.500         4.000       3.500      SLICE_X107Y149   u_rgmii_bridge/frame_buf_reg[11][0]/C
Low Pulse Width   Fast    FDCE/C              n/a            0.500         4.000       3.500      SLICE_X107Y149   u_rgmii_bridge/frame_buf_reg[11][0]/C
Low Pulse Width   Slow    FDCE/C              n/a            0.500         4.000       3.500      SLICE_X105Y147   u_rgmii_bridge/frame_buf_reg[42][0]/C
Low Pulse Width   Fast    FDCE/C              n/a            0.500         4.000       3.500      SLICE_X105Y147   u_rgmii_bridge/frame_buf_reg[42][0]/C
Low Pulse Width   Slow    FDCE/C              n/a            0.500         4.000       3.500      SLICE_X105Y147   u_rgmii_bridge/frame_buf_reg[42][1]/C
Low Pulse Width   Fast    FDCE/C              n/a            0.500         4.000       3.500      SLICE_X105Y147   u_rgmii_bridge/frame_buf_reg[42][1]/C
High Pulse Width  Slow    FDCE/C              n/a            0.500         4.000       3.500      SLICE_X117Y148   u_rgmii_bridge/fifo_rd_en_d1_reg/C
High Pulse Width  Fast    FDCE/C              n/a            0.500         4.000       3.500      SLICE_X117Y148   u_rgmii_bridge/fifo_rd_en_d1_reg/C
High Pulse Width  Slow    FDRE/C              n/a            0.500         4.000       3.500      SLICE_X118Y148   u_rgmii_bridge/fifo_rd_en_reg/C
High Pulse Width  Fast    FDRE/C              n/a            0.500         4.000       3.500      SLICE_X118Y148   u_rgmii_bridge/fifo_rd_en_reg/C
High Pulse Width  Slow    FDCE/C              n/a            0.500         4.000       3.500      SLICE_X107Y149   u_rgmii_bridge/frame_buf_reg[11][0]/C
High Pulse Width  Fast    FDCE/C              n/a            0.500         4.000       3.500      SLICE_X107Y149   u_rgmii_bridge/frame_buf_reg[11][0]/C
High Pulse Width  Slow    FDCE/C              n/a            0.500         4.000       3.500      SLICE_X105Y147   u_rgmii_bridge/frame_buf_reg[42][0]/C
High Pulse Width  Fast    FDCE/C              n/a            0.500         4.000       3.500      SLICE_X105Y147   u_rgmii_bridge/frame_buf_reg[42][0]/C
High Pulse Width  Slow    FDCE/C              n/a            0.500         4.000       3.500      SLICE_X105Y147   u_rgmii_bridge/frame_buf_reg[42][1]/C
High Pulse Width  Fast    FDCE/C              n/a            0.500         4.000       3.500      SLICE_X105Y147   u_rgmii_bridge/frame_buf_reg[42][1]/C



---------------------------------------------------------------------------------------------------
From Clock:  clkfbout_clk_wiz_0
  To Clock:  clkfbout_clk_wiz_0

Setup :           NA  Failing Endpoints,  Worst Slack           NA  ,  Total Violation           NA
Hold  :           NA  Failing Endpoints,  Worst Slack           NA  ,  Total Violation           NA
PW    :            0  Failing Endpoints,  Worst Slack       18.408ns,  Total Violation        0.000ns
---------------------------------------------------------------------------------------------------


Pulse Width Checks
--------------------------------------------------------------------------------------
Clock Name:         clkfbout_clk_wiz_0
Waveform(ns):       { 0.000 10.000 }
Period(ns):         20.000
Sources:            { u_mmcm/inst/mmcm_adv_inst/CLKFBOUT }

Check Type  Corner  Lib Pin              Reference Pin  Required(ns)  Actual(ns)  Slack(ns)  Location         Pin
Min Period  n/a     BUFG/I               n/a            1.592         20.000      18.408     BUFGCTRL_X0Y3    u_mmcm/inst/clkf_buf/I
Min Period  n/a     MMCME2_ADV/CLKFBOUT  n/a            1.249         20.000      18.751     MMCME2_ADV_X1Y2  u_mmcm/inst/mmcm_adv_inst/CLKFBOUT
Min Period  n/a     MMCME2_ADV/CLKFBIN   n/a            1.249         20.000      18.751     MMCME2_ADV_X1Y2  u_mmcm/inst/mmcm_adv_inst/CLKFBIN
Max Period  n/a     MMCME2_ADV/CLKFBIN   n/a            100.000       20.000      80.000     MMCME2_ADV_X1Y2  u_mmcm/inst/mmcm_adv_inst/CLKFBIN
Max Period  n/a     MMCME2_ADV/CLKFBOUT  n/a            213.360       20.000      193.360    MMCME2_ADV_X1Y2  u_mmcm/inst/mmcm_adv_inst/CLKFBOUT



---------------------------------------------------------------------------------------------------
From Clock:  clk_out2_clk_wiz_0
  To Clock:  clk_out1_clk_wiz_0

Setup :            0  Failing Endpoints,  Worst Slack        7.658ns,  Total Violation        0.000ns
Hold  :            0  Failing Endpoints,  Worst Slack        0.135ns,  Total Violation        0.000ns
---------------------------------------------------------------------------------------------------


Max Delay Paths
--------------------------------------------------------------------------------------
Slack (MET) :             7.658ns  (required time - arrival time)
  Source:                 frame_done_toggle_100m_reg/C
                            (rising edge-triggered cell FDCE clocked by clk_out2_clk_wiz_0  {rise@0.000ns fall@5.000ns period=10.000ns})
  Destination:            frame_done_sync1_reg/D
                            (rising edge-triggered cell FDCE clocked by clk_out1_clk_wiz_0  {rise@0.000ns fall@10.000ns period=20.000ns})
  Path Group:             clk_out1_clk_wiz_0
  Path Type:              Setup (Max at Slow Process Corner)
  Requirement:            10.000ns  (clk_out1_clk_wiz_0 rise@20.000ns - clk_out2_clk_wiz_0 rise@10.000ns)
  Data Path Delay:        1.908ns  (logic 0.379ns (19.859%)  route 1.529ns (80.141%))
  Logic Levels:           0  
  Clock Path Skew:        -0.182ns (DCD - SCD + CPR)
    Destination Clock Delay (DCD):    -1.245ns = ( 18.755 - 20.000 ) 
    Source Clock Delay      (SCD):    -0.809ns = ( 9.191 - 10.000 ) 
    Clock Pessimism Removal (CPR):    0.254ns
  Clock Uncertainty:      0.222ns  ((TSJ^2 + DJ^2)^1/2) / 2 + PE
    Total System Jitter     (TSJ):    0.071ns
    Discrete Jitter          (DJ):    0.192ns
    Phase Error              (PE):    0.120ns

    Location             Delay type                Incr(ns)  Path(ns)    Netlist Resource(s)
  -------------------------------------------------------------------    -------------------
                         (clock clk_out2_clk_wiz_0 rise edge)
                                                     10.000    10.000 r  
    R4                                                0.000    10.000 r  sys_clk (IN)
                         net (fo=0)                   0.000    10.000    u_mmcm/inst/clk_in1
    R4                   IBUF (Prop_ibuf_I_O)         1.419    11.419 r  u_mmcm/inst/clkin1_ibufg/O
                         net (fo=1, routed)           1.065    12.484    u_mmcm/inst/clk_in1_clk_wiz_0
    MMCME2_ADV_X1Y2      MMCME2_ADV (Prop_mmcme2_adv_CLKIN1_CLKOUT1)
                                                     -6.273     6.211 r  u_mmcm/inst/mmcm_adv_inst/CLKOUT1
                         net (fo=1, routed)           1.524     7.735    u_mmcm/inst/clk_out2_clk_wiz_0
    BUFGCTRL_X0Y0        BUFG (Prop_bufg_I_O)         0.081     7.816 r  u_mmcm/inst/clkout2_buf/O
                         net (fo=1237, routed)        1.375     9.191    clk_100m
    SLICE_X67Y179        FDCE                                         r  frame_done_toggle_100m_reg/C
  -------------------------------------------------------------------    -------------------
    SLICE_X67Y179        FDCE (Prop_fdce_C_Q)         0.379     9.570 r  frame_done_toggle_100m_reg/Q
                         net (fo=2, routed)           1.529    11.100    frame_done_toggle_100m
    SLICE_X68Y179        FDCE                                         r  frame_done_sync1_reg/D
  -------------------------------------------------------------------    -------------------

                         (clock clk_out1_clk_wiz_0 rise edge)
                                                     20.000    20.000 r  
    R4                                                0.000    20.000 r  sys_clk (IN)
                         net (fo=0)                   0.000    20.000    u_mmcm/inst/clk_in1
    R4                   IBUF (Prop_ibuf_I_O)         1.353    21.353 r  u_mmcm/inst/clkin1_ibufg/O
                         net (fo=1, routed)           1.004    22.357    u_mmcm/inst/clk_in1_clk_wiz_0
    MMCME2_ADV_X1Y2      MMCME2_ADV (Prop_mmcme2_adv_CLKIN1_CLKOUT0)
                                                     -6.399    15.957 r  u_mmcm/inst/mmcm_adv_inst/CLKOUT0
                         net (fo=1, routed)           1.452    17.410    u_mmcm/inst/clk_out1_clk_wiz_0
    BUFGCTRL_X0Y2        BUFG (Prop_bufg_I_O)         0.077    17.487 r  u_mmcm/inst/clkout1_buf/O
                         net (fo=75, routed)          1.268    18.755    gate_clk
    SLICE_X68Y179        FDCE                                         r  frame_done_sync1_reg/C
                         clock pessimism              0.254    19.009    
                         clock uncertainty           -0.222    18.787    
    SLICE_X68Y179        FDCE (Setup_fdce_C_D)       -0.029    18.758    frame_done_sync1_reg
  -------------------------------------------------------------------
                         required time                         18.758    
                         arrival time                         -11.100    
  -------------------------------------------------------------------
                         slack                                  7.658    

Slack (MET) :             7.811ns  (required time - arrival time)
  Source:                 u_ad71143_ctrl/init_done_reg/C
                            (rising edge-triggered cell FDCE clocked by clk_out2_clk_wiz_0  {rise@0.000ns fall@5.000ns period=10.000ns})
  Destination:            init_done_sync1_reg/D
                            (rising edge-triggered cell FDCE clocked by clk_out1_clk_wiz_0  {rise@0.000ns fall@10.000ns period=20.000ns})
  Path Group:             clk_out1_clk_wiz_0
  Path Type:              Setup (Max at Slow Process Corner)
  Requirement:            10.000ns  (clk_out1_clk_wiz_0 rise@20.000ns - clk_out2_clk_wiz_0 rise@10.000ns)
  Data Path Delay:        1.760ns  (logic 0.433ns (24.609%)  route 1.327ns (75.391%))
  Logic Levels:           0  
  Clock Path Skew:        -0.192ns (DCD - SCD + CPR)
    Destination Clock Delay (DCD):    -1.252ns = ( 18.748 - 20.000 ) 
    Source Clock Delay      (SCD):    -0.806ns = ( 9.194 - 10.000 ) 
    Clock Pessimism Removal (CPR):    0.254ns
  Clock Uncertainty:      0.222ns  ((TSJ^2 + DJ^2)^1/2) / 2 + PE
    Total System Jitter     (TSJ):    0.071ns
    Discrete Jitter          (DJ):    0.192ns
    Phase Error              (PE):    0.120ns

    Location             Delay type                Incr(ns)  Path(ns)    Netlist Resource(s)
  -------------------------------------------------------------------    -------------------
                         (clock clk_out2_clk_wiz_0 rise edge)
                                                     10.000    10.000 r  
    R4                                                0.000    10.000 r  sys_clk (IN)
                         net (fo=0)                   0.000    10.000    u_mmcm/inst/clk_in1
    R4                   IBUF (Prop_ibuf_I_O)         1.419    11.419 r  u_mmcm/inst/clkin1_ibufg/O
                         net (fo=1, routed)           1.065    12.484    u_mmcm/inst/clk_in1_clk_wiz_0
    MMCME2_ADV_X1Y2      MMCME2_ADV (Prop_mmcme2_adv_CLKIN1_CLKOUT1)
                                                     -6.273     6.211 r  u_mmcm/inst/mmcm_adv_inst/CLKOUT1
                         net (fo=1, routed)           1.524     7.735    u_mmcm/inst/clk_out2_clk_wiz_0
    BUFGCTRL_X0Y0        BUFG (Prop_bufg_I_O)         0.081     7.816 r  u_mmcm/inst/clkout2_buf/O
                         net (fo=1237, routed)        1.378     9.194    u_ad71143_ctrl/CLK
    SLICE_X60Y176        FDCE                                         r  u_ad71143_ctrl/init_done_reg/C
  -------------------------------------------------------------------    -------------------
    SLICE_X60Y176        FDCE (Prop_fdce_C_Q)         0.433     9.627 r  u_ad71143_ctrl/init_done_reg/Q
                         net (fo=4, routed)           1.327    10.954    ctrl_init_done
    SLICE_X70Y175        FDCE                                         r  init_done_sync1_reg/D
  -------------------------------------------------------------------    -------------------

                         (clock clk_out1_clk_wiz_0 rise edge)
                                                     20.000    20.000 r  
    R4                                                0.000    20.000 r  sys_clk (IN)
                         net (fo=0)                   0.000    20.000    u_mmcm/inst/clk_in1
    R4                   IBUF (Prop_ibuf_I_O)         1.353    21.353 r  u_mmcm/inst/clkin1_ibufg/O
                         net (fo=1, routed)           1.004    22.357    u_mmcm/inst/clk_in1_clk_wiz_0
    MMCME2_ADV_X1Y2      MMCME2_ADV (Prop_mmcme2_adv_CLKIN1_CLKOUT0)
                                                     -6.399    15.957 r  u_mmcm/inst/mmcm_adv_inst/CLKOUT0
                         net (fo=1, routed)           1.452    17.410    u_mmcm/inst/clk_out1_clk_wiz_0
    BUFGCTRL_X0Y2        BUFG (Prop_bufg_I_O)         0.077    17.487 r  u_mmcm/inst/clkout1_buf/O
                         net (fo=75, routed)          1.261    18.748    gate_clk
    SLICE_X70Y175        FDCE                                         r  init_done_sync1_reg/C
                         clock pessimism              0.254    19.002    
                         clock uncertainty           -0.222    18.780    
    SLICE_X70Y175        FDCE (Setup_fdce_C_D)       -0.015    18.765    init_done_sync1_reg
  -------------------------------------------------------------------
                         required time                         18.765    
                         arrival time                         -10.954    
  -------------------------------------------------------------------
                         slack                                  7.811    

Slack (MET) :             7.820ns  (required time - arrival time)
  Source:                 ctrl_line_start_toggle_reg/C
                            (rising edge-triggered cell FDCE clocked by clk_out2_clk_wiz_0  {rise@0.000ns fall@5.000ns period=10.000ns})
  Destination:            line_start_sync1_reg/D
                            (rising edge-triggered cell FDCE clocked by clk_out1_clk_wiz_0  {rise@0.000ns fall@10.000ns period=20.000ns})
  Path Group:             clk_out1_clk_wiz_0
  Path Type:              Setup (Max at Slow Process Corner)
  Requirement:            10.000ns  (clk_out1_clk_wiz_0 rise@20.000ns - clk_out2_clk_wiz_0 rise@10.000ns)
  Data Path Delay:        1.734ns  (logic 0.379ns (21.854%)  route 1.355ns (78.146%))
  Logic Levels:           0  
  Clock Path Skew:        -0.182ns (DCD - SCD + CPR)
    Destination Clock Delay (DCD):    -1.245ns = ( 18.755 - 20.000 ) 
    Source Clock Delay      (SCD):    -0.809ns = ( 9.191 - 10.000 ) 
    Clock Pessimism Removal (CPR):    0.254ns
  Clock Uncertainty:      0.222ns  ((TSJ^2 + DJ^2)^1/2) / 2 + PE
    Total System Jitter     (TSJ):    0.071ns
    Discrete Jitter          (DJ):    0.192ns
    Phase Error              (PE):    0.120ns

    Location             Delay type                Incr(ns)  Path(ns)    Netlist Resource(s)
  -------------------------------------------------------------------    -------------------
                         (clock clk_out2_clk_wiz_0 rise edge)
                                                     10.000    10.000 r  
    R4                                                0.000    10.000 r  sys_clk (IN)
                         net (fo=0)                   0.000    10.000    u_mmcm/inst/clk_in1
    R4                   IBUF (Prop_ibuf_I_O)         1.419    11.419 r  u_mmcm/inst/clkin1_ibufg/O
                         net (fo=1, routed)           1.065    12.484    u_mmcm/inst/clk_in1_clk_wiz_0
    MMCME2_ADV_X1Y2      MMCME2_ADV (Prop_mmcme2_adv_CLKIN1_CLKOUT1)
                                                     -6.273     6.211 r  u_mmcm/inst/mmcm_adv_inst/CLKOUT1
                         net (fo=1, routed)           1.524     7.735    u_mmcm/inst/clk_out2_clk_wiz_0
    BUFGCTRL_X0Y0        BUFG (Prop_bufg_I_O)         0.081     7.816 r  u_mmcm/inst/clkout2_buf/O
                         net (fo=1237, routed)        1.375     9.191    clk_100m
    SLICE_X67Y179        FDCE                                         r  ctrl_line_start_toggle_reg/C
  -------------------------------------------------------------------    -------------------
    SLICE_X67Y179        FDCE (Prop_fdce_C_Q)         0.379     9.570 r  ctrl_line_start_toggle_reg/Q
                         net (fo=2, routed)           1.355    10.926    ctrl_line_start_toggle
    SLICE_X68Y179        FDCE                                         r  line_start_sync1_reg/D
  -------------------------------------------------------------------    -------------------

                         (clock clk_out1_clk_wiz_0 rise edge)
                                                     20.000    20.000 r  
    R4                                                0.000    20.000 r  sys_clk (IN)
                         net (fo=0)                   0.000    20.000    u_mmcm/inst/clk_in1
    R4                   IBUF (Prop_ibuf_I_O)         1.353    21.353 r  u_mmcm/inst/clkin1_ibufg/O
                         net (fo=1, routed)           1.004    22.357    u_mmcm/inst/clk_in1_clk_wiz_0
    MMCME2_ADV_X1Y2      MMCME2_ADV (Prop_mmcme2_adv_CLKIN1_CLKOUT0)
                                                     -6.399    15.957 r  u_mmcm/inst/mmcm_adv_inst/CLKOUT0
                         net (fo=1, routed)           1.452    17.410    u_mmcm/inst/clk_out1_clk_wiz_0
    BUFGCTRL_X0Y2        BUFG (Prop_bufg_I_O)         0.077    17.487 r  u_mmcm/inst/clkout1_buf/O
                         net (fo=75, routed)          1.268    18.755    gate_clk
    SLICE_X68Y179        FDCE                                         r  line_start_sync1_reg/C
                         clock pessimism              0.254    19.009    
                         clock uncertainty           -0.222    18.787    
    SLICE_X68Y179        FDCE (Setup_fdce_C_D)       -0.041    18.746    line_start_sync1_reg
  -------------------------------------------------------------------
                         required time                         18.746    
                         arrival time                         -10.926    
  -------------------------------------------------------------------
                         slack                                  7.820    

Slack (MET) :             7.905ns  (required time - arrival time)
  Source:                 cfg_all_done_reg/C
                            (rising edge-triggered cell FDCE clocked by clk_out2_clk_wiz_0  {rise@0.000ns fall@5.000ns period=10.000ns})
  Destination:            cfg_done_sync1_reg/D
                            (rising edge-triggered cell FDCE clocked by clk_out1_clk_wiz_0  {rise@0.000ns fall@10.000ns period=20.000ns})
  Path Group:             clk_out1_clk_wiz_0
  Path Type:              Setup (Max at Slow Process Corner)
  Requirement:            10.000ns  (clk_out1_clk_wiz_0 rise@20.000ns - clk_out2_clk_wiz_0 rise@10.000ns)
  Data Path Delay:        1.675ns  (logic 0.379ns (22.629%)  route 1.296ns (77.371%))
  Logic Levels:           0  
  Clock Path Skew:        -0.182ns (DCD - SCD + CPR)
    Destination Clock Delay (DCD):    -1.250ns = ( 18.750 - 20.000 ) 
    Source Clock Delay      (SCD):    -0.814ns = ( 9.186 - 10.000 ) 
    Clock Pessimism Removal (CPR):    0.254ns
  Clock Uncertainty:      0.222ns  ((TSJ^2 + DJ^2)^1/2) / 2 + PE
    Total System Jitter     (TSJ):    0.071ns
    Discrete Jitter          (DJ):    0.192ns
    Phase Error              (PE):    0.120ns

    Location             Delay type                Incr(ns)  Path(ns)    Netlist Resource(s)
  -------------------------------------------------------------------    -------------------
                         (clock clk_out2_clk_wiz_0 rise edge)
                                                     10.000    10.000 r  
    R4                                                0.000    10.000 r  sys_clk (IN)
                         net (fo=0)                   0.000    10.000    u_mmcm/inst/clk_in1
    R4                   IBUF (Prop_ibuf_I_O)         1.419    11.419 r  u_mmcm/inst/clkin1_ibufg/O
                         net (fo=1, routed)           1.065    12.484    u_mmcm/inst/clk_in1_clk_wiz_0
    MMCME2_ADV_X1Y2      MMCME2_ADV (Prop_mmcme2_adv_CLKIN1_CLKOUT1)
                                                     -6.273     6.211 r  u_mmcm/inst/mmcm_adv_inst/CLKOUT1
                         net (fo=1, routed)           1.524     7.735    u_mmcm/inst/clk_out2_clk_wiz_0
    BUFGCTRL_X0Y0        BUFG (Prop_bufg_I_O)         0.081     7.816 r  u_mmcm/inst/clkout2_buf/O
                         net (fo=1237, routed)        1.370     9.186    clk_100m
    SLICE_X67Y173        FDCE                                         r  cfg_all_done_reg/C
  -------------------------------------------------------------------    -------------------
    SLICE_X67Y173        FDCE (Prop_fdce_C_Q)         0.379     9.565 r  cfg_all_done_reg/Q
                         net (fo=4, routed)           1.296    10.861    cfg_all_done_reg_n_0
    SLICE_X68Y175        FDCE                                         r  cfg_done_sync1_reg/D
  -------------------------------------------------------------------    -------------------

                         (clock clk_out1_clk_wiz_0 rise edge)
                                                     20.000    20.000 r  
    R4                                                0.000    20.000 r  sys_clk (IN)
                         net (fo=0)                   0.000    20.000    u_mmcm/inst/clk_in1
    R4                   IBUF (Prop_ibuf_I_O)         1.353    21.353 r  u_mmcm/inst/clkin1_ibufg/O
                         net (fo=1, routed)           1.004    22.357    u_mmcm/inst/clk_in1_clk_wiz_0
    MMCME2_ADV_X1Y2      MMCME2_ADV (Prop_mmcme2_adv_CLKIN1_CLKOUT0)
                                                     -6.399    15.957 r  u_mmcm/inst/mmcm_adv_inst/CLKOUT0
                         net (fo=1, routed)           1.452    17.410    u_mmcm/inst/clk_out1_clk_wiz_0
    BUFGCTRL_X0Y2        BUFG (Prop_bufg_I_O)         0.077    17.487 r  u_mmcm/inst/clkout1_buf/O
                         net (fo=75, routed)          1.263    18.750    gate_clk
    SLICE_X68Y175        FDCE                                         r  cfg_done_sync1_reg/C
                         clock pessimism              0.254    19.004    
                         clock uncertainty           -0.222    18.782    
    SLICE_X68Y175        FDCE (Setup_fdce_C_D)       -0.015    18.767    cfg_done_sync1_reg
  -------------------------------------------------------------------
                         required time                         18.767    
                         arrival time                         -10.861    
  -------------------------------------------------------------------
                         slack                                  7.905    





Min Delay Paths
--------------------------------------------------------------------------------------
Slack (MET) :             0.135ns  (arrival time - required time)
  Source:                 ctrl_line_start_toggle_reg/C
                            (rising edge-triggered cell FDCE clocked by clk_out2_clk_wiz_0  {rise@0.000ns fall@5.000ns period=10.000ns})
  Destination:            line_start_sync1_reg/D
                            (rising edge-triggered cell FDCE clocked by clk_out1_clk_wiz_0  {rise@0.000ns fall@10.000ns period=20.000ns})
  Path Group:             clk_out1_clk_wiz_0
  Path Type:              Hold (Min at Fast Process Corner)
  Requirement:            0.000ns  (clk_out1_clk_wiz_0 rise@0.000ns - clk_out2_clk_wiz_0 rise@0.000ns)
  Data Path Delay:        0.760ns  (logic 0.141ns (18.546%)  route 0.619ns (81.454%))
  Logic Levels:           0  
  Clock Path Skew:        0.320ns (DCD - SCD - CPR)
    Destination Clock Delay (DCD):    -0.965ns
    Source Clock Delay      (SCD):    -0.720ns
    Clock Pessimism Removal (CPR):    -0.565ns
  Clock Uncertainty:      0.222ns  ((TSJ^2 + DJ^2)^1/2) / 2 + PE
    Total System Jitter     (TSJ):    0.071ns
    Discrete Jitter          (DJ):    0.192ns
    Phase Error              (PE):    0.120ns

    Location             Delay type                Incr(ns)  Path(ns)    Netlist Resource(s)
  -------------------------------------------------------------------    -------------------
                         (clock clk_out2_clk_wiz_0 rise edge)
                                                      0.000     0.000 r  
    R4                                                0.000     0.000 r  sys_clk (IN)
                         net (fo=0)                   0.000     0.000    u_mmcm/inst/clk_in1
    R4                   IBUF (Prop_ibuf_I_O)         0.256     0.256 r  u_mmcm/inst/clkin1_ibufg/O
                         net (fo=1, routed)           0.440     0.696    u_mmcm/inst/clk_in1_clk_wiz_0
    MMCME2_ADV_X1Y2      MMCME2_ADV (Prop_mmcme2_adv_CLKIN1_CLKOUT1)
                                                     -2.540    -1.844 r  u_mmcm/inst/mmcm_adv_inst/CLKOUT1
                         net (fo=1, routed)           0.531    -1.313    u_mmcm/inst/clk_out2_clk_wiz_0
    BUFGCTRL_X0Y0        BUFG (Prop_bufg_I_O)         0.026    -1.287 r  u_mmcm/inst/clkout2_buf/O
                         net (fo=1237, routed)        0.567    -0.720    clk_100m
    SLICE_X67Y179        FDCE                                         r  ctrl_line_start_toggle_reg/C
  -------------------------------------------------------------------    -------------------
    SLICE_X67Y179        FDCE (Prop_fdce_C_Q)         0.141    -0.579 r  ctrl_line_start_toggle_reg/Q
                         net (fo=2, routed)           0.619     0.040    ctrl_line_start_toggle
    SLICE_X68Y179        FDCE                                         r  line_start_sync1_reg/D
  -------------------------------------------------------------------    -------------------

                         (clock clk_out1_clk_wiz_0 rise edge)
                                                      0.000     0.000 r  
    R4                                                0.000     0.000 r  sys_clk (IN)
                         net (fo=0)                   0.000     0.000    u_mmcm/inst/clk_in1
    R4                   IBUF (Prop_ibuf_I_O)         0.444     0.444 r  u_mmcm/inst/clkin1_ibufg/O
                         net (fo=1, routed)           0.480     0.924    u_mmcm/inst/clk_in1_clk_wiz_0
    MMCME2_ADV_X1Y2      MMCME2_ADV (Prop_mmcme2_adv_CLKIN1_CLKOUT0)
                                                     -3.332    -2.409 r  u_mmcm/inst/mmcm_adv_inst/CLKOUT0
                         net (fo=1, routed)           0.579    -1.830    u_mmcm/inst/clk_out1_clk_wiz_0
    BUFGCTRL_X0Y2        BUFG (Prop_bufg_I_O)         0.029    -1.801 r  u_mmcm/inst/clkout1_buf/O
                         net (fo=75, routed)          0.836    -0.965    gate_clk
    SLICE_X68Y179        FDCE                                         r  line_start_sync1_reg/C
                         clock pessimism              0.565    -0.401    
                         clock uncertainty            0.222    -0.178    
    SLICE_X68Y179        FDCE (Hold_fdce_C_D)         0.083    -0.095    line_start_sync1_reg
  -------------------------------------------------------------------
                         required time                          0.095    
                         arrival time                           0.040    
  -------------------------------------------------------------------
                         slack                                  0.135    

Slack (MET) :             0.179ns  (arrival time - required time)
  Source:                 cfg_all_done_reg/C
                            (rising edge-triggered cell FDCE clocked by clk_out2_clk_wiz_0  {rise@0.000ns fall@5.000ns period=10.000ns})
  Destination:            cfg_done_sync1_reg/D
                            (rising edge-triggered cell FDCE clocked by clk_out1_clk_wiz_0  {rise@0.000ns fall@10.000ns period=20.000ns})
  Path Group:             clk_out1_clk_wiz_0
  Path Type:              Hold (Min at Fast Process Corner)
  Requirement:            0.000ns  (clk_out1_clk_wiz_0 rise@0.000ns - clk_out2_clk_wiz_0 rise@0.000ns)
  Data Path Delay:        0.778ns  (logic 0.141ns (18.127%)  route 0.637ns (81.873%))
  Logic Levels:           0  
  Clock Path Skew:        0.318ns (DCD - SCD - CPR)
    Destination Clock Delay (DCD):    -0.970ns
    Source Clock Delay      (SCD):    -0.723ns
    Clock Pessimism Removal (CPR):    -0.565ns
  Clock Uncertainty:      0.222ns  ((TSJ^2 + DJ^2)^1/2) / 2 + PE
    Total System Jitter     (TSJ):    0.071ns
    Discrete Jitter          (DJ):    0.192ns
    Phase Error              (PE):    0.120ns

    Location             Delay type                Incr(ns)  Path(ns)    Netlist Resource(s)
  -------------------------------------------------------------------    -------------------
                         (clock clk_out2_clk_wiz_0 rise edge)
                                                      0.000     0.000 r  
    R4                                                0.000     0.000 r  sys_clk (IN)
                         net (fo=0)                   0.000     0.000    u_mmcm/inst/clk_in1
    R4                   IBUF (Prop_ibuf_I_O)         0.256     0.256 r  u_mmcm/inst/clkin1_ibufg/O
                         net (fo=1, routed)           0.440     0.696    u_mmcm/inst/clk_in1_clk_wiz_0
    MMCME2_ADV_X1Y2      MMCME2_ADV (Prop_mmcme2_adv_CLKIN1_CLKOUT1)
                                                     -2.540    -1.844 r  u_mmcm/inst/mmcm_adv_inst/CLKOUT1
                         net (fo=1, routed)           0.531    -1.313    u_mmcm/inst/clk_out2_clk_wiz_0
    BUFGCTRL_X0Y0        BUFG (Prop_bufg_I_O)         0.026    -1.287 r  u_mmcm/inst/clkout2_buf/O
                         net (fo=1237, routed)        0.564    -0.723    clk_100m
    SLICE_X67Y173        FDCE                                         r  cfg_all_done_reg/C
  -------------------------------------------------------------------    -------------------
    SLICE_X67Y173        FDCE (Prop_fdce_C_Q)         0.141    -0.582 r  cfg_all_done_reg/Q
                         net (fo=4, routed)           0.637     0.055    cfg_all_done_reg_n_0
    SLICE_X68Y175        FDCE                                         r  cfg_done_sync1_reg/D
  -------------------------------------------------------------------    -------------------

                         (clock clk_out1_clk_wiz_0 rise edge)
                                                      0.000     0.000 r  
    R4                                                0.000     0.000 r  sys_clk (IN)
                         net (fo=0)                   0.000     0.000    u_mmcm/inst/clk_in1
    R4                   IBUF (Prop_ibuf_I_O)         0.444     0.444 r  u_mmcm/inst/clkin1_ibufg/O
                         net (fo=1, routed)           0.480     0.924    u_mmcm/inst/clk_in1_clk_wiz_0
    MMCME2_ADV_X1Y2      MMCME2_ADV (Prop_mmcme2_adv_CLKIN1_CLKOUT0)
                                                     -3.332    -2.409 r  u_mmcm/inst/mmcm_adv_inst/CLKOUT0
                         net (fo=1, routed)           0.579    -1.830    u_mmcm/inst/clk_out1_clk_wiz_0
    BUFGCTRL_X0Y2        BUFG (Prop_bufg_I_O)         0.029    -1.801 r  u_mmcm/inst/clkout1_buf/O
                         net (fo=75, routed)          0.831    -0.970    gate_clk
    SLICE_X68Y175        FDCE                                         r  cfg_done_sync1_reg/C
                         clock pessimism              0.565    -0.406    
                         clock uncertainty            0.222    -0.183    
    SLICE_X68Y175        FDCE (Hold_fdce_C_D)         0.059    -0.124    cfg_done_sync1_reg
  -------------------------------------------------------------------
                         required time                          0.124    
                         arrival time                           0.055    
  -------------------------------------------------------------------
                         slack                                  0.179    

Slack (MET) :             0.198ns  (arrival time - required time)
  Source:                 frame_done_toggle_100m_reg/C
                            (rising edge-triggered cell FDCE clocked by clk_out2_clk_wiz_0  {rise@0.000ns fall@5.000ns period=10.000ns})
  Destination:            frame_done_sync1_reg/D
                            (rising edge-triggered cell FDCE clocked by clk_out1_clk_wiz_0  {rise@0.000ns fall@10.000ns period=20.000ns})
  Path Group:             clk_out1_clk_wiz_0
  Path Type:              Hold (Min at Fast Process Corner)
  Requirement:            0.000ns  (clk_out1_clk_wiz_0 rise@0.000ns - clk_out2_clk_wiz_0 rise@0.000ns)
  Data Path Delay:        0.828ns  (logic 0.141ns (17.019%)  route 0.687ns (82.981%))
  Logic Levels:           0  
  Clock Path Skew:        0.320ns (DCD - SCD - CPR)
    Destination Clock Delay (DCD):    -0.965ns
    Source Clock Delay      (SCD):    -0.720ns
    Clock Pessimism Removal (CPR):    -0.565ns
  Clock Uncertainty:      0.222ns  ((TSJ^2 + DJ^2)^1/2) / 2 + PE
    Total System Jitter     (TSJ):    0.071ns
    Discrete Jitter          (DJ):    0.192ns
    Phase Error              (PE):    0.120ns

    Location             Delay type                Incr(ns)  Path(ns)    Netlist Resource(s)
  -------------------------------------------------------------------    -------------------
                         (clock clk_out2_clk_wiz_0 rise edge)
                                                      0.000     0.000 r  
    R4                                                0.000     0.000 r  sys_clk (IN)
                         net (fo=0)                   0.000     0.000    u_mmcm/inst/clk_in1
    R4                   IBUF (Prop_ibuf_I_O)         0.256     0.256 r  u_mmcm/inst/clkin1_ibufg/O
                         net (fo=1, routed)           0.440     0.696    u_mmcm/inst/clk_in1_clk_wiz_0
    MMCME2_ADV_X1Y2      MMCME2_ADV (Prop_mmcme2_adv_CLKIN1_CLKOUT1)
                                                     -2.540    -1.844 r  u_mmcm/inst/mmcm_adv_inst/CLKOUT1
                         net (fo=1, routed)           0.531    -1.313    u_mmcm/inst/clk_out2_clk_wiz_0
    BUFGCTRL_X0Y0        BUFG (Prop_bufg_I_O)         0.026    -1.287 r  u_mmcm/inst/clkout2_buf/O
                         net (fo=1237, routed)        0.567    -0.720    clk_100m
    SLICE_X67Y179        FDCE                                         r  frame_done_toggle_100m_reg/C
  -------------------------------------------------------------------    -------------------
    SLICE_X67Y179        FDCE (Prop_fdce_C_Q)         0.141    -0.579 r  frame_done_toggle_100m_reg/Q
                         net (fo=2, routed)           0.687     0.108    frame_done_toggle_100m
    SLICE_X68Y179        FDCE                                         r  frame_done_sync1_reg/D
  -------------------------------------------------------------------    -------------------

                         (clock clk_out1_clk_wiz_0 rise edge)
                                                      0.000     0.000 r  
    R4                                                0.000     0.000 r  sys_clk (IN)
                         net (fo=0)                   0.000     0.000    u_mmcm/inst/clk_in1
    R4                   IBUF (Prop_ibuf_I_O)         0.444     0.444 r  u_mmcm/inst/clkin1_ibufg/O
                         net (fo=1, routed)           0.480     0.924    u_mmcm/inst/clk_in1_clk_wiz_0
    MMCME2_ADV_X1Y2      MMCME2_ADV (Prop_mmcme2_adv_CLKIN1_CLKOUT0)
                                                     -3.332    -2.409 r  u_mmcm/inst/mmcm_adv_inst/CLKOUT0
                         net (fo=1, routed)           0.579    -1.830    u_mmcm/inst/clk_out1_clk_wiz_0
    BUFGCTRL_X0Y2        BUFG (Prop_bufg_I_O)         0.029    -1.801 r  u_mmcm/inst/clkout1_buf/O
                         net (fo=75, routed)          0.836    -0.965    gate_clk
    SLICE_X68Y179        FDCE                                         r  frame_done_sync1_reg/C
                         clock pessimism              0.565    -0.401    
                         clock uncertainty            0.222    -0.178    
    SLICE_X68Y179        FDCE (Hold_fdce_C_D)         0.089    -0.089    frame_done_sync1_reg
  -------------------------------------------------------------------
                         required time                          0.089    
                         arrival time                           0.108    
  -------------------------------------------------------------------
                         slack                                  0.198    

Slack (MET) :             0.279ns  (arrival time - required time)
  Source:                 u_ad71143_ctrl/init_done_reg/C
                            (rising edge-triggered cell FDCE clocked by clk_out2_clk_wiz_0  {rise@0.000ns fall@5.000ns period=10.000ns})
  Destination:            init_done_sync1_reg/D
                            (rising edge-triggered cell FDCE clocked by clk_out1_clk_wiz_0  {rise@0.000ns fall@10.000ns period=20.000ns})
  Path Group:             clk_out1_clk_wiz_0
  Path Type:              Hold (Min at Fast Process Corner)
  Requirement:            0.000ns  (clk_out1_clk_wiz_0 rise@0.000ns - clk_out2_clk_wiz_0 rise@0.000ns)
  Data Path Delay:        0.872ns  (logic 0.164ns (18.817%)  route 0.708ns (81.183%))
  Logic Levels:           0  
  Clock Path Skew:        0.312ns (DCD - SCD - CPR)
    Destination Clock Delay (DCD):    -0.971ns
    Source Clock Delay      (SCD):    -0.718ns
    Clock Pessimism Removal (CPR):    -0.565ns
  Clock Uncertainty:      0.222ns  ((TSJ^2 + DJ^2)^1/2) / 2 + PE
    Total System Jitter     (TSJ):    0.071ns
    Discrete Jitter          (DJ):    0.192ns
    Phase Error              (PE):    0.120ns

    Location             Delay type                Incr(ns)  Path(ns)    Netlist Resource(s)
  -------------------------------------------------------------------    -------------------
                         (clock clk_out2_clk_wiz_0 rise edge)
                                                      0.000     0.000 r  
    R4                                                0.000     0.000 r  sys_clk (IN)
                         net (fo=0)                   0.000     0.000    u_mmcm/inst/clk_in1
    R4                   IBUF (Prop_ibuf_I_O)         0.256     0.256 r  u_mmcm/inst/clkin1_ibufg/O
                         net (fo=1, routed)           0.440     0.696    u_mmcm/inst/clk_in1_clk_wiz_0
    MMCME2_ADV_X1Y2      MMCME2_ADV (Prop_mmcme2_adv_CLKIN1_CLKOUT1)
                                                     -2.540    -1.844 r  u_mmcm/inst/mmcm_adv_inst/CLKOUT1
                         net (fo=1, routed)           0.531    -1.313    u_mmcm/inst/clk_out2_clk_wiz_0
    BUFGCTRL_X0Y0        BUFG (Prop_bufg_I_O)         0.026    -1.287 r  u_mmcm/inst/clkout2_buf/O
                         net (fo=1237, routed)        0.569    -0.718    u_ad71143_ctrl/CLK
    SLICE_X60Y176        FDCE                                         r  u_ad71143_ctrl/init_done_reg/C
  -------------------------------------------------------------------    -------------------
    SLICE_X60Y176        FDCE (Prop_fdce_C_Q)         0.164    -0.554 r  u_ad71143_ctrl/init_done_reg/Q
                         net (fo=4, routed)           0.708     0.153    ctrl_init_done
    SLICE_X70Y175        FDCE                                         r  init_done_sync1_reg/D
  -------------------------------------------------------------------    -------------------

                         (clock clk_out1_clk_wiz_0 rise edge)
                                                      0.000     0.000 r  
    R4                                                0.000     0.000 r  sys_clk (IN)
                         net (fo=0)                   0.000     0.000    u_mmcm/inst/clk_in1
    R4                   IBUF (Prop_ibuf_I_O)         0.444     0.444 r  u_mmcm/inst/clkin1_ibufg/O
                         net (fo=1, routed)           0.480     0.924    u_mmcm/inst/clk_in1_clk_wiz_0
    MMCME2_ADV_X1Y2      MMCME2_ADV (Prop_mmcme2_adv_CLKIN1_CLKOUT0)
                                                     -3.332    -2.409 r  u_mmcm/inst/mmcm_adv_inst/CLKOUT0
                         net (fo=1, routed)           0.579    -1.830    u_mmcm/inst/clk_out1_clk_wiz_0
    BUFGCTRL_X0Y2        BUFG (Prop_bufg_I_O)         0.029    -1.801 r  u_mmcm/inst/clkout1_buf/O
                         net (fo=75, routed)          0.830    -0.971    gate_clk
    SLICE_X70Y175        FDCE                                         r  init_done_sync1_reg/C
                         clock pessimism              0.565    -0.407    
                         clock uncertainty            0.222    -0.184    
    SLICE_X70Y175        FDCE (Hold_fdce_C_D)         0.059    -0.125    init_done_sync1_reg
  -------------------------------------------------------------------
                         required time                          0.125    
                         arrival time                           0.153    
  -------------------------------------------------------------------
                         slack                                  0.279    





---------------------------------------------------------------------------------------------------
From Clock:  clk_out1_clk_wiz_0
  To Clock:  clk_out2_clk_wiz_0

Setup :            0  Failing Endpoints,  Worst Slack        7.897ns,  Total Violation        0.000ns
Hold  :            0  Failing Endpoints,  Worst Slack        0.233ns,  Total Violation        0.000ns
---------------------------------------------------------------------------------------------------


Max Delay Paths
--------------------------------------------------------------------------------------
Slack (MET) :             7.897ns  (required time - arrival time)
  Source:                 frame_start_toggle_50m_reg/C
                            (rising edge-triggered cell FDCE clocked by clk_out1_clk_wiz_0  {rise@0.000ns fall@10.000ns period=20.000ns})
  Destination:            frame_start_sync1_reg/D
                            (rising edge-triggered cell FDCE clocked by clk_out2_clk_wiz_0  {rise@0.000ns fall@5.000ns period=10.000ns})
  Path Group:             clk_out2_clk_wiz_0
  Path Type:              Setup (Max at Slow Process Corner)
  Requirement:            10.000ns  (clk_out2_clk_wiz_0 rise@10.000ns - clk_out1_clk_wiz_0 rise@0.000ns)
  Data Path Delay:        1.688ns  (logic 0.433ns (25.655%)  route 1.255ns (74.345%))
  Logic Levels:           0  
  Clock Path Skew:        -0.177ns (DCD - SCD + CPR)
    Destination Clock Delay (DCD):    -1.243ns = ( 8.757 - 10.000 ) 
    Source Clock Delay      (SCD):    -0.812ns
    Clock Pessimism Removal (CPR):    0.254ns
  Clock Uncertainty:      0.222ns  ((TSJ^2 + DJ^2)^1/2) / 2 + PE
    Total System Jitter     (TSJ):    0.071ns
    Discrete Jitter          (DJ):    0.192ns
    Phase Error              (PE):    0.120ns

    Location             Delay type                Incr(ns)  Path(ns)    Netlist Resource(s)
  -------------------------------------------------------------------    -------------------
                         (clock clk_out1_clk_wiz_0 rise edge)
                                                      0.000     0.000 r  
    R4                                                0.000     0.000 r  sys_clk (IN)
                         net (fo=0)                   0.000     0.000    u_mmcm/inst/clk_in1
    R4                   IBUF (Prop_ibuf_I_O)         1.419     1.419 r  u_mmcm/inst/clkin1_ibufg/O
                         net (fo=1, routed)           1.065     2.484    u_mmcm/inst/clk_in1_clk_wiz_0
    MMCME2_ADV_X1Y2      MMCME2_ADV (Prop_mmcme2_adv_CLKIN1_CLKOUT0)
                                                     -6.273    -3.789 r  u_mmcm/inst/mmcm_adv_inst/CLKOUT0
                         net (fo=1, routed)           1.524    -2.265    u_mmcm/inst/clk_out1_clk_wiz_0
    BUFGCTRL_X0Y2        BUFG (Prop_bufg_I_O)         0.081    -2.184 r  u_mmcm/inst/clkout1_buf/O
                         net (fo=75, routed)          1.372    -0.812    gate_clk
    SLICE_X66Y177        FDCE                                         r  frame_start_toggle_50m_reg/C
  -------------------------------------------------------------------    -------------------
    SLICE_X66Y177        FDCE (Prop_fdce_C_Q)         0.433    -0.379 r  frame_start_toggle_50m_reg/Q
                         net (fo=2, routed)           1.255     0.876    frame_start_toggle_50m
    SLICE_X62Y177        FDCE                                         r  frame_start_sync1_reg/D
  -------------------------------------------------------------------    -------------------

                         (clock clk_out2_clk_wiz_0 rise edge)
                                                     10.000    10.000 r  
    R4                                                0.000    10.000 r  sys_clk (IN)
                         net (fo=0)                   0.000    10.000    u_mmcm/inst/clk_in1
    R4                   IBUF (Prop_ibuf_I_O)         1.353    11.353 r  u_mmcm/inst/clkin1_ibufg/O
                         net (fo=1, routed)           1.004    12.357    u_mmcm/inst/clk_in1_clk_wiz_0
    MMCME2_ADV_X1Y2      MMCME2_ADV (Prop_mmcme2_adv_CLKIN1_CLKOUT1)
                                                     -6.399     5.957 r  u_mmcm/inst/mmcm_adv_inst/CLKOUT1
                         net (fo=1, routed)           1.452     7.410    u_mmcm/inst/clk_out2_clk_wiz_0
    BUFGCTRL_X0Y0        BUFG (Prop_bufg_I_O)         0.077     7.487 r  u_mmcm/inst/clkout2_buf/O
                         net (fo=1237, routed)        1.270     8.757    clk_100m
    SLICE_X62Y177        FDCE                                         r  frame_start_sync1_reg/C
                         clock pessimism              0.254     9.011    
                         clock uncertainty           -0.222     8.789    
    SLICE_X62Y177        FDCE (Setup_fdce_C_D)       -0.015     8.774    frame_start_sync1_reg
  -------------------------------------------------------------------
                         required time                          8.774    
                         arrival time                          -0.876    
  -------------------------------------------------------------------
                         slack                                  7.897    





Min Delay Paths
--------------------------------------------------------------------------------------
Slack (MET) :             0.233ns  (arrival time - required time)
  Source:                 frame_start_toggle_50m_reg/C
                            (rising edge-triggered cell FDCE clocked by clk_out1_clk_wiz_0  {rise@0.000ns fall@10.000ns period=20.000ns})
  Destination:            frame_start_sync1_reg/D
                            (rising edge-triggered cell FDCE clocked by clk_out2_clk_wiz_0  {rise@0.000ns fall@5.000ns period=10.000ns})
  Path Group:             clk_out2_clk_wiz_0
  Path Type:              Hold (Min at Fast Process Corner)
  Requirement:            0.000ns  (clk_out2_clk_wiz_0 rise@0.000ns - clk_out1_clk_wiz_0 rise@0.000ns)
  Data Path Delay:        0.836ns  (logic 0.164ns (19.622%)  route 0.672ns (80.378%))
  Logic Levels:           0  
  Clock Path Skew:        0.321ns (DCD - SCD - CPR)
    Destination Clock Delay (DCD):    -0.964ns
    Source Clock Delay      (SCD):    -0.721ns
    Clock Pessimism Removal (CPR):    -0.565ns
  Clock Uncertainty:      0.222ns  ((TSJ^2 + DJ^2)^1/2) / 2 + PE
    Total System Jitter     (TSJ):    0.071ns
    Discrete Jitter          (DJ):    0.192ns
    Phase Error              (PE):    0.120ns

    Location             Delay type                Incr(ns)  Path(ns)    Netlist Resource(s)
  -------------------------------------------------------------------    -------------------
                         (clock clk_out1_clk_wiz_0 rise edge)
                                                      0.000     0.000 r  
    R4                                                0.000     0.000 r  sys_clk (IN)
                         net (fo=0)                   0.000     0.000    u_mmcm/inst/clk_in1
    R4                   IBUF (Prop_ibuf_I_O)         0.256     0.256 r  u_mmcm/inst/clkin1_ibufg/O
                         net (fo=1, routed)           0.440     0.696    u_mmcm/inst/clk_in1_clk_wiz_0
    MMCME2_ADV_X1Y2      MMCME2_ADV (Prop_mmcme2_adv_CLKIN1_CLKOUT0)
                                                     -2.540    -1.844 r  u_mmcm/inst/mmcm_adv_inst/CLKOUT0
                         net (fo=1, routed)           0.531    -1.313    u_mmcm/inst/clk_out1_clk_wiz_0
    BUFGCTRL_X0Y2        BUFG (Prop_bufg_I_O)         0.026    -1.287 r  u_mmcm/inst/clkout1_buf/O
                         net (fo=75, routed)          0.566    -0.721    gate_clk
    SLICE_X66Y177        FDCE                                         r  frame_start_toggle_50m_reg/C
  -------------------------------------------------------------------    -------------------
    SLICE_X66Y177        FDCE (Prop_fdce_C_Q)         0.164    -0.557 r  frame_start_toggle_50m_reg/Q
                         net (fo=2, routed)           0.672     0.115    frame_start_toggle_50m
    SLICE_X62Y177        FDCE                                         r  frame_start_sync1_reg/D
  -------------------------------------------------------------------    -------------------

                         (clock clk_out2_clk_wiz_0 rise edge)
                                                      0.000     0.000 r  
    R4                                                0.000     0.000 r  sys_clk (IN)
                         net (fo=0)                   0.000     0.000    u_mmcm/inst/clk_in1
    R4                   IBUF (Prop_ibuf_I_O)         0.444     0.444 r  u_mmcm/inst/clkin1_ibufg/O
                         net (fo=1, routed)           0.480     0.924    u_mmcm/inst/clk_in1_clk_wiz_0
    MMCME2_ADV_X1Y2      MMCME2_ADV (Prop_mmcme2_adv_CLKIN1_CLKOUT1)
                                                     -3.332    -2.409 r  u_mmcm/inst/mmcm_adv_inst/CLKOUT1
                         net (fo=1, routed)           0.579    -1.830    u_mmcm/inst/clk_out2_clk_wiz_0
    BUFGCTRL_X0Y0        BUFG (Prop_bufg_I_O)         0.029    -1.801 r  u_mmcm/inst/clkout2_buf/O
                         net (fo=1237, routed)        0.836    -0.964    clk_100m
    SLICE_X62Y177        FDCE                                         r  frame_start_sync1_reg/C
                         clock pessimism              0.565    -0.400    
                         clock uncertainty            0.222    -0.177    
    SLICE_X62Y177        FDCE (Hold_fdce_C_D)         0.059    -0.118    frame_start_sync1_reg
  -------------------------------------------------------------------
                         required time                          0.118    
                         arrival time                           0.115    
  -------------------------------------------------------------------
                         slack                                  0.233    





---------------------------------------------------------------------------------------------------
From Clock:  clk_out3_clk_wiz_0
  To Clock:  clk_out2_clk_wiz_0

Setup :            0  Failing Endpoints,  Worst Slack        6.987ns,  Total Violation        0.000ns
Hold  :           NA  Failing Endpoints,  Worst Slack           NA  ,  Total Violation           NA
---------------------------------------------------------------------------------------------------


Max Delay Paths
--------------------------------------------------------------------------------------
Slack (MET) :             6.987ns  (required time - arrival time)
  Source:                 u_rgmii_bridge/fifo_generator_0_inst/U0/inst_fifo_gen/gconvfifo.rf/grf.rf/gntv_or_sync_fifo.gcx.clkx/rd_pntr_cdc_inst/src_gray_ff_reg[1]/C
                            (rising edge-triggered cell FDRE clocked by clk_out3_clk_wiz_0  {rise@0.000ns fall@4.000ns period=8.000ns})
  Destination:            u_rgmii_bridge/fifo_generator_0_inst/U0/inst_fifo_gen/gconvfifo.rf/grf.rf/gntv_or_sync_fifo.gcx.clkx/rd_pntr_cdc_inst/dest_graysync_ff_reg[0][1]/D
                            (rising edge-triggered cell FDRE clocked by clk_out2_clk_wiz_0  {rise@0.000ns fall@5.000ns period=10.000ns})
  Path Group:             clk_out2_clk_wiz_0
  Path Type:              Setup (Max at Slow Process Corner)
  Requirement:            8.000ns  (MaxDelay Path 8.000ns)
  Data Path Delay:        0.857ns  (logic 0.398ns (46.435%)  route 0.459ns (53.565%))
  Logic Levels:           0  
  Timing Exception:       MaxDelay Path 8.000ns -datapath_only

    Location             Delay type                Incr(ns)  Path(ns)    Netlist Resource(s)
  -------------------------------------------------------------------    -------------------
    SLICE_X108Y143                                    0.000     0.000 r  u_rgmii_bridge/fifo_generator_0_inst/U0/inst_fifo_gen/gconvfifo.rf/grf.rf/gntv_or_sync_fifo.gcx.clkx/rd_pntr_cdc_inst/src_gray_ff_reg[1]/C
    SLICE_X108Y143       FDRE (Prop_fdre_C_Q)         0.398     0.398 r  u_rgmii_bridge/fifo_generator_0_inst/U0/inst_fifo_gen/gconvfifo.rf/grf.rf/gntv_or_sync_fifo.gcx.clkx/rd_pntr_cdc_inst/src_gray_ff_reg[1]/Q
                         net (fo=1, routed)           0.459     0.857    u_rgmii_bridge/fifo_generator_0_inst/U0/inst_fifo_gen/gconvfifo.rf/grf.rf/gntv_or_sync_fifo.gcx.clkx/rd_pntr_cdc_inst/async_path[1]
    SLICE_X108Y144       FDRE                                         r  u_rgmii_bridge/fifo_generator_0_inst/U0/inst_fifo_gen/gconvfifo.rf/grf.rf/gntv_or_sync_fifo.gcx.clkx/rd_pntr_cdc_inst/dest_graysync_ff_reg[0][1]/D
  -------------------------------------------------------------------    -------------------

                         max delay                    8.000     8.000    
    SLICE_X108Y144       FDRE (Setup_fdre_C_D)       -0.156     7.844    u_rgmii_bridge/fifo_generator_0_inst/U0/inst_fifo_gen/gconvfifo.rf/grf.rf/gntv_or_sync_fifo.gcx.clkx/rd_pntr_cdc_inst/dest_graysync_ff_reg[0][1]
  -------------------------------------------------------------------
                         required time                          7.844    
                         arrival time                          -0.857    
  -------------------------------------------------------------------
                         slack                                  6.987    

Slack (MET) :             7.004ns  (required time - arrival time)
  Source:                 u_rgmii_bridge/fifo_generator_0_inst/U0/inst_fifo_gen/gconvfifo.rf/grf.rf/gntv_or_sync_fifo.gcx.clkx/rd_pntr_cdc_inst/src_gray_ff_reg[3]/C
                            (rising edge-triggered cell FDRE clocked by clk_out3_clk_wiz_0  {rise@0.000ns fall@4.000ns period=8.000ns})
  Destination:            u_rgmii_bridge/fifo_generator_0_inst/U0/inst_fifo_gen/gconvfifo.rf/grf.rf/gntv_or_sync_fifo.gcx.clkx/rd_pntr_cdc_inst/dest_graysync_ff_reg[0][3]/D
                            (rising edge-triggered cell FDRE clocked by clk_out2_clk_wiz_0  {rise@0.000ns fall@5.000ns period=10.000ns})
  Path Group:             clk_out2_clk_wiz_0
  Path Type:              Setup (Max at Slow Process Corner)
  Requirement:            8.000ns  (MaxDelay Path 8.000ns)
  Data Path Delay:        0.830ns  (logic 0.348ns (41.912%)  route 0.482ns (58.088%))
  Logic Levels:           0  
  Timing Exception:       MaxDelay Path 8.000ns -datapath_only

    Location             Delay type                Incr(ns)  Path(ns)    Netlist Resource(s)
  -------------------------------------------------------------------    -------------------
    SLICE_X113Y144                                    0.000     0.000 r  u_rgmii_bridge/fifo_generator_0_inst/U0/inst_fifo_gen/gconvfifo.rf/grf.rf/gntv_or_sync_fifo.gcx.clkx/rd_pntr_cdc_inst/src_gray_ff_reg[3]/C
    SLICE_X113Y144       FDRE (Prop_fdre_C_Q)         0.348     0.348 r  u_rgmii_bridge/fifo_generator_0_inst/U0/inst_fifo_gen/gconvfifo.rf/grf.rf/gntv_or_sync_fifo.gcx.clkx/rd_pntr_cdc_inst/src_gray_ff_reg[3]/Q
                         net (fo=1, routed)           0.482     0.830    u_rgmii_bridge/fifo_generator_0_inst/U0/inst_fifo_gen/gconvfifo.rf/grf.rf/gntv_or_sync_fifo.gcx.clkx/rd_pntr_cdc_inst/async_path[3]
    SLICE_X112Y144       FDRE                                         r  u_rgmii_bridge/fifo_generator_0_inst/U0/inst_fifo_gen/gconvfifo.rf/grf.rf/gntv_or_sync_fifo.gcx.clkx/rd_pntr_cdc_inst/dest_graysync_ff_reg[0][3]/D
  -------------------------------------------------------------------    -------------------

                         max delay                    8.000     8.000    
    SLICE_X112Y144       FDRE (Setup_fdre_C_D)       -0.166     7.834    u_rgmii_bridge/fifo_generator_0_inst/U0/inst_fifo_gen/gconvfifo.rf/grf.rf/gntv_or_sync_fifo.gcx.clkx/rd_pntr_cdc_inst/dest_graysync_ff_reg[0][3]
  -------------------------------------------------------------------
                         required time                          7.834    
                         arrival time                          -0.830    
  -------------------------------------------------------------------
                         slack                                  7.004    

Slack (MET) :             7.188ns  (required time - arrival time)
  Source:                 u_rgmii_bridge/fifo_generator_0_inst/U0/inst_fifo_gen/gconvfifo.rf/grf.rf/gntv_or_sync_fifo.gcx.clkx/rd_pntr_cdc_inst/src_gray_ff_reg[0]/C
                            (rising edge-triggered cell FDRE clocked by clk_out3_clk_wiz_0  {rise@0.000ns fall@4.000ns period=8.000ns})
  Destination:            u_rgmii_bridge/fifo_generator_0_inst/U0/inst_fifo_gen/gconvfifo.rf/grf.rf/gntv_or_sync_fifo.gcx.clkx/rd_pntr_cdc_inst/dest_graysync_ff_reg[0][0]/D
                            (rising edge-triggered cell FDRE clocked by clk_out2_clk_wiz_0  {rise@0.000ns fall@5.000ns period=10.000ns})
  Path Group:             clk_out2_clk_wiz_0
  Path Type:              Setup (Max at Slow Process Corner)
  Requirement:            8.000ns  (MaxDelay Path 8.000ns)
  Data Path Delay:        0.779ns  (logic 0.433ns (55.554%)  route 0.346ns (44.446%))
  Logic Levels:           0  
  Timing Exception:       MaxDelay Path 8.000ns -datapath_only

    Location             Delay type                Incr(ns)  Path(ns)    Netlist Resource(s)
  -------------------------------------------------------------------    -------------------
    SLICE_X108Y143                                    0.000     0.000 r  u_rgmii_bridge/fifo_generator_0_inst/U0/inst_fifo_gen/gconvfifo.rf/grf.rf/gntv_or_sync_fifo.gcx.clkx/rd_pntr_cdc_inst/src_gray_ff_reg[0]/C
    SLICE_X108Y143       FDRE (Prop_fdre_C_Q)         0.433     0.433 r  u_rgmii_bridge/fifo_generator_0_inst/U0/inst_fifo_gen/gconvfifo.rf/grf.rf/gntv_or_sync_fifo.gcx.clkx/rd_pntr_cdc_inst/src_gray_ff_reg[0]/Q
                         net (fo=1, routed)           0.346     0.779    u_rgmii_bridge/fifo_generator_0_inst/U0/inst_fifo_gen/gconvfifo.rf/grf.rf/gntv_or_sync_fifo.gcx.clkx/rd_pntr_cdc_inst/async_path[0]
    SLICE_X108Y144       FDRE                                         r  u_rgmii_bridge/fifo_generator_0_inst/U0/inst_fifo_gen/gconvfifo.rf/grf.rf/gntv_or_sync_fifo.gcx.clkx/rd_pntr_cdc_inst/dest_graysync_ff_reg[0][0]/D
  -------------------------------------------------------------------    -------------------

                         max delay                    8.000     8.000    
    SLICE_X108Y144       FDRE (Setup_fdre_C_D)       -0.033     7.967    u_rgmii_bridge/fifo_generator_0_inst/U0/inst_fifo_gen/gconvfifo.rf/grf.rf/gntv_or_sync_fifo.gcx.clkx/rd_pntr_cdc_inst/dest_graysync_ff_reg[0][0]
  -------------------------------------------------------------------
                         required time                          7.967    
                         arrival time                          -0.779    
  -------------------------------------------------------------------
                         slack                                  7.188    

Slack (MET) :             7.209ns  (required time - arrival time)
  Source:                 u_rgmii_bridge/fifo_generator_0_inst/U0/inst_fifo_gen/gconvfifo.rf/grf.rf/gntv_or_sync_fifo.gcx.clkx/rd_pntr_cdc_inst/src_gray_ff_reg[2]/C
                            (rising edge-triggered cell FDRE clocked by clk_out3_clk_wiz_0  {rise@0.000ns fall@4.000ns period=8.000ns})
  Destination:            u_rgmii_bridge/fifo_generator_0_inst/U0/inst_fifo_gen/gconvfifo.rf/grf.rf/gntv_or_sync_fifo.gcx.clkx/rd_pntr_cdc_inst/dest_graysync_ff_reg[0][2]/D
                            (rising edge-triggered cell FDRE clocked by clk_out2_clk_wiz_0  {rise@0.000ns fall@5.000ns period=10.000ns})
  Path Group:             clk_out2_clk_wiz_0
  Path Type:              Setup (Max at Slow Process Corner)
  Requirement:            8.000ns  (MaxDelay Path 8.000ns)
  Data Path Delay:        0.758ns  (logic 0.379ns (49.983%)  route 0.379ns (50.017%))
  Logic Levels:           0  
  Timing Exception:       MaxDelay Path 8.000ns -datapath_only

    Location             Delay type                Incr(ns)  Path(ns)    Netlist Resource(s)
  -------------------------------------------------------------------    -------------------
    SLICE_X113Y144                                    0.000     0.000 r  u_rgmii_bridge/fifo_generator_0_inst/U0/inst_fifo_gen/gconvfifo.rf/grf.rf/gntv_or_sync_fifo.gcx.clkx/rd_pntr_cdc_inst/src_gray_ff_reg[2]/C
    SLICE_X113Y144       FDRE (Prop_fdre_C_Q)         0.379     0.379 r  u_rgmii_bridge/fifo_generator_0_inst/U0/inst_fifo_gen/gconvfifo.rf/grf.rf/gntv_or_sync_fifo.gcx.clkx/rd_pntr_cdc_inst/src_gray_ff_reg[2]/Q
                         net (fo=1, routed)           0.379     0.758    u_rgmii_bridge/fifo_generator_0_inst/U0/inst_fifo_gen/gconvfifo.rf/grf.rf/gntv_or_sync_fifo.gcx.clkx/rd_pntr_cdc_inst/async_path[2]
    SLICE_X112Y144       FDRE                                         r  u_rgmii_bridge/fifo_generator_0_inst/U0/inst_fifo_gen/gconvfifo.rf/grf.rf/gntv_or_sync_fifo.gcx.clkx/rd_pntr_cdc_inst/dest_graysync_ff_reg[0][2]/D
  -------------------------------------------------------------------    -------------------

                         max delay                    8.000     8.000    
    SLICE_X112Y144       FDRE (Setup_fdre_C_D)       -0.033     7.967    u_rgmii_bridge/fifo_generator_0_inst/U0/inst_fifo_gen/gconvfifo.rf/grf.rf/gntv_or_sync_fifo.gcx.clkx/rd_pntr_cdc_inst/dest_graysync_ff_reg[0][2]
  -------------------------------------------------------------------
                         required time                          7.967    
                         arrival time                          -0.758    
  -------------------------------------------------------------------
                         slack                                  7.209    





---------------------------------------------------------------------------------------------------
From Clock:  clk_out2_clk_wiz_0
  To Clock:  clk_out3_clk_wiz_0

Setup :            0  Failing Endpoints,  Worst Slack        8.982ns,  Total Violation        0.000ns
Hold  :           NA  Failing Endpoints,  Worst Slack           NA  ,  Total Violation           NA
---------------------------------------------------------------------------------------------------


Max Delay Paths
--------------------------------------------------------------------------------------
Slack (MET) :             8.982ns  (required time - arrival time)
  Source:                 u_rgmii_bridge/fifo_generator_0_inst/U0/inst_fifo_gen/gconvfifo.rf/grf.rf/gntv_or_sync_fifo.gcx.clkx/wr_pntr_cdc_inst/src_gray_ff_reg[0]/C
                            (rising edge-triggered cell FDRE clocked by clk_out2_clk_wiz_0  {rise@0.000ns fall@5.000ns period=10.000ns})
  Destination:            u_rgmii_bridge/fifo_generator_0_inst/U0/inst_fifo_gen/gconvfifo.rf/grf.rf/gntv_or_sync_fifo.gcx.clkx/wr_pntr_cdc_inst/dest_graysync_ff_reg[0][0]/D
                            (rising edge-triggered cell FDRE clocked by clk_out3_clk_wiz_0  {rise@0.000ns fall@4.000ns period=8.000ns})
  Path Group:             clk_out3_clk_wiz_0
  Path Type:              Setup (Max at Slow Process Corner)
  Requirement:            10.000ns  (MaxDelay Path 10.000ns)
  Data Path Delay:        0.943ns  (logic 0.433ns (45.931%)  route 0.510ns (54.069%))
  Logic Levels:           0  
  Timing Exception:       MaxDelay Path 10.000ns -datapath_only

    Location             Delay type                Incr(ns)  Path(ns)    Netlist Resource(s)
  -------------------------------------------------------------------    -------------------
    SLICE_X104Y151                                    0.000     0.000 r  u_rgmii_bridge/fifo_generator_0_inst/U0/inst_fifo_gen/gconvfifo.rf/grf.rf/gntv_or_sync_fifo.gcx.clkx/wr_pntr_cdc_inst/src_gray_ff_reg[0]/C
    SLICE_X104Y151       FDRE (Prop_fdre_C_Q)         0.433     0.433 r  u_rgmii_bridge/fifo_generator_0_inst/U0/inst_fifo_gen/gconvfifo.rf/grf.rf/gntv_or_sync_fifo.gcx.clkx/wr_pntr_cdc_inst/src_gray_ff_reg[0]/Q
                         net (fo=1, routed)           0.510     0.943    u_rgmii_bridge/fifo_generator_0_inst/U0/inst_fifo_gen/gconvfifo.rf/grf.rf/gntv_or_sync_fifo.gcx.clkx/wr_pntr_cdc_inst/async_path[0]
    SLICE_X106Y151       FDRE                                         r  u_rgmii_bridge/fifo_generator_0_inst/U0/inst_fifo_gen/gconvfifo.rf/grf.rf/gntv_or_sync_fifo.gcx.clkx/wr_pntr_cdc_inst/dest_graysync_ff_reg[0][0]/D
  -------------------------------------------------------------------    -------------------

                         max delay                   10.000    10.000    
    SLICE_X106Y151       FDRE (Setup_fdre_C_D)       -0.075     9.925    u_rgmii_bridge/fifo_generator_0_inst/U0/inst_fifo_gen/gconvfifo.rf/grf.rf/gntv_or_sync_fifo.gcx.clkx/wr_pntr_cdc_inst/dest_graysync_ff_reg[0][0]
  -------------------------------------------------------------------
                         required time                          9.925    
                         arrival time                          -0.943    
  -------------------------------------------------------------------
                         slack                                  8.982    

Slack (MET) :             9.061ns  (required time - arrival time)
  Source:                 u_rgmii_bridge/fifo_generator_0_inst/U0/inst_fifo_gen/gconvfifo.rf/grf.rf/gntv_or_sync_fifo.gcx.clkx/wr_pntr_cdc_inst/src_gray_ff_reg[1]/C
                            (rising edge-triggered cell FDRE clocked by clk_out2_clk_wiz_0  {rise@0.000ns fall@5.000ns period=10.000ns})
  Destination:            u_rgmii_bridge/fifo_generator_0_inst/U0/inst_fifo_gen/gconvfifo.rf/grf.rf/gntv_or_sync_fifo.gcx.clkx/wr_pntr_cdc_inst/dest_graysync_ff_reg[0][1]/D
                            (rising edge-triggered cell FDRE clocked by clk_out3_clk_wiz_0  {rise@0.000ns fall@4.000ns period=8.000ns})
  Path Group:             clk_out3_clk_wiz_0
  Path Type:              Setup (Max at Slow Process Corner)
  Requirement:            10.000ns  (MaxDelay Path 10.000ns)
  Data Path Delay:        0.779ns  (logic 0.398ns (51.067%)  route 0.381ns (48.933%))
  Logic Levels:           0  
  Timing Exception:       MaxDelay Path 10.000ns -datapath_only

    Location             Delay type                Incr(ns)  Path(ns)    Netlist Resource(s)
  -------------------------------------------------------------------    -------------------
    SLICE_X104Y151                                    0.000     0.000 r  u_rgmii_bridge/fifo_generator_0_inst/U0/inst_fifo_gen/gconvfifo.rf/grf.rf/gntv_or_sync_fifo.gcx.clkx/wr_pntr_cdc_inst/src_gray_ff_reg[1]/C
    SLICE_X104Y151       FDRE (Prop_fdre_C_Q)         0.398     0.398 r  u_rgmii_bridge/fifo_generator_0_inst/U0/inst_fifo_gen/gconvfifo.rf/grf.rf/gntv_or_sync_fifo.gcx.clkx/wr_pntr_cdc_inst/src_gray_ff_reg[1]/Q
                         net (fo=1, routed)           0.381     0.779    u_rgmii_bridge/fifo_generator_0_inst/U0/inst_fifo_gen/gconvfifo.rf/grf.rf/gntv_or_sync_fifo.gcx.clkx/wr_pntr_cdc_inst/async_path[1]
    SLICE_X104Y149       FDRE                                         r  u_rgmii_bridge/fifo_generator_0_inst/U0/inst_fifo_gen/gconvfifo.rf/grf.rf/gntv_or_sync_fifo.gcx.clkx/wr_pntr_cdc_inst/dest_graysync_ff_reg[0][1]/D
  -------------------------------------------------------------------    -------------------

                         max delay                   10.000    10.000    
    SLICE_X104Y149       FDRE (Setup_fdre_C_D)       -0.160     9.840    u_rgmii_bridge/fifo_generator_0_inst/U0/inst_fifo_gen/gconvfifo.rf/grf.rf/gntv_or_sync_fifo.gcx.clkx/wr_pntr_cdc_inst/dest_graysync_ff_reg[0][1]
  -------------------------------------------------------------------
                         required time                          9.840    
                         arrival time                          -0.779    
  -------------------------------------------------------------------
                         slack                                  9.061    

Slack (MET) :             9.224ns  (required time - arrival time)
  Source:                 u_rgmii_bridge/fifo_generator_0_inst/U0/inst_fifo_gen/gconvfifo.rf/grf.rf/gntv_or_sync_fifo.gcx.clkx/wr_pntr_cdc_inst/src_gray_ff_reg[2]/C
                            (rising edge-triggered cell FDRE clocked by clk_out2_clk_wiz_0  {rise@0.000ns fall@5.000ns period=10.000ns})
  Destination:            u_rgmii_bridge/fifo_generator_0_inst/U0/inst_fifo_gen/gconvfifo.rf/grf.rf/gntv_or_sync_fifo.gcx.clkx/wr_pntr_cdc_inst/dest_graysync_ff_reg[0][2]/D
                            (rising edge-triggered cell FDRE clocked by clk_out3_clk_wiz_0  {rise@0.000ns fall@4.000ns period=8.000ns})
  Path Group:             clk_out3_clk_wiz_0
  Path Type:              Setup (Max at Slow Process Corner)
  Requirement:            10.000ns  (MaxDelay Path 10.000ns)
  Data Path Delay:        0.743ns  (logic 0.379ns (51.007%)  route 0.364ns (48.993%))
  Logic Levels:           0  
  Timing Exception:       MaxDelay Path 10.000ns -datapath_only

    Location             Delay type                Incr(ns)  Path(ns)    Netlist Resource(s)
  -------------------------------------------------------------------    -------------------
    SLICE_X111Y151                                    0.000     0.000 r  u_rgmii_bridge/fifo_generator_0_inst/U0/inst_fifo_gen/gconvfifo.rf/grf.rf/gntv_or_sync_fifo.gcx.clkx/wr_pntr_cdc_inst/src_gray_ff_reg[2]/C
    SLICE_X111Y151       FDRE (Prop_fdre_C_Q)         0.379     0.379 r  u_rgmii_bridge/fifo_generator_0_inst/U0/inst_fifo_gen/gconvfifo.rf/grf.rf/gntv_or_sync_fifo.gcx.clkx/wr_pntr_cdc_inst/src_gray_ff_reg[2]/Q
                         net (fo=1, routed)           0.364     0.743    u_rgmii_bridge/fifo_generator_0_inst/U0/inst_fifo_gen/gconvfifo.rf/grf.rf/gntv_or_sync_fifo.gcx.clkx/wr_pntr_cdc_inst/async_path[2]
    SLICE_X112Y150       FDRE                                         r  u_rgmii_bridge/fifo_generator_0_inst/U0/inst_fifo_gen/gconvfifo.rf/grf.rf/gntv_or_sync_fifo.gcx.clkx/wr_pntr_cdc_inst/dest_graysync_ff_reg[0][2]/D
  -------------------------------------------------------------------    -------------------

                         max delay                   10.000    10.000    
    SLICE_X112Y150       FDRE (Setup_fdre_C_D)       -0.033     9.967    u_rgmii_bridge/fifo_generator_0_inst/U0/inst_fifo_gen/gconvfifo.rf/grf.rf/gntv_or_sync_fifo.gcx.clkx/wr_pntr_cdc_inst/dest_graysync_ff_reg[0][2]
  -------------------------------------------------------------------
                         required time                          9.967    
                         arrival time                          -0.743    
  -------------------------------------------------------------------
                         slack                                  9.224    

Slack (MET) :             9.227ns  (required time - arrival time)
  Source:                 u_rgmii_bridge/fifo_generator_0_inst/U0/inst_fifo_gen/gconvfifo.rf/grf.rf/gntv_or_sync_fifo.gcx.clkx/wr_pntr_cdc_inst/src_gray_ff_reg[3]/C
                            (rising edge-triggered cell FDRE clocked by clk_out2_clk_wiz_0  {rise@0.000ns fall@5.000ns period=10.000ns})
  Destination:            u_rgmii_bridge/fifo_generator_0_inst/U0/inst_fifo_gen/gconvfifo.rf/grf.rf/gntv_or_sync_fifo.gcx.clkx/wr_pntr_cdc_inst/dest_graysync_ff_reg[0][3]/D
                            (rising edge-triggered cell FDRE clocked by clk_out3_clk_wiz_0  {rise@0.000ns fall@4.000ns period=8.000ns})
  Path Group:             clk_out3_clk_wiz_0
  Path Type:              Setup (Max at Slow Process Corner)
  Requirement:            10.000ns  (MaxDelay Path 10.000ns)
  Data Path Delay:        0.740ns  (logic 0.379ns (51.220%)  route 0.361ns (48.780%))
  Logic Levels:           0  
  Timing Exception:       MaxDelay Path 10.000ns -datapath_only

    Location             Delay type                Incr(ns)  Path(ns)    Netlist Resource(s)
  -------------------------------------------------------------------    -------------------
    SLICE_X111Y149                                    0.000     0.000 r  u_rgmii_bridge/fifo_generator_0_inst/U0/inst_fifo_gen/gconvfifo.rf/grf.rf/gntv_or_sync_fifo.gcx.clkx/wr_pntr_cdc_inst/src_gray_ff_reg[3]/C
    SLICE_X111Y149       FDRE (Prop_fdre_C_Q)         0.379     0.379 r  u_rgmii_bridge/fifo_generator_0_inst/U0/inst_fifo_gen/gconvfifo.rf/grf.rf/gntv_or_sync_fifo.gcx.clkx/wr_pntr_cdc_inst/src_gray_ff_reg[3]/Q
                         net (fo=1, routed)           0.361     0.740    u_rgmii_bridge/fifo_generator_0_inst/U0/inst_fifo_gen/gconvfifo.rf/grf.rf/gntv_or_sync_fifo.gcx.clkx/wr_pntr_cdc_inst/async_path[3]
    SLICE_X112Y149       FDRE                                         r  u_rgmii_bridge/fifo_generator_0_inst/U0/inst_fifo_gen/gconvfifo.rf/grf.rf/gntv_or_sync_fifo.gcx.clkx/wr_pntr_cdc_inst/dest_graysync_ff_reg[0][3]/D
  -------------------------------------------------------------------    -------------------

                         max delay                   10.000    10.000    
    SLICE_X112Y149       FDRE (Setup_fdre_C_D)       -0.033     9.967    u_rgmii_bridge/fifo_generator_0_inst/U0/inst_fifo_gen/gconvfifo.rf/grf.rf/gntv_or_sync_fifo.gcx.clkx/wr_pntr_cdc_inst/dest_graysync_ff_reg[0][3]
  -------------------------------------------------------------------
                         required time                          9.967    
                         arrival time                          -0.740    
  -------------------------------------------------------------------
                         slack                                  9.227    





---------------------------------------------------------------------------------------------------
Path Group:  **async_default**
From Clock:  clk_out1_clk_wiz_0
  To Clock:  clk_out1_clk_wiz_0

Setup :            0  Failing Endpoints,  Worst Slack       16.104ns,  Total Violation        0.000ns
Hold  :            0  Failing Endpoints,  Worst Slack        0.825ns,  Total Violation        0.000ns
---------------------------------------------------------------------------------------------------


Max Delay Paths
--------------------------------------------------------------------------------------
Slack (MET) :             16.104ns  (required time - arrival time)
  Source:                 rst_sync2_50m_reg/C
                            (rising edge-triggered cell FDCE clocked by clk_out1_clk_wiz_0  {rise@0.000ns fall@10.000ns period=20.000ns})
  Destination:            frame_done_sync3_reg/CLR
                            (recovery check against rising-edge clock clk_out1_clk_wiz_0  {rise@0.000ns fall@10.000ns period=20.000ns})
  Path Group:             **async_default**
  Path Type:              Recovery (Max at Slow Process Corner)
  Requirement:            20.000ns  (clk_out1_clk_wiz_0 rise@20.000ns - clk_out1_clk_wiz_0 rise@0.000ns)
  Data Path Delay:        3.357ns  (logic 0.484ns (14.417%)  route 2.873ns (85.583%))
  Logic Levels:           1  (LUT1=1)
  Clock Path Skew:        -0.105ns (DCD - SCD + CPR)
    Destination Clock Delay (DCD):    -1.250ns = ( 18.750 - 20.000 ) 
    Source Clock Delay      (SCD):    -0.809ns
    Clock Pessimism Removal (CPR):    0.336ns
  Clock Uncertainty:      0.102ns  ((TSJ^2 + DJ^2)^1/2) / 2 + PE
    Total System Jitter     (TSJ):    0.071ns
    Discrete Jitter          (DJ):    0.192ns
    Phase Error              (PE):    0.000ns

    Location             Delay type                Incr(ns)  Path(ns)    Netlist Resource(s)
  -------------------------------------------------------------------    -------------------
                         (clock clk_out1_clk_wiz_0 rise edge)
                                                      0.000     0.000 r  
    R4                                                0.000     0.000 r  sys_clk (IN)
                         net (fo=0)                   0.000     0.000    u_mmcm/inst/clk_in1
    R4                   IBUF (Prop_ibuf_I_O)         1.419     1.419 r  u_mmcm/inst/clkin1_ibufg/O
                         net (fo=1, routed)           1.065     2.484    u_mmcm/inst/clk_in1_clk_wiz_0
    MMCME2_ADV_X1Y2      MMCME2_ADV (Prop_mmcme2_adv_CLKIN1_CLKOUT0)
                                                     -6.273    -3.789 r  u_mmcm/inst/mmcm_adv_inst/CLKOUT0
                         net (fo=1, routed)           1.524    -2.265    u_mmcm/inst/clk_out1_clk_wiz_0
    BUFGCTRL_X0Y2        BUFG (Prop_bufg_I_O)         0.081    -2.184 r  u_mmcm/inst/clkout1_buf/O
                         net (fo=75, routed)          1.375    -0.809    gate_clk
    SLICE_X93Y173        FDCE                                         r  rst_sync2_50m_reg/C
  -------------------------------------------------------------------    -------------------
    SLICE_X93Y173        FDCE (Prop_fdce_C_Q)         0.379    -0.430 r  rst_sync2_50m_reg/Q
                         net (fo=1, routed)           0.772     0.343    u_nt39565d/rst_sync2_50m
    SLICE_X84Y173        LUT1 (Prop_lut1_I0_O)        0.105     0.448 f  u_nt39565d/FSM_sequential_state[3]_i_3/O
                         net (fo=73, routed)          2.101     2.549    u_nt39565d_n_1
    SLICE_X69Y175        FDCE                                         f  frame_done_sync3_reg/CLR
  -------------------------------------------------------------------    -------------------

                         (clock clk_out1_clk_wiz_0 rise edge)
                                                     20.000    20.000 r  
    R4                                                0.000    20.000 r  sys_clk (IN)
                         net (fo=0)                   0.000    20.000    u_mmcm/inst/clk_in1
    R4                   IBUF (Prop_ibuf_I_O)         1.353    21.353 r  u_mmcm/inst/clkin1_ibufg/O
                         net (fo=1, routed)           1.004    22.357    u_mmcm/inst/clk_in1_clk_wiz_0
    MMCME2_ADV_X1Y2      MMCME2_ADV (Prop_mmcme2_adv_CLKIN1_CLKOUT0)
                                                     -6.399    15.957 r  u_mmcm/inst/mmcm_adv_inst/CLKOUT0
                         net (fo=1, routed)           1.452    17.410    u_mmcm/inst/clk_out1_clk_wiz_0
    BUFGCTRL_X0Y2        BUFG (Prop_bufg_I_O)         0.077    17.487 r  u_mmcm/inst/clkout1_buf/O
                         net (fo=75, routed)          1.263    18.750    gate_clk
    SLICE_X69Y175        FDCE                                         r  frame_done_sync3_reg/C
                         clock pessimism              0.336    19.086    
                         clock uncertainty           -0.102    18.984    
    SLICE_X69Y175        FDCE (Recov_fdce_C_CLR)     -0.331    18.653    frame_done_sync3_reg
  -------------------------------------------------------------------
                         required time                         18.653    
                         arrival time                          -2.549    
  -------------------------------------------------------------------
                         slack                                 16.104    

Slack (MET) :             16.177ns  (required time - arrival time)
  Source:                 rst_sync2_50m_reg/C
                            (rising edge-triggered cell FDCE clocked by clk_out1_clk_wiz_0  {rise@0.000ns fall@10.000ns period=20.000ns})
  Destination:            cfg_done_sync1_reg/CLR
                            (recovery check against rising-edge clock clk_out1_clk_wiz_0  {rise@0.000ns fall@10.000ns period=20.000ns})
  Path Group:             **async_default**
  Path Type:              Recovery (Max at Slow Process Corner)
  Requirement:            20.000ns  (clk_out1_clk_wiz_0 rise@20.000ns - clk_out1_clk_wiz_0 rise@0.000ns)
  Data Path Delay:        3.357ns  (logic 0.484ns (14.417%)  route 2.873ns (85.583%))
  Logic Levels:           1  (LUT1=1)
  Clock Path Skew:        -0.105ns (DCD - SCD + CPR)
    Destination Clock Delay (DCD):    -1.250ns = ( 18.750 - 20.000 ) 
    Source Clock Delay      (SCD):    -0.809ns
    Clock Pessimism Removal (CPR):    0.336ns
  Clock Uncertainty:      0.102ns  ((TSJ^2 + DJ^2)^1/2) / 2 + PE
    Total System Jitter     (TSJ):    0.071ns
    Discrete Jitter          (DJ):    0.192ns
    Phase Error              (PE):    0.000ns

    Location             Delay type                Incr(ns)  Path(ns)    Netlist Resource(s)
  -------------------------------------------------------------------    -------------------
                         (clock clk_out1_clk_wiz_0 rise edge)
                                                      0.000     0.000 r  
    R4                                                0.000     0.000 r  sys_clk (IN)
                         net (fo=0)                   0.000     0.000    u_mmcm/inst/clk_in1
    R4                   IBUF (Prop_ibuf_I_O)         1.419     1.419 r  u_mmcm/inst/clkin1_ibufg/O
                         net (fo=1, routed)           1.065     2.484    u_mmcm/inst/clk_in1_clk_wiz_0
    MMCME2_ADV_X1Y2      MMCME2_ADV (Prop_mmcme2_adv_CLKIN1_CLKOUT0)
                                                     -6.273    -3.789 r  u_mmcm/inst/mmcm_adv_inst/CLKOUT0
                         net (fo=1, routed)           1.524    -2.265    u_mmcm/inst/clk_out1_clk_wiz_0
    BUFGCTRL_X0Y2        BUFG (Prop_bufg_I_O)         0.081    -2.184 r  u_mmcm/inst/clkout1_buf/O
                         net (fo=75, routed)          1.375    -0.809    gate_clk
    SLICE_X93Y173        FDCE                                         r  rst_sync2_50m_reg/C
  -------------------------------------------------------------------    -------------------
    SLICE_X93Y173        FDCE (Prop_fdce_C_Q)         0.379    -0.430 r  rst_sync2_50m_reg/Q
                         net (fo=1, routed)           0.772     0.343    u_nt39565d/rst_sync2_50m
    SLICE_X84Y173        LUT1 (Prop_lut1_I0_O)        0.105     0.448 f  u_nt39565d/FSM_sequential_state[3]_i_3/O
                         net (fo=73, routed)          2.101     2.549    u_nt39565d_n_1
    SLICE_X68Y175        FDCE                                         f  cfg_done_sync1_reg/CLR
  -------------------------------------------------------------------    -------------------

                         (clock clk_out1_clk_wiz_0 rise edge)
                                                     20.000    20.000 r  
    R4                                                0.000    20.000 r  sys_clk (IN)
                         net (fo=0)                   0.000    20.000    u_mmcm/inst/clk_in1
    R4                   IBUF (Prop_ibuf_I_O)         1.353    21.353 r  u_mmcm/inst/clkin1_ibufg/O
                         net (fo=1, routed)           1.004    22.357    u_mmcm/inst/clk_in1_clk_wiz_0
    MMCME2_ADV_X1Y2      MMCME2_ADV (Prop_mmcme2_adv_CLKIN1_CLKOUT0)
                                                     -6.399    15.957 r  u_mmcm/inst/mmcm_adv_inst/CLKOUT0
                         net (fo=1, routed)           1.452    17.410    u_mmcm/inst/clk_out1_clk_wiz_0
    BUFGCTRL_X0Y2        BUFG (Prop_bufg_I_O)         0.077    17.487 r  u_mmcm/inst/clkout1_buf/O
                         net (fo=75, routed)          1.263    18.750    gate_clk
    SLICE_X68Y175        FDCE                                         r  cfg_done_sync1_reg/C
                         clock pessimism              0.336    19.086    
                         clock uncertainty           -0.102    18.984    
    SLICE_X68Y175        FDCE (Recov_fdce_C_CLR)     -0.258    18.726    cfg_done_sync1_reg
  -------------------------------------------------------------------
                         required time                         18.726    
                         arrival time                          -2.549    
  -------------------------------------------------------------------
                         slack                                 16.177    

Slack (MET) :             16.177ns  (required time - arrival time)
  Source:                 rst_sync2_50m_reg/C
                            (rising edge-triggered cell FDCE clocked by clk_out1_clk_wiz_0  {rise@0.000ns fall@10.000ns period=20.000ns})
  Destination:            cfg_done_sync2_reg/CLR
                            (recovery check against rising-edge clock clk_out1_clk_wiz_0  {rise@0.000ns fall@10.000ns period=20.000ns})
  Path Group:             **async_default**
  Path Type:              Recovery (Max at Slow Process Corner)
  Requirement:            20.000ns  (clk_out1_clk_wiz_0 rise@20.000ns - clk_out1_clk_wiz_0 rise@0.000ns)
  Data Path Delay:        3.357ns  (logic 0.484ns (14.417%)  route 2.873ns (85.583%))
  Logic Levels:           1  (LUT1=1)
  Clock Path Skew:        -0.105ns (DCD - SCD + CPR)
    Destination Clock Delay (DCD):    -1.250ns = ( 18.750 - 20.000 ) 
    Source Clock Delay      (SCD):    -0.809ns
    Clock Pessimism Removal (CPR):    0.336ns
  Clock Uncertainty:      0.102ns  ((TSJ^2 + DJ^2)^1/2) / 2 + PE
    Total System Jitter     (TSJ):    0.071ns
    Discrete Jitter          (DJ):    0.192ns
    Phase Error              (PE):    0.000ns

    Location             Delay type                Incr(ns)  Path(ns)    Netlist Resource(s)
  -------------------------------------------------------------------    -------------------
                         (clock clk_out1_clk_wiz_0 rise edge)
                                                      0.000     0.000 r  
    R4                                                0.000     0.000 r  sys_clk (IN)
                         net (fo=0)                   0.000     0.000    u_mmcm/inst/clk_in1
    R4                   IBUF (Prop_ibuf_I_O)         1.419     1.419 r  u_mmcm/inst/clkin1_ibufg/O
                         net (fo=1, routed)           1.065     2.484    u_mmcm/inst/clk_in1_clk_wiz_0
    MMCME2_ADV_X1Y2      MMCME2_ADV (Prop_mmcme2_adv_CLKIN1_CLKOUT0)
                                                     -6.273    -3.789 r  u_mmcm/inst/mmcm_adv_inst/CLKOUT0
                         net (fo=1, routed)           1.524    -2.265    u_mmcm/inst/clk_out1_clk_wiz_0
    BUFGCTRL_X0Y2        BUFG (Prop_bufg_I_O)         0.081    -2.184 r  u_mmcm/inst/clkout1_buf/O
                         net (fo=75, routed)          1.375    -0.809    gate_clk
    SLICE_X93Y173        FDCE                                         r  rst_sync2_50m_reg/C
  -------------------------------------------------------------------    -------------------
    SLICE_X93Y173        FDCE (Prop_fdce_C_Q)         0.379    -0.430 r  rst_sync2_50m_reg/Q
                         net (fo=1, routed)           0.772     0.343    u_nt39565d/rst_sync2_50m
    SLICE_X84Y173        LUT1 (Prop_lut1_I0_O)        0.105     0.448 f  u_nt39565d/FSM_sequential_state[3]_i_3/O
                         net (fo=73, routed)          2.101     2.549    u_nt39565d_n_1
    SLICE_X68Y175        FDCE                                         f  cfg_done_sync2_reg/CLR
  -------------------------------------------------------------------    -------------------

                         (clock clk_out1_clk_wiz_0 rise edge)
                                                     20.000    20.000 r  
    R4                                                0.000    20.000 r  sys_clk (IN)
                         net (fo=0)                   0.000    20.000    u_mmcm/inst/clk_in1
    R4                   IBUF (Prop_ibuf_I_O)         1.353    21.353 r  u_mmcm/inst/clkin1_ibufg/O
                         net (fo=1, routed)           1.004    22.357    u_mmcm/inst/clk_in1_clk_wiz_0
    MMCME2_ADV_X1Y2      MMCME2_ADV (Prop_mmcme2_adv_CLKIN1_CLKOUT0)
                                                     -6.399    15.957 r  u_mmcm/inst/mmcm_adv_inst/CLKOUT0
                         net (fo=1, routed)           1.452    17.410    u_mmcm/inst/clk_out1_clk_wiz_0
    BUFGCTRL_X0Y2        BUFG (Prop_bufg_I_O)         0.077    17.487 r  u_mmcm/inst/clkout1_buf/O
                         net (fo=75, routed)          1.263    18.750    gate_clk
    SLICE_X68Y175        FDCE                                         r  cfg_done_sync2_reg/C
                         clock pessimism              0.336    19.086    
                         clock uncertainty           -0.102    18.984    
    SLICE_X68Y175        FDCE (Recov_fdce_C_CLR)     -0.258    18.726    cfg_done_sync2_reg
  -------------------------------------------------------------------
                         required time                         18.726    
                         arrival time                          -2.549    
  -------------------------------------------------------------------
                         slack                                 16.177    

Slack (MET) :             16.177ns  (required time - arrival time)
  Source:                 rst_sync2_50m_reg/C
                            (rising edge-triggered cell FDCE clocked by clk_out1_clk_wiz_0  {rise@0.000ns fall@10.000ns period=20.000ns})
  Destination:            frame_start_reg/CLR
                            (recovery check against rising-edge clock clk_out1_clk_wiz_0  {rise@0.000ns fall@10.000ns period=20.000ns})
  Path Group:             **async_default**
  Path Type:              Recovery (Max at Slow Process Corner)
  Requirement:            20.000ns  (clk_out1_clk_wiz_0 rise@20.000ns - clk_out1_clk_wiz_0 rise@0.000ns)
  Data Path Delay:        3.357ns  (logic 0.484ns (14.417%)  route 2.873ns (85.583%))
  Logic Levels:           1  (LUT1=1)
  Clock Path Skew:        -0.105ns (DCD - SCD + CPR)
    Destination Clock Delay (DCD):    -1.250ns = ( 18.750 - 20.000 ) 
    Source Clock Delay      (SCD):    -0.809ns
    Clock Pessimism Removal (CPR):    0.336ns
  Clock Uncertainty:      0.102ns  ((TSJ^2 + DJ^2)^1/2) / 2 + PE
    Total System Jitter     (TSJ):    0.071ns
    Discrete Jitter          (DJ):    0.192ns
    Phase Error              (PE):    0.000ns

    Location             Delay type                Incr(ns)  Path(ns)    Netlist Resource(s)
  -------------------------------------------------------------------    -------------------
                         (clock clk_out1_clk_wiz_0 rise edge)
                                                      0.000     0.000 r  
    R4                                                0.000     0.000 r  sys_clk (IN)
                         net (fo=0)                   0.000     0.000    u_mmcm/inst/clk_in1
    R4                   IBUF (Prop_ibuf_I_O)         1.419     1.419 r  u_mmcm/inst/clkin1_ibufg/O
                         net (fo=1, routed)           1.065     2.484    u_mmcm/inst/clk_in1_clk_wiz_0
    MMCME2_ADV_X1Y2      MMCME2_ADV (Prop_mmcme2_adv_CLKIN1_CLKOUT0)
                                                     -6.273    -3.789 r  u_mmcm/inst/mmcm_adv_inst/CLKOUT0
                         net (fo=1, routed)           1.524    -2.265    u_mmcm/inst/clk_out1_clk_wiz_0
    BUFGCTRL_X0Y2        BUFG (Prop_bufg_I_O)         0.081    -2.184 r  u_mmcm/inst/clkout1_buf/O
                         net (fo=75, routed)          1.375    -0.809    gate_clk
    SLICE_X93Y173        FDCE                                         r  rst_sync2_50m_reg/C
  -------------------------------------------------------------------    -------------------
    SLICE_X93Y173        FDCE (Prop_fdce_C_Q)         0.379    -0.430 r  rst_sync2_50m_reg/Q
                         net (fo=1, routed)           0.772     0.343    u_nt39565d/rst_sync2_50m
    SLICE_X84Y173        LUT1 (Prop_lut1_I0_O)        0.105     0.448 f  u_nt39565d/FSM_sequential_state[3]_i_3/O
                         net (fo=73, routed)          2.101     2.549    u_nt39565d_n_1
    SLICE_X68Y175        FDCE                                         f  frame_start_reg/CLR
  -------------------------------------------------------------------    -------------------

                         (clock clk_out1_clk_wiz_0 rise edge)
                                                     20.000    20.000 r  
    R4                                                0.000    20.000 r  sys_clk (IN)
                         net (fo=0)                   0.000    20.000    u_mmcm/inst/clk_in1
    R4                   IBUF (Prop_ibuf_I_O)         1.353    21.353 r  u_mmcm/inst/clkin1_ibufg/O
                         net (fo=1, routed)           1.004    22.357    u_mmcm/inst/clk_in1_clk_wiz_0
    MMCME2_ADV_X1Y2      MMCME2_ADV (Prop_mmcme2_adv_CLKIN1_CLKOUT0)
                                                     -6.399    15.957 r  u_mmcm/inst/mmcm_adv_inst/CLKOUT0
                         net (fo=1, routed)           1.452    17.410    u_mmcm/inst/clk_out1_clk_wiz_0
    BUFGCTRL_X0Y2        BUFG (Prop_bufg_I_O)         0.077    17.487 r  u_mmcm/inst/clkout1_buf/O
                         net (fo=75, routed)          1.263    18.750    gate_clk
    SLICE_X68Y175        FDCE                                         r  frame_start_reg/C
                         clock pessimism              0.336    19.086    
                         clock uncertainty           -0.102    18.984    
    SLICE_X68Y175        FDCE (Recov_fdce_C_CLR)     -0.258    18.726    frame_start_reg
  -------------------------------------------------------------------
                         required time                         18.726    
                         arrival time                          -2.549    
  -------------------------------------------------------------------
                         slack                                 16.177    

Slack (MET) :             16.256ns  (required time - arrival time)
  Source:                 rst_sync2_50m_reg/C
                            (rising edge-triggered cell FDCE clocked by clk_out1_clk_wiz_0  {rise@0.000ns fall@10.000ns period=20.000ns})
  Destination:            gap_cnt_reg[1]/CLR
                            (recovery check against rising-edge clock clk_out1_clk_wiz_0  {rise@0.000ns fall@10.000ns period=20.000ns})
  Path Group:             **async_default**
  Path Type:              Recovery (Max at Slow Process Corner)
  Requirement:            20.000ns  (clk_out1_clk_wiz_0 rise@20.000ns - clk_out1_clk_wiz_0 rise@0.000ns)
  Data Path Delay:        3.203ns  (logic 0.484ns (15.109%)  route 2.719ns (84.891%))
  Logic Levels:           1  (LUT1=1)
  Clock Path Skew:        -0.107ns (DCD - SCD + CPR)
    Destination Clock Delay (DCD):    -1.252ns = ( 18.748 - 20.000 ) 
    Source Clock Delay      (SCD):    -0.809ns
    Clock Pessimism Removal (CPR):    0.336ns
  Clock Uncertainty:      0.102ns  ((TSJ^2 + DJ^2)^1/2) / 2 + PE
    Total System Jitter     (TSJ):    0.071ns
    Discrete Jitter          (DJ):    0.192ns
    Phase Error              (PE):    0.000ns

    Location             Delay type                Incr(ns)  Path(ns)    Netlist Resource(s)
  -------------------------------------------------------------------    -------------------
                         (clock clk_out1_clk_wiz_0 rise edge)
                                                      0.000     0.000 r  
    R4                                                0.000     0.000 r  sys_clk (IN)
                         net (fo=0)                   0.000     0.000    u_mmcm/inst/clk_in1
    R4                   IBUF (Prop_ibuf_I_O)         1.419     1.419 r  u_mmcm/inst/clkin1_ibufg/O
                         net (fo=1, routed)           1.065     2.484    u_mmcm/inst/clk_in1_clk_wiz_0
    MMCME2_ADV_X1Y2      MMCME2_ADV (Prop_mmcme2_adv_CLKIN1_CLKOUT0)
                                                     -6.273    -3.789 r  u_mmcm/inst/mmcm_adv_inst/CLKOUT0
                         net (fo=1, routed)           1.524    -2.265    u_mmcm/inst/clk_out1_clk_wiz_0
    BUFGCTRL_X0Y2        BUFG (Prop_bufg_I_O)         0.081    -2.184 r  u_mmcm/inst/clkout1_buf/O
                         net (fo=75, routed)          1.375    -0.809    gate_clk
    SLICE_X93Y173        FDCE                                         r  rst_sync2_50m_reg/C
  -------------------------------------------------------------------    -------------------
    SLICE_X93Y173        FDCE (Prop_fdce_C_Q)         0.379    -0.430 r  rst_sync2_50m_reg/Q
                         net (fo=1, routed)           0.772     0.343    u_nt39565d/rst_sync2_50m
    SLICE_X84Y173        LUT1 (Prop_lut1_I0_O)        0.105     0.448 f  u_nt39565d/FSM_sequential_state[3]_i_3/O
                         net (fo=73, routed)          1.947     2.395    u_nt39565d_n_1
    SLICE_X71Y174        FDCE                                         f  gap_cnt_reg[1]/CLR
  -------------------------------------------------------------------    -------------------

                         (clock clk_out1_clk_wiz_0 rise edge)
                                                     20.000    20.000 r  
    R4                                                0.000    20.000 r  sys_clk (IN)
                         net (fo=0)                   0.000    20.000    u_mmcm/inst/clk_in1
    R4                   IBUF (Prop_ibuf_I_O)         1.353    21.353 r  u_mmcm/inst/clkin1_ibufg/O
                         net (fo=1, routed)           1.004    22.357    u_mmcm/inst/clk_in1_clk_wiz_0
    MMCME2_ADV_X1Y2      MMCME2_ADV (Prop_mmcme2_adv_CLKIN1_CLKOUT0)
                                                     -6.399    15.957 r  u_mmcm/inst/mmcm_adv_inst/CLKOUT0
                         net (fo=1, routed)           1.452    17.410    u_mmcm/inst/clk_out1_clk_wiz_0
    BUFGCTRL_X0Y2        BUFG (Prop_bufg_I_O)         0.077    17.487 r  u_mmcm/inst/clkout1_buf/O
                         net (fo=75, routed)          1.261    18.748    gate_clk
    SLICE_X71Y174        FDCE                                         r  gap_cnt_reg[1]/C
                         clock pessimism              0.336    19.084    
                         clock uncertainty           -0.102    18.982    
    SLICE_X71Y174        FDCE (Recov_fdce_C_CLR)     -0.331    18.651    gap_cnt_reg[1]
  -------------------------------------------------------------------
                         required time                         18.651    
                         arrival time                          -2.395    
  -------------------------------------------------------------------
                         slack                                 16.256    

Slack (MET) :             16.256ns  (required time - arrival time)
  Source:                 rst_sync2_50m_reg/C
                            (rising edge-triggered cell FDCE clocked by clk_out1_clk_wiz_0  {rise@0.000ns fall@10.000ns period=20.000ns})
  Destination:            gap_cnt_reg[2]/CLR
                            (recovery check against rising-edge clock clk_out1_clk_wiz_0  {rise@0.000ns fall@10.000ns period=20.000ns})
  Path Group:             **async_default**
  Path Type:              Recovery (Max at Slow Process Corner)
  Requirement:            20.000ns  (clk_out1_clk_wiz_0 rise@20.000ns - clk_out1_clk_wiz_0 rise@0.000ns)
  Data Path Delay:        3.203ns  (logic 0.484ns (15.109%)  route 2.719ns (84.891%))
  Logic Levels:           1  (LUT1=1)
  Clock Path Skew:        -0.107ns (DCD - SCD + CPR)
    Destination Clock Delay (DCD):    -1.252ns = ( 18.748 - 20.000 ) 
    Source Clock Delay      (SCD):    -0.809ns
    Clock Pessimism Removal (CPR):    0.336ns
  Clock Uncertainty:      0.102ns  ((TSJ^2 + DJ^2)^1/2) / 2 + PE
    Total System Jitter     (TSJ):    0.071ns
    Discrete Jitter          (DJ):    0.192ns
    Phase Error              (PE):    0.000ns

    Location             Delay type                Incr(ns)  Path(ns)    Netlist Resource(s)
  -------------------------------------------------------------------    -------------------
                         (clock clk_out1_clk_wiz_0 rise edge)
                                                      0.000     0.000 r  
    R4                                                0.000     0.000 r  sys_clk (IN)
                         net (fo=0)                   0.000     0.000    u_mmcm/inst/clk_in1
    R4                   IBUF (Prop_ibuf_I_O)         1.419     1.419 r  u_mmcm/inst/clkin1_ibufg/O
                         net (fo=1, routed)           1.065     2.484    u_mmcm/inst/clk_in1_clk_wiz_0
    MMCME2_ADV_X1Y2      MMCME2_ADV (Prop_mmcme2_adv_CLKIN1_CLKOUT0)
                                                     -6.273    -3.789 r  u_mmcm/inst/mmcm_adv_inst/CLKOUT0
                         net (fo=1, routed)           1.524    -2.265    u_mmcm/inst/clk_out1_clk_wiz_0
    BUFGCTRL_X0Y2        BUFG (Prop_bufg_I_O)         0.081    -2.184 r  u_mmcm/inst/clkout1_buf/O
                         net (fo=75, routed)          1.375    -0.809    gate_clk
    SLICE_X93Y173        FDCE                                         r  rst_sync2_50m_reg/C
  -------------------------------------------------------------------    -------------------
    SLICE_X93Y173        FDCE (Prop_fdce_C_Q)         0.379    -0.430 r  rst_sync2_50m_reg/Q
                         net (fo=1, routed)           0.772     0.343    u_nt39565d/rst_sync2_50m
    SLICE_X84Y173        LUT1 (Prop_lut1_I0_O)        0.105     0.448 f  u_nt39565d/FSM_sequential_state[3]_i_3/O
                         net (fo=73, routed)          1.947     2.395    u_nt39565d_n_1
    SLICE_X71Y174        FDCE                                         f  gap_cnt_reg[2]/CLR
  -------------------------------------------------------------------    -------------------

                         (clock clk_out1_clk_wiz_0 rise edge)
                                                     20.000    20.000 r  
    R4                                                0.000    20.000 r  sys_clk (IN)
                         net (fo=0)                   0.000    20.000    u_mmcm/inst/clk_in1
    R4                   IBUF (Prop_ibuf_I_O)         1.353    21.353 r  u_mmcm/inst/clkin1_ibufg/O
                         net (fo=1, routed)           1.004    22.357    u_mmcm/inst/clk_in1_clk_wiz_0
    MMCME2_ADV_X1Y2      MMCME2_ADV (Prop_mmcme2_adv_CLKIN1_CLKOUT0)
                                                     -6.399    15.957 r  u_mmcm/inst/mmcm_adv_inst/CLKOUT0
                         net (fo=1, routed)           1.452    17.410    u_mmcm/inst/clk_out1_clk_wiz_0
    BUFGCTRL_X0Y2        BUFG (Prop_bufg_I_O)         0.077    17.487 r  u_mmcm/inst/clkout1_buf/O
                         net (fo=75, routed)          1.261    18.748    gate_clk
    SLICE_X71Y174        FDCE                                         r  gap_cnt_reg[2]/C
                         clock pessimism              0.336    19.084    
                         clock uncertainty           -0.102    18.982    
    SLICE_X71Y174        FDCE (Recov_fdce_C_CLR)     -0.331    18.651    gap_cnt_reg[2]
  -------------------------------------------------------------------
                         required time                         18.651    
                         arrival time                          -2.395    
  -------------------------------------------------------------------
                         slack                                 16.256    

Slack (MET) :             16.256ns  (required time - arrival time)
  Source:                 rst_sync2_50m_reg/C
                            (rising edge-triggered cell FDCE clocked by clk_out1_clk_wiz_0  {rise@0.000ns fall@10.000ns period=20.000ns})
  Destination:            gap_cnt_reg[5]/CLR
                            (recovery check against rising-edge clock clk_out1_clk_wiz_0  {rise@0.000ns fall@10.000ns period=20.000ns})
  Path Group:             **async_default**
  Path Type:              Recovery (Max at Slow Process Corner)
  Requirement:            20.000ns  (clk_out1_clk_wiz_0 rise@20.000ns - clk_out1_clk_wiz_0 rise@0.000ns)
  Data Path Delay:        3.203ns  (logic 0.484ns (15.109%)  route 2.719ns (84.891%))
  Logic Levels:           1  (LUT1=1)
  Clock Path Skew:        -0.107ns (DCD - SCD + CPR)
    Destination Clock Delay (DCD):    -1.252ns = ( 18.748 - 20.000 ) 
    Source Clock Delay      (SCD):    -0.809ns
    Clock Pessimism Removal (CPR):    0.336ns
  Clock Uncertainty:      0.102ns  ((TSJ^2 + DJ^2)^1/2) / 2 + PE
    Total System Jitter     (TSJ):    0.071ns
    Discrete Jitter          (DJ):    0.192ns
    Phase Error              (PE):    0.000ns

    Location             Delay type                Incr(ns)  Path(ns)    Netlist Resource(s)
  -------------------------------------------------------------------    -------------------
                         (clock clk_out1_clk_wiz_0 rise edge)
                                                      0.000     0.000 r  
    R4                                                0.000     0.000 r  sys_clk (IN)
                         net (fo=0)                   0.000     0.000    u_mmcm/inst/clk_in1
    R4                   IBUF (Prop_ibuf_I_O)         1.419     1.419 r  u_mmcm/inst/clkin1_ibufg/O
                         net (fo=1, routed)           1.065     2.484    u_mmcm/inst/clk_in1_clk_wiz_0
    MMCME2_ADV_X1Y2      MMCME2_ADV (Prop_mmcme2_adv_CLKIN1_CLKOUT0)
                                                     -6.273    -3.789 r  u_mmcm/inst/mmcm_adv_inst/CLKOUT0
                         net (fo=1, routed)           1.524    -2.265    u_mmcm/inst/clk_out1_clk_wiz_0
    BUFGCTRL_X0Y2        BUFG (Prop_bufg_I_O)         0.081    -2.184 r  u_mmcm/inst/clkout1_buf/O
                         net (fo=75, routed)          1.375    -0.809    gate_clk
    SLICE_X93Y173        FDCE                                         r  rst_sync2_50m_reg/C
  -------------------------------------------------------------------    -------------------
    SLICE_X93Y173        FDCE (Prop_fdce_C_Q)         0.379    -0.430 r  rst_sync2_50m_reg/Q
                         net (fo=1, routed)           0.772     0.343    u_nt39565d/rst_sync2_50m
    SLICE_X84Y173        LUT1 (Prop_lut1_I0_O)        0.105     0.448 f  u_nt39565d/FSM_sequential_state[3]_i_3/O
                         net (fo=73, routed)          1.947     2.395    u_nt39565d_n_1
    SLICE_X71Y174        FDCE                                         f  gap_cnt_reg[5]/CLR
  -------------------------------------------------------------------    -------------------

                         (clock clk_out1_clk_wiz_0 rise edge)
                                                     20.000    20.000 r  
    R4                                                0.000    20.000 r  sys_clk (IN)
                         net (fo=0)                   0.000    20.000    u_mmcm/inst/clk_in1
    R4                   IBUF (Prop_ibuf_I_O)         1.353    21.353 r  u_mmcm/inst/clkin1_ibufg/O
                         net (fo=1, routed)           1.004    22.357    u_mmcm/inst/clk_in1_clk_wiz_0
    MMCME2_ADV_X1Y2      MMCME2_ADV (Prop_mmcme2_adv_CLKIN1_CLKOUT0)
                                                     -6.399    15.957 r  u_mmcm/inst/mmcm_adv_inst/CLKOUT0
                         net (fo=1, routed)           1.452    17.410    u_mmcm/inst/clk_out1_clk_wiz_0
    BUFGCTRL_X0Y2        BUFG (Prop_bufg_I_O)         0.077    17.487 r  u_mmcm/inst/clkout1_buf/O
                         net (fo=75, routed)          1.261    18.748    gate_clk
    SLICE_X71Y174        FDCE                                         r  gap_cnt_reg[5]/C
                         clock pessimism              0.336    19.084    
                         clock uncertainty           -0.102    18.982    
    SLICE_X71Y174        FDCE (Recov_fdce_C_CLR)     -0.331    18.651    gap_cnt_reg[5]
  -------------------------------------------------------------------
                         required time                         18.651    
                         arrival time                          -2.395    
  -------------------------------------------------------------------
                         slack                                 16.256    

Slack (MET) :             16.256ns  (required time - arrival time)
  Source:                 rst_sync2_50m_reg/C
                            (rising edge-triggered cell FDCE clocked by clk_out1_clk_wiz_0  {rise@0.000ns fall@10.000ns period=20.000ns})
  Destination:            gap_cnt_reg[6]/CLR
                            (recovery check against rising-edge clock clk_out1_clk_wiz_0  {rise@0.000ns fall@10.000ns period=20.000ns})
  Path Group:             **async_default**
  Path Type:              Recovery (Max at Slow Process Corner)
  Requirement:            20.000ns  (clk_out1_clk_wiz_0 rise@20.000ns - clk_out1_clk_wiz_0 rise@0.000ns)
  Data Path Delay:        3.203ns  (logic 0.484ns (15.109%)  route 2.719ns (84.891%))
  Logic Levels:           1  (LUT1=1)
  Clock Path Skew:        -0.107ns (DCD - SCD + CPR)
    Destination Clock Delay (DCD):    -1.252ns = ( 18.748 - 20.000 ) 
    Source Clock Delay      (SCD):    -0.809ns
    Clock Pessimism Removal (CPR):    0.336ns
  Clock Uncertainty:      0.102ns  ((TSJ^2 + DJ^2)^1/2) / 2 + PE
    Total System Jitter     (TSJ):    0.071ns
    Discrete Jitter          (DJ):    0.192ns
    Phase Error              (PE):    0.000ns

    Location             Delay type                Incr(ns)  Path(ns)    Netlist Resource(s)
  -------------------------------------------------------------------    -------------------
                         (clock clk_out1_clk_wiz_0 rise edge)
                                                      0.000     0.000 r  
    R4                                                0.000     0.000 r  sys_clk (IN)
                         net (fo=0)                   0.000     0.000    u_mmcm/inst/clk_in1
    R4                   IBUF (Prop_ibuf_I_O)         1.419     1.419 r  u_mmcm/inst/clkin1_ibufg/O
                         net (fo=1, routed)           1.065     2.484    u_mmcm/inst/clk_in1_clk_wiz_0
    MMCME2_ADV_X1Y2      MMCME2_ADV (Prop_mmcme2_adv_CLKIN1_CLKOUT0)
                                                     -6.273    -3.789 r  u_mmcm/inst/mmcm_adv_inst/CLKOUT0
                         net (fo=1, routed)           1.524    -2.265    u_mmcm/inst/clk_out1_clk_wiz_0
    BUFGCTRL_X0Y2        BUFG (Prop_bufg_I_O)         0.081    -2.184 r  u_mmcm/inst/clkout1_buf/O
                         net (fo=75, routed)          1.375    -0.809    gate_clk
    SLICE_X93Y173        FDCE                                         r  rst_sync2_50m_reg/C
  -------------------------------------------------------------------    -------------------
    SLICE_X93Y173        FDCE (Prop_fdce_C_Q)         0.379    -0.430 r  rst_sync2_50m_reg/Q
                         net (fo=1, routed)           0.772     0.343    u_nt39565d/rst_sync2_50m
    SLICE_X84Y173        LUT1 (Prop_lut1_I0_O)        0.105     0.448 f  u_nt39565d/FSM_sequential_state[3]_i_3/O
                         net (fo=73, routed)          1.947     2.395    u_nt39565d_n_1
    SLICE_X71Y174        FDCE                                         f  gap_cnt_reg[6]/CLR
  -------------------------------------------------------------------    -------------------

                         (clock clk_out1_clk_wiz_0 rise edge)
                                                     20.000    20.000 r  
    R4                                                0.000    20.000 r  sys_clk (IN)
                         net (fo=0)                   0.000    20.000    u_mmcm/inst/clk_in1
    R4                   IBUF (Prop_ibuf_I_O)         1.353    21.353 r  u_mmcm/inst/clkin1_ibufg/O
                         net (fo=1, routed)           1.004    22.357    u_mmcm/inst/clk_in1_clk_wiz_0
    MMCME2_ADV_X1Y2      MMCME2_ADV (Prop_mmcme2_adv_CLKIN1_CLKOUT0)
                                                     -6.399    15.957 r  u_mmcm/inst/mmcm_adv_inst/CLKOUT0
                         net (fo=1, routed)           1.452    17.410    u_mmcm/inst/clk_out1_clk_wiz_0
    BUFGCTRL_X0Y2        BUFG (Prop_bufg_I_O)         0.077    17.487 r  u_mmcm/inst/clkout1_buf/O
                         net (fo=75, routed)          1.261    18.748    gate_clk
    SLICE_X71Y174        FDCE                                         r  gap_cnt_reg[6]/C
                         clock pessimism              0.336    19.084    
                         clock uncertainty           -0.102    18.982    
    SLICE_X71Y174        FDCE (Recov_fdce_C_CLR)     -0.331    18.651    gap_cnt_reg[6]
  -------------------------------------------------------------------
                         required time                         18.651    
                         arrival time                          -2.395    
  -------------------------------------------------------------------
                         slack                                 16.256    

Slack (MET) :             16.329ns  (required time - arrival time)
  Source:                 rst_sync2_50m_reg/C
                            (rising edge-triggered cell FDCE clocked by clk_out1_clk_wiz_0  {rise@0.000ns fall@10.000ns period=20.000ns})
  Destination:            gap_cnt_reg[0]/CLR
                            (recovery check against rising-edge clock clk_out1_clk_wiz_0  {rise@0.000ns fall@10.000ns period=20.000ns})
  Path Group:             **async_default**
  Path Type:              Recovery (Max at Slow Process Corner)
  Requirement:            20.000ns  (clk_out1_clk_wiz_0 rise@20.000ns - clk_out1_clk_wiz_0 rise@0.000ns)
  Data Path Delay:        3.203ns  (logic 0.484ns (15.109%)  route 2.719ns (84.891%))
  Logic Levels:           1  (LUT1=1)
  Clock Path Skew:        -0.107ns (DCD - SCD + CPR)
    Destination Clock Delay (DCD):    -1.252ns = ( 18.748 - 20.000 ) 
    Source Clock Delay      (SCD):    -0.809ns
    Clock Pessimism Removal (CPR):    0.336ns
  Clock Uncertainty:      0.102ns  ((TSJ^2 + DJ^2)^1/2) / 2 + PE
    Total System Jitter     (TSJ):    0.071ns
    Discrete Jitter          (DJ):    0.192ns
    Phase Error              (PE):    0.000ns

    Location             Delay type                Incr(ns)  Path(ns)    Netlist Resource(s)
  -------------------------------------------------------------------    -------------------
                         (clock clk_out1_clk_wiz_0 rise edge)
                                                      0.000     0.000 r  
    R4                                                0.000     0.000 r  sys_clk (IN)
                         net (fo=0)                   0.000     0.000    u_mmcm/inst/clk_in1
    R4                   IBUF (Prop_ibuf_I_O)         1.419     1.419 r  u_mmcm/inst/clkin1_ibufg/O
                         net (fo=1, routed)           1.065     2.484    u_mmcm/inst/clk_in1_clk_wiz_0
    MMCME2_ADV_X1Y2      MMCME2_ADV (Prop_mmcme2_adv_CLKIN1_CLKOUT0)
                                                     -6.273    -3.789 r  u_mmcm/inst/mmcm_adv_inst/CLKOUT0
                         net (fo=1, routed)           1.524    -2.265    u_mmcm/inst/clk_out1_clk_wiz_0
    BUFGCTRL_X0Y2        BUFG (Prop_bufg_I_O)         0.081    -2.184 r  u_mmcm/inst/clkout1_buf/O
                         net (fo=75, routed)          1.375    -0.809    gate_clk
    SLICE_X93Y173        FDCE                                         r  rst_sync2_50m_reg/C
  -------------------------------------------------------------------    -------------------
    SLICE_X93Y173        FDCE (Prop_fdce_C_Q)         0.379    -0.430 r  rst_sync2_50m_reg/Q
                         net (fo=1, routed)           0.772     0.343    u_nt39565d/rst_sync2_50m
    SLICE_X84Y173        LUT1 (Prop_lut1_I0_O)        0.105     0.448 f  u_nt39565d/FSM_sequential_state[3]_i_3/O
                         net (fo=73, routed)          1.947     2.395    u_nt39565d_n_1
    SLICE_X70Y174        FDCE                                         f  gap_cnt_reg[0]/CLR
  -------------------------------------------------------------------    -------------------

                         (clock clk_out1_clk_wiz_0 rise edge)
                                                     20.000    20.000 r  
    R4                                                0.000    20.000 r  sys_clk (IN)
                         net (fo=0)                   0.000    20.000    u_mmcm/inst/clk_in1
    R4                   IBUF (Prop_ibuf_I_O)         1.353    21.353 r  u_mmcm/inst/clkin1_ibufg/O
                         net (fo=1, routed)           1.004    22.357    u_mmcm/inst/clk_in1_clk_wiz_0
    MMCME2_ADV_X1Y2      MMCME2_ADV (Prop_mmcme2_adv_CLKIN1_CLKOUT0)
                                                     -6.399    15.957 r  u_mmcm/inst/mmcm_adv_inst/CLKOUT0
                         net (fo=1, routed)           1.452    17.410    u_mmcm/inst/clk_out1_clk_wiz_0
    BUFGCTRL_X0Y2        BUFG (Prop_bufg_I_O)         0.077    17.487 r  u_mmcm/inst/clkout1_buf/O
                         net (fo=75, routed)          1.261    18.748    gate_clk
    SLICE_X70Y174        FDCE                                         r  gap_cnt_reg[0]/C
                         clock pessimism              0.336    19.084    
                         clock uncertainty           -0.102    18.982    
    SLICE_X70Y174        FDCE (Recov_fdce_C_CLR)     -0.258    18.724    gap_cnt_reg[0]
  -------------------------------------------------------------------
                         required time                         18.724    
                         arrival time                          -2.395    
  -------------------------------------------------------------------
                         slack                                 16.329    

Slack (MET) :             16.329ns  (required time - arrival time)
  Source:                 rst_sync2_50m_reg/C
                            (rising edge-triggered cell FDCE clocked by clk_out1_clk_wiz_0  {rise@0.000ns fall@10.000ns period=20.000ns})
  Destination:            gap_cnt_reg[3]/CLR
                            (recovery check against rising-edge clock clk_out1_clk_wiz_0  {rise@0.000ns fall@10.000ns period=20.000ns})
  Path Group:             **async_default**
  Path Type:              Recovery (Max at Slow Process Corner)
  Requirement:            20.000ns  (clk_out1_clk_wiz_0 rise@20.000ns - clk_out1_clk_wiz_0 rise@0.000ns)
  Data Path Delay:        3.203ns  (logic 0.484ns (15.109%)  route 2.719ns (84.891%))
  Logic Levels:           1  (LUT1=1)
  Clock Path Skew:        -0.107ns (DCD - SCD + CPR)
    Destination Clock Delay (DCD):    -1.252ns = ( 18.748 - 20.000 ) 
    Source Clock Delay      (SCD):    -0.809ns
    Clock Pessimism Removal (CPR):    0.336ns
  Clock Uncertainty:      0.102ns  ((TSJ^2 + DJ^2)^1/2) / 2 + PE
    Total System Jitter     (TSJ):    0.071ns
    Discrete Jitter          (DJ):    0.192ns
    Phase Error              (PE):    0.000ns

    Location             Delay type                Incr(ns)  Path(ns)    Netlist Resource(s)
  -------------------------------------------------------------------    -------------------
                         (clock clk_out1_clk_wiz_0 rise edge)
                                                      0.000     0.000 r  
    R4                                                0.000     0.000 r  sys_clk (IN)
                         net (fo=0)                   0.000     0.000    u_mmcm/inst/clk_in1
    R4                   IBUF (Prop_ibuf_I_O)         1.419     1.419 r  u_mmcm/inst/clkin1_ibufg/O
                         net (fo=1, routed)           1.065     2.484    u_mmcm/inst/clk_in1_clk_wiz_0
    MMCME2_ADV_X1Y2      MMCME2_ADV (Prop_mmcme2_adv_CLKIN1_CLKOUT0)
                                                     -6.273    -3.789 r  u_mmcm/inst/mmcm_adv_inst/CLKOUT0
                         net (fo=1, routed)           1.524    -2.265    u_mmcm/inst/clk_out1_clk_wiz_0
    BUFGCTRL_X0Y2        BUFG (Prop_bufg_I_O)         0.081    -2.184 r  u_mmcm/inst/clkout1_buf/O
                         net (fo=75, routed)          1.375    -0.809    gate_clk
    SLICE_X93Y173        FDCE                                         r  rst_sync2_50m_reg/C
  -------------------------------------------------------------------    -------------------
    SLICE_X93Y173        FDCE (Prop_fdce_C_Q)         0.379    -0.430 r  rst_sync2_50m_reg/Q
                         net (fo=1, routed)           0.772     0.343    u_nt39565d/rst_sync2_50m
    SLICE_X84Y173        LUT1 (Prop_lut1_I0_O)        0.105     0.448 f  u_nt39565d/FSM_sequential_state[3]_i_3/O
                         net (fo=73, routed)          1.947     2.395    u_nt39565d_n_1
    SLICE_X70Y174        FDCE                                         f  gap_cnt_reg[3]/CLR
  -------------------------------------------------------------------    -------------------

                         (clock clk_out1_clk_wiz_0 rise edge)
                                                     20.000    20.000 r  
    R4                                                0.000    20.000 r  sys_clk (IN)
                         net (fo=0)                   0.000    20.000    u_mmcm/inst/clk_in1
    R4                   IBUF (Prop_ibuf_I_O)         1.353    21.353 r  u_mmcm/inst/clkin1_ibufg/O
                         net (fo=1, routed)           1.004    22.357    u_mmcm/inst/clk_in1_clk_wiz_0
    MMCME2_ADV_X1Y2      MMCME2_ADV (Prop_mmcme2_adv_CLKIN1_CLKOUT0)
                                                     -6.399    15.957 r  u_mmcm/inst/mmcm_adv_inst/CLKOUT0
                         net (fo=1, routed)           1.452    17.410    u_mmcm/inst/clk_out1_clk_wiz_0
    BUFGCTRL_X0Y2        BUFG (Prop_bufg_I_O)         0.077    17.487 r  u_mmcm/inst/clkout1_buf/O
                         net (fo=75, routed)          1.261    18.748    gate_clk
    SLICE_X70Y174        FDCE                                         r  gap_cnt_reg[3]/C
                         clock pessimism              0.336    19.084    
                         clock uncertainty           -0.102    18.982    
    SLICE_X70Y174        FDCE (Recov_fdce_C_CLR)     -0.258    18.724    gap_cnt_reg[3]
  -------------------------------------------------------------------
                         required time                         18.724    
                         arrival time                          -2.395    
  -------------------------------------------------------------------
                         slack                                 16.329    





Min Delay Paths
--------------------------------------------------------------------------------------
Slack (MET) :             0.825ns  (arrival time - required time)
  Source:                 rst_sync2_50m_reg/C
                            (rising edge-triggered cell FDCE clocked by clk_out1_clk_wiz_0  {rise@0.000ns fall@10.000ns period=20.000ns})
  Destination:            u_nt39565d/shift_cnt_reg[0]/CLR
                            (removal check against rising-edge clock clk_out1_clk_wiz_0  {rise@0.000ns fall@10.000ns period=20.000ns})
  Path Group:             **async_default**
  Path Type:              Removal (Min at Fast Process Corner)
  Requirement:            0.000ns  (clk_out1_clk_wiz_0 rise@0.000ns - clk_out1_clk_wiz_0 rise@0.000ns)
  Data Path Delay:        1.020ns  (logic 0.186ns (18.231%)  route 0.834ns (81.769%))
  Logic Levels:           1  (LUT1=1)
  Clock Path Skew:        0.262ns (DCD - SCD - CPR)
    Destination Clock Delay (DCD):    -0.968ns
    Source Clock Delay      (SCD):    -0.721ns
    Clock Pessimism Removal (CPR):    -0.509ns

    Location             Delay type                Incr(ns)  Path(ns)    Netlist Resource(s)
  -------------------------------------------------------------------    -------------------
                         (clock clk_out1_clk_wiz_0 rise edge)
                                                      0.000     0.000 r  
    R4                                                0.000     0.000 r  sys_clk (IN)
                         net (fo=0)                   0.000     0.000    u_mmcm/inst/clk_in1
    R4                   IBUF (Prop_ibuf_I_O)         0.256     0.256 r  u_mmcm/inst/clkin1_ibufg/O
                         net (fo=1, routed)           0.440     0.696    u_mmcm/inst/clk_in1_clk_wiz_0
    MMCME2_ADV_X1Y2      MMCME2_ADV (Prop_mmcme2_adv_CLKIN1_CLKOUT0)
                                                     -2.540    -1.844 r  u_mmcm/inst/mmcm_adv_inst/CLKOUT0
                         net (fo=1, routed)           0.531    -1.313    u_mmcm/inst/clk_out1_clk_wiz_0
    BUFGCTRL_X0Y2        BUFG (Prop_bufg_I_O)         0.026    -1.287 r  u_mmcm/inst/clkout1_buf/O
                         net (fo=75, routed)          0.566    -0.721    gate_clk
    SLICE_X93Y173        FDCE                                         r  rst_sync2_50m_reg/C
  -------------------------------------------------------------------    -------------------
    SLICE_X93Y173        FDCE (Prop_fdce_C_Q)         0.141    -0.580 r  rst_sync2_50m_reg/Q
                         net (fo=1, routed)           0.385    -0.195    u_nt39565d/rst_sync2_50m
    SLICE_X84Y173        LUT1 (Prop_lut1_I0_O)        0.045    -0.150 f  u_nt39565d/FSM_sequential_state[3]_i_3/O
                         net (fo=73, routed)          0.449     0.299    u_nt39565d/rst_sync2_50m_reg
    SLICE_X72Y177        FDCE                                         f  u_nt39565d/shift_cnt_reg[0]/CLR
  -------------------------------------------------------------------    -------------------

                         (clock clk_out1_clk_wiz_0 rise edge)
                                                      0.000     0.000 r  
    R4                                                0.000     0.000 r  sys_clk (IN)
                         net (fo=0)                   0.000     0.000    u_mmcm/inst/clk_in1
    R4                   IBUF (Prop_ibuf_I_O)         0.444     0.444 r  u_mmcm/inst/clkin1_ibufg/O
                         net (fo=1, routed)           0.480     0.924    u_mmcm/inst/clk_in1_clk_wiz_0
    MMCME2_ADV_X1Y2      MMCME2_ADV (Prop_mmcme2_adv_CLKIN1_CLKOUT0)
                                                     -3.332    -2.409 r  u_mmcm/inst/mmcm_adv_inst/CLKOUT0
                         net (fo=1, routed)           0.579    -1.830    u_mmcm/inst/clk_out1_clk_wiz_0
    BUFGCTRL_X0Y2        BUFG (Prop_bufg_I_O)         0.029    -1.801 r  u_mmcm/inst/clkout1_buf/O
                         net (fo=75, routed)          0.833    -0.968    u_nt39565d/clk_out1
    SLICE_X72Y177        FDCE                                         r  u_nt39565d/shift_cnt_reg[0]/C
                         clock pessimism              0.509    -0.459    
    SLICE_X72Y177        FDCE (Remov_fdce_C_CLR)     -0.067    -0.526    u_nt39565d/shift_cnt_reg[0]
  -------------------------------------------------------------------
                         required time                          0.526    
                         arrival time                           0.299    
  -------------------------------------------------------------------
                         slack                                  0.825    

Slack (MET) :             0.825ns  (arrival time - required time)
  Source:                 rst_sync2_50m_reg/C
                            (rising edge-triggered cell FDCE clocked by clk_out1_clk_wiz_0  {rise@0.000ns fall@10.000ns period=20.000ns})
  Destination:            u_nt39565d/shift_cnt_reg[1]/CLR
                            (removal check against rising-edge clock clk_out1_clk_wiz_0  {rise@0.000ns fall@10.000ns period=20.000ns})
  Path Group:             **async_default**
  Path Type:              Removal (Min at Fast Process Corner)
  Requirement:            0.000ns  (clk_out1_clk_wiz_0 rise@0.000ns - clk_out1_clk_wiz_0 rise@0.000ns)
  Data Path Delay:        1.020ns  (logic 0.186ns (18.231%)  route 0.834ns (81.769%))
  Logic Levels:           1  (LUT1=1)
  Clock Path Skew:        0.262ns (DCD - SCD - CPR)
    Destination Clock Delay (DCD):    -0.968ns
    Source Clock Delay      (SCD):    -0.721ns
    Clock Pessimism Removal (CPR):    -0.509ns

    Location             Delay type                Incr(ns)  Path(ns)    Netlist Resource(s)
  -------------------------------------------------------------------    -------------------
                         (clock clk_out1_clk_wiz_0 rise edge)
                                                      0.000     0.000 r  
    R4                                                0.000     0.000 r  sys_clk (IN)
                         net (fo=0)                   0.000     0.000    u_mmcm/inst/clk_in1
    R4                   IBUF (Prop_ibuf_I_O)         0.256     0.256 r  u_mmcm/inst/clkin1_ibufg/O
                         net (fo=1, routed)           0.440     0.696    u_mmcm/inst/clk_in1_clk_wiz_0
    MMCME2_ADV_X1Y2      MMCME2_ADV (Prop_mmcme2_adv_CLKIN1_CLKOUT0)
                                                     -2.540    -1.844 r  u_mmcm/inst/mmcm_adv_inst/CLKOUT0
                         net (fo=1, routed)           0.531    -1.313    u_mmcm/inst/clk_out1_clk_wiz_0
    BUFGCTRL_X0Y2        BUFG (Prop_bufg_I_O)         0.026    -1.287 r  u_mmcm/inst/clkout1_buf/O
                         net (fo=75, routed)          0.566    -0.721    gate_clk
    SLICE_X93Y173        FDCE                                         r  rst_sync2_50m_reg/C
  -------------------------------------------------------------------    -------------------
    SLICE_X93Y173        FDCE (Prop_fdce_C_Q)         0.141    -0.580 r  rst_sync2_50m_reg/Q
                         net (fo=1, routed)           0.385    -0.195    u_nt39565d/rst_sync2_50m
    SLICE_X84Y173        LUT1 (Prop_lut1_I0_O)        0.045    -0.150 f  u_nt39565d/FSM_sequential_state[3]_i_3/O
                         net (fo=73, routed)          0.449     0.299    u_nt39565d/rst_sync2_50m_reg
    SLICE_X72Y177        FDCE                                         f  u_nt39565d/shift_cnt_reg[1]/CLR
  -------------------------------------------------------------------    -------------------

                         (clock clk_out1_clk_wiz_0 rise edge)
                                                      0.000     0.000 r  
    R4                                                0.000     0.000 r  sys_clk (IN)
                         net (fo=0)                   0.000     0.000    u_mmcm/inst/clk_in1
    R4                   IBUF (Prop_ibuf_I_O)         0.444     0.444 r  u_mmcm/inst/clkin1_ibufg/O
                         net (fo=1, routed)           0.480     0.924    u_mmcm/inst/clk_in1_clk_wiz_0
    MMCME2_ADV_X1Y2      MMCME2_ADV (Prop_mmcme2_adv_CLKIN1_CLKOUT0)
                                                     -3.332    -2.409 r  u_mmcm/inst/mmcm_adv_inst/CLKOUT0
                         net (fo=1, routed)           0.579    -1.830    u_mmcm/inst/clk_out1_clk_wiz_0
    BUFGCTRL_X0Y2        BUFG (Prop_bufg_I_O)         0.029    -1.801 r  u_mmcm/inst/clkout1_buf/O
                         net (fo=75, routed)          0.833    -0.968    u_nt39565d/clk_out1
    SLICE_X72Y177        FDCE                                         r  u_nt39565d/shift_cnt_reg[1]/C
                         clock pessimism              0.509    -0.459    
    SLICE_X72Y177        FDCE (Remov_fdce_C_CLR)     -0.067    -0.526    u_nt39565d/shift_cnt_reg[1]
  -------------------------------------------------------------------
                         required time                          0.526    
                         arrival time                           0.299    
  -------------------------------------------------------------------
                         slack                                  0.825    

Slack (MET) :             0.825ns  (arrival time - required time)
  Source:                 rst_sync2_50m_reg/C
                            (rising edge-triggered cell FDCE clocked by clk_out1_clk_wiz_0  {rise@0.000ns fall@10.000ns period=20.000ns})
  Destination:            u_nt39565d/shift_cnt_reg[2]/CLR
                            (removal check against rising-edge clock clk_out1_clk_wiz_0  {rise@0.000ns fall@10.000ns period=20.000ns})
  Path Group:             **async_default**
  Path Type:              Removal (Min at Fast Process Corner)
  Requirement:            0.000ns  (clk_out1_clk_wiz_0 rise@0.000ns - clk_out1_clk_wiz_0 rise@0.000ns)
  Data Path Delay:        1.020ns  (logic 0.186ns (18.231%)  route 0.834ns (81.769%))
  Logic Levels:           1  (LUT1=1)
  Clock Path Skew:        0.262ns (DCD - SCD - CPR)
    Destination Clock Delay (DCD):    -0.968ns
    Source Clock Delay      (SCD):    -0.721ns
    Clock Pessimism Removal (CPR):    -0.509ns

    Location             Delay type                Incr(ns)  Path(ns)    Netlist Resource(s)
  -------------------------------------------------------------------    -------------------
                         (clock clk_out1_clk_wiz_0 rise edge)
                                                      0.000     0.000 r  
    R4                                                0.000     0.000 r  sys_clk (IN)
                         net (fo=0)                   0.000     0.000    u_mmcm/inst/clk_in1
    R4                   IBUF (Prop_ibuf_I_O)         0.256     0.256 r  u_mmcm/inst/clkin1_ibufg/O
                         net (fo=1, routed)           0.440     0.696    u_mmcm/inst/clk_in1_clk_wiz_0
    MMCME2_ADV_X1Y2      MMCME2_ADV (Prop_mmcme2_adv_CLKIN1_CLKOUT0)
                                                     -2.540    -1.844 r  u_mmcm/inst/mmcm_adv_inst/CLKOUT0
                         net (fo=1, routed)           0.531    -1.313    u_mmcm/inst/clk_out1_clk_wiz_0
    BUFGCTRL_X0Y2        BUFG (Prop_bufg_I_O)         0.026    -1.287 r  u_mmcm/inst/clkout1_buf/O
                         net (fo=75, routed)          0.566    -0.721    gate_clk
    SLICE_X93Y173        FDCE                                         r  rst_sync2_50m_reg/C
  -------------------------------------------------------------------    -------------------
    SLICE_X93Y173        FDCE (Prop_fdce_C_Q)         0.141    -0.580 r  rst_sync2_50m_reg/Q
                         net (fo=1, routed)           0.385    -0.195    u_nt39565d/rst_sync2_50m
    SLICE_X84Y173        LUT1 (Prop_lut1_I0_O)        0.045    -0.150 f  u_nt39565d/FSM_sequential_state[3]_i_3/O
                         net (fo=73, routed)          0.449     0.299    u_nt39565d/rst_sync2_50m_reg
    SLICE_X72Y177        FDCE                                         f  u_nt39565d/shift_cnt_reg[2]/CLR
  -------------------------------------------------------------------    -------------------

                         (clock clk_out1_clk_wiz_0 rise edge)
                                                      0.000     0.000 r  
    R4                                                0.000     0.000 r  sys_clk (IN)
                         net (fo=0)                   0.000     0.000    u_mmcm/inst/clk_in1
    R4                   IBUF (Prop_ibuf_I_O)         0.444     0.444 r  u_mmcm/inst/clkin1_ibufg/O
                         net (fo=1, routed)           0.480     0.924    u_mmcm/inst/clk_in1_clk_wiz_0
    MMCME2_ADV_X1Y2      MMCME2_ADV (Prop_mmcme2_adv_CLKIN1_CLKOUT0)
                                                     -3.332    -2.409 r  u_mmcm/inst/mmcm_adv_inst/CLKOUT0
                         net (fo=1, routed)           0.579    -1.830    u_mmcm/inst/clk_out1_clk_wiz_0
    BUFGCTRL_X0Y2        BUFG (Prop_bufg_I_O)         0.029    -1.801 r  u_mmcm/inst/clkout1_buf/O
                         net (fo=75, routed)          0.833    -0.968    u_nt39565d/clk_out1
    SLICE_X72Y177        FDCE                                         r  u_nt39565d/shift_cnt_reg[2]/C
                         clock pessimism              0.509    -0.459    
    SLICE_X72Y177        FDCE (Remov_fdce_C_CLR)     -0.067    -0.526    u_nt39565d/shift_cnt_reg[2]
  -------------------------------------------------------------------
                         required time                          0.526    
                         arrival time                           0.299    
  -------------------------------------------------------------------
                         slack                                  0.825    

Slack (MET) :             0.825ns  (arrival time - required time)
  Source:                 rst_sync2_50m_reg/C
                            (rising edge-triggered cell FDCE clocked by clk_out1_clk_wiz_0  {rise@0.000ns fall@10.000ns period=20.000ns})
  Destination:            u_nt39565d/shift_cnt_reg[3]/CLR
                            (removal check against rising-edge clock clk_out1_clk_wiz_0  {rise@0.000ns fall@10.000ns period=20.000ns})
  Path Group:             **async_default**
  Path Type:              Removal (Min at Fast Process Corner)
  Requirement:            0.000ns  (clk_out1_clk_wiz_0 rise@0.000ns - clk_out1_clk_wiz_0 rise@0.000ns)
  Data Path Delay:        1.020ns  (logic 0.186ns (18.231%)  route 0.834ns (81.769%))
  Logic Levels:           1  (LUT1=1)
  Clock Path Skew:        0.262ns (DCD - SCD - CPR)
    Destination Clock Delay (DCD):    -0.968ns
    Source Clock Delay      (SCD):    -0.721ns
    Clock Pessimism Removal (CPR):    -0.509ns

    Location             Delay type                Incr(ns)  Path(ns)    Netlist Resource(s)
  -------------------------------------------------------------------    -------------------
                         (clock clk_out1_clk_wiz_0 rise edge)
                                                      0.000     0.000 r  
    R4                                                0.000     0.000 r  sys_clk (IN)
                         net (fo=0)                   0.000     0.000    u_mmcm/inst/clk_in1
    R4                   IBUF (Prop_ibuf_I_O)         0.256     0.256 r  u_mmcm/inst/clkin1_ibufg/O
                         net (fo=1, routed)           0.440     0.696    u_mmcm/inst/clk_in1_clk_wiz_0
    MMCME2_ADV_X1Y2      MMCME2_ADV (Prop_mmcme2_adv_CLKIN1_CLKOUT0)
                                                     -2.540    -1.844 r  u_mmcm/inst/mmcm_adv_inst/CLKOUT0
                         net (fo=1, routed)           0.531    -1.313    u_mmcm/inst/clk_out1_clk_wiz_0
    BUFGCTRL_X0Y2        BUFG (Prop_bufg_I_O)         0.026    -1.287 r  u_mmcm/inst/clkout1_buf/O
                         net (fo=75, routed)          0.566    -0.721    gate_clk
    SLICE_X93Y173        FDCE                                         r  rst_sync2_50m_reg/C
  -------------------------------------------------------------------    -------------------
    SLICE_X93Y173        FDCE (Prop_fdce_C_Q)         0.141    -0.580 r  rst_sync2_50m_reg/Q
                         net (fo=1, routed)           0.385    -0.195    u_nt39565d/rst_sync2_50m
    SLICE_X84Y173        LUT1 (Prop_lut1_I0_O)        0.045    -0.150 f  u_nt39565d/FSM_sequential_state[3]_i_3/O
                         net (fo=73, routed)          0.449     0.299    u_nt39565d/rst_sync2_50m_reg
    SLICE_X72Y177        FDCE                                         f  u_nt39565d/shift_cnt_reg[3]/CLR
  -------------------------------------------------------------------    -------------------

                         (clock clk_out1_clk_wiz_0 rise edge)
                                                      0.000     0.000 r  
    R4                                                0.000     0.000 r  sys_clk (IN)
                         net (fo=0)                   0.000     0.000    u_mmcm/inst/clk_in1
    R4                   IBUF (Prop_ibuf_I_O)         0.444     0.444 r  u_mmcm/inst/clkin1_ibufg/O
                         net (fo=1, routed)           0.480     0.924    u_mmcm/inst/clk_in1_clk_wiz_0
    MMCME2_ADV_X1Y2      MMCME2_ADV (Prop_mmcme2_adv_CLKIN1_CLKOUT0)
                                                     -3.332    -2.409 r  u_mmcm/inst/mmcm_adv_inst/CLKOUT0
                         net (fo=1, routed)           0.579    -1.830    u_mmcm/inst/clk_out1_clk_wiz_0
    BUFGCTRL_X0Y2        BUFG (Prop_bufg_I_O)         0.029    -1.801 r  u_mmcm/inst/clkout1_buf/O
                         net (fo=75, routed)          0.833    -0.968    u_nt39565d/clk_out1
    SLICE_X72Y177        FDCE                                         r  u_nt39565d/shift_cnt_reg[3]/C
                         clock pessimism              0.509    -0.459    
    SLICE_X72Y177        FDCE (Remov_fdce_C_CLR)     -0.067    -0.526    u_nt39565d/shift_cnt_reg[3]
  -------------------------------------------------------------------
                         required time                          0.526    
                         arrival time                           0.299    
  -------------------------------------------------------------------
                         slack                                  0.825    

Slack (MET) :             0.825ns  (arrival time - required time)
  Source:                 rst_sync2_50m_reg/C
                            (rising edge-triggered cell FDCE clocked by clk_out1_clk_wiz_0  {rise@0.000ns fall@10.000ns period=20.000ns})
  Destination:            u_nt39565d/shift_cnt_reg[4]/CLR
                            (removal check against rising-edge clock clk_out1_clk_wiz_0  {rise@0.000ns fall@10.000ns period=20.000ns})
  Path Group:             **async_default**
  Path Type:              Removal (Min at Fast Process Corner)
  Requirement:            0.000ns  (clk_out1_clk_wiz_0 rise@0.000ns - clk_out1_clk_wiz_0 rise@0.000ns)
  Data Path Delay:        1.020ns  (logic 0.186ns (18.231%)  route 0.834ns (81.769%))
  Logic Levels:           1  (LUT1=1)
  Clock Path Skew:        0.262ns (DCD - SCD - CPR)
    Destination Clock Delay (DCD):    -0.968ns
    Source Clock Delay      (SCD):    -0.721ns
    Clock Pessimism Removal (CPR):    -0.509ns

    Location             Delay type                Incr(ns)  Path(ns)    Netlist Resource(s)
  -------------------------------------------------------------------    -------------------
                         (clock clk_out1_clk_wiz_0 rise edge)
                                                      0.000     0.000 r  
    R4                                                0.000     0.000 r  sys_clk (IN)
                         net (fo=0)                   0.000     0.000    u_mmcm/inst/clk_in1
    R4                   IBUF (Prop_ibuf_I_O)         0.256     0.256 r  u_mmcm/inst/clkin1_ibufg/O
                         net (fo=1, routed)           0.440     0.696    u_mmcm/inst/clk_in1_clk_wiz_0
    MMCME2_ADV_X1Y2      MMCME2_ADV (Prop_mmcme2_adv_CLKIN1_CLKOUT0)
                                                     -2.540    -1.844 r  u_mmcm/inst/mmcm_adv_inst/CLKOUT0
                         net (fo=1, routed)           0.531    -1.313    u_mmcm/inst/clk_out1_clk_wiz_0
    BUFGCTRL_X0Y2        BUFG (Prop_bufg_I_O)         0.026    -1.287 r  u_mmcm/inst/clkout1_buf/O
                         net (fo=75, routed)          0.566    -0.721    gate_clk
    SLICE_X93Y173        FDCE                                         r  rst_sync2_50m_reg/C
  -------------------------------------------------------------------    -------------------
    SLICE_X93Y173        FDCE (Prop_fdce_C_Q)         0.141    -0.580 r  rst_sync2_50m_reg/Q
                         net (fo=1, routed)           0.385    -0.195    u_nt39565d/rst_sync2_50m
    SLICE_X84Y173        LUT1 (Prop_lut1_I0_O)        0.045    -0.150 f  u_nt39565d/FSM_sequential_state[3]_i_3/O
                         net (fo=73, routed)          0.449     0.299    u_nt39565d/rst_sync2_50m_reg
    SLICE_X72Y177        FDCE                                         f  u_nt39565d/shift_cnt_reg[4]/CLR
  -------------------------------------------------------------------    -------------------

                         (clock clk_out1_clk_wiz_0 rise edge)
                                                      0.000     0.000 r  
    R4                                                0.000     0.000 r  sys_clk (IN)
                         net (fo=0)                   0.000     0.000    u_mmcm/inst/clk_in1
    R4                   IBUF (Prop_ibuf_I_O)         0.444     0.444 r  u_mmcm/inst/clkin1_ibufg/O
                         net (fo=1, routed)           0.480     0.924    u_mmcm/inst/clk_in1_clk_wiz_0
    MMCME2_ADV_X1Y2      MMCME2_ADV (Prop_mmcme2_adv_CLKIN1_CLKOUT0)
                                                     -3.332    -2.409 r  u_mmcm/inst/mmcm_adv_inst/CLKOUT0
                         net (fo=1, routed)           0.579    -1.830    u_mmcm/inst/clk_out1_clk_wiz_0
    BUFGCTRL_X0Y2        BUFG (Prop_bufg_I_O)         0.029    -1.801 r  u_mmcm/inst/clkout1_buf/O
                         net (fo=75, routed)          0.833    -0.968    u_nt39565d/clk_out1
    SLICE_X72Y177        FDCE                                         r  u_nt39565d/shift_cnt_reg[4]/C
                         clock pessimism              0.509    -0.459    
    SLICE_X72Y177        FDCE (Remov_fdce_C_CLR)     -0.067    -0.526    u_nt39565d/shift_cnt_reg[4]
  -------------------------------------------------------------------
                         required time                          0.526    
                         arrival time                           0.299    
  -------------------------------------------------------------------
                         slack                                  0.825    

Slack (MET) :             0.825ns  (arrival time - required time)
  Source:                 rst_sync2_50m_reg/C
                            (rising edge-triggered cell FDCE clocked by clk_out1_clk_wiz_0  {rise@0.000ns fall@10.000ns period=20.000ns})
  Destination:            u_nt39565d/shift_cnt_reg[5]/CLR
                            (removal check against rising-edge clock clk_out1_clk_wiz_0  {rise@0.000ns fall@10.000ns period=20.000ns})
  Path Group:             **async_default**
  Path Type:              Removal (Min at Fast Process Corner)
  Requirement:            0.000ns  (clk_out1_clk_wiz_0 rise@0.000ns - clk_out1_clk_wiz_0 rise@0.000ns)
  Data Path Delay:        1.020ns  (logic 0.186ns (18.231%)  route 0.834ns (81.769%))
  Logic Levels:           1  (LUT1=1)
  Clock Path Skew:        0.262ns (DCD - SCD - CPR)
    Destination Clock Delay (DCD):    -0.968ns
    Source Clock Delay      (SCD):    -0.721ns
    Clock Pessimism Removal (CPR):    -0.509ns

    Location             Delay type                Incr(ns)  Path(ns)    Netlist Resource(s)
  -------------------------------------------------------------------    -------------------
                         (clock clk_out1_clk_wiz_0 rise edge)
                                                      0.000     0.000 r  
    R4                                                0.000     0.000 r  sys_clk (IN)
                         net (fo=0)                   0.000     0.000    u_mmcm/inst/clk_in1
    R4                   IBUF (Prop_ibuf_I_O)         0.256     0.256 r  u_mmcm/inst/clkin1_ibufg/O
                         net (fo=1, routed)           0.440     0.696    u_mmcm/inst/clk_in1_clk_wiz_0
    MMCME2_ADV_X1Y2      MMCME2_ADV (Prop_mmcme2_adv_CLKIN1_CLKOUT0)
                                                     -2.540    -1.844 r  u_mmcm/inst/mmcm_adv_inst/CLKOUT0
                         net (fo=1, routed)           0.531    -1.313    u_mmcm/inst/clk_out1_clk_wiz_0
    BUFGCTRL_X0Y2        BUFG (Prop_bufg_I_O)         0.026    -1.287 r  u_mmcm/inst/clkout1_buf/O
                         net (fo=75, routed)          0.566    -0.721    gate_clk
    SLICE_X93Y173        FDCE                                         r  rst_sync2_50m_reg/C
  -------------------------------------------------------------------    -------------------
    SLICE_X93Y173        FDCE (Prop_fdce_C_Q)         0.141    -0.580 r  rst_sync2_50m_reg/Q
                         net (fo=1, routed)           0.385    -0.195    u_nt39565d/rst_sync2_50m
    SLICE_X84Y173        LUT1 (Prop_lut1_I0_O)        0.045    -0.150 f  u_nt39565d/FSM_sequential_state[3]_i_3/O
                         net (fo=73, routed)          0.449     0.299    u_nt39565d/rst_sync2_50m_reg
    SLICE_X72Y177        FDCE                                         f  u_nt39565d/shift_cnt_reg[5]/CLR
  -------------------------------------------------------------------    -------------------

                         (clock clk_out1_clk_wiz_0 rise edge)
                                                      0.000     0.000 r  
    R4                                                0.000     0.000 r  sys_clk (IN)
                         net (fo=0)                   0.000     0.000    u_mmcm/inst/clk_in1
    R4                   IBUF (Prop_ibuf_I_O)         0.444     0.444 r  u_mmcm/inst/clkin1_ibufg/O
                         net (fo=1, routed)           0.480     0.924    u_mmcm/inst/clk_in1_clk_wiz_0
    MMCME2_ADV_X1Y2      MMCME2_ADV (Prop_mmcme2_adv_CLKIN1_CLKOUT0)
                                                     -3.332    -2.409 r  u_mmcm/inst/mmcm_adv_inst/CLKOUT0
                         net (fo=1, routed)           0.579    -1.830    u_mmcm/inst/clk_out1_clk_wiz_0
    BUFGCTRL_X0Y2        BUFG (Prop_bufg_I_O)         0.029    -1.801 r  u_mmcm/inst/clkout1_buf/O
                         net (fo=75, routed)          0.833    -0.968    u_nt39565d/clk_out1
    SLICE_X72Y177        FDCE                                         r  u_nt39565d/shift_cnt_reg[5]/C
                         clock pessimism              0.509    -0.459    
    SLICE_X72Y177        FDCE (Remov_fdce_C_CLR)     -0.067    -0.526    u_nt39565d/shift_cnt_reg[5]
  -------------------------------------------------------------------
                         required time                          0.526    
                         arrival time                           0.299    
  -------------------------------------------------------------------
                         slack                                  0.825    

Slack (MET) :             0.825ns  (arrival time - required time)
  Source:                 rst_sync2_50m_reg/C
                            (rising edge-triggered cell FDCE clocked by clk_out1_clk_wiz_0  {rise@0.000ns fall@10.000ns period=20.000ns})
  Destination:            u_nt39565d/shift_cnt_reg[6]/CLR
                            (removal check against rising-edge clock clk_out1_clk_wiz_0  {rise@0.000ns fall@10.000ns period=20.000ns})
  Path Group:             **async_default**
  Path Type:              Removal (Min at Fast Process Corner)
  Requirement:            0.000ns  (clk_out1_clk_wiz_0 rise@0.000ns - clk_out1_clk_wiz_0 rise@0.000ns)
  Data Path Delay:        1.020ns  (logic 0.186ns (18.231%)  route 0.834ns (81.769%))
  Logic Levels:           1  (LUT1=1)
  Clock Path Skew:        0.262ns (DCD - SCD - CPR)
    Destination Clock Delay (DCD):    -0.968ns
    Source Clock Delay      (SCD):    -0.721ns
    Clock Pessimism Removal (CPR):    -0.509ns

    Location             Delay type                Incr(ns)  Path(ns)    Netlist Resource(s)
  -------------------------------------------------------------------    -------------------
                         (clock clk_out1_clk_wiz_0 rise edge)
                                                      0.000     0.000 r  
    R4                                                0.000     0.000 r  sys_clk (IN)
                         net (fo=0)                   0.000     0.000    u_mmcm/inst/clk_in1
    R4                   IBUF (Prop_ibuf_I_O)         0.256     0.256 r  u_mmcm/inst/clkin1_ibufg/O
                         net (fo=1, routed)           0.440     0.696    u_mmcm/inst/clk_in1_clk_wiz_0
    MMCME2_ADV_X1Y2      MMCME2_ADV (Prop_mmcme2_adv_CLKIN1_CLKOUT0)
                                                     -2.540    -1.844 r  u_mmcm/inst/mmcm_adv_inst/CLKOUT0
                         net (fo=1, routed)           0.531    -1.313    u_mmcm/inst/clk_out1_clk_wiz_0
    BUFGCTRL_X0Y2        BUFG (Prop_bufg_I_O)         0.026    -1.287 r  u_mmcm/inst/clkout1_buf/O
                         net (fo=75, routed)          0.566    -0.721    gate_clk
    SLICE_X93Y173        FDCE                                         r  rst_sync2_50m_reg/C
  -------------------------------------------------------------------    -------------------
    SLICE_X93Y173        FDCE (Prop_fdce_C_Q)         0.141    -0.580 r  rst_sync2_50m_reg/Q
                         net (fo=1, routed)           0.385    -0.195    u_nt39565d/rst_sync2_50m
    SLICE_X84Y173        LUT1 (Prop_lut1_I0_O)        0.045    -0.150 f  u_nt39565d/FSM_sequential_state[3]_i_3/O
                         net (fo=73, routed)          0.449     0.299    u_nt39565d/rst_sync2_50m_reg
    SLICE_X72Y177        FDCE                                         f  u_nt39565d/shift_cnt_reg[6]/CLR
  -------------------------------------------------------------------    -------------------

                         (clock clk_out1_clk_wiz_0 rise edge)
                                                      0.000     0.000 r  
    R4                                                0.000     0.000 r  sys_clk (IN)
                         net (fo=0)                   0.000     0.000    u_mmcm/inst/clk_in1
    R4                   IBUF (Prop_ibuf_I_O)         0.444     0.444 r  u_mmcm/inst/clkin1_ibufg/O
                         net (fo=1, routed)           0.480     0.924    u_mmcm/inst/clk_in1_clk_wiz_0
    MMCME2_ADV_X1Y2      MMCME2_ADV (Prop_mmcme2_adv_CLKIN1_CLKOUT0)
                                                     -3.332    -2.409 r  u_mmcm/inst/mmcm_adv_inst/CLKOUT0
                         net (fo=1, routed)           0.579    -1.830    u_mmcm/inst/clk_out1_clk_wiz_0
    BUFGCTRL_X0Y2        BUFG (Prop_bufg_I_O)         0.029    -1.801 r  u_mmcm/inst/clkout1_buf/O
                         net (fo=75, routed)          0.833    -0.968    u_nt39565d/clk_out1
    SLICE_X72Y177        FDCE                                         r  u_nt39565d/shift_cnt_reg[6]/C
                         clock pessimism              0.509    -0.459    
    SLICE_X72Y177        FDCE (Remov_fdce_C_CLR)     -0.067    -0.526    u_nt39565d/shift_cnt_reg[6]
  -------------------------------------------------------------------
                         required time                          0.526    
                         arrival time                           0.299    
  -------------------------------------------------------------------
                         slack                                  0.825    

Slack (MET) :             0.825ns  (arrival time - required time)
  Source:                 rst_sync2_50m_reg/C
                            (rising edge-triggered cell FDCE clocked by clk_out1_clk_wiz_0  {rise@0.000ns fall@10.000ns period=20.000ns})
  Destination:            u_nt39565d/shift_cnt_reg[7]/CLR
                            (removal check against rising-edge clock clk_out1_clk_wiz_0  {rise@0.000ns fall@10.000ns period=20.000ns})
  Path Group:             **async_default**
  Path Type:              Removal (Min at Fast Process Corner)
  Requirement:            0.000ns  (clk_out1_clk_wiz_0 rise@0.000ns - clk_out1_clk_wiz_0 rise@0.000ns)
  Data Path Delay:        1.020ns  (logic 0.186ns (18.231%)  route 0.834ns (81.769%))
  Logic Levels:           1  (LUT1=1)
  Clock Path Skew:        0.262ns (DCD - SCD - CPR)
    Destination Clock Delay (DCD):    -0.968ns
    Source Clock Delay      (SCD):    -0.721ns
    Clock Pessimism Removal (CPR):    -0.509ns

    Location             Delay type                Incr(ns)  Path(ns)    Netlist Resource(s)
  -------------------------------------------------------------------    -------------------
                         (clock clk_out1_clk_wiz_0 rise edge)
                                                      0.000     0.000 r  
    R4                                                0.000     0.000 r  sys_clk (IN)
                         net (fo=0)                   0.000     0.000    u_mmcm/inst/clk_in1
    R4                   IBUF (Prop_ibuf_I_O)         0.256     0.256 r  u_mmcm/inst/clkin1_ibufg/O
                         net (fo=1, routed)           0.440     0.696    u_mmcm/inst/clk_in1_clk_wiz_0
    MMCME2_ADV_X1Y2      MMCME2_ADV (Prop_mmcme2_adv_CLKIN1_CLKOUT0)
                                                     -2.540    -1.844 r  u_mmcm/inst/mmcm_adv_inst/CLKOUT0
                         net (fo=1, routed)           0.531    -1.313    u_mmcm/inst/clk_out1_clk_wiz_0
    BUFGCTRL_X0Y2        BUFG (Prop_bufg_I_O)         0.026    -1.287 r  u_mmcm/inst/clkout1_buf/O
                         net (fo=75, routed)          0.566    -0.721    gate_clk
    SLICE_X93Y173        FDCE                                         r  rst_sync2_50m_reg/C
  -------------------------------------------------------------------    -------------------
    SLICE_X93Y173        FDCE (Prop_fdce_C_Q)         0.141    -0.580 r  rst_sync2_50m_reg/Q
                         net (fo=1, routed)           0.385    -0.195    u_nt39565d/rst_sync2_50m
    SLICE_X84Y173        LUT1 (Prop_lut1_I0_O)        0.045    -0.150 f  u_nt39565d/FSM_sequential_state[3]_i_3/O
                         net (fo=73, routed)          0.449     0.299    u_nt39565d/rst_sync2_50m_reg
    SLICE_X72Y177        FDCE                                         f  u_nt39565d/shift_cnt_reg[7]/CLR
  -------------------------------------------------------------------    -------------------

                         (clock clk_out1_clk_wiz_0 rise edge)
                                                      0.000     0.000 r  
    R4                                                0.000     0.000 r  sys_clk (IN)
                         net (fo=0)                   0.000     0.000    u_mmcm/inst/clk_in1
    R4                   IBUF (Prop_ibuf_I_O)         0.444     0.444 r  u_mmcm/inst/clkin1_ibufg/O
                         net (fo=1, routed)           0.480     0.924    u_mmcm/inst/clk_in1_clk_wiz_0
    MMCME2_ADV_X1Y2      MMCME2_ADV (Prop_mmcme2_adv_CLKIN1_CLKOUT0)
                                                     -3.332    -2.409 r  u_mmcm/inst/mmcm_adv_inst/CLKOUT0
                         net (fo=1, routed)           0.579    -1.830    u_mmcm/inst/clk_out1_clk_wiz_0
    BUFGCTRL_X0Y2        BUFG (Prop_bufg_I_O)         0.029    -1.801 r  u_mmcm/inst/clkout1_buf/O
                         net (fo=75, routed)          0.833    -0.968    u_nt39565d/clk_out1
    SLICE_X72Y177        FDCE                                         r  u_nt39565d/shift_cnt_reg[7]/C
                         clock pessimism              0.509    -0.459    
    SLICE_X72Y177        FDCE (Remov_fdce_C_CLR)     -0.067    -0.526    u_nt39565d/shift_cnt_reg[7]
  -------------------------------------------------------------------
                         required time                          0.526    
                         arrival time                           0.299    
  -------------------------------------------------------------------
                         slack                                  0.825    

Slack (MET) :             0.950ns  (arrival time - required time)
  Source:                 rst_sync2_50m_reg/C
                            (rising edge-triggered cell FDCE clocked by clk_out1_clk_wiz_0  {rise@0.000ns fall@10.000ns period=20.000ns})
  Destination:            u_nt39565d/FSM_sequential_state_reg[3]/CLR
                            (removal check against rising-edge clock clk_out1_clk_wiz_0  {rise@0.000ns fall@10.000ns period=20.000ns})
  Path Group:             **async_default**
  Path Type:              Removal (Min at Fast Process Corner)
  Requirement:            0.000ns  (clk_out1_clk_wiz_0 rise@0.000ns - clk_out1_clk_wiz_0 rise@0.000ns)
  Data Path Delay:        1.145ns  (logic 0.186ns (16.239%)  route 0.959ns (83.761%))
  Logic Levels:           1  (LUT1=1)
  Clock Path Skew:        0.263ns (DCD - SCD - CPR)
    Destination Clock Delay (DCD):    -0.967ns
    Source Clock Delay      (SCD):    -0.721ns
    Clock Pessimism Removal (CPR):    -0.509ns

    Location             Delay type                Incr(ns)  Path(ns)    Netlist Resource(s)
  -------------------------------------------------------------------    -------------------
                         (clock clk_out1_clk_wiz_0 rise edge)
                                                      0.000     0.000 r  
    R4                                                0.000     0.000 r  sys_clk (IN)
                         net (fo=0)                   0.000     0.000    u_mmcm/inst/clk_in1
    R4                   IBUF (Prop_ibuf_I_O)         0.256     0.256 r  u_mmcm/inst/clkin1_ibufg/O
                         net (fo=1, routed)           0.440     0.696    u_mmcm/inst/clk_in1_clk_wiz_0
    MMCME2_ADV_X1Y2      MMCME2_ADV (Prop_mmcme2_adv_CLKIN1_CLKOUT0)
                                                     -2.540    -1.844 r  u_mmcm/inst/mmcm_adv_inst/CLKOUT0
                         net (fo=1, routed)           0.531    -1.313    u_mmcm/inst/clk_out1_clk_wiz_0
    BUFGCTRL_X0Y2        BUFG (Prop_bufg_I_O)         0.026    -1.287 r  u_mmcm/inst/clkout1_buf/O
                         net (fo=75, routed)          0.566    -0.721    gate_clk
    SLICE_X93Y173        FDCE                                         r  rst_sync2_50m_reg/C
  -------------------------------------------------------------------    -------------------
    SLICE_X93Y173        FDCE (Prop_fdce_C_Q)         0.141    -0.580 r  rst_sync2_50m_reg/Q
                         net (fo=1, routed)           0.385    -0.195    u_nt39565d/rst_sync2_50m
    SLICE_X84Y173        LUT1 (Prop_lut1_I0_O)        0.045    -0.150 f  u_nt39565d/FSM_sequential_state[3]_i_3/O
                         net (fo=73, routed)          0.574     0.424    u_nt39565d/rst_sync2_50m_reg
    SLICE_X68Y177        FDCE                                         f  u_nt39565d/FSM_sequential_state_reg[3]/CLR
  -------------------------------------------------------------------    -------------------

                         (clock clk_out1_clk_wiz_0 rise edge)
                                                      0.000     0.000 r  
    R4                                                0.000     0.000 r  sys_clk (IN)
                         net (fo=0)                   0.000     0.000    u_mmcm/inst/clk_in1
    R4                   IBUF (Prop_ibuf_I_O)         0.444     0.444 r  u_mmcm/inst/clkin1_ibufg/O
                         net (fo=1, routed)           0.480     0.924    u_mmcm/inst/clk_in1_clk_wiz_0
    MMCME2_ADV_X1Y2      MMCME2_ADV (Prop_mmcme2_adv_CLKIN1_CLKOUT0)
                                                     -3.332    -2.409 r  u_mmcm/inst/mmcm_adv_inst/CLKOUT0
                         net (fo=1, routed)           0.579    -1.830    u_mmcm/inst/clk_out1_clk_wiz_0
    BUFGCTRL_X0Y2        BUFG (Prop_bufg_I_O)         0.029    -1.801 r  u_mmcm/inst/clkout1_buf/O
                         net (fo=75, routed)          0.833    -0.967    u_nt39565d/clk_out1
    SLICE_X68Y177        FDCE                                         r  u_nt39565d/FSM_sequential_state_reg[3]/C
                         clock pessimism              0.509    -0.458    
    SLICE_X68Y177        FDCE (Remov_fdce_C_CLR)     -0.067    -0.525    u_nt39565d/FSM_sequential_state_reg[3]
  -------------------------------------------------------------------
                         required time                          0.525    
                         arrival time                           0.424    
  -------------------------------------------------------------------
                         slack                                  0.950    

Slack (MET) :             0.975ns  (arrival time - required time)
  Source:                 rst_sync2_50m_reg/C
                            (rising edge-triggered cell FDCE clocked by clk_out1_clk_wiz_0  {rise@0.000ns fall@10.000ns period=20.000ns})
  Destination:            u_nt39565d/FSM_sequential_state_reg[0]/CLR
                            (removal check against rising-edge clock clk_out1_clk_wiz_0  {rise@0.000ns fall@10.000ns period=20.000ns})
  Path Group:             **async_default**
  Path Type:              Removal (Min at Fast Process Corner)
  Requirement:            0.000ns  (clk_out1_clk_wiz_0 rise@0.000ns - clk_out1_clk_wiz_0 rise@0.000ns)
  Data Path Delay:        1.145ns  (logic 0.186ns (16.239%)  route 0.959ns (83.761%))
  Logic Levels:           1  (LUT1=1)
  Clock Path Skew:        0.263ns (DCD - SCD - CPR)
    Destination Clock Delay (DCD):    -0.967ns
    Source Clock Delay      (SCD):    -0.721ns
    Clock Pessimism Removal (CPR):    -0.509ns

    Location             Delay type                Incr(ns)  Path(ns)    Netlist Resource(s)
  -------------------------------------------------------------------    -------------------
                         (clock clk_out1_clk_wiz_0 rise edge)
                                                      0.000     0.000 r  
    R4                                                0.000     0.000 r  sys_clk (IN)
                         net (fo=0)                   0.000     0.000    u_mmcm/inst/clk_in1
    R4                   IBUF (Prop_ibuf_I_O)         0.256     0.256 r  u_mmcm/inst/clkin1_ibufg/O
                         net (fo=1, routed)           0.440     0.696    u_mmcm/inst/clk_in1_clk_wiz_0
    MMCME2_ADV_X1Y2      MMCME2_ADV (Prop_mmcme2_adv_CLKIN1_CLKOUT0)
                                                     -2.540    -1.844 r  u_mmcm/inst/mmcm_adv_inst/CLKOUT0
                         net (fo=1, routed)           0.531    -1.313    u_mmcm/inst/clk_out1_clk_wiz_0
    BUFGCTRL_X0Y2        BUFG (Prop_bufg_I_O)         0.026    -1.287 r  u_mmcm/inst/clkout1_buf/O
                         net (fo=75, routed)          0.566    -0.721    gate_clk
    SLICE_X93Y173        FDCE                                         r  rst_sync2_50m_reg/C
  -------------------------------------------------------------------    -------------------
    SLICE_X93Y173        FDCE (Prop_fdce_C_Q)         0.141    -0.580 r  rst_sync2_50m_reg/Q
                         net (fo=1, routed)           0.385    -0.195    u_nt39565d/rst_sync2_50m
    SLICE_X84Y173        LUT1 (Prop_lut1_I0_O)        0.045    -0.150 f  u_nt39565d/FSM_sequential_state[3]_i_3/O
                         net (fo=73, routed)          0.574     0.424    u_nt39565d/rst_sync2_50m_reg
    SLICE_X69Y177        FDCE                                         f  u_nt39565d/FSM_sequential_state_reg[0]/CLR
  -------------------------------------------------------------------    -------------------

                         (clock clk_out1_clk_wiz_0 rise edge)
                                                      0.000     0.000 r  
    R4                                                0.000     0.000 r  sys_clk (IN)
                         net (fo=0)                   0.000     0.000    u_mmcm/inst/clk_in1
    R4                   IBUF (Prop_ibuf_I_O)         0.444     0.444 r  u_mmcm/inst/clkin1_ibufg/O
                         net (fo=1, routed)           0.480     0.924    u_mmcm/inst/clk_in1_clk_wiz_0
    MMCME2_ADV_X1Y2      MMCME2_ADV (Prop_mmcme2_adv_CLKIN1_CLKOUT0)
                                                     -3.332    -2.409 r  u_mmcm/inst/mmcm_adv_inst/CLKOUT0
                         net (fo=1, routed)           0.579    -1.830    u_mmcm/inst/clk_out1_clk_wiz_0
    BUFGCTRL_X0Y2        BUFG (Prop_bufg_I_O)         0.029    -1.801 r  u_mmcm/inst/clkout1_buf/O
                         net (fo=75, routed)          0.833    -0.967    u_nt39565d/clk_out1
    SLICE_X69Y177        FDCE                                         r  u_nt39565d/FSM_sequential_state_reg[0]/C
                         clock pessimism              0.509    -0.458    
    SLICE_X69Y177        FDCE (Remov_fdce_C_CLR)     -0.092    -0.550    u_nt39565d/FSM_sequential_state_reg[0]
  -------------------------------------------------------------------
                         required time                          0.550    
                         arrival time                           0.424    
  -------------------------------------------------------------------
                         slack                                  0.975    





---------------------------------------------------------------------------------------------------
Path Group:  **async_default**
From Clock:  clk_out2_clk_wiz_0
  To Clock:  clk_out2_clk_wiz_0

Setup :            0  Failing Endpoints,  Worst Slack        3.119ns,  Total Violation        0.000ns
Hold  :            0  Failing Endpoints,  Worst Slack        0.686ns,  Total Violation        0.000ns
---------------------------------------------------------------------------------------------------


Max Delay Paths
--------------------------------------------------------------------------------------
Slack (MET) :             3.119ns  (required time - arrival time)
  Source:                 rst_sync2_100m_reg/C
                            (rising edge-triggered cell FDCE clocked by clk_out2_clk_wiz_0  {rise@0.000ns fall@5.000ns period=10.000ns})
  Destination:            u_data_rx_dual/u_panel1/burst_en_reg_reg/CLR
                            (recovery check against rising-edge clock clk_out2_clk_wiz_0  {rise@0.000ns fall@5.000ns period=10.000ns})
  Path Group:             **async_default**
  Path Type:              Recovery (Max at Slow Process Corner)
  Requirement:            10.000ns  (clk_out2_clk_wiz_0 rise@10.000ns - clk_out2_clk_wiz_0 rise@0.000ns)
  Data Path Delay:        6.471ns  (logic 0.484ns (7.479%)  route 5.987ns (92.521%))
  Logic Levels:           1  (LUT1=1)
  Clock Path Skew:        -0.064ns (DCD - SCD + CPR)
    Destination Clock Delay (DCD):    -1.155ns = ( 8.845 - 10.000 ) 
    Source Clock Delay      (SCD):    -0.762ns
    Clock Pessimism Removal (CPR):    0.329ns
  Clock Uncertainty:      0.088ns  ((TSJ^2 + DJ^2)^1/2) / 2 + PE
    Total System Jitter     (TSJ):    0.071ns
    Discrete Jitter          (DJ):    0.162ns
    Phase Error              (PE):    0.000ns

    Location             Delay type                Incr(ns)  Path(ns)    Netlist Resource(s)
  -------------------------------------------------------------------    -------------------
                         (clock clk_out2_clk_wiz_0 rise edge)
                                                      0.000     0.000 r  
    R4                                                0.000     0.000 r  sys_clk (IN)
                         net (fo=0)                   0.000     0.000    u_mmcm/inst/clk_in1
    R4                   IBUF (Prop_ibuf_I_O)         1.419     1.419 r  u_mmcm/inst/clkin1_ibufg/O
                         net (fo=1, routed)           1.065     2.484    u_mmcm/inst/clk_in1_clk_wiz_0
    MMCME2_ADV_X1Y2      MMCME2_ADV (Prop_mmcme2_adv_CLKIN1_CLKOUT1)
                                                     -6.273    -3.789 r  u_mmcm/inst/mmcm_adv_inst/CLKOUT1
                         net (fo=1, routed)           1.524    -2.265    u_mmcm/inst/clk_out2_clk_wiz_0
    BUFGCTRL_X0Y0        BUFG (Prop_bufg_I_O)         0.081    -2.184 r  u_mmcm/inst/clkout2_buf/O
                         net (fo=1237, routed)        1.422    -0.762    clk_100m
    SLICE_X110Y143       FDCE                                         r  rst_sync2_100m_reg/C
  -------------------------------------------------------------------    -------------------
    SLICE_X110Y143       FDCE (Prop_fdce_C_Q)         0.379    -0.383 r  rst_sync2_100m_reg/Q
                         net (fo=4, routed)           0.564     0.181    u_data_rx_dual/u_panel0/rst_sync2_100m
    SLICE_X110Y143       LUT1 (Prop_lut1_I0_O)        0.105     0.286 f  u_data_rx_dual/u_panel0/FSM_sequential_state[2]_i_2__0/O
                         net (fo=1196, routed)        5.423     5.709    u_data_rx_dual/u_panel1/state_reg[2]_0
    SLICE_X40Y187        FDCE                                         f  u_data_rx_dual/u_panel1/burst_en_reg_reg/CLR
  -------------------------------------------------------------------    -------------------

                         (clock clk_out2_clk_wiz_0 rise edge)
                                                     10.000    10.000 r  
    R4                                                0.000    10.000 r  sys_clk (IN)
                         net (fo=0)                   0.000    10.000    u_mmcm/inst/clk_in1
    R4                   IBUF (Prop_ibuf_I_O)         1.353    11.353 r  u_mmcm/inst/clkin1_ibufg/O
                         net (fo=1, routed)           1.004    12.357    u_mmcm/inst/clk_in1_clk_wiz_0
    MMCME2_ADV_X1Y2      MMCME2_ADV (Prop_mmcme2_adv_CLKIN1_CLKOUT1)
                                                     -6.399     5.957 r  u_mmcm/inst/mmcm_adv_inst/CLKOUT1
                         net (fo=1, routed)           1.452     7.410    u_mmcm/inst/clk_out2_clk_wiz_0
    BUFGCTRL_X0Y0        BUFG (Prop_bufg_I_O)         0.077     7.487 r  u_mmcm/inst/clkout2_buf/O
                         net (fo=1237, routed)        1.358     8.845    u_data_rx_dual/u_panel1/CLK
    SLICE_X40Y187        FDCE                                         r  u_data_rx_dual/u_panel1/burst_en_reg_reg/C
                         clock pessimism              0.329     9.174    
                         clock uncertainty           -0.088     9.086    
    SLICE_X40Y187        FDCE (Recov_fdce_C_CLR)     -0.258     8.828    u_data_rx_dual/u_panel1/burst_en_reg_reg
  -------------------------------------------------------------------
                         required time                          8.828    
                         arrival time                          -5.709    
  -------------------------------------------------------------------
                         slack                                  3.119    

Slack (MET) :             3.120ns  (required time - arrival time)
  Source:                 rst_sync2_100m_reg/C
                            (rising edge-triggered cell FDCE clocked by clk_out2_clk_wiz_0  {rise@0.000ns fall@5.000ns period=10.000ns})
  Destination:            u_data_rx_dual/u_panel1/burst_cnt_reg[3]/CLR
                            (recovery check against rising-edge clock clk_out2_clk_wiz_0  {rise@0.000ns fall@5.000ns period=10.000ns})
  Path Group:             **async_default**
  Path Type:              Recovery (Max at Slow Process Corner)
  Requirement:            10.000ns  (clk_out2_clk_wiz_0 rise@10.000ns - clk_out2_clk_wiz_0 rise@0.000ns)
  Data Path Delay:        6.364ns  (logic 0.484ns (7.605%)  route 5.880ns (92.395%))
  Logic Levels:           1  (LUT1=1)
  Clock Path Skew:        -0.136ns (DCD - SCD + CPR)
    Destination Clock Delay (DCD):    -1.227ns = ( 8.773 - 10.000 ) 
    Source Clock Delay      (SCD):    -0.762ns
    Clock Pessimism Removal (CPR):    0.329ns
  Clock Uncertainty:      0.088ns  ((TSJ^2 + DJ^2)^1/2) / 2 + PE
    Total System Jitter     (TSJ):    0.071ns
    Discrete Jitter          (DJ):    0.162ns
    Phase Error              (PE):    0.000ns

    Location             Delay type                Incr(ns)  Path(ns)    Netlist Resource(s)
  -------------------------------------------------------------------    -------------------
                         (clock clk_out2_clk_wiz_0 rise edge)
                                                      0.000     0.000 r  
    R4                                                0.000     0.000 r  sys_clk (IN)
                         net (fo=0)                   0.000     0.000    u_mmcm/inst/clk_in1
    R4                   IBUF (Prop_ibuf_I_O)         1.419     1.419 r  u_mmcm/inst/clkin1_ibufg/O
                         net (fo=1, routed)           1.065     2.484    u_mmcm/inst/clk_in1_clk_wiz_0
    MMCME2_ADV_X1Y2      MMCME2_ADV (Prop_mmcme2_adv_CLKIN1_CLKOUT1)
                                                     -6.273    -3.789 r  u_mmcm/inst/mmcm_adv_inst/CLKOUT1
                         net (fo=1, routed)           1.524    -2.265    u_mmcm/inst/clk_out2_clk_wiz_0
    BUFGCTRL_X0Y0        BUFG (Prop_bufg_I_O)         0.081    -2.184 r  u_mmcm/inst/clkout2_buf/O
                         net (fo=1237, routed)        1.422    -0.762    clk_100m
    SLICE_X110Y143       FDCE                                         r  rst_sync2_100m_reg/C
  -------------------------------------------------------------------    -------------------
    SLICE_X110Y143       FDCE (Prop_fdce_C_Q)         0.379    -0.383 r  rst_sync2_100m_reg/Q
                         net (fo=4, routed)           0.564     0.181    u_data_rx_dual/u_panel0/rst_sync2_100m
    SLICE_X110Y143       LUT1 (Prop_lut1_I0_O)        0.105     0.286 f  u_data_rx_dual/u_panel0/FSM_sequential_state[2]_i_2__0/O
                         net (fo=1196, routed)        5.316     5.602    u_data_rx_dual/u_panel1/state_reg[2]_0
    SLICE_X42Y189        FDCE                                         f  u_data_rx_dual/u_panel1/burst_cnt_reg[3]/CLR
  -------------------------------------------------------------------    -------------------

                         (clock clk_out2_clk_wiz_0 rise edge)
                                                     10.000    10.000 r  
    R4                                                0.000    10.000 r  sys_clk (IN)
                         net (fo=0)                   0.000    10.000    u_mmcm/inst/clk_in1
    R4                   IBUF (Prop_ibuf_I_O)         1.353    11.353 r  u_mmcm/inst/clkin1_ibufg/O
                         net (fo=1, routed)           1.004    12.357    u_mmcm/inst/clk_in1_clk_wiz_0
    MMCME2_ADV_X1Y2      MMCME2_ADV (Prop_mmcme2_adv_CLKIN1_CLKOUT1)
                                                     -6.399     5.957 r  u_mmcm/inst/mmcm_adv_inst/CLKOUT1
                         net (fo=1, routed)           1.452     7.410    u_mmcm/inst/clk_out2_clk_wiz_0
    BUFGCTRL_X0Y0        BUFG (Prop_bufg_I_O)         0.077     7.487 r  u_mmcm/inst/clkout2_buf/O
                         net (fo=1237, routed)        1.286     8.773    u_data_rx_dual/u_panel1/CLK
    SLICE_X42Y189        FDCE                                         r  u_data_rx_dual/u_panel1/burst_cnt_reg[3]/C
                         clock pessimism              0.329     9.102    
                         clock uncertainty           -0.088     9.014    
    SLICE_X42Y189        FDCE (Recov_fdce_C_CLR)     -0.292     8.722    u_data_rx_dual/u_panel1/burst_cnt_reg[3]
  -------------------------------------------------------------------
                         required time                          8.722    
                         arrival time                          -5.602    
  -------------------------------------------------------------------
                         slack                                  3.120    

Slack (MET) :             3.129ns  (required time - arrival time)
  Source:                 rst_sync2_100m_reg/C
                            (rising edge-triggered cell FDCE clocked by clk_out2_clk_wiz_0  {rise@0.000ns fall@5.000ns period=10.000ns})
  Destination:            u_data_rx_dual/u_panel1/state_reg[0]/CLR
                            (recovery check against rising-edge clock clk_out2_clk_wiz_0  {rise@0.000ns fall@5.000ns period=10.000ns})
  Path Group:             **async_default**
  Path Type:              Recovery (Max at Slow Process Corner)
  Requirement:            10.000ns  (clk_out2_clk_wiz_0 rise@10.000ns - clk_out2_clk_wiz_0 rise@0.000ns)
  Data Path Delay:        6.315ns  (logic 0.484ns (7.665%)  route 5.831ns (92.335%))
  Logic Levels:           1  (LUT1=1)
  Clock Path Skew:        -0.137ns (DCD - SCD + CPR)
    Destination Clock Delay (DCD):    -1.228ns = ( 8.772 - 10.000 ) 
    Source Clock Delay      (SCD):    -0.762ns
    Clock Pessimism Removal (CPR):    0.329ns
  Clock Uncertainty:      0.088ns  ((TSJ^2 + DJ^2)^1/2) / 2 + PE
    Total System Jitter     (TSJ):    0.071ns
    Discrete Jitter          (DJ):    0.162ns
    Phase Error              (PE):    0.000ns

    Location             Delay type                Incr(ns)  Path(ns)    Netlist Resource(s)
  -------------------------------------------------------------------    -------------------
                         (clock clk_out2_clk_wiz_0 rise edge)
                                                      0.000     0.000 r  
    R4                                                0.000     0.000 r  sys_clk (IN)
                         net (fo=0)                   0.000     0.000    u_mmcm/inst/clk_in1
    R4                   IBUF (Prop_ibuf_I_O)         1.419     1.419 r  u_mmcm/inst/clkin1_ibufg/O
                         net (fo=1, routed)           1.065     2.484    u_mmcm/inst/clk_in1_clk_wiz_0
    MMCME2_ADV_X1Y2      MMCME2_ADV (Prop_mmcme2_adv_CLKIN1_CLKOUT1)
                                                     -6.273    -3.789 r  u_mmcm/inst/mmcm_adv_inst/CLKOUT1
                         net (fo=1, routed)           1.524    -2.265    u_mmcm/inst/clk_out2_clk_wiz_0
    BUFGCTRL_X0Y0        BUFG (Prop_bufg_I_O)         0.081    -2.184 r  u_mmcm/inst/clkout2_buf/O
                         net (fo=1237, routed)        1.422    -0.762    clk_100m
    SLICE_X110Y143       FDCE                                         r  rst_sync2_100m_reg/C
  -------------------------------------------------------------------    -------------------
    SLICE_X110Y143       FDCE (Prop_fdce_C_Q)         0.379    -0.383 r  rst_sync2_100m_reg/Q
                         net (fo=4, routed)           0.564     0.181    u_data_rx_dual/u_panel0/rst_sync2_100m
    SLICE_X110Y143       LUT1 (Prop_lut1_I0_O)        0.105     0.286 f  u_data_rx_dual/u_panel0/FSM_sequential_state[2]_i_2__0/O
                         net (fo=1196, routed)        5.266     5.553    u_data_rx_dual/u_panel1/state_reg[2]_0
    SLICE_X43Y187        FDCE                                         f  u_data_rx_dual/u_panel1/state_reg[0]/CLR
  -------------------------------------------------------------------    -------------------

                         (clock clk_out2_clk_wiz_0 rise edge)
                                                     10.000    10.000 r  
    R4                                                0.000    10.000 r  sys_clk (IN)
                         net (fo=0)                   0.000    10.000    u_mmcm/inst/clk_in1
    R4                   IBUF (Prop_ibuf_I_O)         1.353    11.353 r  u_mmcm/inst/clkin1_ibufg/O
                         net (fo=1, routed)           1.004    12.357    u_mmcm/inst/clk_in1_clk_wiz_0
    MMCME2_ADV_X1Y2      MMCME2_ADV (Prop_mmcme2_adv_CLKIN1_CLKOUT1)
                                                     -6.399     5.957 r  u_mmcm/inst/mmcm_adv_inst/CLKOUT1
                         net (fo=1, routed)           1.452     7.410    u_mmcm/inst/clk_out2_clk_wiz_0
    BUFGCTRL_X0Y0        BUFG (Prop_bufg_I_O)         0.077     7.487 r  u_mmcm/inst/clkout2_buf/O
                         net (fo=1237, routed)        1.285     8.772    u_data_rx_dual/u_panel1/CLK
    SLICE_X43Y187        FDCE                                         r  u_data_rx_dual/u_panel1/state_reg[0]/C
                         clock pessimism              0.329     9.101    
                         clock uncertainty           -0.088     9.013    
    SLICE_X43Y187        FDCE (Recov_fdce_C_CLR)     -0.331     8.682    u_data_rx_dual/u_panel1/state_reg[0]
  -------------------------------------------------------------------
                         required time                          8.682    
                         arrival time                          -5.553    
  -------------------------------------------------------------------
                         slack                                  3.129    

Slack (MET) :             3.129ns  (required time - arrival time)
  Source:                 rst_sync2_100m_reg/C
                            (rising edge-triggered cell FDCE clocked by clk_out2_clk_wiz_0  {rise@0.000ns fall@5.000ns period=10.000ns})
  Destination:            u_data_rx_dual/u_panel1/state_reg[1]/CLR
                            (recovery check against rising-edge clock clk_out2_clk_wiz_0  {rise@0.000ns fall@5.000ns period=10.000ns})
  Path Group:             **async_default**
  Path Type:              Recovery (Max at Slow Process Corner)
  Requirement:            10.000ns  (clk_out2_clk_wiz_0 rise@10.000ns - clk_out2_clk_wiz_0 rise@0.000ns)
  Data Path Delay:        6.315ns  (logic 0.484ns (7.665%)  route 5.831ns (92.335%))
  Logic Levels:           1  (LUT1=1)
  Clock Path Skew:        -0.137ns (DCD - SCD + CPR)
    Destination Clock Delay (DCD):    -1.228ns = ( 8.772 - 10.000 ) 
    Source Clock Delay      (SCD):    -0.762ns
    Clock Pessimism Removal (CPR):    0.329ns
  Clock Uncertainty:      0.088ns  ((TSJ^2 + DJ^2)^1/2) / 2 + PE
    Total System Jitter     (TSJ):    0.071ns
    Discrete Jitter          (DJ):    0.162ns
    Phase Error              (PE):    0.000ns

    Location             Delay type                Incr(ns)  Path(ns)    Netlist Resource(s)
  -------------------------------------------------------------------    -------------------
                         (clock clk_out2_clk_wiz_0 rise edge)
                                                      0.000     0.000 r  
    R4                                                0.000     0.000 r  sys_clk (IN)
                         net (fo=0)                   0.000     0.000    u_mmcm/inst/clk_in1
    R4                   IBUF (Prop_ibuf_I_O)         1.419     1.419 r  u_mmcm/inst/clkin1_ibufg/O
                         net (fo=1, routed)           1.065     2.484    u_mmcm/inst/clk_in1_clk_wiz_0
    MMCME2_ADV_X1Y2      MMCME2_ADV (Prop_mmcme2_adv_CLKIN1_CLKOUT1)
                                                     -6.273    -3.789 r  u_mmcm/inst/mmcm_adv_inst/CLKOUT1
                         net (fo=1, routed)           1.524    -2.265    u_mmcm/inst/clk_out2_clk_wiz_0
    BUFGCTRL_X0Y0        BUFG (Prop_bufg_I_O)         0.081    -2.184 r  u_mmcm/inst/clkout2_buf/O
                         net (fo=1237, routed)        1.422    -0.762    clk_100m
    SLICE_X110Y143       FDCE                                         r  rst_sync2_100m_reg/C
  -------------------------------------------------------------------    -------------------
    SLICE_X110Y143       FDCE (Prop_fdce_C_Q)         0.379    -0.383 r  rst_sync2_100m_reg/Q
                         net (fo=4, routed)           0.564     0.181    u_data_rx_dual/u_panel0/rst_sync2_100m
    SLICE_X110Y143       LUT1 (Prop_lut1_I0_O)        0.105     0.286 f  u_data_rx_dual/u_panel0/FSM_sequential_state[2]_i_2__0/O
                         net (fo=1196, routed)        5.266     5.553    u_data_rx_dual/u_panel1/state_reg[2]_0
    SLICE_X43Y187        FDCE                                         f  u_data_rx_dual/u_panel1/state_reg[1]/CLR
  -------------------------------------------------------------------    -------------------

                         (clock clk_out2_clk_wiz_0 rise edge)
                                                     10.000    10.000 r  
    R4                                                0.000    10.000 r  sys_clk (IN)
                         net (fo=0)                   0.000    10.000    u_mmcm/inst/clk_in1
    R4                   IBUF (Prop_ibuf_I_O)         1.353    11.353 r  u_mmcm/inst/clkin1_ibufg/O
                         net (fo=1, routed)           1.004    12.357    u_mmcm/inst/clk_in1_clk_wiz_0
    MMCME2_ADV_X1Y2      MMCME2_ADV (Prop_mmcme2_adv_CLKIN1_CLKOUT1)
                                                     -6.399     5.957 r  u_mmcm/inst/mmcm_adv_inst/CLKOUT1
                         net (fo=1, routed)           1.452     7.410    u_mmcm/inst/clk_out2_clk_wiz_0
    BUFGCTRL_X0Y0        BUFG (Prop_bufg_I_O)         0.077     7.487 r  u_mmcm/inst/clkout2_buf/O
                         net (fo=1237, routed)        1.285     8.772    u_data_rx_dual/u_panel1/CLK
    SLICE_X43Y187        FDCE                                         r  u_data_rx_dual/u_panel1/state_reg[1]/C
                         clock pessimism              0.329     9.101    
                         clock uncertainty           -0.088     9.013    
    SLICE_X43Y187        FDCE (Recov_fdce_C_CLR)     -0.331     8.682    u_data_rx_dual/u_panel1/state_reg[1]
  -------------------------------------------------------------------
                         required time                          8.682    
                         arrival time                          -5.553    
  -------------------------------------------------------------------
                         slack                                  3.129    

Slack (MET) :             3.154ns  (required time - arrival time)
  Source:                 rst_sync2_100m_reg/C
                            (rising edge-triggered cell FDCE clocked by clk_out2_clk_wiz_0  {rise@0.000ns fall@5.000ns period=10.000ns})
  Destination:            u_data_rx_dual/u_panel1/burst_cnt_reg[2]/CLR
                            (recovery check against rising-edge clock clk_out2_clk_wiz_0  {rise@0.000ns fall@5.000ns period=10.000ns})
  Path Group:             **async_default**
  Path Type:              Recovery (Max at Slow Process Corner)
  Requirement:            10.000ns  (clk_out2_clk_wiz_0 rise@10.000ns - clk_out2_clk_wiz_0 rise@0.000ns)
  Data Path Delay:        6.364ns  (logic 0.484ns (7.605%)  route 5.880ns (92.395%))
  Logic Levels:           1  (LUT1=1)
  Clock Path Skew:        -0.136ns (DCD - SCD + CPR)
    Destination Clock Delay (DCD):    -1.227ns = ( 8.773 - 10.000 ) 
    Source Clock Delay      (SCD):    -0.762ns
    Clock Pessimism Removal (CPR):    0.329ns
  Clock Uncertainty:      0.088ns  ((TSJ^2 + DJ^2)^1/2) / 2 + PE
    Total System Jitter     (TSJ):    0.071ns
    Discrete Jitter          (DJ):    0.162ns
    Phase Error              (PE):    0.000ns

    Location             Delay type                Incr(ns)  Path(ns)    Netlist Resource(s)
  -------------------------------------------------------------------    -------------------
                         (clock clk_out2_clk_wiz_0 rise edge)
                                                      0.000     0.000 r  
    R4                                                0.000     0.000 r  sys_clk (IN)
                         net (fo=0)                   0.000     0.000    u_mmcm/inst/clk_in1
    R4                   IBUF (Prop_ibuf_I_O)         1.419     1.419 r  u_mmcm/inst/clkin1_ibufg/O
                         net (fo=1, routed)           1.065     2.484    u_mmcm/inst/clk_in1_clk_wiz_0
    MMCME2_ADV_X1Y2      MMCME2_ADV (Prop_mmcme2_adv_CLKIN1_CLKOUT1)
                                                     -6.273    -3.789 r  u_mmcm/inst/mmcm_adv_inst/CLKOUT1
                         net (fo=1, routed)           1.524    -2.265    u_mmcm/inst/clk_out2_clk_wiz_0
    BUFGCTRL_X0Y0        BUFG (Prop_bufg_I_O)         0.081    -2.184 r  u_mmcm/inst/clkout2_buf/O
                         net (fo=1237, routed)        1.422    -0.762    clk_100m
    SLICE_X110Y143       FDCE                                         r  rst_sync2_100m_reg/C
  -------------------------------------------------------------------    -------------------
    SLICE_X110Y143       FDCE (Prop_fdce_C_Q)         0.379    -0.383 r  rst_sync2_100m_reg/Q
                         net (fo=4, routed)           0.564     0.181    u_data_rx_dual/u_panel0/rst_sync2_100m
    SLICE_X110Y143       LUT1 (Prop_lut1_I0_O)        0.105     0.286 f  u_data_rx_dual/u_panel0/FSM_sequential_state[2]_i_2__0/O
                         net (fo=1196, routed)        5.316     5.602    u_data_rx_dual/u_panel1/state_reg[2]_0
    SLICE_X42Y189        FDCE                                         f  u_data_rx_dual/u_panel1/burst_cnt_reg[2]/CLR
  -------------------------------------------------------------------    -------------------

                         (clock clk_out2_clk_wiz_0 rise edge)
                                                     10.000    10.000 r  
    R4                                                0.000    10.000 r  sys_clk (IN)
                         net (fo=0)                   0.000    10.000    u_mmcm/inst/clk_in1
    R4                   IBUF (Prop_ibuf_I_O)         1.353    11.353 r  u_mmcm/inst/clkin1_ibufg/O
                         net (fo=1, routed)           1.004    12.357    u_mmcm/inst/clk_in1_clk_wiz_0
    MMCME2_ADV_X1Y2      MMCME2_ADV (Prop_mmcme2_adv_CLKIN1_CLKOUT1)
                                                     -6.399     5.957 r  u_mmcm/inst/mmcm_adv_inst/CLKOUT1
                         net (fo=1, routed)           1.452     7.410    u_mmcm/inst/clk_out2_clk_wiz_0
    BUFGCTRL_X0Y0        BUFG (Prop_bufg_I_O)         0.077     7.487 r  u_mmcm/inst/clkout2_buf/O
                         net (fo=1237, routed)        1.286     8.773    u_data_rx_dual/u_panel1/CLK
    SLICE_X42Y189        FDCE                                         r  u_data_rx_dual/u_panel1/burst_cnt_reg[2]/C
                         clock pessimism              0.329     9.102    
                         clock uncertainty           -0.088     9.014    
    SLICE_X42Y189        FDCE (Recov_fdce_C_CLR)     -0.258     8.756    u_data_rx_dual/u_panel1/burst_cnt_reg[2]
  -------------------------------------------------------------------
                         required time                          8.756    
                         arrival time                          -5.602    
  -------------------------------------------------------------------
                         slack                                  3.154    

Slack (MET) :             3.154ns  (required time - arrival time)
  Source:                 rst_sync2_100m_reg/C
                            (rising edge-triggered cell FDCE clocked by clk_out2_clk_wiz_0  {rise@0.000ns fall@5.000ns period=10.000ns})
  Destination:            u_data_rx_dual/u_panel1/burst_cnt_reg[4]/CLR
                            (recovery check against rising-edge clock clk_out2_clk_wiz_0  {rise@0.000ns fall@5.000ns period=10.000ns})
  Path Group:             **async_default**
  Path Type:              Recovery (Max at Slow Process Corner)
  Requirement:            10.000ns  (clk_out2_clk_wiz_0 rise@10.000ns - clk_out2_clk_wiz_0 rise@0.000ns)
  Data Path Delay:        6.364ns  (logic 0.484ns (7.605%)  route 5.880ns (92.395%))
  Logic Levels:           1  (LUT1=1)
  Clock Path Skew:        -0.136ns (DCD - SCD + CPR)
    Destination Clock Delay (DCD):    -1.227ns = ( 8.773 - 10.000 ) 
    Source Clock Delay      (SCD):    -0.762ns
    Clock Pessimism Removal (CPR):    0.329ns
  Clock Uncertainty:      0.088ns  ((TSJ^2 + DJ^2)^1/2) / 2 + PE
    Total System Jitter     (TSJ):    0.071ns
    Discrete Jitter          (DJ):    0.162ns
    Phase Error              (PE):    0.000ns

    Location             Delay type                Incr(ns)  Path(ns)    Netlist Resource(s)
  -------------------------------------------------------------------    -------------------
                         (clock clk_out2_clk_wiz_0 rise edge)
                                                      0.000     0.000 r  
    R4                                                0.000     0.000 r  sys_clk (IN)
                         net (fo=0)                   0.000     0.000    u_mmcm/inst/clk_in1
    R4                   IBUF (Prop_ibuf_I_O)         1.419     1.419 r  u_mmcm/inst/clkin1_ibufg/O
                         net (fo=1, routed)           1.065     2.484    u_mmcm/inst/clk_in1_clk_wiz_0
    MMCME2_ADV_X1Y2      MMCME2_ADV (Prop_mmcme2_adv_CLKIN1_CLKOUT1)
                                                     -6.273    -3.789 r  u_mmcm/inst/mmcm_adv_inst/CLKOUT1
                         net (fo=1, routed)           1.524    -2.265    u_mmcm/inst/clk_out2_clk_wiz_0
    BUFGCTRL_X0Y0        BUFG (Prop_bufg_I_O)         0.081    -2.184 r  u_mmcm/inst/clkout2_buf/O
                         net (fo=1237, routed)        1.422    -0.762    clk_100m
    SLICE_X110Y143       FDCE                                         r  rst_sync2_100m_reg/C
  -------------------------------------------------------------------    -------------------
    SLICE_X110Y143       FDCE (Prop_fdce_C_Q)         0.379    -0.383 r  rst_sync2_100m_reg/Q
                         net (fo=4, routed)           0.564     0.181    u_data_rx_dual/u_panel0/rst_sync2_100m
    SLICE_X110Y143       LUT1 (Prop_lut1_I0_O)        0.105     0.286 f  u_data_rx_dual/u_panel0/FSM_sequential_state[2]_i_2__0/O
                         net (fo=1196, routed)        5.316     5.602    u_data_rx_dual/u_panel1/state_reg[2]_0
    SLICE_X42Y189        FDCE                                         f  u_data_rx_dual/u_panel1/burst_cnt_reg[4]/CLR
  -------------------------------------------------------------------    -------------------

                         (clock clk_out2_clk_wiz_0 rise edge)
                                                     10.000    10.000 r  
    R4                                                0.000    10.000 r  sys_clk (IN)
                         net (fo=0)                   0.000    10.000    u_mmcm/inst/clk_in1
    R4                   IBUF (Prop_ibuf_I_O)         1.353    11.353 r  u_mmcm/inst/clkin1_ibufg/O
                         net (fo=1, routed)           1.004    12.357    u_mmcm/inst/clk_in1_clk_wiz_0
    MMCME2_ADV_X1Y2      MMCME2_ADV (Prop_mmcme2_adv_CLKIN1_CLKOUT1)
                                                     -6.399     5.957 r  u_mmcm/inst/mmcm_adv_inst/CLKOUT1
                         net (fo=1, routed)           1.452     7.410    u_mmcm/inst/clk_out2_clk_wiz_0
    BUFGCTRL_X0Y0        BUFG (Prop_bufg_I_O)         0.077     7.487 r  u_mmcm/inst/clkout2_buf/O
                         net (fo=1237, routed)        1.286     8.773    u_data_rx_dual/u_panel1/CLK
    SLICE_X42Y189        FDCE                                         r  u_data_rx_dual/u_panel1/burst_cnt_reg[4]/C
                         clock pessimism              0.329     9.102    
                         clock uncertainty           -0.088     9.014    
    SLICE_X42Y189        FDCE (Recov_fdce_C_CLR)     -0.258     8.756    u_data_rx_dual/u_panel1/burst_cnt_reg[4]
  -------------------------------------------------------------------
                         required time                          8.756    
                         arrival time                          -5.602    
  -------------------------------------------------------------------
                         slack                                  3.154    

Slack (MET) :             3.157ns  (required time - arrival time)
  Source:                 rst_sync2_100m_reg/C
                            (rising edge-triggered cell FDCE clocked by clk_out2_clk_wiz_0  {rise@0.000ns fall@5.000ns period=10.000ns})
  Destination:            u_data_rx_dual/u_panel1/cap_start_tgl_sys_reg/CLR
                            (recovery check against rising-edge clock clk_out2_clk_wiz_0  {rise@0.000ns fall@5.000ns period=10.000ns})
  Path Group:             **async_default**
  Path Type:              Recovery (Max at Slow Process Corner)
  Requirement:            10.000ns  (clk_out2_clk_wiz_0 rise@10.000ns - clk_out2_clk_wiz_0 rise@0.000ns)
  Data Path Delay:        6.286ns  (logic 0.484ns (7.700%)  route 5.802ns (92.300%))
  Logic Levels:           1  (LUT1=1)
  Clock Path Skew:        -0.138ns (DCD - SCD + CPR)
    Destination Clock Delay (DCD):    -1.229ns = ( 8.771 - 10.000 ) 
    Source Clock Delay      (SCD):    -0.762ns
    Clock Pessimism Removal (CPR):    0.329ns
  Clock Uncertainty:      0.088ns  ((TSJ^2 + DJ^2)^1/2) / 2 + PE
    Total System Jitter     (TSJ):    0.071ns
    Discrete Jitter          (DJ):    0.162ns
    Phase Error              (PE):    0.000ns

    Location             Delay type                Incr(ns)  Path(ns)    Netlist Resource(s)
  -------------------------------------------------------------------    -------------------
                         (clock clk_out2_clk_wiz_0 rise edge)
                                                      0.000     0.000 r  
    R4                                                0.000     0.000 r  sys_clk (IN)
                         net (fo=0)                   0.000     0.000    u_mmcm/inst/clk_in1
    R4                   IBUF (Prop_ibuf_I_O)         1.419     1.419 r  u_mmcm/inst/clkin1_ibufg/O
                         net (fo=1, routed)           1.065     2.484    u_mmcm/inst/clk_in1_clk_wiz_0
    MMCME2_ADV_X1Y2      MMCME2_ADV (Prop_mmcme2_adv_CLKIN1_CLKOUT1)
                                                     -6.273    -3.789 r  u_mmcm/inst/mmcm_adv_inst/CLKOUT1
                         net (fo=1, routed)           1.524    -2.265    u_mmcm/inst/clk_out2_clk_wiz_0
    BUFGCTRL_X0Y0        BUFG (Prop_bufg_I_O)         0.081    -2.184 r  u_mmcm/inst/clkout2_buf/O
                         net (fo=1237, routed)        1.422    -0.762    clk_100m
    SLICE_X110Y143       FDCE                                         r  rst_sync2_100m_reg/C
  -------------------------------------------------------------------    -------------------
    SLICE_X110Y143       FDCE (Prop_fdce_C_Q)         0.379    -0.383 r  rst_sync2_100m_reg/Q
                         net (fo=4, routed)           0.564     0.181    u_data_rx_dual/u_panel0/rst_sync2_100m
    SLICE_X110Y143       LUT1 (Prop_lut1_I0_O)        0.105     0.286 f  u_data_rx_dual/u_panel0/FSM_sequential_state[2]_i_2__0/O
                         net (fo=1196, routed)        5.238     5.524    u_data_rx_dual/u_panel1/state_reg[2]_0
    SLICE_X43Y186        FDCE                                         f  u_data_rx_dual/u_panel1/cap_start_tgl_sys_reg/CLR
  -------------------------------------------------------------------    -------------------

                         (clock clk_out2_clk_wiz_0 rise edge)
                                                     10.000    10.000 r  
    R4                                                0.000    10.000 r  sys_clk (IN)
                         net (fo=0)                   0.000    10.000    u_mmcm/inst/clk_in1
    R4                   IBUF (Prop_ibuf_I_O)         1.353    11.353 r  u_mmcm/inst/clkin1_ibufg/O
                         net (fo=1, routed)           1.004    12.357    u_mmcm/inst/clk_in1_clk_wiz_0
    MMCME2_ADV_X1Y2      MMCME2_ADV (Prop_mmcme2_adv_CLKIN1_CLKOUT1)
                                                     -6.399     5.957 r  u_mmcm/inst/mmcm_adv_inst/CLKOUT1
                         net (fo=1, routed)           1.452     7.410    u_mmcm/inst/clk_out2_clk_wiz_0
    BUFGCTRL_X0Y0        BUFG (Prop_bufg_I_O)         0.077     7.487 r  u_mmcm/inst/clkout2_buf/O
                         net (fo=1237, routed)        1.284     8.771    u_data_rx_dual/u_panel1/CLK
    SLICE_X43Y186        FDCE                                         r  u_data_rx_dual/u_panel1/cap_start_tgl_sys_reg/C
                         clock pessimism              0.329     9.100    
                         clock uncertainty           -0.088     9.012    
    SLICE_X43Y186        FDCE (Recov_fdce_C_CLR)     -0.331     8.681    u_data_rx_dual/u_panel1/cap_start_tgl_sys_reg
  -------------------------------------------------------------------
                         required time                          8.681    
                         arrival time                          -5.524    
  -------------------------------------------------------------------
                         slack                                  3.157    

Slack (MET) :             3.160ns  (required time - arrival time)
  Source:                 rst_sync2_100m_reg/C
                            (rising edge-triggered cell FDCE clocked by clk_out2_clk_wiz_0  {rise@0.000ns fall@5.000ns period=10.000ns})
  Destination:            u_data_rx_dual/u_panel1/burst_cnt_reg[5]/CLR
                            (recovery check against rising-edge clock clk_out2_clk_wiz_0  {rise@0.000ns fall@5.000ns period=10.000ns})
  Path Group:             **async_default**
  Path Type:              Recovery (Max at Slow Process Corner)
  Requirement:            10.000ns  (clk_out2_clk_wiz_0 rise@10.000ns - clk_out2_clk_wiz_0 rise@0.000ns)
  Data Path Delay:        6.358ns  (logic 0.484ns (7.612%)  route 5.874ns (92.388%))
  Logic Levels:           1  (LUT1=1)
  Clock Path Skew:        -0.063ns (DCD - SCD + CPR)
    Destination Clock Delay (DCD):    -1.154ns = ( 8.846 - 10.000 ) 
    Source Clock Delay      (SCD):    -0.762ns
    Clock Pessimism Removal (CPR):    0.329ns
  Clock Uncertainty:      0.088ns  ((TSJ^2 + DJ^2)^1/2) / 2 + PE
    Total System Jitter     (TSJ):    0.071ns
    Discrete Jitter          (DJ):    0.162ns
    Phase Error              (PE):    0.000ns

    Location             Delay type                Incr(ns)  Path(ns)    Netlist Resource(s)
  -------------------------------------------------------------------    -------------------
                         (clock clk_out2_clk_wiz_0 rise edge)
                                                      0.000     0.000 r  
    R4                                                0.000     0.000 r  sys_clk (IN)
                         net (fo=0)                   0.000     0.000    u_mmcm/inst/clk_in1
    R4                   IBUF (Prop_ibuf_I_O)         1.419     1.419 r  u_mmcm/inst/clkin1_ibufg/O
                         net (fo=1, routed)           1.065     2.484    u_mmcm/inst/clk_in1_clk_wiz_0
    MMCME2_ADV_X1Y2      MMCME2_ADV (Prop_mmcme2_adv_CLKIN1_CLKOUT1)
                                                     -6.273    -3.789 r  u_mmcm/inst/mmcm_adv_inst/CLKOUT1
                         net (fo=1, routed)           1.524    -2.265    u_mmcm/inst/clk_out2_clk_wiz_0
    BUFGCTRL_X0Y0        BUFG (Prop_bufg_I_O)         0.081    -2.184 r  u_mmcm/inst/clkout2_buf/O
                         net (fo=1237, routed)        1.422    -0.762    clk_100m
    SLICE_X110Y143       FDCE                                         r  rst_sync2_100m_reg/C
  -------------------------------------------------------------------    -------------------
    SLICE_X110Y143       FDCE (Prop_fdce_C_Q)         0.379    -0.383 r  rst_sync2_100m_reg/Q
                         net (fo=4, routed)           0.564     0.181    u_data_rx_dual/u_panel0/rst_sync2_100m
    SLICE_X110Y143       LUT1 (Prop_lut1_I0_O)        0.105     0.286 f  u_data_rx_dual/u_panel0/FSM_sequential_state[2]_i_2__0/O
                         net (fo=1196, routed)        5.310     5.596    u_data_rx_dual/u_panel1/state_reg[2]_0
    SLICE_X41Y189        FDCE                                         f  u_data_rx_dual/u_panel1/burst_cnt_reg[5]/CLR
  -------------------------------------------------------------------    -------------------

                         (clock clk_out2_clk_wiz_0 rise edge)
                                                     10.000    10.000 r  
    R4                                                0.000    10.000 r  sys_clk (IN)
                         net (fo=0)                   0.000    10.000    u_mmcm/inst/clk_in1
    R4                   IBUF (Prop_ibuf_I_O)         1.353    11.353 r  u_mmcm/inst/clkin1_ibufg/O
                         net (fo=1, routed)           1.004    12.357    u_mmcm/inst/clk_in1_clk_wiz_0
    MMCME2_ADV_X1Y2      MMCME2_ADV (Prop_mmcme2_adv_CLKIN1_CLKOUT1)
                                                     -6.399     5.957 r  u_mmcm/inst/mmcm_adv_inst/CLKOUT1
                         net (fo=1, routed)           1.452     7.410    u_mmcm/inst/clk_out2_clk_wiz_0
    BUFGCTRL_X0Y0        BUFG (Prop_bufg_I_O)         0.077     7.487 r  u_mmcm/inst/clkout2_buf/O
                         net (fo=1237, routed)        1.359     8.846    u_data_rx_dual/u_panel1/CLK
    SLICE_X41Y189        FDCE                                         r  u_data_rx_dual/u_panel1/burst_cnt_reg[5]/C
                         clock pessimism              0.329     9.175    
                         clock uncertainty           -0.088     9.087    
    SLICE_X41Y189        FDCE (Recov_fdce_C_CLR)     -0.331     8.756    u_data_rx_dual/u_panel1/burst_cnt_reg[5]
  -------------------------------------------------------------------
                         required time                          8.756    
                         arrival time                          -5.596    
  -------------------------------------------------------------------
                         slack                                  3.160    

Slack (MET) :             3.176ns  (required time - arrival time)
  Source:                 rst_sync2_100m_reg/C
                            (rising edge-triggered cell FDCE clocked by clk_out2_clk_wiz_0  {rise@0.000ns fall@5.000ns period=10.000ns})
  Destination:            u_data_rx_dual/u_panel0/sync_d1_reg/CLR
                            (recovery check against rising-edge clock clk_out2_clk_wiz_0  {rise@0.000ns fall@5.000ns period=10.000ns})
  Path Group:             **async_default**
  Path Type:              Recovery (Max at Slow Process Corner)
  Requirement:            10.000ns  (clk_out2_clk_wiz_0 rise@10.000ns - clk_out2_clk_wiz_0 rise@0.000ns)
  Data Path Delay:        6.336ns  (logic 0.484ns (7.639%)  route 5.852ns (92.361%))
  Logic Levels:           1  (LUT1=1)
  Clock Path Skew:        -0.142ns (DCD - SCD + CPR)
    Destination Clock Delay (DCD):    -1.233ns = ( 8.767 - 10.000 ) 
    Source Clock Delay      (SCD):    -0.762ns
    Clock Pessimism Removal (CPR):    0.329ns
  Clock Uncertainty:      0.088ns  ((TSJ^2 + DJ^2)^1/2) / 2 + PE
    Total System Jitter     (TSJ):    0.071ns
    Discrete Jitter          (DJ):    0.162ns
    Phase Error              (PE):    0.000ns

    Location             Delay type                Incr(ns)  Path(ns)    Netlist Resource(s)
  -------------------------------------------------------------------    -------------------
                         (clock clk_out2_clk_wiz_0 rise edge)
                                                      0.000     0.000 r  
    R4                                                0.000     0.000 r  sys_clk (IN)
                         net (fo=0)                   0.000     0.000    u_mmcm/inst/clk_in1
    R4                   IBUF (Prop_ibuf_I_O)         1.419     1.419 r  u_mmcm/inst/clkin1_ibufg/O
                         net (fo=1, routed)           1.065     2.484    u_mmcm/inst/clk_in1_clk_wiz_0
    MMCME2_ADV_X1Y2      MMCME2_ADV (Prop_mmcme2_adv_CLKIN1_CLKOUT1)
                                                     -6.273    -3.789 r  u_mmcm/inst/mmcm_adv_inst/CLKOUT1
                         net (fo=1, routed)           1.524    -2.265    u_mmcm/inst/clk_out2_clk_wiz_0
    BUFGCTRL_X0Y0        BUFG (Prop_bufg_I_O)         0.081    -2.184 r  u_mmcm/inst/clkout2_buf/O
                         net (fo=1237, routed)        1.422    -0.762    clk_100m
    SLICE_X110Y143       FDCE                                         r  rst_sync2_100m_reg/C
  -------------------------------------------------------------------    -------------------
    SLICE_X110Y143       FDCE (Prop_fdce_C_Q)         0.379    -0.383 r  rst_sync2_100m_reg/Q
                         net (fo=4, routed)           0.564     0.181    u_data_rx_dual/u_panel0/rst_sync2_100m
    SLICE_X110Y143       LUT1 (Prop_lut1_I0_O)        0.105     0.286 f  u_data_rx_dual/u_panel0/FSM_sequential_state[2]_i_2__0/O
                         net (fo=1196, routed)        5.287     5.574    u_data_rx_dual/u_panel0/rst_sync2_100m_reg
    SLICE_X52Y181        FDCE                                         f  u_data_rx_dual/u_panel0/sync_d1_reg/CLR
  -------------------------------------------------------------------    -------------------

                         (clock clk_out2_clk_wiz_0 rise edge)
                                                     10.000    10.000 r  
    R4                                                0.000    10.000 r  sys_clk (IN)
                         net (fo=0)                   0.000    10.000    u_mmcm/inst/clk_in1
    R4                   IBUF (Prop_ibuf_I_O)         1.353    11.353 r  u_mmcm/inst/clkin1_ibufg/O
                         net (fo=1, routed)           1.004    12.357    u_mmcm/inst/clk_in1_clk_wiz_0
    MMCME2_ADV_X1Y2      MMCME2_ADV (Prop_mmcme2_adv_CLKIN1_CLKOUT1)
                                                     -6.399     5.957 r  u_mmcm/inst/mmcm_adv_inst/CLKOUT1
                         net (fo=1, routed)           1.452     7.410    u_mmcm/inst/clk_out2_clk_wiz_0
    BUFGCTRL_X0Y0        BUFG (Prop_bufg_I_O)         0.077     7.487 r  u_mmcm/inst/clkout2_buf/O
                         net (fo=1237, routed)        1.280     8.767    u_data_rx_dual/u_panel0/CLK
    SLICE_X52Y181        FDCE                                         r  u_data_rx_dual/u_panel0/sync_d1_reg/C
                         clock pessimism              0.329     9.096    
                         clock uncertainty           -0.088     9.008    
    SLICE_X52Y181        FDCE (Recov_fdce_C_CLR)     -0.258     8.750    u_data_rx_dual/u_panel0/sync_d1_reg
  -------------------------------------------------------------------
                         required time                          8.750    
                         arrival time                          -5.574    
  -------------------------------------------------------------------
                         slack                                  3.176    

Slack (MET) :             3.181ns  (required time - arrival time)
  Source:                 rst_sync2_100m_reg/C
                            (rising edge-triggered cell FDCE clocked by clk_out2_clk_wiz_0  {rise@0.000ns fall@5.000ns period=10.000ns})
  Destination:            u_data_rx_dual/u_panel1/burst_cnt_reg[1]/CLR
                            (recovery check against rising-edge clock clk_out2_clk_wiz_0  {rise@0.000ns fall@5.000ns period=10.000ns})
  Path Group:             **async_default**
  Path Type:              Recovery (Max at Slow Process Corner)
  Requirement:            10.000ns  (clk_out2_clk_wiz_0 rise@10.000ns - clk_out2_clk_wiz_0 rise@0.000ns)
  Data Path Delay:        6.302ns  (logic 0.484ns (7.680%)  route 5.818ns (92.320%))
  Logic Levels:           1  (LUT1=1)
  Clock Path Skew:        -0.137ns (DCD - SCD + CPR)
    Destination Clock Delay (DCD):    -1.228ns = ( 8.772 - 10.000 ) 
    Source Clock Delay      (SCD):    -0.762ns
    Clock Pessimism Removal (CPR):    0.329ns
  Clock Uncertainty:      0.088ns  ((TSJ^2 + DJ^2)^1/2) / 2 + PE
    Total System Jitter     (TSJ):    0.071ns
    Discrete Jitter          (DJ):    0.162ns
    Phase Error              (PE):    0.000ns

    Location             Delay type                Incr(ns)  Path(ns)    Netlist Resource(s)
  -------------------------------------------------------------------    -------------------
                         (clock clk_out2_clk_wiz_0 rise edge)
                                                      0.000     0.000 r  
    R4                                                0.000     0.000 r  sys_clk (IN)
                         net (fo=0)                   0.000     0.000    u_mmcm/inst/clk_in1
    R4                   IBUF (Prop_ibuf_I_O)         1.419     1.419 r  u_mmcm/inst/clkin1_ibufg/O
                         net (fo=1, routed)           1.065     2.484    u_mmcm/inst/clk_in1_clk_wiz_0
    MMCME2_ADV_X1Y2      MMCME2_ADV (Prop_mmcme2_adv_CLKIN1_CLKOUT1)
                                                     -6.273    -3.789 r  u_mmcm/inst/mmcm_adv_inst/CLKOUT1
                         net (fo=1, routed)           1.524    -2.265    u_mmcm/inst/clk_out2_clk_wiz_0
    BUFGCTRL_X0Y0        BUFG (Prop_bufg_I_O)         0.081    -2.184 r  u_mmcm/inst/clkout2_buf/O
                         net (fo=1237, routed)        1.422    -0.762    clk_100m
    SLICE_X110Y143       FDCE                                         r  rst_sync2_100m_reg/C
  -------------------------------------------------------------------    -------------------
    SLICE_X110Y143       FDCE (Prop_fdce_C_Q)         0.379    -0.383 r  rst_sync2_100m_reg/Q
                         net (fo=4, routed)           0.564     0.181    u_data_rx_dual/u_panel0/rst_sync2_100m
    SLICE_X110Y143       LUT1 (Prop_lut1_I0_O)        0.105     0.286 f  u_data_rx_dual/u_panel0/FSM_sequential_state[2]_i_2__0/O
                         net (fo=1196, routed)        5.254     5.540    u_data_rx_dual/u_panel1/state_reg[2]_0
    SLICE_X42Y188        FDCE                                         f  u_data_rx_dual/u_panel1/burst_cnt_reg[1]/CLR
  -------------------------------------------------------------------    -------------------

                         (clock clk_out2_clk_wiz_0 rise edge)
                                                     10.000    10.000 r  
    R4                                                0.000    10.000 r  sys_clk (IN)
                         net (fo=0)                   0.000    10.000    u_mmcm/inst/clk_in1
    R4                   IBUF (Prop_ibuf_I_O)         1.353    11.353 r  u_mmcm/inst/clkin1_ibufg/O
                         net (fo=1, routed)           1.004    12.357    u_mmcm/inst/clk_in1_clk_wiz_0
    MMCME2_ADV_X1Y2      MMCME2_ADV (Prop_mmcme2_adv_CLKIN1_CLKOUT1)
                                                     -6.399     5.957 r  u_mmcm/inst/mmcm_adv_inst/CLKOUT1
                         net (fo=1, routed)           1.452     7.410    u_mmcm/inst/clk_out2_clk_wiz_0
    BUFGCTRL_X0Y0        BUFG (Prop_bufg_I_O)         0.077     7.487 r  u_mmcm/inst/clkout2_buf/O
                         net (fo=1237, routed)        1.285     8.772    u_data_rx_dual/u_panel1/CLK
    SLICE_X42Y188        FDCE                                         r  u_data_rx_dual/u_panel1/burst_cnt_reg[1]/C
                         clock pessimism              0.329     9.101    
                         clock uncertainty           -0.088     9.013    
    SLICE_X42Y188        FDCE (Recov_fdce_C_CLR)     -0.292     8.721    u_data_rx_dual/u_panel1/burst_cnt_reg[1]
  -------------------------------------------------------------------
                         required time                          8.721    
                         arrival time                          -5.540    
  -------------------------------------------------------------------
                         slack                                  3.181    





Min Delay Paths
--------------------------------------------------------------------------------------
Slack (MET) :             0.686ns  (arrival time - required time)
  Source:                 rst_sync2_100m_reg/C
                            (rising edge-triggered cell FDCE clocked by clk_out2_clk_wiz_0  {rise@0.000ns fall@5.000ns period=10.000ns})
  Destination:            u_data_rx_dual/p0_captured_reg/CLR
                            (removal check against rising-edge clock clk_out2_clk_wiz_0  {rise@0.000ns fall@5.000ns period=10.000ns})
  Path Group:             **async_default**
  Path Type:              Removal (Min at Fast Process Corner)
  Requirement:            0.000ns  (clk_out2_clk_wiz_0 rise@0.000ns - clk_out2_clk_wiz_0 rise@0.000ns)
  Data Path Delay:        0.607ns  (logic 0.186ns (30.630%)  route 0.421ns (69.370%))
  Logic Levels:           1  (LUT1=1)
  Clock Path Skew:        0.013ns (DCD - SCD - CPR)
    Destination Clock Delay (DCD):    -0.939ns
    Source Clock Delay      (SCD):    -0.696ns
    Clock Pessimism Removal (CPR):    -0.256ns

    Location             Delay type                Incr(ns)  Path(ns)    Netlist Resource(s)
  -------------------------------------------------------------------    -------------------
                         (clock clk_out2_clk_wiz_0 rise edge)
                                                      0.000     0.000 r  
    R4                                                0.000     0.000 r  sys_clk (IN)
                         net (fo=0)                   0.000     0.000    u_mmcm/inst/clk_in1
    R4                   IBUF (Prop_ibuf_I_O)         0.256     0.256 r  u_mmcm/inst/clkin1_ibufg/O
                         net (fo=1, routed)           0.440     0.696    u_mmcm/inst/clk_in1_clk_wiz_0
    MMCME2_ADV_X1Y2      MMCME2_ADV (Prop_mmcme2_adv_CLKIN1_CLKOUT1)
                                                     -2.540    -1.844 r  u_mmcm/inst/mmcm_adv_inst/CLKOUT1
                         net (fo=1, routed)           0.531    -1.313    u_mmcm/inst/clk_out2_clk_wiz_0
    BUFGCTRL_X0Y0        BUFG (Prop_bufg_I_O)         0.026    -1.287 r  u_mmcm/inst/clkout2_buf/O
                         net (fo=1237, routed)        0.591    -0.696    clk_100m
    SLICE_X110Y143       FDCE                                         r  rst_sync2_100m_reg/C
  -------------------------------------------------------------------    -------------------
    SLICE_X110Y143       FDCE (Prop_fdce_C_Q)         0.141    -0.555 r  rst_sync2_100m_reg/Q
                         net (fo=4, routed)           0.242    -0.313    u_data_rx_dual/u_panel0/rst_sync2_100m
    SLICE_X110Y143       LUT1 (Prop_lut1_I0_O)        0.045    -0.268 f  u_data_rx_dual/u_panel0/FSM_sequential_state[2]_i_2__0/O
                         net (fo=1196, routed)        0.179    -0.089    u_data_rx_dual/rst_sync2_100m_reg
    SLICE_X111Y143       FDCE                                         f  u_data_rx_dual/p0_captured_reg/CLR
  -------------------------------------------------------------------    -------------------

                         (clock clk_out2_clk_wiz_0 rise edge)
                                                      0.000     0.000 r  
    R4                                                0.000     0.000 r  sys_clk (IN)
                         net (fo=0)                   0.000     0.000    u_mmcm/inst/clk_in1
    R4                   IBUF (Prop_ibuf_I_O)         0.444     0.444 r  u_mmcm/inst/clkin1_ibufg/O
                         net (fo=1, routed)           0.480     0.924    u_mmcm/inst/clk_in1_clk_wiz_0
    MMCME2_ADV_X1Y2      MMCME2_ADV (Prop_mmcme2_adv_CLKIN1_CLKOUT1)
                                                     -3.332    -2.409 r  u_mmcm/inst/mmcm_adv_inst/CLKOUT1
                         net (fo=1, routed)           0.579    -1.830    u_mmcm/inst/clk_out2_clk_wiz_0
    BUFGCTRL_X0Y0        BUFG (Prop_bufg_I_O)         0.029    -1.801 r  u_mmcm/inst/clkout2_buf/O
                         net (fo=1237, routed)        0.862    -0.939    u_data_rx_dual/CLK
    SLICE_X111Y143       FDCE                                         r  u_data_rx_dual/p0_captured_reg/C
                         clock pessimism              0.256    -0.683    
    SLICE_X111Y143       FDCE (Remov_fdce_C_CLR)     -0.092    -0.775    u_data_rx_dual/p0_captured_reg
  -------------------------------------------------------------------
                         required time                          0.775    
                         arrival time                          -0.089    
  -------------------------------------------------------------------
                         slack                                  0.686    

Slack (MET) :             0.686ns  (arrival time - required time)
  Source:                 rst_sync2_100m_reg/C
                            (rising edge-triggered cell FDCE clocked by clk_out2_clk_wiz_0  {rise@0.000ns fall@5.000ns period=10.000ns})
  Destination:            u_data_rx_dual/p1_captured_reg/CLR
                            (removal check against rising-edge clock clk_out2_clk_wiz_0  {rise@0.000ns fall@5.000ns period=10.000ns})
  Path Group:             **async_default**
  Path Type:              Removal (Min at Fast Process Corner)
  Requirement:            0.000ns  (clk_out2_clk_wiz_0 rise@0.000ns - clk_out2_clk_wiz_0 rise@0.000ns)
  Data Path Delay:        0.607ns  (logic 0.186ns (30.630%)  route 0.421ns (69.370%))
  Logic Levels:           1  (LUT1=1)
  Clock Path Skew:        0.013ns (DCD - SCD - CPR)
    Destination Clock Delay (DCD):    -0.939ns
    Source Clock Delay      (SCD):    -0.696ns
    Clock Pessimism Removal (CPR):    -0.256ns

    Location             Delay type                Incr(ns)  Path(ns)    Netlist Resource(s)
  -------------------------------------------------------------------    -------------------
                         (clock clk_out2_clk_wiz_0 rise edge)
                                                      0.000     0.000 r  
    R4                                                0.000     0.000 r  sys_clk (IN)
                         net (fo=0)                   0.000     0.000    u_mmcm/inst/clk_in1
    R4                   IBUF (Prop_ibuf_I_O)         0.256     0.256 r  u_mmcm/inst/clkin1_ibufg/O
                         net (fo=1, routed)           0.440     0.696    u_mmcm/inst/clk_in1_clk_wiz_0
    MMCME2_ADV_X1Y2      MMCME2_ADV (Prop_mmcme2_adv_CLKIN1_CLKOUT1)
                                                     -2.540    -1.844 r  u_mmcm/inst/mmcm_adv_inst/CLKOUT1
                         net (fo=1, routed)           0.531    -1.313    u_mmcm/inst/clk_out2_clk_wiz_0
    BUFGCTRL_X0Y0        BUFG (Prop_bufg_I_O)         0.026    -1.287 r  u_mmcm/inst/clkout2_buf/O
                         net (fo=1237, routed)        0.591    -0.696    clk_100m
    SLICE_X110Y143       FDCE                                         r  rst_sync2_100m_reg/C
  -------------------------------------------------------------------    -------------------
    SLICE_X110Y143       FDCE (Prop_fdce_C_Q)         0.141    -0.555 r  rst_sync2_100m_reg/Q
                         net (fo=4, routed)           0.242    -0.313    u_data_rx_dual/u_panel0/rst_sync2_100m
    SLICE_X110Y143       LUT1 (Prop_lut1_I0_O)        0.045    -0.268 f  u_data_rx_dual/u_panel0/FSM_sequential_state[2]_i_2__0/O
                         net (fo=1196, routed)        0.179    -0.089    u_data_rx_dual/rst_sync2_100m_reg
    SLICE_X111Y143       FDCE                                         f  u_data_rx_dual/p1_captured_reg/CLR
  -------------------------------------------------------------------    -------------------

                         (clock clk_out2_clk_wiz_0 rise edge)
                                                      0.000     0.000 r  
    R4                                                0.000     0.000 r  sys_clk (IN)
                         net (fo=0)                   0.000     0.000    u_mmcm/inst/clk_in1
    R4                   IBUF (Prop_ibuf_I_O)         0.444     0.444 r  u_mmcm/inst/clkin1_ibufg/O
                         net (fo=1, routed)           0.480     0.924    u_mmcm/inst/clk_in1_clk_wiz_0
    MMCME2_ADV_X1Y2      MMCME2_ADV (Prop_mmcme2_adv_CLKIN1_CLKOUT1)
                                                     -3.332    -2.409 r  u_mmcm/inst/mmcm_adv_inst/CLKOUT1
                         net (fo=1, routed)           0.579    -1.830    u_mmcm/inst/clk_out2_clk_wiz_0
    BUFGCTRL_X0Y0        BUFG (Prop_bufg_I_O)         0.029    -1.801 r  u_mmcm/inst/clkout2_buf/O
                         net (fo=1237, routed)        0.862    -0.939    u_data_rx_dual/CLK
    SLICE_X111Y143       FDCE                                         r  u_data_rx_dual/p1_captured_reg/C
                         clock pessimism              0.256    -0.683    
    SLICE_X111Y143       FDCE (Remov_fdce_C_CLR)     -0.092    -0.775    u_data_rx_dual/p1_captured_reg
  -------------------------------------------------------------------
                         required time                          0.775    
                         arrival time                          -0.089    
  -------------------------------------------------------------------
                         slack                                  0.686    

Slack (MET) :             0.692ns  (arrival time - required time)
  Source:                 rst_sync2_100m_reg/C
                            (rising edge-triggered cell FDCE clocked by clk_out2_clk_wiz_0  {rise@0.000ns fall@5.000ns period=10.000ns})
  Destination:            u_data_rx_dual/u_panel0/lane_a_shift_reg[31]/CLR
                            (removal check against rising-edge clock clk_out2_clk_wiz_0  {rise@0.000ns fall@5.000ns period=10.000ns})
  Path Group:             **async_default**
  Path Type:              Removal (Min at Fast Process Corner)
  Requirement:            0.000ns  (clk_out2_clk_wiz_0 rise@0.000ns - clk_out2_clk_wiz_0 rise@0.000ns)
  Data Path Delay:        0.616ns  (logic 0.186ns (30.197%)  route 0.430ns (69.803%))
  Logic Levels:           1  (LUT1=1)
  Clock Path Skew:        0.016ns (DCD - SCD - CPR)
    Destination Clock Delay (DCD):    -0.939ns
    Source Clock Delay      (SCD):    -0.696ns
    Clock Pessimism Removal (CPR):    -0.259ns

    Location             Delay type                Incr(ns)  Path(ns)    Netlist Resource(s)
  -------------------------------------------------------------------    -------------------
                         (clock clk_out2_clk_wiz_0 rise edge)
                                                      0.000     0.000 r  
    R4                                                0.000     0.000 r  sys_clk (IN)
                         net (fo=0)                   0.000     0.000    u_mmcm/inst/clk_in1
    R4                   IBUF (Prop_ibuf_I_O)         0.256     0.256 r  u_mmcm/inst/clkin1_ibufg/O
                         net (fo=1, routed)           0.440     0.696    u_mmcm/inst/clk_in1_clk_wiz_0
    MMCME2_ADV_X1Y2      MMCME2_ADV (Prop_mmcme2_adv_CLKIN1_CLKOUT1)
                                                     -2.540    -1.844 r  u_mmcm/inst/mmcm_adv_inst/CLKOUT1
                         net (fo=1, routed)           0.531    -1.313    u_mmcm/inst/clk_out2_clk_wiz_0
    BUFGCTRL_X0Y0        BUFG (Prop_bufg_I_O)         0.026    -1.287 r  u_mmcm/inst/clkout2_buf/O
                         net (fo=1237, routed)        0.591    -0.696    clk_100m
    SLICE_X110Y143       FDCE                                         r  rst_sync2_100m_reg/C
  -------------------------------------------------------------------    -------------------
    SLICE_X110Y143       FDCE (Prop_fdce_C_Q)         0.141    -0.555 r  rst_sync2_100m_reg/Q
                         net (fo=4, routed)           0.242    -0.313    u_data_rx_dual/u_panel0/rst_sync2_100m
    SLICE_X110Y143       LUT1 (Prop_lut1_I0_O)        0.045    -0.268 f  u_data_rx_dual/u_panel0/FSM_sequential_state[2]_i_2__0/O
                         net (fo=1196, routed)        0.188    -0.080    u_data_rx_dual/u_panel0/rst_sync2_100m_reg
    SLICE_X109Y143       FDCE                                         f  u_data_rx_dual/u_panel0/lane_a_shift_reg[31]/CLR
  -------------------------------------------------------------------    -------------------

                         (clock clk_out2_clk_wiz_0 rise edge)
                                                      0.000     0.000 r  
    R4                                                0.000     0.000 r  sys_clk (IN)
                         net (fo=0)                   0.000     0.000    u_mmcm/inst/clk_in1
    R4                   IBUF (Prop_ibuf_I_O)         0.444     0.444 r  u_mmcm/inst/clkin1_ibufg/O
                         net (fo=1, routed)           0.480     0.924    u_mmcm/inst/clk_in1_clk_wiz_0
    MMCME2_ADV_X1Y2      MMCME2_ADV (Prop_mmcme2_adv_CLKIN1_CLKOUT1)
                                                     -3.332    -2.409 r  u_mmcm/inst/mmcm_adv_inst/CLKOUT1
                         net (fo=1, routed)           0.579    -1.830    u_mmcm/inst/clk_out2_clk_wiz_0
    BUFGCTRL_X0Y0        BUFG (Prop_bufg_I_O)         0.029    -1.801 r  u_mmcm/inst/clkout2_buf/O
                         net (fo=1237, routed)        0.862    -0.939    u_data_rx_dual/u_panel0/CLK
    SLICE_X109Y143       FDCE                                         r  u_data_rx_dual/u_panel0/lane_a_shift_reg[31]/C
                         clock pessimism              0.259    -0.680    
    SLICE_X109Y143       FDCE (Remov_fdce_C_CLR)     -0.092    -0.772    u_data_rx_dual/u_panel0/lane_a_shift_reg[31]
  -------------------------------------------------------------------
                         required time                          0.772    
                         arrival time                          -0.080    
  -------------------------------------------------------------------
                         slack                                  0.692    

Slack (MET) :             0.692ns  (arrival time - required time)
  Source:                 rst_sync2_100m_reg/C
                            (rising edge-triggered cell FDCE clocked by clk_out2_clk_wiz_0  {rise@0.000ns fall@5.000ns period=10.000ns})
  Destination:            u_data_rx_dual/u_panel0/lane_a_shift_reg[32]/CLR
                            (removal check against rising-edge clock clk_out2_clk_wiz_0  {rise@0.000ns fall@5.000ns period=10.000ns})
  Path Group:             **async_default**
  Path Type:              Removal (Min at Fast Process Corner)
  Requirement:            0.000ns  (clk_out2_clk_wiz_0 rise@0.000ns - clk_out2_clk_wiz_0 rise@0.000ns)
  Data Path Delay:        0.616ns  (logic 0.186ns (30.197%)  route 0.430ns (69.803%))
  Logic Levels:           1  (LUT1=1)
  Clock Path Skew:        0.016ns (DCD - SCD - CPR)
    Destination Clock Delay (DCD):    -0.939ns
    Source Clock Delay      (SCD):    -0.696ns
    Clock Pessimism Removal (CPR):    -0.259ns

    Location             Delay type                Incr(ns)  Path(ns)    Netlist Resource(s)
  -------------------------------------------------------------------    -------------------
                         (clock clk_out2_clk_wiz_0 rise edge)
                                                      0.000     0.000 r  
    R4                                                0.000     0.000 r  sys_clk (IN)
                         net (fo=0)                   0.000     0.000    u_mmcm/inst/clk_in1
    R4                   IBUF (Prop_ibuf_I_O)         0.256     0.256 r  u_mmcm/inst/clkin1_ibufg/O
                         net (fo=1, routed)           0.440     0.696    u_mmcm/inst/clk_in1_clk_wiz_0
    MMCME2_ADV_X1Y2      MMCME2_ADV (Prop_mmcme2_adv_CLKIN1_CLKOUT1)
                                                     -2.540    -1.844 r  u_mmcm/inst/mmcm_adv_inst/CLKOUT1
                         net (fo=1, routed)           0.531    -1.313    u_mmcm/inst/clk_out2_clk_wiz_0
    BUFGCTRL_X0Y0        BUFG (Prop_bufg_I_O)         0.026    -1.287 r  u_mmcm/inst/clkout2_buf/O
                         net (fo=1237, routed)        0.591    -0.696    clk_100m
    SLICE_X110Y143       FDCE                                         r  rst_sync2_100m_reg/C
  -------------------------------------------------------------------    -------------------
    SLICE_X110Y143       FDCE (Prop_fdce_C_Q)         0.141    -0.555 r  rst_sync2_100m_reg/Q
                         net (fo=4, routed)           0.242    -0.313    u_data_rx_dual/u_panel0/rst_sync2_100m
    SLICE_X110Y143       LUT1 (Prop_lut1_I0_O)        0.045    -0.268 f  u_data_rx_dual/u_panel0/FSM_sequential_state[2]_i_2__0/O
                         net (fo=1196, routed)        0.188    -0.080    u_data_rx_dual/u_panel0/rst_sync2_100m_reg
    SLICE_X109Y143       FDCE                                         f  u_data_rx_dual/u_panel0/lane_a_shift_reg[32]/CLR
  -------------------------------------------------------------------    -------------------

                         (clock clk_out2_clk_wiz_0 rise edge)
                                                      0.000     0.000 r  
    R4                                                0.000     0.000 r  sys_clk (IN)
                         net (fo=0)                   0.000     0.000    u_mmcm/inst/clk_in1
    R4                   IBUF (Prop_ibuf_I_O)         0.444     0.444 r  u_mmcm/inst/clkin1_ibufg/O
                         net (fo=1, routed)           0.480     0.924    u_mmcm/inst/clk_in1_clk_wiz_0
    MMCME2_ADV_X1Y2      MMCME2_ADV (Prop_mmcme2_adv_CLKIN1_CLKOUT1)
                                                     -3.332    -2.409 r  u_mmcm/inst/mmcm_adv_inst/CLKOUT1
                         net (fo=1, routed)           0.579    -1.830    u_mmcm/inst/clk_out2_clk_wiz_0
    BUFGCTRL_X0Y0        BUFG (Prop_bufg_I_O)         0.029    -1.801 r  u_mmcm/inst/clkout2_buf/O
                         net (fo=1237, routed)        0.862    -0.939    u_data_rx_dual/u_panel0/CLK
    SLICE_X109Y143       FDCE                                         r  u_data_rx_dual/u_panel0/lane_a_shift_reg[32]/C
                         clock pessimism              0.259    -0.680    
    SLICE_X109Y143       FDCE (Remov_fdce_C_CLR)     -0.092    -0.772    u_data_rx_dual/u_panel0/lane_a_shift_reg[32]
  -------------------------------------------------------------------
                         required time                          0.772    
                         arrival time                          -0.080    
  -------------------------------------------------------------------
                         slack                                  0.692    

Slack (MET) :             0.698ns  (arrival time - required time)
  Source:                 rst_sync2_100m_reg/C
                            (rising edge-triggered cell FDCE clocked by clk_out2_clk_wiz_0  {rise@0.000ns fall@5.000ns period=10.000ns})
  Destination:            u_data_rx_dual/u_panel0/merged_burst_reg[63]/CLR
                            (removal check against rising-edge clock clk_out2_clk_wiz_0  {rise@0.000ns fall@5.000ns period=10.000ns})
  Path Group:             **async_default**
  Path Type:              Removal (Min at Fast Process Corner)
  Requirement:            0.000ns  (clk_out2_clk_wiz_0 rise@0.000ns - clk_out2_clk_wiz_0 rise@0.000ns)
  Data Path Delay:        0.641ns  (logic 0.186ns (29.011%)  route 0.455ns (70.989%))
  Logic Levels:           1  (LUT1=1)
  Clock Path Skew:        0.035ns (DCD - SCD - CPR)
    Destination Clock Delay (DCD):    -0.941ns
    Source Clock Delay      (SCD):    -0.696ns
    Clock Pessimism Removal (CPR):    -0.280ns

    Location             Delay type                Incr(ns)  Path(ns)    Netlist Resource(s)
  -------------------------------------------------------------------    -------------------
                         (clock clk_out2_clk_wiz_0 rise edge)
                                                      0.000     0.000 r  
    R4                                                0.000     0.000 r  sys_clk (IN)
                         net (fo=0)                   0.000     0.000    u_mmcm/inst/clk_in1
    R4                   IBUF (Prop_ibuf_I_O)         0.256     0.256 r  u_mmcm/inst/clkin1_ibufg/O
                         net (fo=1, routed)           0.440     0.696    u_mmcm/inst/clk_in1_clk_wiz_0
    MMCME2_ADV_X1Y2      MMCME2_ADV (Prop_mmcme2_adv_CLKIN1_CLKOUT1)
                                                     -2.540    -1.844 r  u_mmcm/inst/mmcm_adv_inst/CLKOUT1
                         net (fo=1, routed)           0.531    -1.313    u_mmcm/inst/clk_out2_clk_wiz_0
    BUFGCTRL_X0Y0        BUFG (Prop_bufg_I_O)         0.026    -1.287 r  u_mmcm/inst/clkout2_buf/O
                         net (fo=1237, routed)        0.591    -0.696    clk_100m
    SLICE_X110Y143       FDCE                                         r  rst_sync2_100m_reg/C
  -------------------------------------------------------------------    -------------------
    SLICE_X110Y143       FDCE (Prop_fdce_C_Q)         0.141    -0.555 r  rst_sync2_100m_reg/Q
                         net (fo=4, routed)           0.242    -0.313    u_data_rx_dual/u_panel0/rst_sync2_100m
    SLICE_X110Y143       LUT1 (Prop_lut1_I0_O)        0.045    -0.268 f  u_data_rx_dual/u_panel0/FSM_sequential_state[2]_i_2__0/O
                         net (fo=1196, routed)        0.213    -0.055    u_data_rx_dual/u_panel0/rst_sync2_100m_reg
    SLICE_X106Y143       FDCE                                         f  u_data_rx_dual/u_panel0/merged_burst_reg[63]/CLR
  -------------------------------------------------------------------    -------------------

                         (clock clk_out2_clk_wiz_0 rise edge)
                                                      0.000     0.000 r  
    R4                                                0.000     0.000 r  sys_clk (IN)
                         net (fo=0)                   0.000     0.000    u_mmcm/inst/clk_in1
    R4                   IBUF (Prop_ibuf_I_O)         0.444     0.444 r  u_mmcm/inst/clkin1_ibufg/O
                         net (fo=1, routed)           0.480     0.924    u_mmcm/inst/clk_in1_clk_wiz_0
    MMCME2_ADV_X1Y2      MMCME2_ADV (Prop_mmcme2_adv_CLKIN1_CLKOUT1)
                                                     -3.332    -2.409 r  u_mmcm/inst/mmcm_adv_inst/CLKOUT1
                         net (fo=1, routed)           0.579    -1.830    u_mmcm/inst/clk_out2_clk_wiz_0
    BUFGCTRL_X0Y0        BUFG (Prop_bufg_I_O)         0.029    -1.801 r  u_mmcm/inst/clkout2_buf/O
                         net (fo=1237, routed)        0.860    -0.941    u_data_rx_dual/u_panel0/CLK
    SLICE_X106Y143       FDCE                                         r  u_data_rx_dual/u_panel0/merged_burst_reg[63]/C
                         clock pessimism              0.280    -0.661    
    SLICE_X106Y143       FDCE (Remov_fdce_C_CLR)     -0.092    -0.753    u_data_rx_dual/u_panel0/merged_burst_reg[63]
  -------------------------------------------------------------------
                         required time                          0.753    
                         arrival time                          -0.055    
  -------------------------------------------------------------------
                         slack                                  0.698    

Slack (MET) :             0.699ns  (arrival time - required time)
  Source:                 rst_sync2_100m_reg/C
                            (rising edge-triggered cell FDCE clocked by clk_out2_clk_wiz_0  {rise@0.000ns fall@5.000ns period=10.000ns})
  Destination:            u_data_rx_dual/merged_burst_reg[144]/CLR
                            (removal check against rising-edge clock clk_out2_clk_wiz_0  {rise@0.000ns fall@5.000ns period=10.000ns})
  Path Group:             **async_default**
  Path Type:              Removal (Min at Fast Process Corner)
  Requirement:            0.000ns  (clk_out2_clk_wiz_0 rise@0.000ns - clk_out2_clk_wiz_0 rise@0.000ns)
  Data Path Delay:        0.875ns  (logic 0.186ns (21.262%)  route 0.689ns (78.738%))
  Logic Levels:           1  (LUT1=1)
  Clock Path Skew:        0.268ns (DCD - SCD - CPR)
    Destination Clock Delay (DCD):    -0.942ns
    Source Clock Delay      (SCD):    -0.696ns
    Clock Pessimism Removal (CPR):    -0.514ns

    Location             Delay type                Incr(ns)  Path(ns)    Netlist Resource(s)
  -------------------------------------------------------------------    -------------------
                         (clock clk_out2_clk_wiz_0 rise edge)
                                                      0.000     0.000 r  
    R4                                                0.000     0.000 r  sys_clk (IN)
                         net (fo=0)                   0.000     0.000    u_mmcm/inst/clk_in1
    R4                   IBUF (Prop_ibuf_I_O)         0.256     0.256 r  u_mmcm/inst/clkin1_ibufg/O
                         net (fo=1, routed)           0.440     0.696    u_mmcm/inst/clk_in1_clk_wiz_0
    MMCME2_ADV_X1Y2      MMCME2_ADV (Prop_mmcme2_adv_CLKIN1_CLKOUT1)
                                                     -2.540    -1.844 r  u_mmcm/inst/mmcm_adv_inst/CLKOUT1
                         net (fo=1, routed)           0.531    -1.313    u_mmcm/inst/clk_out2_clk_wiz_0
    BUFGCTRL_X0Y0        BUFG (Prop_bufg_I_O)         0.026    -1.287 r  u_mmcm/inst/clkout2_buf/O
                         net (fo=1237, routed)        0.591    -0.696    clk_100m
    SLICE_X110Y143       FDCE                                         r  rst_sync2_100m_reg/C
  -------------------------------------------------------------------    -------------------
    SLICE_X110Y143       FDCE (Prop_fdce_C_Q)         0.141    -0.555 r  rst_sync2_100m_reg/Q
                         net (fo=4, routed)           0.242    -0.313    u_data_rx_dual/u_panel0/rst_sync2_100m
    SLICE_X110Y143       LUT1 (Prop_lut1_I0_O)        0.045    -0.268 f  u_data_rx_dual/u_panel0/FSM_sequential_state[2]_i_2__0/O
                         net (fo=1196, routed)        0.446     0.179    u_data_rx_dual/rst_sync2_100m_reg
    SLICE_X106Y150       FDCE                                         f  u_data_rx_dual/merged_burst_reg[144]/CLR
  -------------------------------------------------------------------    -------------------

                         (clock clk_out2_clk_wiz_0 rise edge)
                                                      0.000     0.000 r  
    R4                                                0.000     0.000 r  sys_clk (IN)
                         net (fo=0)                   0.000     0.000    u_mmcm/inst/clk_in1
    R4                   IBUF (Prop_ibuf_I_O)         0.444     0.444 r  u_mmcm/inst/clkin1_ibufg/O
                         net (fo=1, routed)           0.480     0.924    u_mmcm/inst/clk_in1_clk_wiz_0
    MMCME2_ADV_X1Y2      MMCME2_ADV (Prop_mmcme2_adv_CLKIN1_CLKOUT1)
                                                     -3.332    -2.409 r  u_mmcm/inst/mmcm_adv_inst/CLKOUT1
                         net (fo=1, routed)           0.579    -1.830    u_mmcm/inst/clk_out2_clk_wiz_0
    BUFGCTRL_X0Y0        BUFG (Prop_bufg_I_O)         0.029    -1.801 r  u_mmcm/inst/clkout2_buf/O
                         net (fo=1237, routed)        0.859    -0.942    u_data_rx_dual/CLK
    SLICE_X106Y150       FDCE                                         r  u_data_rx_dual/merged_burst_reg[144]/C
                         clock pessimism              0.514    -0.428    
    SLICE_X106Y150       FDCE (Remov_fdce_C_CLR)     -0.092    -0.520    u_data_rx_dual/merged_burst_reg[144]
  -------------------------------------------------------------------
                         required time                          0.520    
                         arrival time                           0.179    
  -------------------------------------------------------------------
                         slack                                  0.699    

Slack (MET) :             0.735ns  (arrival time - required time)
  Source:                 rst_sync2_100m_reg/C
                            (rising edge-triggered cell FDCE clocked by clk_out2_clk_wiz_0  {rise@0.000ns fall@5.000ns period=10.000ns})
  Destination:            u_data_rx_dual/u_panel0/lane_a_shift_reg[23]/CLR
                            (removal check against rising-edge clock clk_out2_clk_wiz_0  {rise@0.000ns fall@5.000ns period=10.000ns})
  Path Group:             **async_default**
  Path Type:              Removal (Min at Fast Process Corner)
  Requirement:            0.000ns  (clk_out2_clk_wiz_0 rise@0.000ns - clk_out2_clk_wiz_0 rise@0.000ns)
  Data Path Delay:        0.683ns  (logic 0.186ns (27.249%)  route 0.497ns (72.751%))
  Logic Levels:           1  (LUT1=1)
  Clock Path Skew:        0.015ns (DCD - SCD - CPR)
    Destination Clock Delay (DCD):    -0.940ns
    Source Clock Delay      (SCD):    -0.696ns
    Clock Pessimism Removal (CPR):    -0.259ns

    Location             Delay type                Incr(ns)  Path(ns)    Netlist Resource(s)
  -------------------------------------------------------------------    -------------------
                         (clock clk_out2_clk_wiz_0 rise edge)
                                                      0.000     0.000 r  
    R4                                                0.000     0.000 r  sys_clk (IN)
                         net (fo=0)                   0.000     0.000    u_mmcm/inst/clk_in1
    R4                   IBUF (Prop_ibuf_I_O)         0.256     0.256 r  u_mmcm/inst/clkin1_ibufg/O
                         net (fo=1, routed)           0.440     0.696    u_mmcm/inst/clk_in1_clk_wiz_0
    MMCME2_ADV_X1Y2      MMCME2_ADV (Prop_mmcme2_adv_CLKIN1_CLKOUT1)
                                                     -2.540    -1.844 r  u_mmcm/inst/mmcm_adv_inst/CLKOUT1
                         net (fo=1, routed)           0.531    -1.313    u_mmcm/inst/clk_out2_clk_wiz_0
    BUFGCTRL_X0Y0        BUFG (Prop_bufg_I_O)         0.026    -1.287 r  u_mmcm/inst/clkout2_buf/O
                         net (fo=1237, routed)        0.591    -0.696    clk_100m
    SLICE_X110Y143       FDCE                                         r  rst_sync2_100m_reg/C
  -------------------------------------------------------------------    -------------------
    SLICE_X110Y143       FDCE (Prop_fdce_C_Q)         0.141    -0.555 r  rst_sync2_100m_reg/Q
                         net (fo=4, routed)           0.242    -0.313    u_data_rx_dual/u_panel0/rst_sync2_100m
    SLICE_X110Y143       LUT1 (Prop_lut1_I0_O)        0.045    -0.268 f  u_data_rx_dual/u_panel0/FSM_sequential_state[2]_i_2__0/O
                         net (fo=1196, routed)        0.254    -0.014    u_data_rx_dual/u_panel0/rst_sync2_100m_reg
    SLICE_X108Y141       FDCE                                         f  u_data_rx_dual/u_panel0/lane_a_shift_reg[23]/CLR
  -------------------------------------------------------------------    -------------------

                         (clock clk_out2_clk_wiz_0 rise edge)
                                                      0.000     0.000 r  
    R4                                                0.000     0.000 r  sys_clk (IN)
                         net (fo=0)                   0.000     0.000    u_mmcm/inst/clk_in1
    R4                   IBUF (Prop_ibuf_I_O)         0.444     0.444 r  u_mmcm/inst/clkin1_ibufg/O
                         net (fo=1, routed)           0.480     0.924    u_mmcm/inst/clk_in1_clk_wiz_0
    MMCME2_ADV_X1Y2      MMCME2_ADV (Prop_mmcme2_adv_CLKIN1_CLKOUT1)
                                                     -3.332    -2.409 r  u_mmcm/inst/mmcm_adv_inst/CLKOUT1
                         net (fo=1, routed)           0.579    -1.830    u_mmcm/inst/clk_out2_clk_wiz_0
    BUFGCTRL_X0Y0        BUFG (Prop_bufg_I_O)         0.029    -1.801 r  u_mmcm/inst/clkout2_buf/O
                         net (fo=1237, routed)        0.861    -0.940    u_data_rx_dual/u_panel0/CLK
    SLICE_X108Y141       FDCE                                         r  u_data_rx_dual/u_panel0/lane_a_shift_reg[23]/C
                         clock pessimism              0.259    -0.681    
    SLICE_X108Y141       FDCE (Remov_fdce_C_CLR)     -0.067    -0.748    u_data_rx_dual/u_panel0/lane_a_shift_reg[23]
  -------------------------------------------------------------------
                         required time                          0.748    
                         arrival time                          -0.014    
  -------------------------------------------------------------------
                         slack                                  0.735    

Slack (MET) :             0.735ns  (arrival time - required time)
  Source:                 rst_sync2_100m_reg/C
                            (rising edge-triggered cell FDCE clocked by clk_out2_clk_wiz_0  {rise@0.000ns fall@5.000ns period=10.000ns})
  Destination:            u_data_rx_dual/u_panel0/lane_a_shift_reg[24]/CLR
                            (removal check against rising-edge clock clk_out2_clk_wiz_0  {rise@0.000ns fall@5.000ns period=10.000ns})
  Path Group:             **async_default**
  Path Type:              Removal (Min at Fast Process Corner)
  Requirement:            0.000ns  (clk_out2_clk_wiz_0 rise@0.000ns - clk_out2_clk_wiz_0 rise@0.000ns)
  Data Path Delay:        0.683ns  (logic 0.186ns (27.249%)  route 0.497ns (72.751%))
  Logic Levels:           1  (LUT1=1)
  Clock Path Skew:        0.015ns (DCD - SCD - CPR)
    Destination Clock Delay (DCD):    -0.940ns
    Source Clock Delay      (SCD):    -0.696ns
    Clock Pessimism Removal (CPR):    -0.259ns

    Location             Delay type                Incr(ns)  Path(ns)    Netlist Resource(s)
  -------------------------------------------------------------------    -------------------
                         (clock clk_out2_clk_wiz_0 rise edge)
                                                      0.000     0.000 r  
    R4                                                0.000     0.000 r  sys_clk (IN)
                         net (fo=0)                   0.000     0.000    u_mmcm/inst/clk_in1
    R4                   IBUF (Prop_ibuf_I_O)         0.256     0.256 r  u_mmcm/inst/clkin1_ibufg/O
                         net (fo=1, routed)           0.440     0.696    u_mmcm/inst/clk_in1_clk_wiz_0
    MMCME2_ADV_X1Y2      MMCME2_ADV (Prop_mmcme2_adv_CLKIN1_CLKOUT1)
                                                     -2.540    -1.844 r  u_mmcm/inst/mmcm_adv_inst/CLKOUT1
                         net (fo=1, routed)           0.531    -1.313    u_mmcm/inst/clk_out2_clk_wiz_0
    BUFGCTRL_X0Y0        BUFG (Prop_bufg_I_O)         0.026    -1.287 r  u_mmcm/inst/clkout2_buf/O
                         net (fo=1237, routed)        0.591    -0.696    clk_100m
    SLICE_X110Y143       FDCE                                         r  rst_sync2_100m_reg/C
  -------------------------------------------------------------------    -------------------
    SLICE_X110Y143       FDCE (Prop_fdce_C_Q)         0.141    -0.555 r  rst_sync2_100m_reg/Q
                         net (fo=4, routed)           0.242    -0.313    u_data_rx_dual/u_panel0/rst_sync2_100m
    SLICE_X110Y143       LUT1 (Prop_lut1_I0_O)        0.045    -0.268 f  u_data_rx_dual/u_panel0/FSM_sequential_state[2]_i_2__0/O
                         net (fo=1196, routed)        0.254    -0.014    u_data_rx_dual/u_panel0/rst_sync2_100m_reg
    SLICE_X108Y141       FDCE                                         f  u_data_rx_dual/u_panel0/lane_a_shift_reg[24]/CLR
  -------------------------------------------------------------------    -------------------

                         (clock clk_out2_clk_wiz_0 rise edge)
                                                      0.000     0.000 r  
    R4                                                0.000     0.000 r  sys_clk (IN)
                         net (fo=0)                   0.000     0.000    u_mmcm/inst/clk_in1
    R4                   IBUF (Prop_ibuf_I_O)         0.444     0.444 r  u_mmcm/inst/clkin1_ibufg/O
                         net (fo=1, routed)           0.480     0.924    u_mmcm/inst/clk_in1_clk_wiz_0
    MMCME2_ADV_X1Y2      MMCME2_ADV (Prop_mmcme2_adv_CLKIN1_CLKOUT1)
                                                     -3.332    -2.409 r  u_mmcm/inst/mmcm_adv_inst/CLKOUT1
                         net (fo=1, routed)           0.579    -1.830    u_mmcm/inst/clk_out2_clk_wiz_0
    BUFGCTRL_X0Y0        BUFG (Prop_bufg_I_O)         0.029    -1.801 r  u_mmcm/inst/clkout2_buf/O
                         net (fo=1237, routed)        0.861    -0.940    u_data_rx_dual/u_panel0/CLK
    SLICE_X108Y141       FDCE                                         r  u_data_rx_dual/u_panel0/lane_a_shift_reg[24]/C
                         clock pessimism              0.259    -0.681    
    SLICE_X108Y141       FDCE (Remov_fdce_C_CLR)     -0.067    -0.748    u_data_rx_dual/u_panel0/lane_a_shift_reg[24]
  -------------------------------------------------------------------
                         required time                          0.748    
                         arrival time                          -0.014    
  -------------------------------------------------------------------
                         slack                                  0.735    

Slack (MET) :             0.735ns  (arrival time - required time)
  Source:                 rst_sync2_100m_reg/C
                            (rising edge-triggered cell FDCE clocked by clk_out2_clk_wiz_0  {rise@0.000ns fall@5.000ns period=10.000ns})
  Destination:            u_data_rx_dual/u_panel0/lane_a_shift_reg[25]/CLR
                            (removal check against rising-edge clock clk_out2_clk_wiz_0  {rise@0.000ns fall@5.000ns period=10.000ns})
  Path Group:             **async_default**
  Path Type:              Removal (Min at Fast Process Corner)
  Requirement:            0.000ns  (clk_out2_clk_wiz_0 rise@0.000ns - clk_out2_clk_wiz_0 rise@0.000ns)
  Data Path Delay:        0.683ns  (logic 0.186ns (27.249%)  route 0.497ns (72.751%))
  Logic Levels:           1  (LUT1=1)
  Clock Path Skew:        0.015ns (DCD - SCD - CPR)
    Destination Clock Delay (DCD):    -0.940ns
    Source Clock Delay      (SCD):    -0.696ns
    Clock Pessimism Removal (CPR):    -0.259ns

    Location             Delay type                Incr(ns)  Path(ns)    Netlist Resource(s)
  -------------------------------------------------------------------    -------------------
                         (clock clk_out2_clk_wiz_0 rise edge)
                                                      0.000     0.000 r  
    R4                                                0.000     0.000 r  sys_clk (IN)
                         net (fo=0)                   0.000     0.000    u_mmcm/inst/clk_in1
    R4                   IBUF (Prop_ibuf_I_O)         0.256     0.256 r  u_mmcm/inst/clkin1_ibufg/O
                         net (fo=1, routed)           0.440     0.696    u_mmcm/inst/clk_in1_clk_wiz_0
    MMCME2_ADV_X1Y2      MMCME2_ADV (Prop_mmcme2_adv_CLKIN1_CLKOUT1)
                                                     -2.540    -1.844 r  u_mmcm/inst/mmcm_adv_inst/CLKOUT1
                         net (fo=1, routed)           0.531    -1.313    u_mmcm/inst/clk_out2_clk_wiz_0
    BUFGCTRL_X0Y0        BUFG (Prop_bufg_I_O)         0.026    -1.287 r  u_mmcm/inst/clkout2_buf/O
                         net (fo=1237, routed)        0.591    -0.696    clk_100m
    SLICE_X110Y143       FDCE                                         r  rst_sync2_100m_reg/C
  -------------------------------------------------------------------    -------------------
    SLICE_X110Y143       FDCE (Prop_fdce_C_Q)         0.141    -0.555 r  rst_sync2_100m_reg/Q
                         net (fo=4, routed)           0.242    -0.313    u_data_rx_dual/u_panel0/rst_sync2_100m
    SLICE_X110Y143       LUT1 (Prop_lut1_I0_O)        0.045    -0.268 f  u_data_rx_dual/u_panel0/FSM_sequential_state[2]_i_2__0/O
                         net (fo=1196, routed)        0.254    -0.014    u_data_rx_dual/u_panel0/rst_sync2_100m_reg
    SLICE_X108Y141       FDCE                                         f  u_data_rx_dual/u_panel0/lane_a_shift_reg[25]/CLR
  -------------------------------------------------------------------    -------------------

                         (clock clk_out2_clk_wiz_0 rise edge)
                                                      0.000     0.000 r  
    R4                                                0.000     0.000 r  sys_clk (IN)
                         net (fo=0)                   0.000     0.000    u_mmcm/inst/clk_in1
    R4                   IBUF (Prop_ibuf_I_O)         0.444     0.444 r  u_mmcm/inst/clkin1_ibufg/O
                         net (fo=1, routed)           0.480     0.924    u_mmcm/inst/clk_in1_clk_wiz_0
    MMCME2_ADV_X1Y2      MMCME2_ADV (Prop_mmcme2_adv_CLKIN1_CLKOUT1)
                                                     -3.332    -2.409 r  u_mmcm/inst/mmcm_adv_inst/CLKOUT1
                         net (fo=1, routed)           0.579    -1.830    u_mmcm/inst/clk_out2_clk_wiz_0
    BUFGCTRL_X0Y0        BUFG (Prop_bufg_I_O)         0.029    -1.801 r  u_mmcm/inst/clkout2_buf/O
                         net (fo=1237, routed)        0.861    -0.940    u_data_rx_dual/u_panel0/CLK
    SLICE_X108Y141       FDCE                                         r  u_data_rx_dual/u_panel0/lane_a_shift_reg[25]/C
                         clock pessimism              0.259    -0.681    
    SLICE_X108Y141       FDCE (Remov_fdce_C_CLR)     -0.067    -0.748    u_data_rx_dual/u_panel0/lane_a_shift_reg[25]
  -------------------------------------------------------------------
                         required time                          0.748    
                         arrival time                          -0.014    
  -------------------------------------------------------------------
                         slack                                  0.735    

Slack (MET) :             0.735ns  (arrival time - required time)
  Source:                 rst_sync2_100m_reg/C
                            (rising edge-triggered cell FDCE clocked by clk_out2_clk_wiz_0  {rise@0.000ns fall@5.000ns period=10.000ns})
  Destination:            u_data_rx_dual/u_panel0/lane_a_shift_reg[26]/CLR
                            (removal check against rising-edge clock clk_out2_clk_wiz_0  {rise@0.000ns fall@5.000ns period=10.000ns})
  Path Group:             **async_default**
  Path Type:              Removal (Min at Fast Process Corner)
  Requirement:            0.000ns  (clk_out2_clk_wiz_0 rise@0.000ns - clk_out2_clk_wiz_0 rise@0.000ns)
  Data Path Delay:        0.683ns  (logic 0.186ns (27.249%)  route 0.497ns (72.751%))
  Logic Levels:           1  (LUT1=1)
  Clock Path Skew:        0.015ns (DCD - SCD - CPR)
    Destination Clock Delay (DCD):    -0.940ns
    Source Clock Delay      (SCD):    -0.696ns
    Clock Pessimism Removal (CPR):    -0.259ns

    Location             Delay type                Incr(ns)  Path(ns)    Netlist Resource(s)
  -------------------------------------------------------------------    -------------------
                         (clock clk_out2_clk_wiz_0 rise edge)
                                                      0.000     0.000 r  
    R4                                                0.000     0.000 r  sys_clk (IN)
                         net (fo=0)                   0.000     0.000    u_mmcm/inst/clk_in1
    R4                   IBUF (Prop_ibuf_I_O)         0.256     0.256 r  u_mmcm/inst/clkin1_ibufg/O
                         net (fo=1, routed)           0.440     0.696    u_mmcm/inst/clk_in1_clk_wiz_0
    MMCME2_ADV_X1Y2      MMCME2_ADV (Prop_mmcme2_adv_CLKIN1_CLKOUT1)
                                                     -2.540    -1.844 r  u_mmcm/inst/mmcm_adv_inst/CLKOUT1
                         net (fo=1, routed)           0.531    -1.313    u_mmcm/inst/clk_out2_clk_wiz_0
    BUFGCTRL_X0Y0        BUFG (Prop_bufg_I_O)         0.026    -1.287 r  u_mmcm/inst/clkout2_buf/O
                         net (fo=1237, routed)        0.591    -0.696    clk_100m
    SLICE_X110Y143       FDCE                                         r  rst_sync2_100m_reg/C
  -------------------------------------------------------------------    -------------------
    SLICE_X110Y143       FDCE (Prop_fdce_C_Q)         0.141    -0.555 r  rst_sync2_100m_reg/Q
                         net (fo=4, routed)           0.242    -0.313    u_data_rx_dual/u_panel0/rst_sync2_100m
    SLICE_X110Y143       LUT1 (Prop_lut1_I0_O)        0.045    -0.268 f  u_data_rx_dual/u_panel0/FSM_sequential_state[2]_i_2__0/O
                         net (fo=1196, routed)        0.254    -0.014    u_data_rx_dual/u_panel0/rst_sync2_100m_reg
    SLICE_X108Y141       FDCE                                         f  u_data_rx_dual/u_panel0/lane_a_shift_reg[26]/CLR
  -------------------------------------------------------------------    -------------------

                         (clock clk_out2_clk_wiz_0 rise edge)
                                                      0.000     0.000 r  
    R4                                                0.000     0.000 r  sys_clk (IN)
                         net (fo=0)                   0.000     0.000    u_mmcm/inst/clk_in1
    R4                   IBUF (Prop_ibuf_I_O)         0.444     0.444 r  u_mmcm/inst/clkin1_ibufg/O
                         net (fo=1, routed)           0.480     0.924    u_mmcm/inst/clk_in1_clk_wiz_0
    MMCME2_ADV_X1Y2      MMCME2_ADV (Prop_mmcme2_adv_CLKIN1_CLKOUT1)
                                                     -3.332    -2.409 r  u_mmcm/inst/mmcm_adv_inst/CLKOUT1
                         net (fo=1, routed)           0.579    -1.830    u_mmcm/inst/clk_out2_clk_wiz_0
    BUFGCTRL_X0Y0        BUFG (Prop_bufg_I_O)         0.029    -1.801 r  u_mmcm/inst/clkout2_buf/O
                         net (fo=1237, routed)        0.861    -0.940    u_data_rx_dual/u_panel0/CLK
    SLICE_X108Y141       FDCE                                         r  u_data_rx_dual/u_panel0/lane_a_shift_reg[26]/C
                         clock pessimism              0.259    -0.681    
    SLICE_X108Y141       FDCE (Remov_fdce_C_CLR)     -0.067    -0.748    u_data_rx_dual/u_panel0/lane_a_shift_reg[26]
  -------------------------------------------------------------------
                         required time                          0.748    
                         arrival time                          -0.014    
  -------------------------------------------------------------------
                         slack                                  0.735    





